Copyright 1986-2022 Xilinx, Inc. All Rights Reserved. Copyright 2022-2023 Advanced Micro Devices, Inc. All Rights Reserved.
--------------------------------------------------------------------------------------------------------------------------------------------------
| Tool Version      : Vivado v.2023.2 (win64) Build 4029153 Fri Oct 13 20:14:34 MDT 2023
| Date              : Fri May  8 23:28:07 2026
| Host              : DESKTOP-73784OM running 64-bit major release  (build 9200)
| Command           : report_timing_summary -file C:/_Project/FLUX_CNN/Syn/reports_vd100/timing_synth.rpt -max_paths 10
| Design            : multicore_top_vd100
| Device            : xcve2302-sfva784
| Speed File        : -1LP  ENGINEERING-SAMPLE 1.06 2023-09-18
| Design State      : Synthesized
| Temperature Grade : E
--------------------------------------------------------------------------------------------------------------------------------------------------

Timing Summary Report

------------------------------------------------------------------------------------------------
| Timer Settings
| --------------
------------------------------------------------------------------------------------------------

  Enable Multi Corner Analysis               :  Yes
  Enable Pessimism Removal                   :  Yes
  Pessimism Removal Resolution               :  Nearest Common Node
  Enable Input Delay Default Clock           :  No
  Enable Preset / Clear Arcs                 :  No
  Disable Flight Delays                      :  No
  Ignore I/O Paths                           :  No
  Timing Early Launch at Borrowing Latches   :  No
  Borrow Time for Max Delay Exceptions       :  Yes
  Merge Timing Exceptions                    :  Yes
  Inter-SLR Compensation                     :  Conservative

  Corner  Analyze    Analyze    
  Name    Max Paths  Min Paths  
  ------  ---------  ---------  
  Slow    Yes        Yes        
  Fast    Yes        Yes        


------------------------------------------------------------------------------------------------
| Report Methodology
| ------------------
------------------------------------------------------------------------------------------------

No report available as report_methodology has not been run prior. Run report_methodology on the current design for the summary of methodology violations.



check_timing report

Table of Contents
-----------------
1. checking no_clock (0)
2. checking constant_clock (0)
3. checking pulse_width_clock (0)
4. checking unconstrained_internal_endpoints (0)
5. checking no_input_delay (471)
6. checking no_output_delay (739)
7. checking multiple_clock (0)
8. checking generated_clocks (0)
9. checking loops (0)
10. checking partial_input_delay (0)
11. checking partial_output_delay (0)
12. checking latch_loops (0)

1. checking no_clock (0)
------------------------
 There are 0 register/latch pins with no clock.


2. checking constant_clock (0)
------------------------------
 There are 0 register/latch pins with constant_clock.


3. checking pulse_width_clock (0)
---------------------------------
 There are 0 register/latch pins which need pulse_width check


4. checking unconstrained_internal_endpoints (0)
------------------------------------------------
 There are 0 pins that are not constrained for maximum delay.

 There are 0 pins that are not constrained for maximum delay due to constant clock.


5. checking no_input_delay (471)
--------------------------------
 There are 471 input ports with no input delay specified. (HIGH)

 There are 0 input ports with no input delay but user has a false path constraint.


6. checking no_output_delay (739)
---------------------------------
 There are 739 ports with no output delay specified. (HIGH)

 There are 0 ports with no output delay but user has a false path constraint

 There are 0 ports with no output delay but with a timing clock defined on it or propagating through it


7. checking multiple_clock (0)
------------------------------
 There are 0 register/latch pins with multiple clocks.


8. checking generated_clocks (0)
--------------------------------
 There are 0 generated clocks that are not connected to a clock source.


9. checking loops (0)
---------------------
 There are 0 combinational loops in the design.


10. checking partial_input_delay (0)
------------------------------------
 There are 0 input ports with partial input delay specified.


11. checking partial_output_delay (0)
-------------------------------------
 There are 0 ports with partial output delay specified.


12. checking latch_loops (0)
----------------------------
 There are 0 combinational latch loops in the design through latch input



------------------------------------------------------------------------------------------------
| Design Timing Summary
| ---------------------
------------------------------------------------------------------------------------------------

    WNS(ns)      TNS(ns)  TNS Failing Endpoints  TNS Total Endpoints      WHS(ns)      THS(ns)  THS Failing Endpoints  THS Total Endpoints     WPWS(ns)     TPWS(ns)  TPWS Failing Endpoints  TPWS Total Endpoints  
    -------      -------  ---------------------  -------------------      -------      -------  ---------------------  -------------------     --------     --------  ----------------------  --------------------  
      4.514        0.000                      0               207460        0.062        0.000                      0               207460        4.220        0.000                       0                 58850  


All user specified timing constraints are met.


------------------------------------------------------------------------------------------------
| Clock Summary
| -------------
------------------------------------------------------------------------------------------------

Clock  Waveform(ns)       Period(ns)      Frequency(MHz)
-----  ------------       ----------      --------------
clk    {0.000 5.000}      10.000          100.000         


------------------------------------------------------------------------------------------------
| Intra Clock Table
| -----------------
------------------------------------------------------------------------------------------------

Clock             WNS(ns)      TNS(ns)  TNS Failing Endpoints  TNS Total Endpoints      WHS(ns)      THS(ns)  THS Failing Endpoints  THS Total Endpoints     WPWS(ns)     TPWS(ns)  TPWS Failing Endpoints  TPWS Total Endpoints  
-----             -------      -------  ---------------------  -------------------      -------      -------  ---------------------  -------------------     --------     --------  ----------------------  --------------------  
clk                 4.514        0.000                      0               207460        0.062        0.000                      0               207460        4.220        0.000                       0                 58850  


------------------------------------------------------------------------------------------------
| Inter Clock Table
| -----------------
------------------------------------------------------------------------------------------------

From Clock    To Clock          WNS(ns)      TNS(ns)  TNS Failing Endpoints  TNS Total Endpoints      WHS(ns)      THS(ns)  THS Failing Endpoints  THS Total Endpoints  
----------    --------          -------      -------  ---------------------  -------------------      -------      -------  ---------------------  -------------------  


------------------------------------------------------------------------------------------------
| Other Path Groups Table
| -----------------------
------------------------------------------------------------------------------------------------

Path Group    From Clock    To Clock          WNS(ns)      TNS(ns)  TNS Failing Endpoints  TNS Total Endpoints      WHS(ns)      THS(ns)  THS Failing Endpoints  THS Total Endpoints  
----------    ----------    --------          -------      -------  ---------------------  -------------------      -------      -------  ---------------------  -------------------  


------------------------------------------------------------------------------------------------
| Timing Details
| --------------
------------------------------------------------------------------------------------------------


---------------------------------------------------------------------------------------------------
From Clock:  clk
  To Clock:  clk

Setup :            0  Failing Endpoints,  Worst Slack        4.514ns,  Total Violation        0.000ns
Hold  :            0  Failing Endpoints,  Worst Slack        0.062ns,  Total Violation        0.000ns
PW    :            0  Failing Endpoints,  Worst Slack        4.220ns,  Total Violation        0.000ns
---------------------------------------------------------------------------------------------------


Max Delay Paths
--------------------------------------------------------------------------------------
Slack (MET) :             4.514ns  (required time - arrival time)
  Source:                 gen_core[0].u_core/u_ofb_writer/pipe_psum_reg[0]/C
                            (rising edge-triggered cell FDRE clocked by clk  {rise@0.000ns fall@5.000ns period=10.000ns})
  Destination:            gen_core[0].u_core/u_ofb_writer/u_sdp/prod_d_reg[0][63]_bret__5/D
                            (rising edge-triggered cell FDRE clocked by clk  {rise@0.000ns fall@5.000ns period=10.000ns})
  Path Group:             clk
  Path Type:              Setup (Max at Slow Process Corner)
  Requirement:            10.000ns  (clk rise@10.000ns - clk rise@0.000ns)
  Data Path Delay:        5.195ns  (logic 4.125ns (79.403%)  route 1.070ns (20.597%))
  Logic Levels:           19  (DSP_A_B_DATA58=1 DSP_ALUADD=1 DSP_ALUMUX=1 DSP_M_DATA58=1 DSP_MULTIPLIER58=1 DSP_OUTPUT58=1 DSP_PREADD_DATA58=1 LOOKAHEAD8=6 LUTCY1=2 LUTCY2=4)
  Clock Uncertainty:      0.300ns  (CJ)/2 + PE + PJ
    Clock Jitter             (CJ):    0.600ns
    Phase Error              (PE):    0.000ns
    Phase Jitter             (PJ):    0.000ns

    Location             Delay type                Incr(ns)  Path(ns)    Netlist Resource(s)
  -------------------------------------------------------------------    -------------------
                         (clock clk rise edge)        0.000     0.000 r  
                                                      0.000     0.000 r  clk (IN)
                         net (fo=58877, unset)        0.000     0.000    gen_core[0].u_core/u_ofb_writer/clk
                         FDRE                                         r  gen_core[0].u_core/u_ofb_writer/pipe_psum_reg[0]/C
  -------------------------------------------------------------------    -------------------
                         FDRE (Prop_FDRE_C_Q)         0.109     0.109 r  gen_core[0].u_core/u_ofb_writer/pipe_psum_reg[0]/Q
                         net (fo=2, unplaced)         0.265     0.374    gen_core[0].u_core/u_ofb_writer/u_sdp/p_0_out__1_i_23/I2
                         LUTCY2 (Prop_LUTCY2_I2_GE)
                                                      0.134     0.508 r  gen_core[0].u_core/u_ofb_writer/u_sdp/p_0_out__1_i_23/LUTCY2_INST/GE
                         net (fo=1, unplaced)         0.043     0.551    gen_core[0].u_core/u_ofb_writer/u_sdp_n_1
                         LOOKAHEAD8 (Prop_LOOKAHEAD8_GEA_COUTH)
                                                      0.350     0.901 r  gen_core[0].u_core/u_ofb_writer/p_0_out__1_i_25/COUTH
                         net (fo=3, unplaced)         0.002     0.903    gen_core[0].u_core/u_ofb_writer/p_0_out__1_i_25_n_3
                         LOOKAHEAD8 (Prop_LOOKAHEAD8_CIN_COUTH)
                                                      0.045     0.948 r  gen_core[0].u_core/u_ofb_writer/p_0_out__1_i_24/COUTH
                         net (fo=3, unplaced)         0.002     0.950    gen_core[0].u_core/u_ofb_writer/p_0_out__1_i_24_n_3
                         LOOKAHEAD8 (Prop_LOOKAHEAD8_CIN_COUTH)
                                                      0.045     0.995 r  gen_core[0].u_core/u_ofb_writer/p_0_out__0_i_12/COUTH
                         net (fo=3, unplaced)         0.002     0.997    gen_core[0].u_core/u_ofb_writer/p_0_out__0_i_12_n_3
                         LOOKAHEAD8 (Prop_LOOKAHEAD8_CIN_COUTF)
                                                      0.078     1.075 r  gen_core[0].u_core/u_ofb_writer/p_0_out__0_i_11/COUTF
                         net (fo=2, unplaced)         0.013     1.088    gen_core[0].u_core/u_ofb_writer/p_0_out__0_i_3/I4
                         LUTCY2 (Prop_LUTCY2_I4_O)    0.068     1.156 r  gen_core[0].u_core/u_ofb_writer/p_0_out__0_i_3/LUTCY2_INST/O
                         net (fo=3, unplaced)         0.021     1.177    gen_core[0].u_core/u_ofb_writer/p_0_out__0_i_2/I4
                         LUTCY1 (Prop_LUTCY1_I4_O)    0.076     1.253 f  gen_core[0].u_core/u_ofb_writer/p_0_out__0_i_2/LUTCY1_INST/O
                         net (fo=1, unplaced)         0.350     1.603    gen_core[0].u_core/u_ofb_writer/u_sdp/p_0_out__0/DSP58C<0>_INST/B[8]
                         DSP_A_B_DATA58 (Prop_DSP_A_B_DATA58_B[8]_B2_DATA[8])
                                                      0.622     2.225 r  gen_core[0].u_core/u_ofb_writer/u_sdp/p_0_out__0/DSP58C<0>_INST/DSP_A_B_DATA58_INST/B2_DATA[8]
                         net (fo=1, unplaced)         0.000     2.225    gen_core[0].u_core/u_ofb_writer/u_sdp/p_0_out__0/DSP58C<0>_INST/DSP_A_B_DATA58.B2_DATA<8>
                         DSP_PREADD_DATA58 (Prop_DSP_PREADD_DATA58_B2_DATA[8]_B2B1[8])
                                                      0.113     2.338 r  gen_core[0].u_core/u_ofb_writer/u_sdp/p_0_out__0/DSP58C<0>_INST/DSP_PREADD_DATA58_INST/B2B1[8]
                         net (fo=1, unplaced)         0.000     2.338    gen_core[0].u_core/u_ofb_writer/u_sdp/p_0_out__0/DSP58C<0>_INST/DSP_PREADD_DATA58.B2B1<8>
                         DSP_MULTIPLIER58 (Prop_DSP_MULTIPLIER58_B2B1[8]_V[23])
                                                      0.707     3.045 r  gen_core[0].u_core/u_ofb_writer/u_sdp/p_0_out__0/DSP58C<0>_INST/DSP_MULTIPLIER58_INST/V[23]
                         net (fo=1, unplaced)         0.000     3.045    gen_core[0].u_core/u_ofb_writer/u_sdp/p_0_out__0/DSP58C<0>_INST/DSP_MULTIPLIER58.V<23>
                         DSP_M_DATA58 (Prop_DSP_M_DATA58_V[23]_V_DATA[23])
                                                      0.177     3.222 f  gen_core[0].u_core/u_ofb_writer/u_sdp/p_0_out__0/DSP58C<0>_INST/DSP_M_DATA58_INST/V_DATA[23]
                         net (fo=1, unplaced)         0.000     3.222    gen_core[0].u_core/u_ofb_writer/u_sdp/p_0_out__0/DSP58C<0>_INST/DSP_M_DATA58.V_DATA<23>
                         DSP_ALUMUX (Prop_DSP_ALUMUX_V_DATA[23]_Y[23])
                                                      0.110     3.332 r  gen_core[0].u_core/u_ofb_writer/u_sdp/p_0_out__0/DSP58C<0>_INST/DSP_ALUMUX_INST/Y[23]
                         net (fo=1, unplaced)         0.000     3.332    gen_core[0].u_core/u_ofb_writer/u_sdp/p_0_out__0/DSP58C<0>_INST/DSP_ALUMUX.Y<23>
                         DSP_ALUADD (Prop_DSP_ALUADD_Y[23]_ALU_OUT[23])
                                                      0.490     3.822 f  gen_core[0].u_core/u_ofb_writer/u_sdp/p_0_out__0/DSP58C<0>_INST/DSP_ALUADD_INST/ALU_OUT[23]
                         net (fo=2, unplaced)         0.000     3.822    gen_core[0].u_core/u_ofb_writer/u_sdp/p_0_out__0/DSP58C<0>_INST/DSP_ALUADD.ALU_OUT<23>
                         DSP_OUTPUT58 (Prop_DSP_OUTPUT58_ALU_OUT[23]_P[23])
                                                      0.295     4.117 r  gen_core[0].u_core/u_ofb_writer/u_sdp/p_0_out__0/DSP58C<0>_INST/DSP_OUTPUT58_INST/P[23]
                         net (fo=2, unplaced)         0.239     4.356    gen_core[0].u_core/u_ofb_writer/u_sdp/prod_d_reg[0][63]_bret__31_i_1/I2
                         LUTCY2 (Prop_LUTCY2_I2_GE)
                                                      0.134     4.490 r  gen_core[0].u_core/u_ofb_writer/u_sdp/prod_d_reg[0][63]_bret__31_i_1/LUTCY2_INST/GE
                         net (fo=1, unplaced)         0.043     4.533    gen_core[0].u_core/u_ofb_writer/u_sdp/prod_d_reg[0][63]_bret__31_i_1_n_0
                         LOOKAHEAD8 (Prop_LOOKAHEAD8_GEA_COUTH)
                                                      0.350     4.883 r  gen_core[0].u_core/u_ofb_writer/u_sdp/prod_d_reg[0][63]_bret__15_i_3/COUTH
                         net (fo=3, unplaced)         0.002     4.885    gen_core[0].u_core/u_ofb_writer/u_sdp/prod_d_reg[0][63]_bret__15_i_3_n_3
                         LOOKAHEAD8 (Prop_LOOKAHEAD8_CIN_COUTF)
                                                      0.078     4.963 r  gen_core[0].u_core/u_ofb_writer/u_sdp/prod_d_reg[0][63]_bret_i_3/COUTF
                         net (fo=2, unplaced)         0.013     4.976    gen_core[0].u_core/u_ofb_writer/u_sdp/prod_d_reg[0][63]_bret__3_i_1/I4
                         LUTCY2 (Prop_LUTCY2_I4_O)    0.068     5.044 r  gen_core[0].u_core/u_ofb_writer/u_sdp/prod_d_reg[0][63]_bret__3_i_1/LUTCY2_INST/O
                         net (fo=3, unplaced)         0.021     5.065    gen_core[0].u_core/u_ofb_writer/u_sdp/prod_d_reg[0][63]_bret__5_i_1/I4
                         LUTCY1 (Prop_LUTCY1_I4_O)    0.076     5.141 r  gen_core[0].u_core/u_ofb_writer/u_sdp/prod_d_reg[0][63]_bret__5_i_1/LUTCY1_INST/O
                         net (fo=1, unplaced)         0.054     5.195    gen_core[0].u_core/u_ofb_writer/u_sdp/prod_d_reg[0][63]_bret__5_i_1_n_1
                         FDRE                                         r  gen_core[0].u_core/u_ofb_writer/u_sdp/prod_d_reg[0][63]_bret__5/D
  -------------------------------------------------------------------    -------------------

                         (clock clk rise edge)       10.000    10.000 r  
                                                      0.000    10.000 r  clk (IN)
                         net (fo=58877, unset)        0.000    10.000    gen_core[0].u_core/u_ofb_writer/u_sdp/clk
                         FDRE                                         r  gen_core[0].u_core/u_ofb_writer/u_sdp/prod_d_reg[0][63]_bret__5/C
                         clock pessimism              0.000    10.000    
                         clock uncertainty           -0.300     9.700    
                         FDRE (Setup_FDRE_C_D)        0.009     9.709    gen_core[0].u_core/u_ofb_writer/u_sdp/prod_d_reg[0][63]_bret__5
  -------------------------------------------------------------------
                         required time                          9.709    
                         arrival time                          -5.195    
  -------------------------------------------------------------------
                         slack                                  4.514    

Slack (MET) :             4.514ns  (required time - arrival time)
  Source:                 gen_core[0].u_core/u_ofb_writer/pipe_psum_reg[320]/C
                            (rising edge-triggered cell FDRE clocked by clk  {rise@0.000ns fall@5.000ns period=10.000ns})
  Destination:            gen_core[0].u_core/u_ofb_writer/u_sdp/prod_d_reg[10][63]_bret__5/D
                            (rising edge-triggered cell FDRE clocked by clk  {rise@0.000ns fall@5.000ns period=10.000ns})
  Path Group:             clk
  Path Type:              Setup (Max at Slow Process Corner)
  Requirement:            10.000ns  (clk rise@10.000ns - clk rise@0.000ns)
  Data Path Delay:        5.195ns  (logic 4.125ns (79.403%)  route 1.070ns (20.597%))
  Logic Levels:           19  (DSP_A_B_DATA58=1 DSP_ALUADD=1 DSP_ALUMUX=1 DSP_M_DATA58=1 DSP_MULTIPLIER58=1 DSP_OUTPUT58=1 DSP_PREADD_DATA58=1 LOOKAHEAD8=6 LUTCY1=2 LUTCY2=4)
  Clock Uncertainty:      0.300ns  (CJ)/2 + PE + PJ
    Clock Jitter             (CJ):    0.600ns
    Phase Error              (PE):    0.000ns
    Phase Jitter             (PJ):    0.000ns

    Location             Delay type                Incr(ns)  Path(ns)    Netlist Resource(s)
  -------------------------------------------------------------------    -------------------
                         (clock clk rise edge)        0.000     0.000 r  
                                                      0.000     0.000 r  clk (IN)
                         net (fo=58877, unset)        0.000     0.000    gen_core[0].u_core/u_ofb_writer/clk
                         FDRE                                         r  gen_core[0].u_core/u_ofb_writer/pipe_psum_reg[320]/C
  -------------------------------------------------------------------    -------------------
                         FDRE (Prop_FDRE_C_Q)         0.109     0.109 r  gen_core[0].u_core/u_ofb_writer/pipe_psum_reg[320]/Q
                         net (fo=2, unplaced)         0.265     0.374    gen_core[0].u_core/u_ofb_writer/u_sdp/p_0_out__41_i_23/I2
                         LUTCY2 (Prop_LUTCY2_I2_GE)
                                                      0.134     0.508 r  gen_core[0].u_core/u_ofb_writer/u_sdp/p_0_out__41_i_23/LUTCY2_INST/GE
                         net (fo=1, unplaced)         0.043     0.551    gen_core[0].u_core/u_ofb_writer/u_sdp_n_61
                         LOOKAHEAD8 (Prop_LOOKAHEAD8_GEA_COUTH)
                                                      0.350     0.901 r  gen_core[0].u_core/u_ofb_writer/p_0_out__41_i_25/COUTH
                         net (fo=3, unplaced)         0.002     0.903    gen_core[0].u_core/u_ofb_writer/p_0_out__41_i_25_n_3
                         LOOKAHEAD8 (Prop_LOOKAHEAD8_CIN_COUTH)
                                                      0.045     0.948 r  gen_core[0].u_core/u_ofb_writer/p_0_out__41_i_24/COUTH
                         net (fo=3, unplaced)         0.002     0.950    gen_core[0].u_core/u_ofb_writer/p_0_out__41_i_24_n_3
                         LOOKAHEAD8 (Prop_LOOKAHEAD8_CIN_COUTH)
                                                      0.045     0.995 r  gen_core[0].u_core/u_ofb_writer/p_0_out__40_i_12/COUTH
                         net (fo=3, unplaced)         0.002     0.997    gen_core[0].u_core/u_ofb_writer/p_0_out__40_i_12_n_3
                         LOOKAHEAD8 (Prop_LOOKAHEAD8_CIN_COUTF)
                                                      0.078     1.075 r  gen_core[0].u_core/u_ofb_writer/p_0_out__40_i_11/COUTF
                         net (fo=2, unplaced)         0.013     1.088    gen_core[0].u_core/u_ofb_writer/p_0_out__40_i_3/I4
                         LUTCY2 (Prop_LUTCY2_I4_O)    0.068     1.156 r  gen_core[0].u_core/u_ofb_writer/p_0_out__40_i_3/LUTCY2_INST/O
                         net (fo=3, unplaced)         0.021     1.177    gen_core[0].u_core/u_ofb_writer/p_0_out__40_i_2/I4
                         LUTCY1 (Prop_LUTCY1_I4_O)    0.076     1.253 f  gen_core[0].u_core/u_ofb_writer/p_0_out__40_i_2/LUTCY1_INST/O
                         net (fo=1, unplaced)         0.350     1.603    gen_core[0].u_core/u_ofb_writer/u_sdp/p_0_out__40/DSP58C<0>_INST/B[8]
                         DSP_A_B_DATA58 (Prop_DSP_A_B_DATA58_B[8]_B2_DATA[8])
                                                      0.622     2.225 r  gen_core[0].u_core/u_ofb_writer/u_sdp/p_0_out__40/DSP58C<0>_INST/DSP_A_B_DATA58_INST/B2_DATA[8]
                         net (fo=1, unplaced)         0.000     2.225    gen_core[0].u_core/u_ofb_writer/u_sdp/p_0_out__40/DSP58C<0>_INST/DSP_A_B_DATA58.B2_DATA<8>
                         DSP_PREADD_DATA58 (Prop_DSP_PREADD_DATA58_B2_DATA[8]_B2B1[8])
                                                      0.113     2.338 r  gen_core[0].u_core/u_ofb_writer/u_sdp/p_0_out__40/DSP58C<0>_INST/DSP_PREADD_DATA58_INST/B2B1[8]
                         net (fo=1, unplaced)         0.000     2.338    gen_core[0].u_core/u_ofb_writer/u_sdp/p_0_out__40/DSP58C<0>_INST/DSP_PREADD_DATA58.B2B1<8>
                         DSP_MULTIPLIER58 (Prop_DSP_MULTIPLIER58_B2B1[8]_V[23])
                                                      0.707     3.045 r  gen_core[0].u_core/u_ofb_writer/u_sdp/p_0_out__40/DSP58C<0>_INST/DSP_MULTIPLIER58_INST/V[23]
                         net (fo=1, unplaced)         0.000     3.045    gen_core[0].u_core/u_ofb_writer/u_sdp/p_0_out__40/DSP58C<0>_INST/DSP_MULTIPLIER58.V<23>
                         DSP_M_DATA58 (Prop_DSP_M_DATA58_V[23]_V_DATA[23])
                                                      0.177     3.222 f  gen_core[0].u_core/u_ofb_writer/u_sdp/p_0_out__40/DSP58C<0>_INST/DSP_M_DATA58_INST/V_DATA[23]
                         net (fo=1, unplaced)         0.000     3.222    gen_core[0].u_core/u_ofb_writer/u_sdp/p_0_out__40/DSP58C<0>_INST/DSP_M_DATA58.V_DATA<23>
                         DSP_ALUMUX (Prop_DSP_ALUMUX_V_DATA[23]_Y[23])
                                                      0.110     3.332 r  gen_core[0].u_core/u_ofb_writer/u_sdp/p_0_out__40/DSP58C<0>_INST/DSP_ALUMUX_INST/Y[23]
                         net (fo=1, unplaced)         0.000     3.332    gen_core[0].u_core/u_ofb_writer/u_sdp/p_0_out__40/DSP58C<0>_INST/DSP_ALUMUX.Y<23>
                         DSP_ALUADD (Prop_DSP_ALUADD_Y[23]_ALU_OUT[23])
                                                      0.490     3.822 f  gen_core[0].u_core/u_ofb_writer/u_sdp/p_0_out__40/DSP58C<0>_INST/DSP_ALUADD_INST/ALU_OUT[23]
                         net (fo=2, unplaced)         0.000     3.822    gen_core[0].u_core/u_ofb_writer/u_sdp/p_0_out__40/DSP58C<0>_INST/DSP_ALUADD.ALU_OUT<23>
                         DSP_OUTPUT58 (Prop_DSP_OUTPUT58_ALU_OUT[23]_P[23])
                                                      0.295     4.117 r  gen_core[0].u_core/u_ofb_writer/u_sdp/p_0_out__40/DSP58C<0>_INST/DSP_OUTPUT58_INST/P[23]
                         net (fo=2, unplaced)         0.239     4.356    gen_core[0].u_core/u_ofb_writer/u_sdp/prod_d_reg[10][63]_bret__31_i_1/I2
                         LUTCY2 (Prop_LUTCY2_I2_GE)
                                                      0.134     4.490 r  gen_core[0].u_core/u_ofb_writer/u_sdp/prod_d_reg[10][63]_bret__31_i_1/LUTCY2_INST/GE
                         net (fo=1, unplaced)         0.043     4.533    gen_core[0].u_core/u_ofb_writer/u_sdp/prod_d_reg[10][63]_bret__31_i_1_n_0
                         LOOKAHEAD8 (Prop_LOOKAHEAD8_GEA_COUTH)
                                                      0.350     4.883 r  gen_core[0].u_core/u_ofb_writer/u_sdp/prod_d_reg[10][63]_bret__15_i_3/COUTH
                         net (fo=3, unplaced)         0.002     4.885    gen_core[0].u_core/u_ofb_writer/u_sdp/prod_d_reg[10][63]_bret__15_i_3_n_3
                         LOOKAHEAD8 (Prop_LOOKAHEAD8_CIN_COUTF)
                                                      0.078     4.963 r  gen_core[0].u_core/u_ofb_writer/u_sdp/prod_d_reg[10][63]_bret_i_3/COUTF
                         net (fo=2, unplaced)         0.013     4.976    gen_core[0].u_core/u_ofb_writer/u_sdp/prod_d_reg[10][63]_bret__3_i_1/I4
                         LUTCY2 (Prop_LUTCY2_I4_O)    0.068     5.044 r  gen_core[0].u_core/u_ofb_writer/u_sdp/prod_d_reg[10][63]_bret__3_i_1/LUTCY2_INST/O
                         net (fo=3, unplaced)         0.021     5.065    gen_core[0].u_core/u_ofb_writer/u_sdp/prod_d_reg[10][63]_bret__5_i_1/I4
                         LUTCY1 (Prop_LUTCY1_I4_O)    0.076     5.141 r  gen_core[0].u_core/u_ofb_writer/u_sdp/prod_d_reg[10][63]_bret__5_i_1/LUTCY1_INST/O
                         net (fo=1, unplaced)         0.054     5.195    gen_core[0].u_core/u_ofb_writer/u_sdp/prod_d_reg[10][63]_bret__5_i_1_n_1
                         FDRE                                         r  gen_core[0].u_core/u_ofb_writer/u_sdp/prod_d_reg[10][63]_bret__5/D
  -------------------------------------------------------------------    -------------------

                         (clock clk rise edge)       10.000    10.000 r  
                                                      0.000    10.000 r  clk (IN)
                         net (fo=58877, unset)        0.000    10.000    gen_core[0].u_core/u_ofb_writer/u_sdp/clk
                         FDRE                                         r  gen_core[0].u_core/u_ofb_writer/u_sdp/prod_d_reg[10][63]_bret__5/C
                         clock pessimism              0.000    10.000    
                         clock uncertainty           -0.300     9.700    
                         FDRE (Setup_FDRE_C_D)        0.009     9.709    gen_core[0].u_core/u_ofb_writer/u_sdp/prod_d_reg[10][63]_bret__5
  -------------------------------------------------------------------
                         required time                          9.709    
                         arrival time                          -5.195    
  -------------------------------------------------------------------
                         slack                                  4.514    

Slack (MET) :             4.514ns  (required time - arrival time)
  Source:                 gen_core[0].u_core/u_ofb_writer/pipe_psum_reg[352]/C
                            (rising edge-triggered cell FDRE clocked by clk  {rise@0.000ns fall@5.000ns period=10.000ns})
  Destination:            gen_core[0].u_core/u_ofb_writer/u_sdp/prod_d_reg[11][63]_bret__5/D
                            (rising edge-triggered cell FDRE clocked by clk  {rise@0.000ns fall@5.000ns period=10.000ns})
  Path Group:             clk
  Path Type:              Setup (Max at Slow Process Corner)
  Requirement:            10.000ns  (clk rise@10.000ns - clk rise@0.000ns)
  Data Path Delay:        5.195ns  (logic 4.125ns (79.403%)  route 1.070ns (20.597%))
  Logic Levels:           19  (DSP_A_B_DATA58=1 DSP_ALUADD=1 DSP_ALUMUX=1 DSP_M_DATA58=1 DSP_MULTIPLIER58=1 DSP_OUTPUT58=1 DSP_PREADD_DATA58=1 LOOKAHEAD8=6 LUTCY1=2 LUTCY2=4)
  Clock Uncertainty:      0.300ns  (CJ)/2 + PE + PJ
    Clock Jitter             (CJ):    0.600ns
    Phase Error              (PE):    0.000ns
    Phase Jitter             (PJ):    0.000ns

    Location             Delay type                Incr(ns)  Path(ns)    Netlist Resource(s)
  -------------------------------------------------------------------    -------------------
                         (clock clk rise edge)        0.000     0.000 r  
                                                      0.000     0.000 r  clk (IN)
                         net (fo=58877, unset)        0.000     0.000    gen_core[0].u_core/u_ofb_writer/clk
                         FDRE                                         r  gen_core[0].u_core/u_ofb_writer/pipe_psum_reg[352]/C
  -------------------------------------------------------------------    -------------------
                         FDRE (Prop_FDRE_C_Q)         0.109     0.109 r  gen_core[0].u_core/u_ofb_writer/pipe_psum_reg[352]/Q
                         net (fo=2, unplaced)         0.265     0.374    gen_core[0].u_core/u_ofb_writer/u_sdp/p_0_out__44_i_23/I2
                         LUTCY2 (Prop_LUTCY2_I2_GE)
                                                      0.134     0.508 r  gen_core[0].u_core/u_ofb_writer/u_sdp/p_0_out__44_i_23/LUTCY2_INST/GE
                         net (fo=1, unplaced)         0.043     0.551    gen_core[0].u_core/u_ofb_writer/u_sdp_n_67
                         LOOKAHEAD8 (Prop_LOOKAHEAD8_GEA_COUTH)
                                                      0.350     0.901 r  gen_core[0].u_core/u_ofb_writer/p_0_out__44_i_25/COUTH
                         net (fo=3, unplaced)         0.002     0.903    gen_core[0].u_core/u_ofb_writer/p_0_out__44_i_25_n_3
                         LOOKAHEAD8 (Prop_LOOKAHEAD8_CIN_COUTH)
                                                      0.045     0.948 r  gen_core[0].u_core/u_ofb_writer/p_0_out__44_i_24/COUTH
                         net (fo=3, unplaced)         0.002     0.950    gen_core[0].u_core/u_ofb_writer/p_0_out__44_i_24_n_3
                         LOOKAHEAD8 (Prop_LOOKAHEAD8_CIN_COUTH)
                                                      0.045     0.995 r  gen_core[0].u_core/u_ofb_writer/p_0_out__43_i_12/COUTH
                         net (fo=3, unplaced)         0.002     0.997    gen_core[0].u_core/u_ofb_writer/p_0_out__43_i_12_n_3
                         LOOKAHEAD8 (Prop_LOOKAHEAD8_CIN_COUTF)
                                                      0.078     1.075 r  gen_core[0].u_core/u_ofb_writer/p_0_out__43_i_11/COUTF
                         net (fo=2, unplaced)         0.013     1.088    gen_core[0].u_core/u_ofb_writer/p_0_out__43_i_3/I4
                         LUTCY2 (Prop_LUTCY2_I4_O)    0.068     1.156 r  gen_core[0].u_core/u_ofb_writer/p_0_out__43_i_3/LUTCY2_INST/O
                         net (fo=3, unplaced)         0.021     1.177    gen_core[0].u_core/u_ofb_writer/p_0_out__43_i_2/I4
                         LUTCY1 (Prop_LUTCY1_I4_O)    0.076     1.253 f  gen_core[0].u_core/u_ofb_writer/p_0_out__43_i_2/LUTCY1_INST/O
                         net (fo=1, unplaced)         0.350     1.603    gen_core[0].u_core/u_ofb_writer/u_sdp/p_0_out__43/DSP58C<0>_INST/B[8]
                         DSP_A_B_DATA58 (Prop_DSP_A_B_DATA58_B[8]_B2_DATA[8])
                                                      0.622     2.225 r  gen_core[0].u_core/u_ofb_writer/u_sdp/p_0_out__43/DSP58C<0>_INST/DSP_A_B_DATA58_INST/B2_DATA[8]
                         net (fo=1, unplaced)         0.000     2.225    gen_core[0].u_core/u_ofb_writer/u_sdp/p_0_out__43/DSP58C<0>_INST/DSP_A_B_DATA58.B2_DATA<8>
                         DSP_PREADD_DATA58 (Prop_DSP_PREADD_DATA58_B2_DATA[8]_B2B1[8])
                                                      0.113     2.338 r  gen_core[0].u_core/u_ofb_writer/u_sdp/p_0_out__43/DSP58C<0>_INST/DSP_PREADD_DATA58_INST/B2B1[8]
                         net (fo=1, unplaced)         0.000     2.338    gen_core[0].u_core/u_ofb_writer/u_sdp/p_0_out__43/DSP58C<0>_INST/DSP_PREADD_DATA58.B2B1<8>
                         DSP_MULTIPLIER58 (Prop_DSP_MULTIPLIER58_B2B1[8]_V[23])
                                                      0.707     3.045 r  gen_core[0].u_core/u_ofb_writer/u_sdp/p_0_out__43/DSP58C<0>_INST/DSP_MULTIPLIER58_INST/V[23]
                         net (fo=1, unplaced)         0.000     3.045    gen_core[0].u_core/u_ofb_writer/u_sdp/p_0_out__43/DSP58C<0>_INST/DSP_MULTIPLIER58.V<23>
                         DSP_M_DATA58 (Prop_DSP_M_DATA58_V[23]_V_DATA[23])
                                                      0.177     3.222 f  gen_core[0].u_core/u_ofb_writer/u_sdp/p_0_out__43/DSP58C<0>_INST/DSP_M_DATA58_INST/V_DATA[23]
                         net (fo=1, unplaced)         0.000     3.222    gen_core[0].u_core/u_ofb_writer/u_sdp/p_0_out__43/DSP58C<0>_INST/DSP_M_DATA58.V_DATA<23>
                         DSP_ALUMUX (Prop_DSP_ALUMUX_V_DATA[23]_Y[23])
                                                      0.110     3.332 r  gen_core[0].u_core/u_ofb_writer/u_sdp/p_0_out__43/DSP58C<0>_INST/DSP_ALUMUX_INST/Y[23]
                         net (fo=1, unplaced)         0.000     3.332    gen_core[0].u_core/u_ofb_writer/u_sdp/p_0_out__43/DSP58C<0>_INST/DSP_ALUMUX.Y<23>
                         DSP_ALUADD (Prop_DSP_ALUADD_Y[23]_ALU_OUT[23])
                                                      0.490     3.822 f  gen_core[0].u_core/u_ofb_writer/u_sdp/p_0_out__43/DSP58C<0>_INST/DSP_ALUADD_INST/ALU_OUT[23]
                         net (fo=2, unplaced)         0.000     3.822    gen_core[0].u_core/u_ofb_writer/u_sdp/p_0_out__43/DSP58C<0>_INST/DSP_ALUADD.ALU_OUT<23>
                         DSP_OUTPUT58 (Prop_DSP_OUTPUT58_ALU_OUT[23]_P[23])
                                                      0.295     4.117 r  gen_core[0].u_core/u_ofb_writer/u_sdp/p_0_out__43/DSP58C<0>_INST/DSP_OUTPUT58_INST/P[23]
                         net (fo=2, unplaced)         0.239     4.356    gen_core[0].u_core/u_ofb_writer/u_sdp/prod_d_reg[11][63]_bret__31_i_1/I2
                         LUTCY2 (Prop_LUTCY2_I2_GE)
                                                      0.134     4.490 r  gen_core[0].u_core/u_ofb_writer/u_sdp/prod_d_reg[11][63]_bret__31_i_1/LUTCY2_INST/GE
                         net (fo=1, unplaced)         0.043     4.533    gen_core[0].u_core/u_ofb_writer/u_sdp/prod_d_reg[11][63]_bret__31_i_1_n_0
                         LOOKAHEAD8 (Prop_LOOKAHEAD8_GEA_COUTH)
                                                      0.350     4.883 r  gen_core[0].u_core/u_ofb_writer/u_sdp/prod_d_reg[11][63]_bret__15_i_3/COUTH
                         net (fo=3, unplaced)         0.002     4.885    gen_core[0].u_core/u_ofb_writer/u_sdp/prod_d_reg[11][63]_bret__15_i_3_n_3
                         LOOKAHEAD8 (Prop_LOOKAHEAD8_CIN_COUTF)
                                                      0.078     4.963 r  gen_core[0].u_core/u_ofb_writer/u_sdp/prod_d_reg[11][63]_bret_i_3/COUTF
                         net (fo=2, unplaced)         0.013     4.976    gen_core[0].u_core/u_ofb_writer/u_sdp/prod_d_reg[11][63]_bret__3_i_1/I4
                         LUTCY2 (Prop_LUTCY2_I4_O)    0.068     5.044 r  gen_core[0].u_core/u_ofb_writer/u_sdp/prod_d_reg[11][63]_bret__3_i_1/LUTCY2_INST/O
                         net (fo=3, unplaced)         0.021     5.065    gen_core[0].u_core/u_ofb_writer/u_sdp/prod_d_reg[11][63]_bret__5_i_1/I4
                         LUTCY1 (Prop_LUTCY1_I4_O)    0.076     5.141 r  gen_core[0].u_core/u_ofb_writer/u_sdp/prod_d_reg[11][63]_bret__5_i_1/LUTCY1_INST/O
                         net (fo=1, unplaced)         0.054     5.195    gen_core[0].u_core/u_ofb_writer/u_sdp/prod_d_reg[11][63]_bret__5_i_1_n_1
                         FDRE                                         r  gen_core[0].u_core/u_ofb_writer/u_sdp/prod_d_reg[11][63]_bret__5/D
  -------------------------------------------------------------------    -------------------

                         (clock clk rise edge)       10.000    10.000 r  
                                                      0.000    10.000 r  clk (IN)
                         net (fo=58877, unset)        0.000    10.000    gen_core[0].u_core/u_ofb_writer/u_sdp/clk
                         FDRE                                         r  gen_core[0].u_core/u_ofb_writer/u_sdp/prod_d_reg[11][63]_bret__5/C
                         clock pessimism              0.000    10.000    
                         clock uncertainty           -0.300     9.700    
                         FDRE (Setup_FDRE_C_D)        0.009     9.709    gen_core[0].u_core/u_ofb_writer/u_sdp/prod_d_reg[11][63]_bret__5
  -------------------------------------------------------------------
                         required time                          9.709    
                         arrival time                          -5.195    
  -------------------------------------------------------------------
                         slack                                  4.514    

Slack (MET) :             4.514ns  (required time - arrival time)
  Source:                 gen_core[0].u_core/u_ofb_writer/pipe_psum_reg[384]/C
                            (rising edge-triggered cell FDRE clocked by clk  {rise@0.000ns fall@5.000ns period=10.000ns})
  Destination:            gen_core[0].u_core/u_ofb_writer/u_sdp/prod_d_reg[12][15]__0/D
                            (rising edge-triggered cell FDRE clocked by clk  {rise@0.000ns fall@5.000ns period=10.000ns})
  Path Group:             clk
  Path Type:              Setup (Max at Slow Process Corner)
  Requirement:            10.000ns  (clk rise@10.000ns - clk rise@0.000ns)
  Data Path Delay:        5.195ns  (logic 4.125ns (79.403%)  route 1.070ns (20.597%))
  Logic Levels:           19  (DSP_A_B_DATA58=1 DSP_ALUADD=1 DSP_ALUMUX=1 DSP_M_DATA58=1 DSP_MULTIPLIER58=1 DSP_OUTPUT58=1 DSP_PREADD_DATA58=1 LOOKAHEAD8=6 LUTCY1=2 LUTCY2=4)
  Clock Uncertainty:      0.300ns  (CJ)/2 + PE + PJ
    Clock Jitter             (CJ):    0.600ns
    Phase Error              (PE):    0.000ns
    Phase Jitter             (PJ):    0.000ns

    Location             Delay type                Incr(ns)  Path(ns)    Netlist Resource(s)
  -------------------------------------------------------------------    -------------------
                         (clock clk rise edge)        0.000     0.000 r  
                                                      0.000     0.000 r  clk (IN)
                         net (fo=58877, unset)        0.000     0.000    gen_core[0].u_core/u_ofb_writer/clk
                         FDRE                                         r  gen_core[0].u_core/u_ofb_writer/pipe_psum_reg[384]/C
  -------------------------------------------------------------------    -------------------
                         FDRE (Prop_FDRE_C_Q)         0.109     0.109 r  gen_core[0].u_core/u_ofb_writer/pipe_psum_reg[384]/Q
                         net (fo=2, unplaced)         0.265     0.374    gen_core[0].u_core/u_ofb_writer/u_sdp/p_0_out__47_i_23/I2
                         LUTCY2 (Prop_LUTCY2_I2_GE)
                                                      0.134     0.508 r  gen_core[0].u_core/u_ofb_writer/u_sdp/p_0_out__47_i_23/LUTCY2_INST/GE
                         net (fo=1, unplaced)         0.043     0.551    gen_core[0].u_core/u_ofb_writer/u_sdp_n_73
                         LOOKAHEAD8 (Prop_LOOKAHEAD8_GEA_COUTH)
                                                      0.350     0.901 r  gen_core[0].u_core/u_ofb_writer/p_0_out__47_i_25/COUTH
                         net (fo=3, unplaced)         0.002     0.903    gen_core[0].u_core/u_ofb_writer/p_0_out__47_i_25_n_3
                         LOOKAHEAD8 (Prop_LOOKAHEAD8_CIN_COUTH)
                                                      0.045     0.948 r  gen_core[0].u_core/u_ofb_writer/p_0_out__47_i_24/COUTH
                         net (fo=3, unplaced)         0.002     0.950    gen_core[0].u_core/u_ofb_writer/p_0_out__47_i_24_n_3
                         LOOKAHEAD8 (Prop_LOOKAHEAD8_CIN_COUTH)
                                                      0.045     0.995 r  gen_core[0].u_core/u_ofb_writer/p_0_out__46_i_12/COUTH
                         net (fo=3, unplaced)         0.002     0.997    gen_core[0].u_core/u_ofb_writer/p_0_out__46_i_12_n_3
                         LOOKAHEAD8 (Prop_LOOKAHEAD8_CIN_COUTF)
                                                      0.078     1.075 r  gen_core[0].u_core/u_ofb_writer/p_0_out__46_i_11/COUTF
                         net (fo=2, unplaced)         0.013     1.088    gen_core[0].u_core/u_ofb_writer/p_0_out__46_i_3/I4
                         LUTCY2 (Prop_LUTCY2_I4_O)    0.068     1.156 r  gen_core[0].u_core/u_ofb_writer/p_0_out__46_i_3/LUTCY2_INST/O
                         net (fo=3, unplaced)         0.021     1.177    gen_core[0].u_core/u_ofb_writer/p_0_out__46_i_2/I4
                         LUTCY1 (Prop_LUTCY1_I4_O)    0.076     1.253 f  gen_core[0].u_core/u_ofb_writer/p_0_out__46_i_2/LUTCY1_INST/O
                         net (fo=1, unplaced)         0.350     1.603    gen_core[0].u_core/u_ofb_writer/u_sdp/p_0_out__46/DSP58C<0>_INST/B[8]
                         DSP_A_B_DATA58 (Prop_DSP_A_B_DATA58_B[8]_B2_DATA[8])
                                                      0.622     2.225 r  gen_core[0].u_core/u_ofb_writer/u_sdp/p_0_out__46/DSP58C<0>_INST/DSP_A_B_DATA58_INST/B2_DATA[8]
                         net (fo=1, unplaced)         0.000     2.225    gen_core[0].u_core/u_ofb_writer/u_sdp/p_0_out__46/DSP58C<0>_INST/DSP_A_B_DATA58.B2_DATA<8>
                         DSP_PREADD_DATA58 (Prop_DSP_PREADD_DATA58_B2_DATA[8]_B2B1[8])
                                                      0.113     2.338 r  gen_core[0].u_core/u_ofb_writer/u_sdp/p_0_out__46/DSP58C<0>_INST/DSP_PREADD_DATA58_INST/B2B1[8]
                         net (fo=1, unplaced)         0.000     2.338    gen_core[0].u_core/u_ofb_writer/u_sdp/p_0_out__46/DSP58C<0>_INST/DSP_PREADD_DATA58.B2B1<8>
                         DSP_MULTIPLIER58 (Prop_DSP_MULTIPLIER58_B2B1[8]_V[23])
                                                      0.707     3.045 r  gen_core[0].u_core/u_ofb_writer/u_sdp/p_0_out__46/DSP58C<0>_INST/DSP_MULTIPLIER58_INST/V[23]
                         net (fo=1, unplaced)         0.000     3.045    gen_core[0].u_core/u_ofb_writer/u_sdp/p_0_out__46/DSP58C<0>_INST/DSP_MULTIPLIER58.V<23>
                         DSP_M_DATA58 (Prop_DSP_M_DATA58_V[23]_V_DATA[23])
                                                      0.177     3.222 f  gen_core[0].u_core/u_ofb_writer/u_sdp/p_0_out__46/DSP58C<0>_INST/DSP_M_DATA58_INST/V_DATA[23]
                         net (fo=1, unplaced)         0.000     3.222    gen_core[0].u_core/u_ofb_writer/u_sdp/p_0_out__46/DSP58C<0>_INST/DSP_M_DATA58.V_DATA<23>
                         DSP_ALUMUX (Prop_DSP_ALUMUX_V_DATA[23]_Y[23])
                                                      0.110     3.332 r  gen_core[0].u_core/u_ofb_writer/u_sdp/p_0_out__46/DSP58C<0>_INST/DSP_ALUMUX_INST/Y[23]
                         net (fo=1, unplaced)         0.000     3.332    gen_core[0].u_core/u_ofb_writer/u_sdp/p_0_out__46/DSP58C<0>_INST/DSP_ALUMUX.Y<23>
                         DSP_ALUADD (Prop_DSP_ALUADD_Y[23]_ALU_OUT[23])
                                                      0.490     3.822 f  gen_core[0].u_core/u_ofb_writer/u_sdp/p_0_out__46/DSP58C<0>_INST/DSP_ALUADD_INST/ALU_OUT[23]
                         net (fo=2, unplaced)         0.000     3.822    gen_core[0].u_core/u_ofb_writer/u_sdp/p_0_out__46/DSP58C<0>_INST/DSP_ALUADD.ALU_OUT<23>
                         DSP_OUTPUT58 (Prop_DSP_OUTPUT58_ALU_OUT[23]_P[23])
                                                      0.295     4.117 r  gen_core[0].u_core/u_ofb_writer/u_sdp/p_0_out__46/DSP58C<0>_INST/DSP_OUTPUT58_INST/P[23]
                         net (fo=2, unplaced)         0.239     4.356    gen_core[0].u_core/u_ofb_writer/u_sdp/prod_d_reg[12][0]__0_i_1/I2
                         LUTCY2 (Prop_LUTCY2_I2_GE)
                                                      0.134     4.490 r  gen_core[0].u_core/u_ofb_writer/u_sdp/prod_d_reg[12][0]__0_i_1/LUTCY2_INST/GE
                         net (fo=1, unplaced)         0.043     4.533    gen_core[0].u_core/u_ofb_writer/u_sdp/prod_d_reg[12][0]__0_i_1_n_0
                         LOOKAHEAD8 (Prop_LOOKAHEAD8_GEA_COUTH)
                                                      0.350     4.883 r  gen_core[0].u_core/u_ofb_writer/u_sdp/prod_d_reg[12][8]__0_i_3/COUTH
                         net (fo=3, unplaced)         0.002     4.885    gen_core[0].u_core/u_ofb_writer/u_sdp/prod_d_reg[12][8]__0_i_3_n_3
                         LOOKAHEAD8 (Prop_LOOKAHEAD8_CIN_COUTF)
                                                      0.078     4.963 r  gen_core[0].u_core/u_ofb_writer/u_sdp/prod_d_reg[12][16]__0_i_3/COUTF
                         net (fo=2, unplaced)         0.013     4.976    gen_core[0].u_core/u_ofb_writer/u_sdp/prod_d_reg[12][14]__0_i_1/I4
                         LUTCY2 (Prop_LUTCY2_I4_O)    0.068     5.044 r  gen_core[0].u_core/u_ofb_writer/u_sdp/prod_d_reg[12][14]__0_i_1/LUTCY2_INST/O
                         net (fo=3, unplaced)         0.021     5.065    gen_core[0].u_core/u_ofb_writer/u_sdp/prod_d_reg[12][15]__0_i_1/I4
                         LUTCY1 (Prop_LUTCY1_I4_O)    0.076     5.141 r  gen_core[0].u_core/u_ofb_writer/u_sdp/prod_d_reg[12][15]__0_i_1/LUTCY1_INST/O
                         net (fo=1, unplaced)         0.054     5.195    gen_core[0].u_core/u_ofb_writer/u_sdp/prod_d_reg[12][15]__0_i_1_n_1
                         FDRE                                         r  gen_core[0].u_core/u_ofb_writer/u_sdp/prod_d_reg[12][15]__0/D
  -------------------------------------------------------------------    -------------------

                         (clock clk rise edge)       10.000    10.000 r  
                                                      0.000    10.000 r  clk (IN)
                         net (fo=58877, unset)        0.000    10.000    gen_core[0].u_core/u_ofb_writer/u_sdp/clk
                         FDRE                                         r  gen_core[0].u_core/u_ofb_writer/u_sdp/prod_d_reg[12][15]__0/C
                         clock pessimism              0.000    10.000    
                         clock uncertainty           -0.300     9.700    
                         FDRE (Setup_FDRE_C_D)        0.009     9.709    gen_core[0].u_core/u_ofb_writer/u_sdp/prod_d_reg[12][15]__0
  -------------------------------------------------------------------
                         required time                          9.709    
                         arrival time                          -5.195    
  -------------------------------------------------------------------
                         slack                                  4.514    

Slack (MET) :             4.514ns  (required time - arrival time)
  Source:                 gen_core[0].u_core/u_ofb_writer/pipe_psum_reg[416]/C
                            (rising edge-triggered cell FDRE clocked by clk  {rise@0.000ns fall@5.000ns period=10.000ns})
  Destination:            gen_core[0].u_core/u_ofb_writer/u_sdp/prod_d_reg[13][15]__0/D
                            (rising edge-triggered cell FDRE clocked by clk  {rise@0.000ns fall@5.000ns period=10.000ns})
  Path Group:             clk
  Path Type:              Setup (Max at Slow Process Corner)
  Requirement:            10.000ns  (clk rise@10.000ns - clk rise@0.000ns)
  Data Path Delay:        5.195ns  (logic 4.125ns (79.403%)  route 1.070ns (20.597%))
  Logic Levels:           19  (DSP_A_B_DATA58=1 DSP_ALUADD=1 DSP_ALUMUX=1 DSP_M_DATA58=1 DSP_MULTIPLIER58=1 DSP_OUTPUT58=1 DSP_PREADD_DATA58=1 LOOKAHEAD8=6 LUTCY1=2 LUTCY2=4)
  Clock Uncertainty:      0.300ns  (CJ)/2 + PE + PJ
    Clock Jitter             (CJ):    0.600ns
    Phase Error              (PE):    0.000ns
    Phase Jitter             (PJ):    0.000ns

    Location             Delay type                Incr(ns)  Path(ns)    Netlist Resource(s)
  -------------------------------------------------------------------    -------------------
                         (clock clk rise edge)        0.000     0.000 r  
                                                      0.000     0.000 r  clk (IN)
                         net (fo=58877, unset)        0.000     0.000    gen_core[0].u_core/u_ofb_writer/clk
                         FDRE                                         r  gen_core[0].u_core/u_ofb_writer/pipe_psum_reg[416]/C
  -------------------------------------------------------------------    -------------------
                         FDRE (Prop_FDRE_C_Q)         0.109     0.109 r  gen_core[0].u_core/u_ofb_writer/pipe_psum_reg[416]/Q
                         net (fo=2, unplaced)         0.265     0.374    gen_core[0].u_core/u_ofb_writer/u_sdp/p_0_out__55_i_23/I2
                         LUTCY2 (Prop_LUTCY2_I2_GE)
                                                      0.134     0.508 r  gen_core[0].u_core/u_ofb_writer/u_sdp/p_0_out__55_i_23/LUTCY2_INST/GE
                         net (fo=1, unplaced)         0.043     0.551    gen_core[0].u_core/u_ofb_writer/u_sdp_n_91
                         LOOKAHEAD8 (Prop_LOOKAHEAD8_GEA_COUTH)
                                                      0.350     0.901 r  gen_core[0].u_core/u_ofb_writer/p_0_out__55_i_25/COUTH
                         net (fo=3, unplaced)         0.002     0.903    gen_core[0].u_core/u_ofb_writer/p_0_out__55_i_25_n_3
                         LOOKAHEAD8 (Prop_LOOKAHEAD8_CIN_COUTH)
                                                      0.045     0.948 r  gen_core[0].u_core/u_ofb_writer/p_0_out__55_i_24/COUTH
                         net (fo=3, unplaced)         0.002     0.950    gen_core[0].u_core/u_ofb_writer/p_0_out__55_i_24_n_3
                         LOOKAHEAD8 (Prop_LOOKAHEAD8_CIN_COUTH)
                                                      0.045     0.995 r  gen_core[0].u_core/u_ofb_writer/p_0_out__54_i_12/COUTH
                         net (fo=3, unplaced)         0.002     0.997    gen_core[0].u_core/u_ofb_writer/p_0_out__54_i_12_n_3
                         LOOKAHEAD8 (Prop_LOOKAHEAD8_CIN_COUTF)
                                                      0.078     1.075 r  gen_core[0].u_core/u_ofb_writer/p_0_out__54_i_11/COUTF
                         net (fo=2, unplaced)         0.013     1.088    gen_core[0].u_core/u_ofb_writer/p_0_out__54_i_3/I4
                         LUTCY2 (Prop_LUTCY2_I4_O)    0.068     1.156 r  gen_core[0].u_core/u_ofb_writer/p_0_out__54_i_3/LUTCY2_INST/O
                         net (fo=3, unplaced)         0.021     1.177    gen_core[0].u_core/u_ofb_writer/p_0_out__54_i_2/I4
                         LUTCY1 (Prop_LUTCY1_I4_O)    0.076     1.253 f  gen_core[0].u_core/u_ofb_writer/p_0_out__54_i_2/LUTCY1_INST/O
                         net (fo=1, unplaced)         0.350     1.603    gen_core[0].u_core/u_ofb_writer/u_sdp/p_0_out__54/DSP58C<0>_INST/B[8]
                         DSP_A_B_DATA58 (Prop_DSP_A_B_DATA58_B[8]_B2_DATA[8])
                                                      0.622     2.225 r  gen_core[0].u_core/u_ofb_writer/u_sdp/p_0_out__54/DSP58C<0>_INST/DSP_A_B_DATA58_INST/B2_DATA[8]
                         net (fo=1, unplaced)         0.000     2.225    gen_core[0].u_core/u_ofb_writer/u_sdp/p_0_out__54/DSP58C<0>_INST/DSP_A_B_DATA58.B2_DATA<8>
                         DSP_PREADD_DATA58 (Prop_DSP_PREADD_DATA58_B2_DATA[8]_B2B1[8])
                                                      0.113     2.338 r  gen_core[0].u_core/u_ofb_writer/u_sdp/p_0_out__54/DSP58C<0>_INST/DSP_PREADD_DATA58_INST/B2B1[8]
                         net (fo=1, unplaced)         0.000     2.338    gen_core[0].u_core/u_ofb_writer/u_sdp/p_0_out__54/DSP58C<0>_INST/DSP_PREADD_DATA58.B2B1<8>
                         DSP_MULTIPLIER58 (Prop_DSP_MULTIPLIER58_B2B1[8]_V[23])
                                                      0.707     3.045 r  gen_core[0].u_core/u_ofb_writer/u_sdp/p_0_out__54/DSP58C<0>_INST/DSP_MULTIPLIER58_INST/V[23]
                         net (fo=1, unplaced)         0.000     3.045    gen_core[0].u_core/u_ofb_writer/u_sdp/p_0_out__54/DSP58C<0>_INST/DSP_MULTIPLIER58.V<23>
                         DSP_M_DATA58 (Prop_DSP_M_DATA58_V[23]_V_DATA[23])
                                                      0.177     3.222 f  gen_core[0].u_core/u_ofb_writer/u_sdp/p_0_out__54/DSP58C<0>_INST/DSP_M_DATA58_INST/V_DATA[23]
                         net (fo=1, unplaced)         0.000     3.222    gen_core[0].u_core/u_ofb_writer/u_sdp/p_0_out__54/DSP58C<0>_INST/DSP_M_DATA58.V_DATA<23>
                         DSP_ALUMUX (Prop_DSP_ALUMUX_V_DATA[23]_Y[23])
                                                      0.110     3.332 r  gen_core[0].u_core/u_ofb_writer/u_sdp/p_0_out__54/DSP58C<0>_INST/DSP_ALUMUX_INST/Y[23]
                         net (fo=1, unplaced)         0.000     3.332    gen_core[0].u_core/u_ofb_writer/u_sdp/p_0_out__54/DSP58C<0>_INST/DSP_ALUMUX.Y<23>
                         DSP_ALUADD (Prop_DSP_ALUADD_Y[23]_ALU_OUT[23])
                                                      0.490     3.822 f  gen_core[0].u_core/u_ofb_writer/u_sdp/p_0_out__54/DSP58C<0>_INST/DSP_ALUADD_INST/ALU_OUT[23]
                         net (fo=2, unplaced)         0.000     3.822    gen_core[0].u_core/u_ofb_writer/u_sdp/p_0_out__54/DSP58C<0>_INST/DSP_ALUADD.ALU_OUT<23>
                         DSP_OUTPUT58 (Prop_DSP_OUTPUT58_ALU_OUT[23]_P[23])
                                                      0.295     4.117 r  gen_core[0].u_core/u_ofb_writer/u_sdp/p_0_out__54/DSP58C<0>_INST/DSP_OUTPUT58_INST/P[23]
                         net (fo=2, unplaced)         0.239     4.356    gen_core[0].u_core/u_ofb_writer/u_sdp/prod_d_reg[13][0]__0_i_1/I2
                         LUTCY2 (Prop_LUTCY2_I2_GE)
                                                      0.134     4.490 r  gen_core[0].u_core/u_ofb_writer/u_sdp/prod_d_reg[13][0]__0_i_1/LUTCY2_INST/GE
                         net (fo=1, unplaced)         0.043     4.533    gen_core[0].u_core/u_ofb_writer/u_sdp/prod_d_reg[13][0]__0_i_1_n_0
                         LOOKAHEAD8 (Prop_LOOKAHEAD8_GEA_COUTH)
                                                      0.350     4.883 r  gen_core[0].u_core/u_ofb_writer/u_sdp/prod_d_reg[13][8]__0_i_3/COUTH
                         net (fo=3, unplaced)         0.002     4.885    gen_core[0].u_core/u_ofb_writer/u_sdp/prod_d_reg[13][8]__0_i_3_n_3
                         LOOKAHEAD8 (Prop_LOOKAHEAD8_CIN_COUTF)
                                                      0.078     4.963 r  gen_core[0].u_core/u_ofb_writer/u_sdp/prod_d_reg[13][16]__0_i_3/COUTF
                         net (fo=2, unplaced)         0.013     4.976    gen_core[0].u_core/u_ofb_writer/u_sdp/prod_d_reg[13][14]__0_i_1/I4
                         LUTCY2 (Prop_LUTCY2_I4_O)    0.068     5.044 r  gen_core[0].u_core/u_ofb_writer/u_sdp/prod_d_reg[13][14]__0_i_1/LUTCY2_INST/O
                         net (fo=3, unplaced)         0.021     5.065    gen_core[0].u_core/u_ofb_writer/u_sdp/prod_d_reg[13][15]__0_i_1/I4
                         LUTCY1 (Prop_LUTCY1_I4_O)    0.076     5.141 r  gen_core[0].u_core/u_ofb_writer/u_sdp/prod_d_reg[13][15]__0_i_1/LUTCY1_INST/O
                         net (fo=1, unplaced)         0.054     5.195    gen_core[0].u_core/u_ofb_writer/u_sdp/prod_d_reg[13][15]__0_i_1_n_1
                         FDRE                                         r  gen_core[0].u_core/u_ofb_writer/u_sdp/prod_d_reg[13][15]__0/D
  -------------------------------------------------------------------    -------------------

                         (clock clk rise edge)       10.000    10.000 r  
                                                      0.000    10.000 r  clk (IN)
                         net (fo=58877, unset)        0.000    10.000    gen_core[0].u_core/u_ofb_writer/u_sdp/clk
                         FDRE                                         r  gen_core[0].u_core/u_ofb_writer/u_sdp/prod_d_reg[13][15]__0/C
                         clock pessimism              0.000    10.000    
                         clock uncertainty           -0.300     9.700    
                         FDRE (Setup_FDRE_C_D)        0.009     9.709    gen_core[0].u_core/u_ofb_writer/u_sdp/prod_d_reg[13][15]__0
  -------------------------------------------------------------------
                         required time                          9.709    
                         arrival time                          -5.195    
  -------------------------------------------------------------------
                         slack                                  4.514    

Slack (MET) :             4.514ns  (required time - arrival time)
  Source:                 gen_core[0].u_core/u_ofb_writer/pipe_psum_reg[448]/C
                            (rising edge-triggered cell FDRE clocked by clk  {rise@0.000ns fall@5.000ns period=10.000ns})
  Destination:            gen_core[0].u_core/u_ofb_writer/u_sdp/prod_d_reg[14][63]_bret__5/D
                            (rising edge-triggered cell FDRE clocked by clk  {rise@0.000ns fall@5.000ns period=10.000ns})
  Path Group:             clk
  Path Type:              Setup (Max at Slow Process Corner)
  Requirement:            10.000ns  (clk rise@10.000ns - clk rise@0.000ns)
  Data Path Delay:        5.195ns  (logic 4.125ns (79.403%)  route 1.070ns (20.597%))
  Logic Levels:           19  (DSP_A_B_DATA58=1 DSP_ALUADD=1 DSP_ALUMUX=1 DSP_M_DATA58=1 DSP_MULTIPLIER58=1 DSP_OUTPUT58=1 DSP_PREADD_DATA58=1 LOOKAHEAD8=6 LUTCY1=2 LUTCY2=4)
  Clock Uncertainty:      0.300ns  (CJ)/2 + PE + PJ
    Clock Jitter             (CJ):    0.600ns
    Phase Error              (PE):    0.000ns
    Phase Jitter             (PJ):    0.000ns

    Location             Delay type                Incr(ns)  Path(ns)    Netlist Resource(s)
  -------------------------------------------------------------------    -------------------
                         (clock clk rise edge)        0.000     0.000 r  
                                                      0.000     0.000 r  clk (IN)
                         net (fo=58877, unset)        0.000     0.000    gen_core[0].u_core/u_ofb_writer/clk
                         FDRE                                         r  gen_core[0].u_core/u_ofb_writer/pipe_psum_reg[448]/C
  -------------------------------------------------------------------    -------------------
                         FDRE (Prop_FDRE_C_Q)         0.109     0.109 r  gen_core[0].u_core/u_ofb_writer/pipe_psum_reg[448]/Q
                         net (fo=2, unplaced)         0.265     0.374    gen_core[0].u_core/u_ofb_writer/u_sdp/p_0_out__52_i_23/I2
                         LUTCY2 (Prop_LUTCY2_I2_GE)
                                                      0.134     0.508 r  gen_core[0].u_core/u_ofb_writer/u_sdp/p_0_out__52_i_23/LUTCY2_INST/GE
                         net (fo=1, unplaced)         0.043     0.551    gen_core[0].u_core/u_ofb_writer/u_sdp_n_85
                         LOOKAHEAD8 (Prop_LOOKAHEAD8_GEA_COUTH)
                                                      0.350     0.901 r  gen_core[0].u_core/u_ofb_writer/p_0_out__52_i_25/COUTH
                         net (fo=3, unplaced)         0.002     0.903    gen_core[0].u_core/u_ofb_writer/p_0_out__52_i_25_n_3
                         LOOKAHEAD8 (Prop_LOOKAHEAD8_CIN_COUTH)
                                                      0.045     0.948 r  gen_core[0].u_core/u_ofb_writer/p_0_out__52_i_24/COUTH
                         net (fo=3, unplaced)         0.002     0.950    gen_core[0].u_core/u_ofb_writer/p_0_out__52_i_24_n_3
                         LOOKAHEAD8 (Prop_LOOKAHEAD8_CIN_COUTH)
                                                      0.045     0.995 r  gen_core[0].u_core/u_ofb_writer/p_0_out__51_i_12/COUTH
                         net (fo=3, unplaced)         0.002     0.997    gen_core[0].u_core/u_ofb_writer/p_0_out__51_i_12_n_3
                         LOOKAHEAD8 (Prop_LOOKAHEAD8_CIN_COUTF)
                                                      0.078     1.075 r  gen_core[0].u_core/u_ofb_writer/p_0_out__51_i_11/COUTF
                         net (fo=2, unplaced)         0.013     1.088    gen_core[0].u_core/u_ofb_writer/p_0_out__51_i_3/I4
                         LUTCY2 (Prop_LUTCY2_I4_O)    0.068     1.156 r  gen_core[0].u_core/u_ofb_writer/p_0_out__51_i_3/LUTCY2_INST/O
                         net (fo=3, unplaced)         0.021     1.177    gen_core[0].u_core/u_ofb_writer/p_0_out__51_i_2/I4
                         LUTCY1 (Prop_LUTCY1_I4_O)    0.076     1.253 f  gen_core[0].u_core/u_ofb_writer/p_0_out__51_i_2/LUTCY1_INST/O
                         net (fo=1, unplaced)         0.350     1.603    gen_core[0].u_core/u_ofb_writer/u_sdp/p_0_out__51/DSP58C<0>_INST/B[8]
                         DSP_A_B_DATA58 (Prop_DSP_A_B_DATA58_B[8]_B2_DATA[8])
                                                      0.622     2.225 r  gen_core[0].u_core/u_ofb_writer/u_sdp/p_0_out__51/DSP58C<0>_INST/DSP_A_B_DATA58_INST/B2_DATA[8]
                         net (fo=1, unplaced)         0.000     2.225    gen_core[0].u_core/u_ofb_writer/u_sdp/p_0_out__51/DSP58C<0>_INST/DSP_A_B_DATA58.B2_DATA<8>
                         DSP_PREADD_DATA58 (Prop_DSP_PREADD_DATA58_B2_DATA[8]_B2B1[8])
                                                      0.113     2.338 r  gen_core[0].u_core/u_ofb_writer/u_sdp/p_0_out__51/DSP58C<0>_INST/DSP_PREADD_DATA58_INST/B2B1[8]
                         net (fo=1, unplaced)         0.000     2.338    gen_core[0].u_core/u_ofb_writer/u_sdp/p_0_out__51/DSP58C<0>_INST/DSP_PREADD_DATA58.B2B1<8>
                         DSP_MULTIPLIER58 (Prop_DSP_MULTIPLIER58_B2B1[8]_V[23])
                                                      0.707     3.045 r  gen_core[0].u_core/u_ofb_writer/u_sdp/p_0_out__51/DSP58C<0>_INST/DSP_MULTIPLIER58_INST/V[23]
                         net (fo=1, unplaced)         0.000     3.045    gen_core[0].u_core/u_ofb_writer/u_sdp/p_0_out__51/DSP58C<0>_INST/DSP_MULTIPLIER58.V<23>
                         DSP_M_DATA58 (Prop_DSP_M_DATA58_V[23]_V_DATA[23])
                                                      0.177     3.222 f  gen_core[0].u_core/u_ofb_writer/u_sdp/p_0_out__51/DSP58C<0>_INST/DSP_M_DATA58_INST/V_DATA[23]
                         net (fo=1, unplaced)         0.000     3.222    gen_core[0].u_core/u_ofb_writer/u_sdp/p_0_out__51/DSP58C<0>_INST/DSP_M_DATA58.V_DATA<23>
                         DSP_ALUMUX (Prop_DSP_ALUMUX_V_DATA[23]_Y[23])
                                                      0.110     3.332 r  gen_core[0].u_core/u_ofb_writer/u_sdp/p_0_out__51/DSP58C<0>_INST/DSP_ALUMUX_INST/Y[23]
                         net (fo=1, unplaced)         0.000     3.332    gen_core[0].u_core/u_ofb_writer/u_sdp/p_0_out__51/DSP58C<0>_INST/DSP_ALUMUX.Y<23>
                         DSP_ALUADD (Prop_DSP_ALUADD_Y[23]_ALU_OUT[23])
                                                      0.490     3.822 f  gen_core[0].u_core/u_ofb_writer/u_sdp/p_0_out__51/DSP58C<0>_INST/DSP_ALUADD_INST/ALU_OUT[23]
                         net (fo=2, unplaced)         0.000     3.822    gen_core[0].u_core/u_ofb_writer/u_sdp/p_0_out__51/DSP58C<0>_INST/DSP_ALUADD.ALU_OUT<23>
                         DSP_OUTPUT58 (Prop_DSP_OUTPUT58_ALU_OUT[23]_P[23])
                                                      0.295     4.117 r  gen_core[0].u_core/u_ofb_writer/u_sdp/p_0_out__51/DSP58C<0>_INST/DSP_OUTPUT58_INST/P[23]
                         net (fo=2, unplaced)         0.239     4.356    gen_core[0].u_core/u_ofb_writer/u_sdp/prod_d_reg[14][63]_bret__31_i_1/I2
                         LUTCY2 (Prop_LUTCY2_I2_GE)
                                                      0.134     4.490 r  gen_core[0].u_core/u_ofb_writer/u_sdp/prod_d_reg[14][63]_bret__31_i_1/LUTCY2_INST/GE
                         net (fo=1, unplaced)         0.043     4.533    gen_core[0].u_core/u_ofb_writer/u_sdp/prod_d_reg[14][63]_bret__31_i_1_n_0
                         LOOKAHEAD8 (Prop_LOOKAHEAD8_GEA_COUTH)
                                                      0.350     4.883 r  gen_core[0].u_core/u_ofb_writer/u_sdp/prod_d_reg[14][63]_bret__15_i_3/COUTH
                         net (fo=3, unplaced)         0.002     4.885    gen_core[0].u_core/u_ofb_writer/u_sdp/prod_d_reg[14][63]_bret__15_i_3_n_3
                         LOOKAHEAD8 (Prop_LOOKAHEAD8_CIN_COUTF)
                                                      0.078     4.963 r  gen_core[0].u_core/u_ofb_writer/u_sdp/prod_d_reg[14][63]_bret_i_3/COUTF
                         net (fo=2, unplaced)         0.013     4.976    gen_core[0].u_core/u_ofb_writer/u_sdp/prod_d_reg[14][63]_bret__3_i_1/I4
                         LUTCY2 (Prop_LUTCY2_I4_O)    0.068     5.044 r  gen_core[0].u_core/u_ofb_writer/u_sdp/prod_d_reg[14][63]_bret__3_i_1/LUTCY2_INST/O
                         net (fo=3, unplaced)         0.021     5.065    gen_core[0].u_core/u_ofb_writer/u_sdp/prod_d_reg[14][63]_bret__5_i_1/I4
                         LUTCY1 (Prop_LUTCY1_I4_O)    0.076     5.141 r  gen_core[0].u_core/u_ofb_writer/u_sdp/prod_d_reg[14][63]_bret__5_i_1/LUTCY1_INST/O
                         net (fo=1, unplaced)         0.054     5.195    gen_core[0].u_core/u_ofb_writer/u_sdp/prod_d_reg[14][63]_bret__5_i_1_n_1
                         FDRE                                         r  gen_core[0].u_core/u_ofb_writer/u_sdp/prod_d_reg[14][63]_bret__5/D
  -------------------------------------------------------------------    -------------------

                         (clock clk rise edge)       10.000    10.000 r  
                                                      0.000    10.000 r  clk (IN)
                         net (fo=58877, unset)        0.000    10.000    gen_core[0].u_core/u_ofb_writer/u_sdp/clk
                         FDRE                                         r  gen_core[0].u_core/u_ofb_writer/u_sdp/prod_d_reg[14][63]_bret__5/C
                         clock pessimism              0.000    10.000    
                         clock uncertainty           -0.300     9.700    
                         FDRE (Setup_FDRE_C_D)        0.009     9.709    gen_core[0].u_core/u_ofb_writer/u_sdp/prod_d_reg[14][63]_bret__5
  -------------------------------------------------------------------
                         required time                          9.709    
                         arrival time                          -5.195    
  -------------------------------------------------------------------
                         slack                                  4.514    

Slack (MET) :             4.514ns  (required time - arrival time)
  Source:                 gen_core[0].u_core/u_ofb_writer/pipe_psum_reg[480]/C
                            (rising edge-triggered cell FDRE clocked by clk  {rise@0.000ns fall@5.000ns period=10.000ns})
  Destination:            gen_core[0].u_core/u_ofb_writer/u_sdp/prod_d_reg[15][63]_bret__5/D
                            (rising edge-triggered cell FDRE clocked by clk  {rise@0.000ns fall@5.000ns period=10.000ns})
  Path Group:             clk
  Path Type:              Setup (Max at Slow Process Corner)
  Requirement:            10.000ns  (clk rise@10.000ns - clk rise@0.000ns)
  Data Path Delay:        5.195ns  (logic 4.125ns (79.403%)  route 1.070ns (20.597%))
  Logic Levels:           19  (DSP_A_B_DATA58=1 DSP_ALUADD=1 DSP_ALUMUX=1 DSP_M_DATA58=1 DSP_MULTIPLIER58=1 DSP_OUTPUT58=1 DSP_PREADD_DATA58=1 LOOKAHEAD8=6 LUTCY1=2 LUTCY2=4)
  Clock Uncertainty:      0.300ns  (CJ)/2 + PE + PJ
    Clock Jitter             (CJ):    0.600ns
    Phase Error              (PE):    0.000ns
    Phase Jitter             (PJ):    0.000ns

    Location             Delay type                Incr(ns)  Path(ns)    Netlist Resource(s)
  -------------------------------------------------------------------    -------------------
                         (clock clk rise edge)        0.000     0.000 r  
                                                      0.000     0.000 r  clk (IN)
                         net (fo=58877, unset)        0.000     0.000    gen_core[0].u_core/u_ofb_writer/clk
                         FDRE                                         r  gen_core[0].u_core/u_ofb_writer/pipe_psum_reg[480]/C
  -------------------------------------------------------------------    -------------------
                         FDRE (Prop_FDRE_C_Q)         0.109     0.109 r  gen_core[0].u_core/u_ofb_writer/pipe_psum_reg[480]/Q
                         net (fo=2, unplaced)         0.265     0.374    gen_core[0].u_core/u_ofb_writer/u_sdp/p_0_out__49_i_23/I2
                         LUTCY2 (Prop_LUTCY2_I2_GE)
                                                      0.134     0.508 r  gen_core[0].u_core/u_ofb_writer/u_sdp/p_0_out__49_i_23/LUTCY2_INST/GE
                         net (fo=1, unplaced)         0.043     0.551    gen_core[0].u_core/u_ofb_writer/u_sdp_n_79
                         LOOKAHEAD8 (Prop_LOOKAHEAD8_GEA_COUTH)
                                                      0.350     0.901 r  gen_core[0].u_core/u_ofb_writer/p_0_out__49_i_25/COUTH
                         net (fo=3, unplaced)         0.002     0.903    gen_core[0].u_core/u_ofb_writer/p_0_out__49_i_25_n_3
                         LOOKAHEAD8 (Prop_LOOKAHEAD8_CIN_COUTH)
                                                      0.045     0.948 r  gen_core[0].u_core/u_ofb_writer/p_0_out__49_i_24/COUTH
                         net (fo=3, unplaced)         0.002     0.950    gen_core[0].u_core/u_ofb_writer/p_0_out__49_i_24_n_3
                         LOOKAHEAD8 (Prop_LOOKAHEAD8_CIN_COUTH)
                                                      0.045     0.995 r  gen_core[0].u_core/u_ofb_writer/p_0_out__48_i_12/COUTH
                         net (fo=3, unplaced)         0.002     0.997    gen_core[0].u_core/u_ofb_writer/p_0_out__48_i_12_n_3
                         LOOKAHEAD8 (Prop_LOOKAHEAD8_CIN_COUTF)
                                                      0.078     1.075 r  gen_core[0].u_core/u_ofb_writer/p_0_out__48_i_11/COUTF
                         net (fo=2, unplaced)         0.013     1.088    gen_core[0].u_core/u_ofb_writer/p_0_out__48_i_3/I4
                         LUTCY2 (Prop_LUTCY2_I4_O)    0.068     1.156 r  gen_core[0].u_core/u_ofb_writer/p_0_out__48_i_3/LUTCY2_INST/O
                         net (fo=3, unplaced)         0.021     1.177    gen_core[0].u_core/u_ofb_writer/p_0_out__48_i_2/I4
                         LUTCY1 (Prop_LUTCY1_I4_O)    0.076     1.253 f  gen_core[0].u_core/u_ofb_writer/p_0_out__48_i_2/LUTCY1_INST/O
                         net (fo=1, unplaced)         0.350     1.603    gen_core[0].u_core/u_ofb_writer/u_sdp/p_0_out__48/DSP58C<0>_INST/B[8]
                         DSP_A_B_DATA58 (Prop_DSP_A_B_DATA58_B[8]_B2_DATA[8])
                                                      0.622     2.225 r  gen_core[0].u_core/u_ofb_writer/u_sdp/p_0_out__48/DSP58C<0>_INST/DSP_A_B_DATA58_INST/B2_DATA[8]
                         net (fo=1, unplaced)         0.000     2.225    gen_core[0].u_core/u_ofb_writer/u_sdp/p_0_out__48/DSP58C<0>_INST/DSP_A_B_DATA58.B2_DATA<8>
                         DSP_PREADD_DATA58 (Prop_DSP_PREADD_DATA58_B2_DATA[8]_B2B1[8])
                                                      0.113     2.338 r  gen_core[0].u_core/u_ofb_writer/u_sdp/p_0_out__48/DSP58C<0>_INST/DSP_PREADD_DATA58_INST/B2B1[8]
                         net (fo=1, unplaced)         0.000     2.338    gen_core[0].u_core/u_ofb_writer/u_sdp/p_0_out__48/DSP58C<0>_INST/DSP_PREADD_DATA58.B2B1<8>
                         DSP_MULTIPLIER58 (Prop_DSP_MULTIPLIER58_B2B1[8]_V[23])
                                                      0.707     3.045 r  gen_core[0].u_core/u_ofb_writer/u_sdp/p_0_out__48/DSP58C<0>_INST/DSP_MULTIPLIER58_INST/V[23]
                         net (fo=1, unplaced)         0.000     3.045    gen_core[0].u_core/u_ofb_writer/u_sdp/p_0_out__48/DSP58C<0>_INST/DSP_MULTIPLIER58.V<23>
                         DSP_M_DATA58 (Prop_DSP_M_DATA58_V[23]_V_DATA[23])
                                                      0.177     3.222 f  gen_core[0].u_core/u_ofb_writer/u_sdp/p_0_out__48/DSP58C<0>_INST/DSP_M_DATA58_INST/V_DATA[23]
                         net (fo=1, unplaced)         0.000     3.222    gen_core[0].u_core/u_ofb_writer/u_sdp/p_0_out__48/DSP58C<0>_INST/DSP_M_DATA58.V_DATA<23>
                         DSP_ALUMUX (Prop_DSP_ALUMUX_V_DATA[23]_Y[23])
                                                      0.110     3.332 r  gen_core[0].u_core/u_ofb_writer/u_sdp/p_0_out__48/DSP58C<0>_INST/DSP_ALUMUX_INST/Y[23]
                         net (fo=1, unplaced)         0.000     3.332    gen_core[0].u_core/u_ofb_writer/u_sdp/p_0_out__48/DSP58C<0>_INST/DSP_ALUMUX.Y<23>
                         DSP_ALUADD (Prop_DSP_ALUADD_Y[23]_ALU_OUT[23])
                                                      0.490     3.822 f  gen_core[0].u_core/u_ofb_writer/u_sdp/p_0_out__48/DSP58C<0>_INST/DSP_ALUADD_INST/ALU_OUT[23]
                         net (fo=2, unplaced)         0.000     3.822    gen_core[0].u_core/u_ofb_writer/u_sdp/p_0_out__48/DSP58C<0>_INST/DSP_ALUADD.ALU_OUT<23>
                         DSP_OUTPUT58 (Prop_DSP_OUTPUT58_ALU_OUT[23]_P[23])
                                                      0.295     4.117 r  gen_core[0].u_core/u_ofb_writer/u_sdp/p_0_out__48/DSP58C<0>_INST/DSP_OUTPUT58_INST/P[23]
                         net (fo=2, unplaced)         0.239     4.356    gen_core[0].u_core/u_ofb_writer/u_sdp/prod_d_reg[15][63]_bret__31_i_1/I2
                         LUTCY2 (Prop_LUTCY2_I2_GE)
                                                      0.134     4.490 r  gen_core[0].u_core/u_ofb_writer/u_sdp/prod_d_reg[15][63]_bret__31_i_1/LUTCY2_INST/GE
                         net (fo=1, unplaced)         0.043     4.533    gen_core[0].u_core/u_ofb_writer/u_sdp/prod_d_reg[15][63]_bret__31_i_1_n_0
                         LOOKAHEAD8 (Prop_LOOKAHEAD8_GEA_COUTH)
                                                      0.350     4.883 r  gen_core[0].u_core/u_ofb_writer/u_sdp/prod_d_reg[15][63]_bret__15_i_3/COUTH
                         net (fo=3, unplaced)         0.002     4.885    gen_core[0].u_core/u_ofb_writer/u_sdp/prod_d_reg[15][63]_bret__15_i_3_n_3
                         LOOKAHEAD8 (Prop_LOOKAHEAD8_CIN_COUTF)
                                                      0.078     4.963 r  gen_core[0].u_core/u_ofb_writer/u_sdp/prod_d_reg[15][63]_bret_i_3/COUTF
                         net (fo=2, unplaced)         0.013     4.976    gen_core[0].u_core/u_ofb_writer/u_sdp/prod_d_reg[15][63]_bret__3_i_1/I4
                         LUTCY2 (Prop_LUTCY2_I4_O)    0.068     5.044 r  gen_core[0].u_core/u_ofb_writer/u_sdp/prod_d_reg[15][63]_bret__3_i_1/LUTCY2_INST/O
                         net (fo=3, unplaced)         0.021     5.065    gen_core[0].u_core/u_ofb_writer/u_sdp/prod_d_reg[15][63]_bret__5_i_1/I4
                         LUTCY1 (Prop_LUTCY1_I4_O)    0.076     5.141 r  gen_core[0].u_core/u_ofb_writer/u_sdp/prod_d_reg[15][63]_bret__5_i_1/LUTCY1_INST/O
                         net (fo=1, unplaced)         0.054     5.195    gen_core[0].u_core/u_ofb_writer/u_sdp/prod_d_reg[15][63]_bret__5_i_1_n_1
                         FDRE                                         r  gen_core[0].u_core/u_ofb_writer/u_sdp/prod_d_reg[15][63]_bret__5/D
  -------------------------------------------------------------------    -------------------

                         (clock clk rise edge)       10.000    10.000 r  
                                                      0.000    10.000 r  clk (IN)
                         net (fo=58877, unset)        0.000    10.000    gen_core[0].u_core/u_ofb_writer/u_sdp/clk
                         FDRE                                         r  gen_core[0].u_core/u_ofb_writer/u_sdp/prod_d_reg[15][63]_bret__5/C
                         clock pessimism              0.000    10.000    
                         clock uncertainty           -0.300     9.700    
                         FDRE (Setup_FDRE_C_D)        0.009     9.709    gen_core[0].u_core/u_ofb_writer/u_sdp/prod_d_reg[15][63]_bret__5
  -------------------------------------------------------------------
                         required time                          9.709    
                         arrival time                          -5.195    
  -------------------------------------------------------------------
                         slack                                  4.514    

Slack (MET) :             4.514ns  (required time - arrival time)
  Source:                 gen_core[0].u_core/u_ofb_writer/pipe_psum_reg[32]/C
                            (rising edge-triggered cell FDRE clocked by clk  {rise@0.000ns fall@5.000ns period=10.000ns})
  Destination:            gen_core[0].u_core/u_ofb_writer/u_sdp/prod_d_reg[1][63]_bret__5/D
                            (rising edge-triggered cell FDRE clocked by clk  {rise@0.000ns fall@5.000ns period=10.000ns})
  Path Group:             clk
  Path Type:              Setup (Max at Slow Process Corner)
  Requirement:            10.000ns  (clk rise@10.000ns - clk rise@0.000ns)
  Data Path Delay:        5.195ns  (logic 4.125ns (79.403%)  route 1.070ns (20.597%))
  Logic Levels:           19  (DSP_A_B_DATA58=1 DSP_ALUADD=1 DSP_ALUMUX=1 DSP_M_DATA58=1 DSP_MULTIPLIER58=1 DSP_OUTPUT58=1 DSP_PREADD_DATA58=1 LOOKAHEAD8=6 LUTCY1=2 LUTCY2=4)
  Clock Uncertainty:      0.300ns  (CJ)/2 + PE + PJ
    Clock Jitter             (CJ):    0.600ns
    Phase Error              (PE):    0.000ns
    Phase Jitter             (PJ):    0.000ns

    Location             Delay type                Incr(ns)  Path(ns)    Netlist Resource(s)
  -------------------------------------------------------------------    -------------------
                         (clock clk rise edge)        0.000     0.000 r  
                                                      0.000     0.000 r  clk (IN)
                         net (fo=58877, unset)        0.000     0.000    gen_core[0].u_core/u_ofb_writer/clk
                         FDRE                                         r  gen_core[0].u_core/u_ofb_writer/pipe_psum_reg[32]/C
  -------------------------------------------------------------------    -------------------
                         FDRE (Prop_FDRE_C_Q)         0.109     0.109 r  gen_core[0].u_core/u_ofb_writer/pipe_psum_reg[32]/Q
                         net (fo=2, unplaced)         0.265     0.374    gen_core[0].u_core/u_ofb_writer/u_sdp/p_0_out__5_i_23/I2
                         LUTCY2 (Prop_LUTCY2_I2_GE)
                                                      0.134     0.508 r  gen_core[0].u_core/u_ofb_writer/u_sdp/p_0_out__5_i_23/LUTCY2_INST/GE
                         net (fo=1, unplaced)         0.043     0.551    gen_core[0].u_core/u_ofb_writer/u_sdp_n_7
                         LOOKAHEAD8 (Prop_LOOKAHEAD8_GEA_COUTH)
                                                      0.350     0.901 r  gen_core[0].u_core/u_ofb_writer/p_0_out__5_i_25/COUTH
                         net (fo=3, unplaced)         0.002     0.903    gen_core[0].u_core/u_ofb_writer/p_0_out__5_i_25_n_3
                         LOOKAHEAD8 (Prop_LOOKAHEAD8_CIN_COUTH)
                                                      0.045     0.948 r  gen_core[0].u_core/u_ofb_writer/p_0_out__5_i_24/COUTH
                         net (fo=3, unplaced)         0.002     0.950    gen_core[0].u_core/u_ofb_writer/p_0_out__5_i_24_n_3
                         LOOKAHEAD8 (Prop_LOOKAHEAD8_CIN_COUTH)
                                                      0.045     0.995 r  gen_core[0].u_core/u_ofb_writer/p_0_out__4_i_12/COUTH
                         net (fo=3, unplaced)         0.002     0.997    gen_core[0].u_core/u_ofb_writer/p_0_out__4_i_12_n_3
                         LOOKAHEAD8 (Prop_LOOKAHEAD8_CIN_COUTF)
                                                      0.078     1.075 r  gen_core[0].u_core/u_ofb_writer/p_0_out__4_i_11/COUTF
                         net (fo=2, unplaced)         0.013     1.088    gen_core[0].u_core/u_ofb_writer/p_0_out__4_i_3/I4
                         LUTCY2 (Prop_LUTCY2_I4_O)    0.068     1.156 r  gen_core[0].u_core/u_ofb_writer/p_0_out__4_i_3/LUTCY2_INST/O
                         net (fo=3, unplaced)         0.021     1.177    gen_core[0].u_core/u_ofb_writer/p_0_out__4_i_2/I4
                         LUTCY1 (Prop_LUTCY1_I4_O)    0.076     1.253 f  gen_core[0].u_core/u_ofb_writer/p_0_out__4_i_2/LUTCY1_INST/O
                         net (fo=1, unplaced)         0.350     1.603    gen_core[0].u_core/u_ofb_writer/u_sdp/p_0_out__4/DSP58C<0>_INST/B[8]
                         DSP_A_B_DATA58 (Prop_DSP_A_B_DATA58_B[8]_B2_DATA[8])
                                                      0.622     2.225 r  gen_core[0].u_core/u_ofb_writer/u_sdp/p_0_out__4/DSP58C<0>_INST/DSP_A_B_DATA58_INST/B2_DATA[8]
                         net (fo=1, unplaced)         0.000     2.225    gen_core[0].u_core/u_ofb_writer/u_sdp/p_0_out__4/DSP58C<0>_INST/DSP_A_B_DATA58.B2_DATA<8>
                         DSP_PREADD_DATA58 (Prop_DSP_PREADD_DATA58_B2_DATA[8]_B2B1[8])
                                                      0.113     2.338 r  gen_core[0].u_core/u_ofb_writer/u_sdp/p_0_out__4/DSP58C<0>_INST/DSP_PREADD_DATA58_INST/B2B1[8]
                         net (fo=1, unplaced)         0.000     2.338    gen_core[0].u_core/u_ofb_writer/u_sdp/p_0_out__4/DSP58C<0>_INST/DSP_PREADD_DATA58.B2B1<8>
                         DSP_MULTIPLIER58 (Prop_DSP_MULTIPLIER58_B2B1[8]_V[23])
                                                      0.707     3.045 r  gen_core[0].u_core/u_ofb_writer/u_sdp/p_0_out__4/DSP58C<0>_INST/DSP_MULTIPLIER58_INST/V[23]
                         net (fo=1, unplaced)         0.000     3.045    gen_core[0].u_core/u_ofb_writer/u_sdp/p_0_out__4/DSP58C<0>_INST/DSP_MULTIPLIER58.V<23>
                         DSP_M_DATA58 (Prop_DSP_M_DATA58_V[23]_V_DATA[23])
                                                      0.177     3.222 f  gen_core[0].u_core/u_ofb_writer/u_sdp/p_0_out__4/DSP58C<0>_INST/DSP_M_DATA58_INST/V_DATA[23]
                         net (fo=1, unplaced)         0.000     3.222    gen_core[0].u_core/u_ofb_writer/u_sdp/p_0_out__4/DSP58C<0>_INST/DSP_M_DATA58.V_DATA<23>
                         DSP_ALUMUX (Prop_DSP_ALUMUX_V_DATA[23]_Y[23])
                                                      0.110     3.332 r  gen_core[0].u_core/u_ofb_writer/u_sdp/p_0_out__4/DSP58C<0>_INST/DSP_ALUMUX_INST/Y[23]
                         net (fo=1, unplaced)         0.000     3.332    gen_core[0].u_core/u_ofb_writer/u_sdp/p_0_out__4/DSP58C<0>_INST/DSP_ALUMUX.Y<23>
                         DSP_ALUADD (Prop_DSP_ALUADD_Y[23]_ALU_OUT[23])
                                                      0.490     3.822 f  gen_core[0].u_core/u_ofb_writer/u_sdp/p_0_out__4/DSP58C<0>_INST/DSP_ALUADD_INST/ALU_OUT[23]
                         net (fo=2, unplaced)         0.000     3.822    gen_core[0].u_core/u_ofb_writer/u_sdp/p_0_out__4/DSP58C<0>_INST/DSP_ALUADD.ALU_OUT<23>
                         DSP_OUTPUT58 (Prop_DSP_OUTPUT58_ALU_OUT[23]_P[23])
                                                      0.295     4.117 r  gen_core[0].u_core/u_ofb_writer/u_sdp/p_0_out__4/DSP58C<0>_INST/DSP_OUTPUT58_INST/P[23]
                         net (fo=2, unplaced)         0.239     4.356    gen_core[0].u_core/u_ofb_writer/u_sdp/prod_d_reg[1][63]_bret__31_i_1/I2
                         LUTCY2 (Prop_LUTCY2_I2_GE)
                                                      0.134     4.490 r  gen_core[0].u_core/u_ofb_writer/u_sdp/prod_d_reg[1][63]_bret__31_i_1/LUTCY2_INST/GE
                         net (fo=1, unplaced)         0.043     4.533    gen_core[0].u_core/u_ofb_writer/u_sdp/prod_d_reg[1][63]_bret__31_i_1_n_0
                         LOOKAHEAD8 (Prop_LOOKAHEAD8_GEA_COUTH)
                                                      0.350     4.883 r  gen_core[0].u_core/u_ofb_writer/u_sdp/prod_d_reg[1][63]_bret__15_i_3/COUTH
                         net (fo=3, unplaced)         0.002     4.885    gen_core[0].u_core/u_ofb_writer/u_sdp/prod_d_reg[1][63]_bret__15_i_3_n_3
                         LOOKAHEAD8 (Prop_LOOKAHEAD8_CIN_COUTF)
                                                      0.078     4.963 r  gen_core[0].u_core/u_ofb_writer/u_sdp/prod_d_reg[1][63]_bret_i_3/COUTF
                         net (fo=2, unplaced)         0.013     4.976    gen_core[0].u_core/u_ofb_writer/u_sdp/prod_d_reg[1][63]_bret__3_i_1/I4
                         LUTCY2 (Prop_LUTCY2_I4_O)    0.068     5.044 r  gen_core[0].u_core/u_ofb_writer/u_sdp/prod_d_reg[1][63]_bret__3_i_1/LUTCY2_INST/O
                         net (fo=3, unplaced)         0.021     5.065    gen_core[0].u_core/u_ofb_writer/u_sdp/prod_d_reg[1][63]_bret__5_i_1/I4
                         LUTCY1 (Prop_LUTCY1_I4_O)    0.076     5.141 r  gen_core[0].u_core/u_ofb_writer/u_sdp/prod_d_reg[1][63]_bret__5_i_1/LUTCY1_INST/O
                         net (fo=1, unplaced)         0.054     5.195    gen_core[0].u_core/u_ofb_writer/u_sdp/prod_d_reg[1][63]_bret__5_i_1_n_1
                         FDRE                                         r  gen_core[0].u_core/u_ofb_writer/u_sdp/prod_d_reg[1][63]_bret__5/D
  -------------------------------------------------------------------    -------------------

                         (clock clk rise edge)       10.000    10.000 r  
                                                      0.000    10.000 r  clk (IN)
                         net (fo=58877, unset)        0.000    10.000    gen_core[0].u_core/u_ofb_writer/u_sdp/clk
                         FDRE                                         r  gen_core[0].u_core/u_ofb_writer/u_sdp/prod_d_reg[1][63]_bret__5/C
                         clock pessimism              0.000    10.000    
                         clock uncertainty           -0.300     9.700    
                         FDRE (Setup_FDRE_C_D)        0.009     9.709    gen_core[0].u_core/u_ofb_writer/u_sdp/prod_d_reg[1][63]_bret__5
  -------------------------------------------------------------------
                         required time                          9.709    
                         arrival time                          -5.195    
  -------------------------------------------------------------------
                         slack                                  4.514    

Slack (MET) :             4.514ns  (required time - arrival time)
  Source:                 gen_core[0].u_core/u_ofb_writer/pipe_psum_reg[64]/C
                            (rising edge-triggered cell FDRE clocked by clk  {rise@0.000ns fall@5.000ns period=10.000ns})
  Destination:            gen_core[0].u_core/u_ofb_writer/u_sdp/prod_d_reg[2][63]_bret__5/D
                            (rising edge-triggered cell FDRE clocked by clk  {rise@0.000ns fall@5.000ns period=10.000ns})
  Path Group:             clk
  Path Type:              Setup (Max at Slow Process Corner)
  Requirement:            10.000ns  (clk rise@10.000ns - clk rise@0.000ns)
  Data Path Delay:        5.195ns  (logic 4.125ns (79.403%)  route 1.070ns (20.597%))
  Logic Levels:           19  (DSP_A_B_DATA58=1 DSP_ALUADD=1 DSP_ALUMUX=1 DSP_M_DATA58=1 DSP_MULTIPLIER58=1 DSP_OUTPUT58=1 DSP_PREADD_DATA58=1 LOOKAHEAD8=6 LUTCY1=2 LUTCY2=4)
  Clock Uncertainty:      0.300ns  (CJ)/2 + PE + PJ
    Clock Jitter             (CJ):    0.600ns
    Phase Error              (PE):    0.000ns
    Phase Jitter             (PJ):    0.000ns

    Location             Delay type                Incr(ns)  Path(ns)    Netlist Resource(s)
  -------------------------------------------------------------------    -------------------
                         (clock clk rise edge)        0.000     0.000 r  
                                                      0.000     0.000 r  clk (IN)
                         net (fo=58877, unset)        0.000     0.000    gen_core[0].u_core/u_ofb_writer/clk
                         FDRE                                         r  gen_core[0].u_core/u_ofb_writer/pipe_psum_reg[64]/C
  -------------------------------------------------------------------    -------------------
                         FDRE (Prop_FDRE_C_Q)         0.109     0.109 r  gen_core[0].u_core/u_ofb_writer/pipe_psum_reg[64]/Q
                         net (fo=2, unplaced)         0.265     0.374    gen_core[0].u_core/u_ofb_writer/u_sdp/p_0_out__9_i_23/I2
                         LUTCY2 (Prop_LUTCY2_I2_GE)
                                                      0.134     0.508 r  gen_core[0].u_core/u_ofb_writer/u_sdp/p_0_out__9_i_23/LUTCY2_INST/GE
                         net (fo=1, unplaced)         0.043     0.551    gen_core[0].u_core/u_ofb_writer/u_sdp_n_13
                         LOOKAHEAD8 (Prop_LOOKAHEAD8_GEA_COUTH)
                                                      0.350     0.901 r  gen_core[0].u_core/u_ofb_writer/p_0_out__9_i_25/COUTH
                         net (fo=3, unplaced)         0.002     0.903    gen_core[0].u_core/u_ofb_writer/p_0_out__9_i_25_n_3
                         LOOKAHEAD8 (Prop_LOOKAHEAD8_CIN_COUTH)
                                                      0.045     0.948 r  gen_core[0].u_core/u_ofb_writer/p_0_out__9_i_24/COUTH
                         net (fo=3, unplaced)         0.002     0.950    gen_core[0].u_core/u_ofb_writer/p_0_out__9_i_24_n_3
                         LOOKAHEAD8 (Prop_LOOKAHEAD8_CIN_COUTH)
                                                      0.045     0.995 r  gen_core[0].u_core/u_ofb_writer/p_0_out__8_i_12/COUTH
                         net (fo=3, unplaced)         0.002     0.997    gen_core[0].u_core/u_ofb_writer/p_0_out__8_i_12_n_3
                         LOOKAHEAD8 (Prop_LOOKAHEAD8_CIN_COUTF)
                                                      0.078     1.075 r  gen_core[0].u_core/u_ofb_writer/p_0_out__8_i_11/COUTF
                         net (fo=2, unplaced)         0.013     1.088    gen_core[0].u_core/u_ofb_writer/p_0_out__8_i_3/I4
                         LUTCY2 (Prop_LUTCY2_I4_O)    0.068     1.156 r  gen_core[0].u_core/u_ofb_writer/p_0_out__8_i_3/LUTCY2_INST/O
                         net (fo=3, unplaced)         0.021     1.177    gen_core[0].u_core/u_ofb_writer/p_0_out__8_i_2/I4
                         LUTCY1 (Prop_LUTCY1_I4_O)    0.076     1.253 f  gen_core[0].u_core/u_ofb_writer/p_0_out__8_i_2/LUTCY1_INST/O
                         net (fo=1, unplaced)         0.350     1.603    gen_core[0].u_core/u_ofb_writer/u_sdp/p_0_out__8/DSP58C<0>_INST/B[8]
                         DSP_A_B_DATA58 (Prop_DSP_A_B_DATA58_B[8]_B2_DATA[8])
                                                      0.622     2.225 r  gen_core[0].u_core/u_ofb_writer/u_sdp/p_0_out__8/DSP58C<0>_INST/DSP_A_B_DATA58_INST/B2_DATA[8]
                         net (fo=1, unplaced)         0.000     2.225    gen_core[0].u_core/u_ofb_writer/u_sdp/p_0_out__8/DSP58C<0>_INST/DSP_A_B_DATA58.B2_DATA<8>
                         DSP_PREADD_DATA58 (Prop_DSP_PREADD_DATA58_B2_DATA[8]_B2B1[8])
                                                      0.113     2.338 r  gen_core[0].u_core/u_ofb_writer/u_sdp/p_0_out__8/DSP58C<0>_INST/DSP_PREADD_DATA58_INST/B2B1[8]
                         net (fo=1, unplaced)         0.000     2.338    gen_core[0].u_core/u_ofb_writer/u_sdp/p_0_out__8/DSP58C<0>_INST/DSP_PREADD_DATA58.B2B1<8>
                         DSP_MULTIPLIER58 (Prop_DSP_MULTIPLIER58_B2B1[8]_V[23])
                                                      0.707     3.045 r  gen_core[0].u_core/u_ofb_writer/u_sdp/p_0_out__8/DSP58C<0>_INST/DSP_MULTIPLIER58_INST/V[23]
                         net (fo=1, unplaced)         0.000     3.045    gen_core[0].u_core/u_ofb_writer/u_sdp/p_0_out__8/DSP58C<0>_INST/DSP_MULTIPLIER58.V<23>
                         DSP_M_DATA58 (Prop_DSP_M_DATA58_V[23]_V_DATA[23])
                                                      0.177     3.222 f  gen_core[0].u_core/u_ofb_writer/u_sdp/p_0_out__8/DSP58C<0>_INST/DSP_M_DATA58_INST/V_DATA[23]
                         net (fo=1, unplaced)         0.000     3.222    gen_core[0].u_core/u_ofb_writer/u_sdp/p_0_out__8/DSP58C<0>_INST/DSP_M_DATA58.V_DATA<23>
                         DSP_ALUMUX (Prop_DSP_ALUMUX_V_DATA[23]_Y[23])
                                                      0.110     3.332 r  gen_core[0].u_core/u_ofb_writer/u_sdp/p_0_out__8/DSP58C<0>_INST/DSP_ALUMUX_INST/Y[23]
                         net (fo=1, unplaced)         0.000     3.332    gen_core[0].u_core/u_ofb_writer/u_sdp/p_0_out__8/DSP58C<0>_INST/DSP_ALUMUX.Y<23>
                         DSP_ALUADD (Prop_DSP_ALUADD_Y[23]_ALU_OUT[23])
                                                      0.490     3.822 f  gen_core[0].u_core/u_ofb_writer/u_sdp/p_0_out__8/DSP58C<0>_INST/DSP_ALUADD_INST/ALU_OUT[23]
                         net (fo=2, unplaced)         0.000     3.822    gen_core[0].u_core/u_ofb_writer/u_sdp/p_0_out__8/DSP58C<0>_INST/DSP_ALUADD.ALU_OUT<23>
                         DSP_OUTPUT58 (Prop_DSP_OUTPUT58_ALU_OUT[23]_P[23])
                                                      0.295     4.117 r  gen_core[0].u_core/u_ofb_writer/u_sdp/p_0_out__8/DSP58C<0>_INST/DSP_OUTPUT58_INST/P[23]
                         net (fo=2, unplaced)         0.239     4.356    gen_core[0].u_core/u_ofb_writer/u_sdp/prod_d_reg[2][63]_bret__31_i_1/I2
                         LUTCY2 (Prop_LUTCY2_I2_GE)
                                                      0.134     4.490 r  gen_core[0].u_core/u_ofb_writer/u_sdp/prod_d_reg[2][63]_bret__31_i_1/LUTCY2_INST/GE
                         net (fo=1, unplaced)         0.043     4.533    gen_core[0].u_core/u_ofb_writer/u_sdp/prod_d_reg[2][63]_bret__31_i_1_n_0
                         LOOKAHEAD8 (Prop_LOOKAHEAD8_GEA_COUTH)
                                                      0.350     4.883 r  gen_core[0].u_core/u_ofb_writer/u_sdp/prod_d_reg[2][63]_bret__15_i_3/COUTH
                         net (fo=3, unplaced)         0.002     4.885    gen_core[0].u_core/u_ofb_writer/u_sdp/prod_d_reg[2][63]_bret__15_i_3_n_3
                         LOOKAHEAD8 (Prop_LOOKAHEAD8_CIN_COUTF)
                                                      0.078     4.963 r  gen_core[0].u_core/u_ofb_writer/u_sdp/prod_d_reg[2][63]_bret_i_3/COUTF
                         net (fo=2, unplaced)         0.013     4.976    gen_core[0].u_core/u_ofb_writer/u_sdp/prod_d_reg[2][63]_bret__3_i_1/I4
                         LUTCY2 (Prop_LUTCY2_I4_O)    0.068     5.044 r  gen_core[0].u_core/u_ofb_writer/u_sdp/prod_d_reg[2][63]_bret__3_i_1/LUTCY2_INST/O
                         net (fo=3, unplaced)         0.021     5.065    gen_core[0].u_core/u_ofb_writer/u_sdp/prod_d_reg[2][63]_bret__5_i_1/I4
                         LUTCY1 (Prop_LUTCY1_I4_O)    0.076     5.141 r  gen_core[0].u_core/u_ofb_writer/u_sdp/prod_d_reg[2][63]_bret__5_i_1/LUTCY1_INST/O
                         net (fo=1, unplaced)         0.054     5.195    gen_core[0].u_core/u_ofb_writer/u_sdp/prod_d_reg[2][63]_bret__5_i_1_n_1
                         FDRE                                         r  gen_core[0].u_core/u_ofb_writer/u_sdp/prod_d_reg[2][63]_bret__5/D
  -------------------------------------------------------------------    -------------------

                         (clock clk rise edge)       10.000    10.000 r  
                                                      0.000    10.000 r  clk (IN)
                         net (fo=58877, unset)        0.000    10.000    gen_core[0].u_core/u_ofb_writer/u_sdp/clk
                         FDRE                                         r  gen_core[0].u_core/u_ofb_writer/u_sdp/prod_d_reg[2][63]_bret__5/C
                         clock pessimism              0.000    10.000    
                         clock uncertainty           -0.300     9.700    
                         FDRE (Setup_FDRE_C_D)        0.009     9.709    gen_core[0].u_core/u_ofb_writer/u_sdp/prod_d_reg[2][63]_bret__5
  -------------------------------------------------------------------
                         required time                          9.709    
                         arrival time                          -5.195    
  -------------------------------------------------------------------
                         slack                                  4.514    

Slack (MET) :             4.514ns  (required time - arrival time)
  Source:                 gen_core[0].u_core/u_ofb_writer/pipe_psum_reg[96]/C
                            (rising edge-triggered cell FDRE clocked by clk  {rise@0.000ns fall@5.000ns period=10.000ns})
  Destination:            gen_core[0].u_core/u_ofb_writer/u_sdp/prod_d_reg[3][63]_bret__5/D
                            (rising edge-triggered cell FDRE clocked by clk  {rise@0.000ns fall@5.000ns period=10.000ns})
  Path Group:             clk
  Path Type:              Setup (Max at Slow Process Corner)
  Requirement:            10.000ns  (clk rise@10.000ns - clk rise@0.000ns)
  Data Path Delay:        5.195ns  (logic 4.125ns (79.403%)  route 1.070ns (20.597%))
  Logic Levels:           19  (DSP_A_B_DATA58=1 DSP_ALUADD=1 DSP_ALUMUX=1 DSP_M_DATA58=1 DSP_MULTIPLIER58=1 DSP_OUTPUT58=1 DSP_PREADD_DATA58=1 LOOKAHEAD8=6 LUTCY1=2 LUTCY2=4)
  Clock Uncertainty:      0.300ns  (CJ)/2 + PE + PJ
    Clock Jitter             (CJ):    0.600ns
    Phase Error              (PE):    0.000ns
    Phase Jitter             (PJ):    0.000ns

    Location             Delay type                Incr(ns)  Path(ns)    Netlist Resource(s)
  -------------------------------------------------------------------    -------------------
                         (clock clk rise edge)        0.000     0.000 r  
                                                      0.000     0.000 r  clk (IN)
                         net (fo=58877, unset)        0.000     0.000    gen_core[0].u_core/u_ofb_writer/clk
                         FDRE                                         r  gen_core[0].u_core/u_ofb_writer/pipe_psum_reg[96]/C
  -------------------------------------------------------------------    -------------------
                         FDRE (Prop_FDRE_C_Q)         0.109     0.109 r  gen_core[0].u_core/u_ofb_writer/pipe_psum_reg[96]/Q
                         net (fo=2, unplaced)         0.265     0.374    gen_core[0].u_core/u_ofb_writer/u_sdp/p_0_out__13_i_23/I2
                         LUTCY2 (Prop_LUTCY2_I2_GE)
                                                      0.134     0.508 r  gen_core[0].u_core/u_ofb_writer/u_sdp/p_0_out__13_i_23/LUTCY2_INST/GE
                         net (fo=1, unplaced)         0.043     0.551    gen_core[0].u_core/u_ofb_writer/u_sdp_n_19
                         LOOKAHEAD8 (Prop_LOOKAHEAD8_GEA_COUTH)
                                                      0.350     0.901 r  gen_core[0].u_core/u_ofb_writer/p_0_out__13_i_25/COUTH
                         net (fo=3, unplaced)         0.002     0.903    gen_core[0].u_core/u_ofb_writer/p_0_out__13_i_25_n_3
                         LOOKAHEAD8 (Prop_LOOKAHEAD8_CIN_COUTH)
                                                      0.045     0.948 r  gen_core[0].u_core/u_ofb_writer/p_0_out__13_i_24/COUTH
                         net (fo=3, unplaced)         0.002     0.950    gen_core[0].u_core/u_ofb_writer/p_0_out__13_i_24_n_3
                         LOOKAHEAD8 (Prop_LOOKAHEAD8_CIN_COUTH)
                                                      0.045     0.995 r  gen_core[0].u_core/u_ofb_writer/p_0_out__12_i_12/COUTH
                         net (fo=3, unplaced)         0.002     0.997    gen_core[0].u_core/u_ofb_writer/p_0_out__12_i_12_n_3
                         LOOKAHEAD8 (Prop_LOOKAHEAD8_CIN_COUTF)
                                                      0.078     1.075 r  gen_core[0].u_core/u_ofb_writer/p_0_out__12_i_11/COUTF
                         net (fo=2, unplaced)         0.013     1.088    gen_core[0].u_core/u_ofb_writer/p_0_out__12_i_3/I4
                         LUTCY2 (Prop_LUTCY2_I4_O)    0.068     1.156 r  gen_core[0].u_core/u_ofb_writer/p_0_out__12_i_3/LUTCY2_INST/O
                         net (fo=3, unplaced)         0.021     1.177    gen_core[0].u_core/u_ofb_writer/p_0_out__12_i_2/I4
                         LUTCY1 (Prop_LUTCY1_I4_O)    0.076     1.253 f  gen_core[0].u_core/u_ofb_writer/p_0_out__12_i_2/LUTCY1_INST/O
                         net (fo=1, unplaced)         0.350     1.603    gen_core[0].u_core/u_ofb_writer/u_sdp/p_0_out__12/DSP58C<0>_INST/B[8]
                         DSP_A_B_DATA58 (Prop_DSP_A_B_DATA58_B[8]_B2_DATA[8])
                                                      0.622     2.225 r  gen_core[0].u_core/u_ofb_writer/u_sdp/p_0_out__12/DSP58C<0>_INST/DSP_A_B_DATA58_INST/B2_DATA[8]
                         net (fo=1, unplaced)         0.000     2.225    gen_core[0].u_core/u_ofb_writer/u_sdp/p_0_out__12/DSP58C<0>_INST/DSP_A_B_DATA58.B2_DATA<8>
                         DSP_PREADD_DATA58 (Prop_DSP_PREADD_DATA58_B2_DATA[8]_B2B1[8])
                                                      0.113     2.338 r  gen_core[0].u_core/u_ofb_writer/u_sdp/p_0_out__12/DSP58C<0>_INST/DSP_PREADD_DATA58_INST/B2B1[8]
                         net (fo=1, unplaced)         0.000     2.338    gen_core[0].u_core/u_ofb_writer/u_sdp/p_0_out__12/DSP58C<0>_INST/DSP_PREADD_DATA58.B2B1<8>
                         DSP_MULTIPLIER58 (Prop_DSP_MULTIPLIER58_B2B1[8]_V[23])
                                                      0.707     3.045 r  gen_core[0].u_core/u_ofb_writer/u_sdp/p_0_out__12/DSP58C<0>_INST/DSP_MULTIPLIER58_INST/V[23]
                         net (fo=1, unplaced)         0.000     3.045    gen_core[0].u_core/u_ofb_writer/u_sdp/p_0_out__12/DSP58C<0>_INST/DSP_MULTIPLIER58.V<23>
                         DSP_M_DATA58 (Prop_DSP_M_DATA58_V[23]_V_DATA[23])
                                                      0.177     3.222 f  gen_core[0].u_core/u_ofb_writer/u_sdp/p_0_out__12/DSP58C<0>_INST/DSP_M_DATA58_INST/V_DATA[23]
                         net (fo=1, unplaced)         0.000     3.222    gen_core[0].u_core/u_ofb_writer/u_sdp/p_0_out__12/DSP58C<0>_INST/DSP_M_DATA58.V_DATA<23>
                         DSP_ALUMUX (Prop_DSP_ALUMUX_V_DATA[23]_Y[23])
                                                      0.110     3.332 r  gen_core[0].u_core/u_ofb_writer/u_sdp/p_0_out__12/DSP58C<0>_INST/DSP_ALUMUX_INST/Y[23]
                         net (fo=1, unplaced)         0.000     3.332    gen_core[0].u_core/u_ofb_writer/u_sdp/p_0_out__12/DSP58C<0>_INST/DSP_ALUMUX.Y<23>
                         DSP_ALUADD (Prop_DSP_ALUADD_Y[23]_ALU_OUT[23])
                                                      0.490     3.822 f  gen_core[0].u_core/u_ofb_writer/u_sdp/p_0_out__12/DSP58C<0>_INST/DSP_ALUADD_INST/ALU_OUT[23]
                         net (fo=2, unplaced)         0.000     3.822    gen_core[0].u_core/u_ofb_writer/u_sdp/p_0_out__12/DSP58C<0>_INST/DSP_ALUADD.ALU_OUT<23>
                         DSP_OUTPUT58 (Prop_DSP_OUTPUT58_ALU_OUT[23]_P[23])
                                                      0.295     4.117 r  gen_core[0].u_core/u_ofb_writer/u_sdp/p_0_out__12/DSP58C<0>_INST/DSP_OUTPUT58_INST/P[23]
                         net (fo=2, unplaced)         0.239     4.356    gen_core[0].u_core/u_ofb_writer/u_sdp/prod_d_reg[3][63]_bret__31_i_1/I2
                         LUTCY2 (Prop_LUTCY2_I2_GE)
                                                      0.134     4.490 r  gen_core[0].u_core/u_ofb_writer/u_sdp/prod_d_reg[3][63]_bret__31_i_1/LUTCY2_INST/GE
                         net (fo=1, unplaced)         0.043     4.533    gen_core[0].u_core/u_ofb_writer/u_sdp/prod_d_reg[3][63]_bret__31_i_1_n_0
                         LOOKAHEAD8 (Prop_LOOKAHEAD8_GEA_COUTH)
                                                      0.350     4.883 r  gen_core[0].u_core/u_ofb_writer/u_sdp/prod_d_reg[3][63]_bret__15_i_3/COUTH
                         net (fo=3, unplaced)         0.002     4.885    gen_core[0].u_core/u_ofb_writer/u_sdp/prod_d_reg[3][63]_bret__15_i_3_n_3
                         LOOKAHEAD8 (Prop_LOOKAHEAD8_CIN_COUTF)
                                                      0.078     4.963 r  gen_core[0].u_core/u_ofb_writer/u_sdp/prod_d_reg[3][63]_bret_i_3/COUTF
                         net (fo=2, unplaced)         0.013     4.976    gen_core[0].u_core/u_ofb_writer/u_sdp/prod_d_reg[3][63]_bret__3_i_1/I4
                         LUTCY2 (Prop_LUTCY2_I4_O)    0.068     5.044 r  gen_core[0].u_core/u_ofb_writer/u_sdp/prod_d_reg[3][63]_bret__3_i_1/LUTCY2_INST/O
                         net (fo=3, unplaced)         0.021     5.065    gen_core[0].u_core/u_ofb_writer/u_sdp/prod_d_reg[3][63]_bret__5_i_1/I4
                         LUTCY1 (Prop_LUTCY1_I4_O)    0.076     5.141 r  gen_core[0].u_core/u_ofb_writer/u_sdp/prod_d_reg[3][63]_bret__5_i_1/LUTCY1_INST/O
                         net (fo=1, unplaced)         0.054     5.195    gen_core[0].u_core/u_ofb_writer/u_sdp/prod_d_reg[3][63]_bret__5_i_1_n_1
                         FDRE                                         r  gen_core[0].u_core/u_ofb_writer/u_sdp/prod_d_reg[3][63]_bret__5/D
  -------------------------------------------------------------------    -------------------

                         (clock clk rise edge)       10.000    10.000 r  
                                                      0.000    10.000 r  clk (IN)
                         net (fo=58877, unset)        0.000    10.000    gen_core[0].u_core/u_ofb_writer/u_sdp/clk
                         FDRE                                         r  gen_core[0].u_core/u_ofb_writer/u_sdp/prod_d_reg[3][63]_bret__5/C
                         clock pessimism              0.000    10.000    
                         clock uncertainty           -0.300     9.700    
                         FDRE (Setup_FDRE_C_D)        0.009     9.709    gen_core[0].u_core/u_ofb_writer/u_sdp/prod_d_reg[3][63]_bret__5
  -------------------------------------------------------------------
                         required time                          9.709    
                         arrival time                          -5.195    
  -------------------------------------------------------------------
                         slack                                  4.514    





Min Delay Paths
--------------------------------------------------------------------------------------
Slack (MET) :             0.062ns  (arrival time - required time)
  Source:                 gen_core[0].u_core/u_mm2s_arb/data_wr_reg[0]/C
                            (rising edge-triggered cell FDRE clocked by clk  {rise@0.000ns fall@5.000ns period=10.000ns})
  Destination:            gen_core[0].u_core/u_mm2s_arb/data_mem_reg_0_7_0_0/DP/WADR0
                            (rising edge-triggered cell RAMD32 clocked by clk  {rise@0.000ns fall@5.000ns period=10.000ns})
  Path Group:             clk
  Path Type:              Hold (Min at Fast Process Corner)
  Requirement:            0.000ns  (clk rise@0.000ns - clk rise@0.000ns)
  Data Path Delay:        0.162ns  (logic 0.057ns (35.185%)  route 0.105ns (64.815%))
  Logic Levels:           0  

    Location             Delay type                Incr(ns)  Path(ns)    Netlist Resource(s)
  -------------------------------------------------------------------    -------------------
                         (clock clk rise edge)        0.000     0.000 r  
                                                      0.000     0.000 r  clk (IN)
                         net (fo=58877, unset)        0.000     0.000    gen_core[0].u_core/u_mm2s_arb/clk
                         FDRE                                         r  gen_core[0].u_core/u_mm2s_arb/data_wr_reg[0]/C
  -------------------------------------------------------------------    -------------------
                         FDRE (Prop_FDRE_C_Q)         0.057     0.057 r  gen_core[0].u_core/u_mm2s_arb/data_wr_reg[0]/Q
                         net (fo=9, unplaced)         0.105     0.162    gen_core[0].u_core/u_mm2s_arb/data_mem_reg_0_7_0_0/A0
                         RAMD32                                       r  gen_core[0].u_core/u_mm2s_arb/data_mem_reg_0_7_0_0/DP/WADR0
  -------------------------------------------------------------------    -------------------

                         (clock clk rise edge)        0.000     0.000 r  
                                                      0.000     0.000 r  clk (IN)
                         net (fo=58877, unset)        0.000     0.000    gen_core[0].u_core/u_mm2s_arb/data_mem_reg_0_7_0_0/WCLK
                         RAMD32                                       r  gen_core[0].u_core/u_mm2s_arb/data_mem_reg_0_7_0_0/DP/CLK
                         clock pessimism              0.000     0.000    
                         RAMD32 (Hold_RAMD32_CLK_WADR0)
                                                      0.100     0.100    gen_core[0].u_core/u_mm2s_arb/data_mem_reg_0_7_0_0/DP
  -------------------------------------------------------------------
                         required time                         -0.100    
                         arrival time                           0.162    
  -------------------------------------------------------------------
                         slack                                  0.062    

Slack (MET) :             0.062ns  (arrival time - required time)
  Source:                 gen_core[0].u_core/u_mm2s_arb/data_wr_reg[0]/C
                            (rising edge-triggered cell FDRE clocked by clk  {rise@0.000ns fall@5.000ns period=10.000ns})
  Destination:            gen_core[0].u_core/u_mm2s_arb/data_mem_reg_0_7_0_0/SP/WADR0
                            (rising edge-triggered cell RAMD32 clocked by clk  {rise@0.000ns fall@5.000ns period=10.000ns})
  Path Group:             clk
  Path Type:              Hold (Min at Fast Process Corner)
  Requirement:            0.000ns  (clk rise@0.000ns - clk rise@0.000ns)
  Data Path Delay:        0.162ns  (logic 0.057ns (35.185%)  route 0.105ns (64.815%))
  Logic Levels:           0  

    Location             Delay type                Incr(ns)  Path(ns)    Netlist Resource(s)
  -------------------------------------------------------------------    -------------------
                         (clock clk rise edge)        0.000     0.000 r  
                                                      0.000     0.000 r  clk (IN)
                         net (fo=58877, unset)        0.000     0.000    gen_core[0].u_core/u_mm2s_arb/clk
                         FDRE                                         r  gen_core[0].u_core/u_mm2s_arb/data_wr_reg[0]/C
  -------------------------------------------------------------------    -------------------
                         FDRE (Prop_FDRE_C_Q)         0.057     0.057 r  gen_core[0].u_core/u_mm2s_arb/data_wr_reg[0]/Q
                         net (fo=9, unplaced)         0.105     0.162    gen_core[0].u_core/u_mm2s_arb/data_mem_reg_0_7_0_0/A0
                         RAMD32                                       r  gen_core[0].u_core/u_mm2s_arb/data_mem_reg_0_7_0_0/SP/WADR0
  -------------------------------------------------------------------    -------------------

                         (clock clk rise edge)        0.000     0.000 r  
                                                      0.000     0.000 r  clk (IN)
                         net (fo=58877, unset)        0.000     0.000    gen_core[0].u_core/u_mm2s_arb/data_mem_reg_0_7_0_0/WCLK
                         RAMD32                                       r  gen_core[0].u_core/u_mm2s_arb/data_mem_reg_0_7_0_0/SP/CLK
                         clock pessimism              0.000     0.000    
                         RAMD32 (Hold_RAMD32_CLK_WADR0)
                                                      0.100     0.100    gen_core[0].u_core/u_mm2s_arb/data_mem_reg_0_7_0_0/SP
  -------------------------------------------------------------------
                         required time                         -0.100    
                         arrival time                           0.162    
  -------------------------------------------------------------------
                         slack                                  0.062    

Slack (MET) :             0.062ns  (arrival time - required time)
  Source:                 gen_core[0].u_core/u_mm2s_arb/data_wr_reg[0]/C
                            (rising edge-triggered cell FDRE clocked by clk  {rise@0.000ns fall@5.000ns period=10.000ns})
  Destination:            gen_core[0].u_core/u_mm2s_arb/data_mem_reg_0_7_1_1/DP/WADR0
                            (rising edge-triggered cell RAMD32 clocked by clk  {rise@0.000ns fall@5.000ns period=10.000ns})
  Path Group:             clk
  Path Type:              Hold (Min at Fast Process Corner)
  Requirement:            0.000ns  (clk rise@0.000ns - clk rise@0.000ns)
  Data Path Delay:        0.162ns  (logic 0.057ns (35.185%)  route 0.105ns (64.815%))
  Logic Levels:           0  

    Location             Delay type                Incr(ns)  Path(ns)    Netlist Resource(s)
  -------------------------------------------------------------------    -------------------
                         (clock clk rise edge)        0.000     0.000 r  
                                                      0.000     0.000 r  clk (IN)
                         net (fo=58877, unset)        0.000     0.000    gen_core[0].u_core/u_mm2s_arb/clk
                         FDRE                                         r  gen_core[0].u_core/u_mm2s_arb/data_wr_reg[0]/C
  -------------------------------------------------------------------    -------------------
                         FDRE (Prop_FDRE_C_Q)         0.057     0.057 r  gen_core[0].u_core/u_mm2s_arb/data_wr_reg[0]/Q
                         net (fo=9, unplaced)         0.105     0.162    gen_core[0].u_core/u_mm2s_arb/data_mem_reg_0_7_1_1/A0
                         RAMD32                                       r  gen_core[0].u_core/u_mm2s_arb/data_mem_reg_0_7_1_1/DP/WADR0
  -------------------------------------------------------------------    -------------------

                         (clock clk rise edge)        0.000     0.000 r  
                                                      0.000     0.000 r  clk (IN)
                         net (fo=58877, unset)        0.000     0.000    gen_core[0].u_core/u_mm2s_arb/data_mem_reg_0_7_1_1/WCLK
                         RAMD32                                       r  gen_core[0].u_core/u_mm2s_arb/data_mem_reg_0_7_1_1/DP/CLK
                         clock pessimism              0.000     0.000    
                         RAMD32 (Hold_RAMD32_CLK_WADR0)
                                                      0.100     0.100    gen_core[0].u_core/u_mm2s_arb/data_mem_reg_0_7_1_1/DP
  -------------------------------------------------------------------
                         required time                         -0.100    
                         arrival time                           0.162    
  -------------------------------------------------------------------
                         slack                                  0.062    

Slack (MET) :             0.062ns  (arrival time - required time)
  Source:                 gen_core[0].u_core/u_mm2s_arb/data_wr_reg[0]/C
                            (rising edge-triggered cell FDRE clocked by clk  {rise@0.000ns fall@5.000ns period=10.000ns})
  Destination:            gen_core[0].u_core/u_mm2s_arb/data_mem_reg_0_7_1_1/SP/WADR0
                            (rising edge-triggered cell RAMD32 clocked by clk  {rise@0.000ns fall@5.000ns period=10.000ns})
  Path Group:             clk
  Path Type:              Hold (Min at Fast Process Corner)
  Requirement:            0.000ns  (clk rise@0.000ns - clk rise@0.000ns)
  Data Path Delay:        0.162ns  (logic 0.057ns (35.185%)  route 0.105ns (64.815%))
  Logic Levels:           0  

    Location             Delay type                Incr(ns)  Path(ns)    Netlist Resource(s)
  -------------------------------------------------------------------    -------------------
                         (clock clk rise edge)        0.000     0.000 r  
                                                      0.000     0.000 r  clk (IN)
                         net (fo=58877, unset)        0.000     0.000    gen_core[0].u_core/u_mm2s_arb/clk
                         FDRE                                         r  gen_core[0].u_core/u_mm2s_arb/data_wr_reg[0]/C
  -------------------------------------------------------------------    -------------------
                         FDRE (Prop_FDRE_C_Q)         0.057     0.057 r  gen_core[0].u_core/u_mm2s_arb/data_wr_reg[0]/Q
                         net (fo=9, unplaced)         0.105     0.162    gen_core[0].u_core/u_mm2s_arb/data_mem_reg_0_7_1_1/A0
                         RAMD32                                       r  gen_core[0].u_core/u_mm2s_arb/data_mem_reg_0_7_1_1/SP/WADR0
  -------------------------------------------------------------------    -------------------

                         (clock clk rise edge)        0.000     0.000 r  
                                                      0.000     0.000 r  clk (IN)
                         net (fo=58877, unset)        0.000     0.000    gen_core[0].u_core/u_mm2s_arb/data_mem_reg_0_7_1_1/WCLK
                         RAMD32                                       r  gen_core[0].u_core/u_mm2s_arb/data_mem_reg_0_7_1_1/SP/CLK
                         clock pessimism              0.000     0.000    
                         RAMD32 (Hold_RAMD32_CLK_WADR0)
                                                      0.100     0.100    gen_core[0].u_core/u_mm2s_arb/data_mem_reg_0_7_1_1/SP
  -------------------------------------------------------------------
                         required time                         -0.100    
                         arrival time                           0.162    
  -------------------------------------------------------------------
                         slack                                  0.062    

Slack (MET) :             0.062ns  (arrival time - required time)
  Source:                 gen_core[0].u_core/u_mm2s_arb/sts_wr_reg[0]/C
                            (rising edge-triggered cell FDRE clocked by clk  {rise@0.000ns fall@5.000ns period=10.000ns})
  Destination:            gen_core[0].u_core/u_mm2s_arb/sts_mem_reg_0_7_0_0/DP/WADR0
                            (rising edge-triggered cell RAMD32 clocked by clk  {rise@0.000ns fall@5.000ns period=10.000ns})
  Path Group:             clk
  Path Type:              Hold (Min at Fast Process Corner)
  Requirement:            0.000ns  (clk rise@0.000ns - clk rise@0.000ns)
  Data Path Delay:        0.162ns  (logic 0.057ns (35.185%)  route 0.105ns (64.815%))
  Logic Levels:           0  

    Location             Delay type                Incr(ns)  Path(ns)    Netlist Resource(s)
  -------------------------------------------------------------------    -------------------
                         (clock clk rise edge)        0.000     0.000 r  
                                                      0.000     0.000 r  clk (IN)
                         net (fo=58877, unset)        0.000     0.000    gen_core[0].u_core/u_mm2s_arb/clk
                         FDRE                                         r  gen_core[0].u_core/u_mm2s_arb/sts_wr_reg[0]/C
  -------------------------------------------------------------------    -------------------
                         FDRE (Prop_FDRE_C_Q)         0.057     0.057 r  gen_core[0].u_core/u_mm2s_arb/sts_wr_reg[0]/Q
                         net (fo=9, unplaced)         0.105     0.162    gen_core[0].u_core/u_mm2s_arb/sts_mem_reg_0_7_0_0/A0
                         RAMD32                                       r  gen_core[0].u_core/u_mm2s_arb/sts_mem_reg_0_7_0_0/DP/WADR0
  -------------------------------------------------------------------    -------------------

                         (clock clk rise edge)        0.000     0.000 r  
                                                      0.000     0.000 r  clk (IN)
                         net (fo=58877, unset)        0.000     0.000    gen_core[0].u_core/u_mm2s_arb/sts_mem_reg_0_7_0_0/WCLK
                         RAMD32                                       r  gen_core[0].u_core/u_mm2s_arb/sts_mem_reg_0_7_0_0/DP/CLK
                         clock pessimism              0.000     0.000    
                         RAMD32 (Hold_RAMD32_CLK_WADR0)
                                                      0.100     0.100    gen_core[0].u_core/u_mm2s_arb/sts_mem_reg_0_7_0_0/DP
  -------------------------------------------------------------------
                         required time                         -0.100    
                         arrival time                           0.162    
  -------------------------------------------------------------------
                         slack                                  0.062    

Slack (MET) :             0.062ns  (arrival time - required time)
  Source:                 gen_core[0].u_core/u_mm2s_arb/sts_wr_reg[0]/C
                            (rising edge-triggered cell FDRE clocked by clk  {rise@0.000ns fall@5.000ns period=10.000ns})
  Destination:            gen_core[0].u_core/u_mm2s_arb/sts_mem_reg_0_7_0_0/SP/WADR0
                            (rising edge-triggered cell RAMD32 clocked by clk  {rise@0.000ns fall@5.000ns period=10.000ns})
  Path Group:             clk
  Path Type:              Hold (Min at Fast Process Corner)
  Requirement:            0.000ns  (clk rise@0.000ns - clk rise@0.000ns)
  Data Path Delay:        0.162ns  (logic 0.057ns (35.185%)  route 0.105ns (64.815%))
  Logic Levels:           0  

    Location             Delay type                Incr(ns)  Path(ns)    Netlist Resource(s)
  -------------------------------------------------------------------    -------------------
                         (clock clk rise edge)        0.000     0.000 r  
                                                      0.000     0.000 r  clk (IN)
                         net (fo=58877, unset)        0.000     0.000    gen_core[0].u_core/u_mm2s_arb/clk
                         FDRE                                         r  gen_core[0].u_core/u_mm2s_arb/sts_wr_reg[0]/C
  -------------------------------------------------------------------    -------------------
                         FDRE (Prop_FDRE_C_Q)         0.057     0.057 r  gen_core[0].u_core/u_mm2s_arb/sts_wr_reg[0]/Q
                         net (fo=9, unplaced)         0.105     0.162    gen_core[0].u_core/u_mm2s_arb/sts_mem_reg_0_7_0_0/A0
                         RAMD32                                       r  gen_core[0].u_core/u_mm2s_arb/sts_mem_reg_0_7_0_0/SP/WADR0
  -------------------------------------------------------------------    -------------------

                         (clock clk rise edge)        0.000     0.000 r  
                                                      0.000     0.000 r  clk (IN)
                         net (fo=58877, unset)        0.000     0.000    gen_core[0].u_core/u_mm2s_arb/sts_mem_reg_0_7_0_0/WCLK
                         RAMD32                                       r  gen_core[0].u_core/u_mm2s_arb/sts_mem_reg_0_7_0_0/SP/CLK
                         clock pessimism              0.000     0.000    
                         RAMD32 (Hold_RAMD32_CLK_WADR0)
                                                      0.100     0.100    gen_core[0].u_core/u_mm2s_arb/sts_mem_reg_0_7_0_0/SP
  -------------------------------------------------------------------
                         required time                         -0.100    
                         arrival time                           0.162    
  -------------------------------------------------------------------
                         slack                                  0.062    

Slack (MET) :             0.062ns  (arrival time - required time)
  Source:                 gen_core[0].u_core/u_mm2s_arb/sts_wr_reg[0]/C
                            (rising edge-triggered cell FDRE clocked by clk  {rise@0.000ns fall@5.000ns period=10.000ns})
  Destination:            gen_core[0].u_core/u_mm2s_arb/sts_mem_reg_0_7_1_1/DP/WADR0
                            (rising edge-triggered cell RAMD32 clocked by clk  {rise@0.000ns fall@5.000ns period=10.000ns})
  Path Group:             clk
  Path Type:              Hold (Min at Fast Process Corner)
  Requirement:            0.000ns  (clk rise@0.000ns - clk rise@0.000ns)
  Data Path Delay:        0.162ns  (logic 0.057ns (35.185%)  route 0.105ns (64.815%))
  Logic Levels:           0  

    Location             Delay type                Incr(ns)  Path(ns)    Netlist Resource(s)
  -------------------------------------------------------------------    -------------------
                         (clock clk rise edge)        0.000     0.000 r  
                                                      0.000     0.000 r  clk (IN)
                         net (fo=58877, unset)        0.000     0.000    gen_core[0].u_core/u_mm2s_arb/clk
                         FDRE                                         r  gen_core[0].u_core/u_mm2s_arb/sts_wr_reg[0]/C
  -------------------------------------------------------------------    -------------------
                         FDRE (Prop_FDRE_C_Q)         0.057     0.057 r  gen_core[0].u_core/u_mm2s_arb/sts_wr_reg[0]/Q
                         net (fo=9, unplaced)         0.105     0.162    gen_core[0].u_core/u_mm2s_arb/sts_mem_reg_0_7_1_1/A0
                         RAMD32                                       r  gen_core[0].u_core/u_mm2s_arb/sts_mem_reg_0_7_1_1/DP/WADR0
  -------------------------------------------------------------------    -------------------

                         (clock clk rise edge)        0.000     0.000 r  
                                                      0.000     0.000 r  clk (IN)
                         net (fo=58877, unset)        0.000     0.000    gen_core[0].u_core/u_mm2s_arb/sts_mem_reg_0_7_1_1/WCLK
                         RAMD32                                       r  gen_core[0].u_core/u_mm2s_arb/sts_mem_reg_0_7_1_1/DP/CLK
                         clock pessimism              0.000     0.000    
                         RAMD32 (Hold_RAMD32_CLK_WADR0)
                                                      0.100     0.100    gen_core[0].u_core/u_mm2s_arb/sts_mem_reg_0_7_1_1/DP
  -------------------------------------------------------------------
                         required time                         -0.100    
                         arrival time                           0.162    
  -------------------------------------------------------------------
                         slack                                  0.062    

Slack (MET) :             0.062ns  (arrival time - required time)
  Source:                 gen_core[0].u_core/u_mm2s_arb/sts_wr_reg[0]/C
                            (rising edge-triggered cell FDRE clocked by clk  {rise@0.000ns fall@5.000ns period=10.000ns})
  Destination:            gen_core[0].u_core/u_mm2s_arb/sts_mem_reg_0_7_1_1/SP/WADR0
                            (rising edge-triggered cell RAMD32 clocked by clk  {rise@0.000ns fall@5.000ns period=10.000ns})
  Path Group:             clk
  Path Type:              Hold (Min at Fast Process Corner)
  Requirement:            0.000ns  (clk rise@0.000ns - clk rise@0.000ns)
  Data Path Delay:        0.162ns  (logic 0.057ns (35.185%)  route 0.105ns (64.815%))
  Logic Levels:           0  

    Location             Delay type                Incr(ns)  Path(ns)    Netlist Resource(s)
  -------------------------------------------------------------------    -------------------
                         (clock clk rise edge)        0.000     0.000 r  
                                                      0.000     0.000 r  clk (IN)
                         net (fo=58877, unset)        0.000     0.000    gen_core[0].u_core/u_mm2s_arb/clk
                         FDRE                                         r  gen_core[0].u_core/u_mm2s_arb/sts_wr_reg[0]/C
  -------------------------------------------------------------------    -------------------
                         FDRE (Prop_FDRE_C_Q)         0.057     0.057 r  gen_core[0].u_core/u_mm2s_arb/sts_wr_reg[0]/Q
                         net (fo=9, unplaced)         0.105     0.162    gen_core[0].u_core/u_mm2s_arb/sts_mem_reg_0_7_1_1/A0
                         RAMD32                                       r  gen_core[0].u_core/u_mm2s_arb/sts_mem_reg_0_7_1_1/SP/WADR0
  -------------------------------------------------------------------    -------------------

                         (clock clk rise edge)        0.000     0.000 r  
                                                      0.000     0.000 r  clk (IN)
                         net (fo=58877, unset)        0.000     0.000    gen_core[0].u_core/u_mm2s_arb/sts_mem_reg_0_7_1_1/WCLK
                         RAMD32                                       r  gen_core[0].u_core/u_mm2s_arb/sts_mem_reg_0_7_1_1/SP/CLK
                         clock pessimism              0.000     0.000    
                         RAMD32 (Hold_RAMD32_CLK_WADR0)
                                                      0.100     0.100    gen_core[0].u_core/u_mm2s_arb/sts_mem_reg_0_7_1_1/SP
  -------------------------------------------------------------------
                         required time                         -0.100    
                         arrival time                           0.162    
  -------------------------------------------------------------------
                         slack                                  0.062    

Slack (MET) :             0.062ns  (arrival time - required time)
  Source:                 gen_core[1].u_core/u_mm2s_arb/data_wr_reg[0]/C
                            (rising edge-triggered cell FDRE clocked by clk  {rise@0.000ns fall@5.000ns period=10.000ns})
  Destination:            gen_core[1].u_core/u_mm2s_arb/data_mem_reg_0_7_0_0/DP/WADR0
                            (rising edge-triggered cell RAMD32 clocked by clk  {rise@0.000ns fall@5.000ns period=10.000ns})
  Path Group:             clk
  Path Type:              Hold (Min at Fast Process Corner)
  Requirement:            0.000ns  (clk rise@0.000ns - clk rise@0.000ns)
  Data Path Delay:        0.162ns  (logic 0.057ns (35.185%)  route 0.105ns (64.815%))
  Logic Levels:           0  

    Location             Delay type                Incr(ns)  Path(ns)    Netlist Resource(s)
  -------------------------------------------------------------------    -------------------
                         (clock clk rise edge)        0.000     0.000 r  
                                                      0.000     0.000 r  clk (IN)
                         net (fo=58877, unset)        0.000     0.000    gen_core[1].u_core/u_mm2s_arb/clk
                         FDRE                                         r  gen_core[1].u_core/u_mm2s_arb/data_wr_reg[0]/C
  -------------------------------------------------------------------    -------------------
                         FDRE (Prop_FDRE_C_Q)         0.057     0.057 r  gen_core[1].u_core/u_mm2s_arb/data_wr_reg[0]/Q
                         net (fo=9, unplaced)         0.105     0.162    gen_core[1].u_core/u_mm2s_arb/data_mem_reg_0_7_0_0/A0
                         RAMD32                                       r  gen_core[1].u_core/u_mm2s_arb/data_mem_reg_0_7_0_0/DP/WADR0
  -------------------------------------------------------------------    -------------------

                         (clock clk rise edge)        0.000     0.000 r  
                                                      0.000     0.000 r  clk (IN)
                         net (fo=58877, unset)        0.000     0.000    gen_core[1].u_core/u_mm2s_arb/data_mem_reg_0_7_0_0/WCLK
                         RAMD32                                       r  gen_core[1].u_core/u_mm2s_arb/data_mem_reg_0_7_0_0/DP/CLK
                         clock pessimism              0.000     0.000    
                         RAMD32 (Hold_RAMD32_CLK_WADR0)
                                                      0.100     0.100    gen_core[1].u_core/u_mm2s_arb/data_mem_reg_0_7_0_0/DP
  -------------------------------------------------------------------
                         required time                         -0.100    
                         arrival time                           0.162    
  -------------------------------------------------------------------
                         slack                                  0.062    

Slack (MET) :             0.062ns  (arrival time - required time)
  Source:                 gen_core[1].u_core/u_mm2s_arb/data_wr_reg[0]/C
                            (rising edge-triggered cell FDRE clocked by clk  {rise@0.000ns fall@5.000ns period=10.000ns})
  Destination:            gen_core[1].u_core/u_mm2s_arb/data_mem_reg_0_7_0_0/SP/WADR0
                            (rising edge-triggered cell RAMD32 clocked by clk  {rise@0.000ns fall@5.000ns period=10.000ns})
  Path Group:             clk
  Path Type:              Hold (Min at Fast Process Corner)
  Requirement:            0.000ns  (clk rise@0.000ns - clk rise@0.000ns)
  Data Path Delay:        0.162ns  (logic 0.057ns (35.185%)  route 0.105ns (64.815%))
  Logic Levels:           0  

    Location             Delay type                Incr(ns)  Path(ns)    Netlist Resource(s)
  -------------------------------------------------------------------    -------------------
                         (clock clk rise edge)        0.000     0.000 r  
                                                      0.000     0.000 r  clk (IN)
                         net (fo=58877, unset)        0.000     0.000    gen_core[1].u_core/u_mm2s_arb/clk
                         FDRE                                         r  gen_core[1].u_core/u_mm2s_arb/data_wr_reg[0]/C
  -------------------------------------------------------------------    -------------------
                         FDRE (Prop_FDRE_C_Q)         0.057     0.057 r  gen_core[1].u_core/u_mm2s_arb/data_wr_reg[0]/Q
                         net (fo=9, unplaced)         0.105     0.162    gen_core[1].u_core/u_mm2s_arb/data_mem_reg_0_7_0_0/A0
                         RAMD32                                       r  gen_core[1].u_core/u_mm2s_arb/data_mem_reg_0_7_0_0/SP/WADR0
  -------------------------------------------------------------------    -------------------

                         (clock clk rise edge)        0.000     0.000 r  
                                                      0.000     0.000 r  clk (IN)
                         net (fo=58877, unset)        0.000     0.000    gen_core[1].u_core/u_mm2s_arb/data_mem_reg_0_7_0_0/WCLK
                         RAMD32                                       r  gen_core[1].u_core/u_mm2s_arb/data_mem_reg_0_7_0_0/SP/CLK
                         clock pessimism              0.000     0.000    
                         RAMD32 (Hold_RAMD32_CLK_WADR0)
                                                      0.100     0.100    gen_core[1].u_core/u_mm2s_arb/data_mem_reg_0_7_0_0/SP
  -------------------------------------------------------------------
                         required time                         -0.100    
                         arrival time                           0.162    
  -------------------------------------------------------------------
                         slack                                  0.062    





Pulse Width Checks
--------------------------------------------------------------------------------------
Clock Name:         clk
Waveform(ns):       { 0.000 5.000 }
Period(ns):         10.000
Sources:            { clk }

Check Type        Corner  Lib Pin        Reference Pin  Required(ns)  Actual(ns)  Slack(ns)  Location  Pin
Min Period        n/a     URAM288E5/CLK  n/a            2.105         10.000      7.895                gen_core[0].u_core/u_shortcut_bank/mem_reg_uram_0/CLK
Min Period        n/a     URAM288E5/CLK  n/a            2.105         10.000      7.895                gen_core[0].u_core/u_shortcut_bank/mem_reg_uram_1/CLK
Min Period        n/a     URAM288E5/CLK  n/a            2.105         10.000      7.895                gen_core[0].u_core/u_wb/mem_reg_uram_0/CLK
Min Period        n/a     URAM288E5/CLK  n/a            2.105         10.000      7.895                gen_core[0].u_core/u_wb/mem_reg_uram_1/CLK
Min Period        n/a     URAM288E5/CLK  n/a            2.105         10.000      7.895                gen_core[0].u_core/u_wb/mem_reg_uram_10/CLK
Min Period        n/a     URAM288E5/CLK  n/a            2.105         10.000      7.895                gen_core[0].u_core/u_wb/mem_reg_uram_11/CLK
Min Period        n/a     URAM288E5/CLK  n/a            2.105         10.000      7.895                gen_core[0].u_core/u_wb/mem_reg_uram_12/CLK
Min Period        n/a     URAM288E5/CLK  n/a            2.105         10.000      7.895                gen_core[0].u_core/u_wb/mem_reg_uram_13/CLK
Min Period        n/a     URAM288E5/CLK  n/a            2.105         10.000      7.895                gen_core[0].u_core/u_wb/mem_reg_uram_14/CLK
Min Period        n/a     URAM288E5/CLK  n/a            2.105         10.000      7.895                gen_core[0].u_core/u_wb/mem_reg_uram_15/CLK
Low Pulse Width   Slow    URAM288E5/CLK  n/a            0.780         5.000       4.220                gen_core[0].u_core/u_shortcut_bank/mem_reg_uram_0/CLK
Low Pulse Width   Fast    URAM288E5/CLK  n/a            0.780         5.000       4.220                gen_core[0].u_core/u_shortcut_bank/mem_reg_uram_0/CLK
Low Pulse Width   Slow    URAM288E5/CLK  n/a            0.780         5.000       4.220                gen_core[0].u_core/u_shortcut_bank/mem_reg_uram_1/CLK
Low Pulse Width   Fast    URAM288E5/CLK  n/a            0.780         5.000       4.220                gen_core[0].u_core/u_shortcut_bank/mem_reg_uram_1/CLK
Low Pulse Width   Slow    URAM288E5/CLK  n/a            0.780         5.000       4.220                gen_core[0].u_core/u_wb/mem_reg_uram_0/CLK
Low Pulse Width   Fast    URAM288E5/CLK  n/a            0.780         5.000       4.220                gen_core[0].u_core/u_wb/mem_reg_uram_0/CLK
Low Pulse Width   Slow    URAM288E5/CLK  n/a            0.780         5.000       4.220                gen_core[0].u_core/u_wb/mem_reg_uram_1/CLK
Low Pulse Width   Fast    URAM288E5/CLK  n/a            0.780         5.000       4.220                gen_core[0].u_core/u_wb/mem_reg_uram_1/CLK
Low Pulse Width   Slow    URAM288E5/CLK  n/a            0.780         5.000       4.220                gen_core[0].u_core/u_wb/mem_reg_uram_10/CLK
Low Pulse Width   Fast    URAM288E5/CLK  n/a            0.780         5.000       4.220                gen_core[0].u_core/u_wb/mem_reg_uram_10/CLK
High Pulse Width  Slow    URAM288E5/CLK  n/a            0.780         5.000       4.220                gen_core[0].u_core/u_shortcut_bank/mem_reg_uram_0/CLK
High Pulse Width  Fast    URAM288E5/CLK  n/a            0.780         5.000       4.220                gen_core[0].u_core/u_shortcut_bank/mem_reg_uram_0/CLK
High Pulse Width  Slow    URAM288E5/CLK  n/a            0.780         5.000       4.220                gen_core[0].u_core/u_shortcut_bank/mem_reg_uram_1/CLK
High Pulse Width  Fast    URAM288E5/CLK  n/a            0.780         5.000       4.220                gen_core[0].u_core/u_shortcut_bank/mem_reg_uram_1/CLK
High Pulse Width  Slow    URAM288E5/CLK  n/a            0.780         5.000       4.220                gen_core[0].u_core/u_wb/mem_reg_uram_0/CLK
High Pulse Width  Fast    URAM288E5/CLK  n/a            0.780         5.000       4.220                gen_core[0].u_core/u_wb/mem_reg_uram_0/CLK
High Pulse Width  Slow    URAM288E5/CLK  n/a            0.780         5.000       4.220                gen_core[0].u_core/u_wb/mem_reg_uram_1/CLK
High Pulse Width  Fast    URAM288E5/CLK  n/a            0.780         5.000       4.220                gen_core[0].u_core/u_wb/mem_reg_uram_1/CLK
High Pulse Width  Slow    URAM288E5/CLK  n/a            0.780         5.000       4.220                gen_core[0].u_core/u_wb/mem_reg_uram_10/CLK
High Pulse Width  Fast    URAM288E5/CLK  n/a            0.780         5.000       4.220                gen_core[0].u_core/u_wb/mem_reg_uram_10/CLK



