Copyright 1986-2022 Xilinx, Inc. All Rights Reserved. Copyright 2022-2023 Advanced Micro Devices, Inc. All Rights Reserved.
--------------------------------------------------------------------------------------------------------------------------------------------------
| Tool Version      : Vivado v.2023.2 (win64) Build 4029153 Fri Oct 13 20:14:34 MDT 2023
| Date              : Sat May  9 11:56:49 2026
| Host              : DESKTOP-73784OM running 64-bit major release  (build 9200)
| Command           : report_timing_summary -file C:/_Project/FLUX_CNN/Syn/reports_vd100/timing_routed_bd.rpt -max_paths 10
| Design            : design_1_wrapper
| Device            : xcve2302-sfva784
| Speed File        : -1LP  ENGINEERING-SAMPLE 1.06 2023-09-18
| Design State      : Routed
| Temperature Grade : E
--------------------------------------------------------------------------------------------------------------------------------------------------

Timing Summary Report

------------------------------------------------------------------------------------------------
| Timer Settings
| --------------
------------------------------------------------------------------------------------------------

  Enable Multi Corner Analysis               :  Yes
  Enable Pessimism Removal                   :  Yes
  Pessimism Removal Resolution               :  Nearest Common Node
  Enable Input Delay Default Clock           :  No
  Enable Preset / Clear Arcs                 :  No
  Disable Flight Delays                      :  No
  Ignore I/O Paths                           :  No
  Timing Early Launch at Borrowing Latches   :  No
  Borrow Time for Max Delay Exceptions       :  Yes
  Merge Timing Exceptions                    :  Yes
  Inter-SLR Compensation                     :  Conservative

  Corner  Analyze    Analyze    
  Name    Max Paths  Min Paths  
  ------  ---------  ---------  
  Slow    Yes        Yes        
  Fast    Yes        Yes        


------------------------------------------------------------------------------------------------
| Report Methodology
| ------------------
------------------------------------------------------------------------------------------------

Rule       Severity          Description                                         Violations  
---------  ----------------  --------------------------------------------------  ----------  
TIMING-4   Critical Warning  Invalid primary clock redefinition on a clock tree  1           
TIMING-27  Critical Warning  Invalid primary clock on hierarchical pin           1           
AVAL-344   Warning           Design_needs_USER_RAM_AVERAGE_ACTIVITY_set          1           
CLKC-81    Advisory          XPLL CLKOUT with phase shift drives no IOs          1           

Note: This report is based on the most recent report_methodology run and may not be up-to-date. Run report_methodology on the current design for the latest report.



check_timing report

Table of Contents
-----------------
1. checking no_clock (0)
2. checking constant_clock (0)
3. checking pulse_width_clock (0)
4. checking unconstrained_internal_endpoints (0)
5. checking no_input_delay (0)
6. checking no_output_delay (0)
7. checking multiple_clock (0)
8. checking generated_clocks (0)
9. checking loops (0)
10. checking partial_input_delay (0)
11. checking partial_output_delay (0)
12. checking latch_loops (0)

1. checking no_clock (0)
------------------------
 There are 0 register/latch pins with no clock.


2. checking constant_clock (0)
------------------------------
 There are 0 register/latch pins with constant_clock.


3. checking pulse_width_clock (0)
---------------------------------
 There are 0 register/latch pins which need pulse_width check


4. checking unconstrained_internal_endpoints (0)
------------------------------------------------
 There are 0 pins that are not constrained for maximum delay.

 There are 0 pins that are not constrained for maximum delay due to constant clock.


5. checking no_input_delay (0)
------------------------------
 There are 0 input ports with no input delay specified.

 There are 0 input ports with no input delay but user has a false path constraint.


6. checking no_output_delay (0)
-------------------------------
 There are 0 ports with no output delay specified.

 There are 0 ports with no output delay but user has a false path constraint

 There are 0 ports with no output delay but with a timing clock defined on it or propagating through it


7. checking multiple_clock (0)
------------------------------
 There are 0 register/latch pins with multiple clocks.


8. checking generated_clocks (0)
--------------------------------
 There are 0 generated clocks that are not connected to a clock source.


9. checking loops (0)
---------------------
 There are 0 combinational loops in the design.


10. checking partial_input_delay (0)
------------------------------------
 There are 0 input ports with partial input delay specified.


11. checking partial_output_delay (0)
-------------------------------------
 There are 0 ports with partial output delay specified.


12. checking latch_loops (0)
----------------------------
 There are 0 combinational latch loops in the design through latch input



------------------------------------------------------------------------------------------------
| Design Timing Summary
| ---------------------
------------------------------------------------------------------------------------------------

    WNS(ns)      TNS(ns)  TNS Failing Endpoints  TNS Total Endpoints      WHS(ns)      THS(ns)  THS Failing Endpoints  THS Total Endpoints     WPWS(ns)     TPWS(ns)  TPWS Failing Endpoints  TPWS Total Endpoints  
    -------      -------  ---------------------  -------------------      -------      -------  ---------------------  -------------------     --------     --------  ----------------------  --------------------  
      1.629        0.000                      0               208476        0.020        0.000                      0               208476        0.000        0.000                       0                 58921  


All user specified timing constraints are met.


------------------------------------------------------------------------------------------------
| Clock Summary
| -------------
------------------------------------------------------------------------------------------------

Clock                                 Waveform(ns)           Period(ns)      Frequency(MHz)
-----                                 ------------           ----------      --------------
clk_pl_0                              {0.000 2.083}          4.166           240.038         
design_1_i/clk_wizard_0/inst/clk_in1  {0.000 2.500}          5.000           200.000         
  clkout1_primitive                   {0.000 5.000}          10.000          100.000         
sys_clk                               {0.000 2.500}          5.000           200.000         
  bank1_clkout0                       {0.000 0.625}          1.250           800.000         
    pll_clktoxphy[0]                  {0.000 0.156}          0.312           3200.000        
    pll_clktoxphy[2]                  {0.000 0.156}          0.312           3200.000        
  bank1_xpll0_fifo_rd_clk             {0.000 0.625}          1.250           800.000         
  mc_clk_xpll                         {0.000 0.625}          1.250           800.000         
  pll_clk_xpll                        {0.000 0.156}          0.312           3200.000        


------------------------------------------------------------------------------------------------
| Intra Clock Table
| -----------------
------------------------------------------------------------------------------------------------

Clock                                     WNS(ns)      TNS(ns)  TNS Failing Endpoints  TNS Total Endpoints      WHS(ns)      THS(ns)  THS Failing Endpoints  THS Total Endpoints     WPWS(ns)     TPWS(ns)  TPWS Failing Endpoints  TPWS Total Endpoints  
-----                                     -------      -------  ---------------------  -------------------      -------      -------  ---------------------  -------------------     --------     --------  ----------------------  --------------------  
design_1_i/clk_wizard_0/inst/clk_in1                                                                                                                                                    2.109        0.000                       0                     1  
  clkout1_primitive                         1.629        0.000                      0               207999        0.020        0.000                      0               207999        3.000        0.000                       0                 58869  
sys_clk                                                                                                                                                                                 2.109        0.000                       0                     1  
  bank1_clkout0                                                                                                                                                                         0.000        0.000                       0                     3  
    pll_clktoxphy[0]                                                                                                                                                                    0.044        0.000                       0                    10  
    pll_clktoxphy[2]                                                                                                                                                                    0.044        0.000                       0                     5  
  bank1_xpll0_fifo_rd_clk                                                                                                                                                               0.000        0.000                       0                    22  
  mc_clk_xpll                                                                                                                                                                           0.000        0.000                       0                     1  
  pll_clk_xpll                                                                                                                                                                          0.044        0.000                       0                     9  


------------------------------------------------------------------------------------------------
| Inter Clock Table
| -----------------
------------------------------------------------------------------------------------------------

From Clock    To Clock          WNS(ns)      TNS(ns)  TNS Failing Endpoints  TNS Total Endpoints      WHS(ns)      THS(ns)  THS Failing Endpoints  THS Total Endpoints  
----------    --------          -------      -------  ---------------------  -------------------      -------      -------  ---------------------  -------------------  


------------------------------------------------------------------------------------------------
| Other Path Groups Table
| -----------------------
------------------------------------------------------------------------------------------------

Path Group         From Clock         To Clock               WNS(ns)      TNS(ns)  TNS Failing Endpoints  TNS Total Endpoints      WHS(ns)      THS(ns)  THS Failing Endpoints  THS Total Endpoints  
----------         ----------         --------               -------      -------  ---------------------  -------------------      -------      -------  ---------------------  -------------------  
**async_default**  clkout1_primitive  clkout1_primitive        1.928        0.000                      0                  477        0.251        0.000                      0                  477  


------------------------------------------------------------------------------------------------
| Timing Details
| --------------
------------------------------------------------------------------------------------------------


---------------------------------------------------------------------------------------------------
From Clock:  design_1_i/clk_wizard_0/inst/clk_in1
  To Clock:  design_1_i/clk_wizard_0/inst/clk_in1

Setup :           NA  Failing Endpoints,  Worst Slack           NA  ,  Total Violation           NA
Hold  :           NA  Failing Endpoints,  Worst Slack           NA  ,  Total Violation           NA
PW    :            0  Failing Endpoints,  Worst Slack        2.109ns,  Total Violation        0.000ns
---------------------------------------------------------------------------------------------------


Pulse Width Checks
--------------------------------------------------------------------------------------
Clock Name:         design_1_i/clk_wizard_0/inst/clk_in1
Waveform(ns):       { 0.000 2.500 }
Period(ns):         5.000
Sources:            { design_1_i/clk_wizard_0/inst/clk_in1 }

Check Type        Corner  Lib Pin        Reference Pin  Required(ns)  Actual(ns)  Slack(ns)  Location   Pin
Min Period        n/a     MMCME5/CLKIN1  n/a            1.470         5.000       3.530      MMCM_X1Y0  design_1_i/clk_wizard_0/inst/clock_primitive_inst/MMCME5_inst/CLKIN1
Max Period        n/a     MMCME5/CLKIN1  n/a            100.000       5.000       95.000     MMCM_X1Y0  design_1_i/clk_wizard_0/inst/clock_primitive_inst/MMCME5_inst/CLKIN1
Low Pulse Width   Slow    MMCME5/CLKIN1  n/a            0.391         2.500       2.109      MMCM_X1Y0  design_1_i/clk_wizard_0/inst/clock_primitive_inst/MMCME5_inst/CLKIN1
Low Pulse Width   Fast    MMCME5/CLKIN1  n/a            0.391         2.500       2.109      MMCM_X1Y0  design_1_i/clk_wizard_0/inst/clock_primitive_inst/MMCME5_inst/CLKIN1
High Pulse Width  Slow    MMCME5/CLKIN1  n/a            0.391         2.500       2.109      MMCM_X1Y0  design_1_i/clk_wizard_0/inst/clock_primitive_inst/MMCME5_inst/CLKIN1
High Pulse Width  Fast    MMCME5/CLKIN1  n/a            0.391         2.500       2.109      MMCM_X1Y0  design_1_i/clk_wizard_0/inst/clock_primitive_inst/MMCME5_inst/CLKIN1



---------------------------------------------------------------------------------------------------
From Clock:  clkout1_primitive
  To Clock:  clkout1_primitive

Setup :            0  Failing Endpoints,  Worst Slack        1.629ns,  Total Violation        0.000ns
Hold  :            0  Failing Endpoints,  Worst Slack        0.020ns,  Total Violation        0.000ns
PW    :            0  Failing Endpoints,  Worst Slack        3.000ns,  Total Violation        0.000ns
---------------------------------------------------------------------------------------------------


Max Delay Paths
--------------------------------------------------------------------------------------
Slack (MET) :             1.629ns  (required time - arrival time)
  Source:                 design_1_i/u_mc_vd100/inst/u_inner/u_inner/gen_core[0].u_core/u_bias_rf/state_reg[1]/C
                            (rising edge-triggered cell FDRE clocked by clkout1_primitive  {rise@0.000ns fall@5.000ns period=10.000ns})
  Destination:            design_1_i/u_mc_vd100/inst/u_inner/u_inner/gen_core[0].u_core/u_mac_array/gen_col[2].u_col/gen_pe[10].u_pe/prod_out_reg[10]/CE
                            (rising edge-triggered cell FDRE clocked by clkout1_primitive  {rise@0.000ns fall@5.000ns period=10.000ns})
  Path Group:             clkout1_primitive
  Path Type:              Setup (Max at Slow Process Corner)
  Requirement:            10.000ns  (clkout1_primitive rise@10.000ns - clkout1_primitive rise@0.000ns)
  Data Path Delay:        7.952ns  (logic 0.388ns (4.879%)  route 7.564ns (95.121%))
  Logic Levels:           3  (LUT2=2 LUT5=1)
  Clock Path Skew:        -0.278ns (DCD - SCD + CPR)
    Destination Clock Delay (DCD):    3.430ns = ( 13.430 - 10.000 ) 
    Source Clock Delay      (SCD):    4.090ns
    Clock Pessimism Removal (CPR):    0.382ns
  Clock Uncertainty:      0.069ns  (CJ)/2 + PE + PJ
    Clock Jitter             (CJ):    0.138ns
    Phase Error              (PE):    0.000ns
    Phase Jitter             (PJ):    0.000ns
  Clock Net Delay (Source):      2.868ns (routing 0.673ns, distribution 2.195ns)
  Clock Net Delay (Destination): 2.481ns (routing 0.564ns, distribution 1.917ns)

    Location             Delay type                Incr(ns)  Path(ns)    Netlist Resource(s)
  -------------------------------------------------------------------    -------------------
                         (clock clkout1_primitive rise edge)
                                                      0.000     0.000 r  
    IOB_X14Y0            IBUFDS                       0.000     0.000 r  design_1_i/util_ds_buf_0/U0/USE_IBUFDS.GEN_IBUFDS[0].IBUFDS_I/O
                         net (fo=2, routed)           0.622     0.622    design_1_i/clk_wizard_0/inst/clock_primitive_inst/clk_in1
    MMCM_X1Y0            MMCME5 (Prop_MMCM_CLKIN1_CLKOUT0)
                                                      0.070     0.692 r  design_1_i/clk_wizard_0/inst/clock_primitive_inst/MMCME5_inst/CLKOUT0
                         net (fo=1, routed)           0.445     1.137    design_1_i/clk_wizard_0/inst/clock_primitive_inst/clkout1_primitive
    BUFGCE_X1Y23         BUFGCE (Prop_BUFCE_BUFGCE_I_O)
                                                      0.085     1.222 r  design_1_i/clk_wizard_0/inst/clock_primitive_inst/BUFG_clkout1_inst/O
    X1Y2 (CLOCK_ROOT)    net (fo=58867, routed)       2.868     4.090    design_1_i/u_mc_vd100/inst/u_inner/u_inner/gen_core[0].u_core/u_bias_rf/clk
    SLICE_X85Y164        FDRE                                         r  design_1_i/u_mc_vd100/inst/u_inner/u_inner/gen_core[0].u_core/u_bias_rf/state_reg[1]/C
  -------------------------------------------------------------------    -------------------
    SLICE_X85Y164        FDRE (Prop_AFF2_SLICEM_C_Q)
                                                      0.110     4.200 r  design_1_i/u_mc_vd100/inst/u_inner/u_inner/gen_core[0].u_core/u_bias_rf/state_reg[1]/Q
                         net (fo=19, routed)          0.285     4.485    design_1_i/u_mc_vd100/inst/u_inner/u_inner/gen_core[0].u_core/u_bias_rf/state_reg_n_0_[1]
    SLICE_X84Y164        LUT2 (Prop_D6LUT_SLICEL_I1_O)
                                                      0.132     4.617 r  design_1_i/u_mc_vd100/inst/u_inner/u_inner/gen_core[0].u_core/u_bias_rf/i__i_2/O
                         net (fo=4, routed)           0.195     4.812    design_1_i/u_mc_vd100/inst/u_inner/u_inner/gen_core[0].u_core/u_ofb_writer/bias_ready_wire
    SLICE_X84Y162        LUT5 (Prop_D6LUT_SLICEL_I3_O)
                                                      0.067     4.879 r  design_1_i/u_mc_vd100/inst/u_inner/u_inner/gen_core[0].u_core/u_ofb_writer/i__i_1/O
                         net (fo=5, routed)           0.162     5.041    design_1_i/u_mc_vd100/inst/u_inner/u_inner/gen_core[0].u_core/u_mac_array/psum_in_ready
    SLICE_X84Y162        LUT2 (Prop_E6LUT_SLICEL_I0_O)
                                                      0.079     5.120 r  design_1_i/u_mc_vd100/inst/u_inner/u_inner/gen_core[0].u_core/u_mac_array/i_/i_/O
                         net (fo=4418, routed)        6.922    12.042    design_1_i/u_mc_vd100/inst/u_inner/u_inner/gen_core[0].u_core/u_mac_array/gen_col[2].u_col/gen_pe[10].u_pe/E[0]
    SLICE_X15Y221        FDRE                                         r  design_1_i/u_mc_vd100/inst/u_inner/u_inner/gen_core[0].u_core/u_mac_array/gen_col[2].u_col/gen_pe[10].u_pe/prod_out_reg[10]/CE
  -------------------------------------------------------------------    -------------------

                         (clock clkout1_primitive rise edge)
                                                     10.000    10.000 r  
    IOB_X14Y0            IBUFDS                       0.000    10.000 r  design_1_i/util_ds_buf_0/U0/USE_IBUFDS.GEN_IBUFDS[0].IBUFDS_I/O
                         net (fo=2, routed)           0.522    10.522    design_1_i/clk_wizard_0/inst/clock_primitive_inst/clk_in1
    MMCM_X1Y0            MMCME5 (Prop_MMCM_CLKIN1_CLKOUT0)
                                                      0.000    10.522 r  design_1_i/clk_wizard_0/inst/clock_primitive_inst/MMCME5_inst/CLKOUT0
                         net (fo=1, routed)           0.361    10.883    design_1_i/clk_wizard_0/inst/clock_primitive_inst/clkout1_primitive
    BUFGCE_X1Y23         BUFGCE (Prop_BUFCE_BUFGCE_I_O)
                                                      0.066    10.949 r  design_1_i/clk_wizard_0/inst/clock_primitive_inst/BUFG_clkout1_inst/O
    X1Y2 (CLOCK_ROOT)    net (fo=58867, routed)       2.481    13.430    design_1_i/u_mc_vd100/inst/u_inner/u_inner/gen_core[0].u_core/u_mac_array/gen_col[2].u_col/gen_pe[10].u_pe/clk
    SLICE_X15Y221        FDRE                                         r  design_1_i/u_mc_vd100/inst/u_inner/u_inner/gen_core[0].u_core/u_mac_array/gen_col[2].u_col/gen_pe[10].u_pe/prod_out_reg[10]/C
                         clock pessimism              0.382    13.812    
                         clock uncertainty           -0.069    13.743    
    SLICE_X15Y221        FDRE (Setup_CFF_SLICEM_C_CE)
                                                     -0.072    13.671    design_1_i/u_mc_vd100/inst/u_inner/u_inner/gen_core[0].u_core/u_mac_array/gen_col[2].u_col/gen_pe[10].u_pe/prod_out_reg[10]
  -------------------------------------------------------------------
                         required time                         13.671    
                         arrival time                         -12.042    
  -------------------------------------------------------------------
                         slack                                  1.629    

Slack (MET) :             1.629ns  (required time - arrival time)
  Source:                 design_1_i/u_mc_vd100/inst/u_inner/u_inner/gen_core[0].u_core/u_bias_rf/state_reg[1]/C
                            (rising edge-triggered cell FDRE clocked by clkout1_primitive  {rise@0.000ns fall@5.000ns period=10.000ns})
  Destination:            design_1_i/u_mc_vd100/inst/u_inner/u_inner/gen_core[0].u_core/u_mac_array/gen_col[2].u_col/gen_pe[10].u_pe/prod_out_reg[11]/CE
                            (rising edge-triggered cell FDRE clocked by clkout1_primitive  {rise@0.000ns fall@5.000ns period=10.000ns})
  Path Group:             clkout1_primitive
  Path Type:              Setup (Max at Slow Process Corner)
  Requirement:            10.000ns  (clkout1_primitive rise@10.000ns - clkout1_primitive rise@0.000ns)
  Data Path Delay:        7.952ns  (logic 0.388ns (4.879%)  route 7.564ns (95.121%))
  Logic Levels:           3  (LUT2=2 LUT5=1)
  Clock Path Skew:        -0.278ns (DCD - SCD + CPR)
    Destination Clock Delay (DCD):    3.430ns = ( 13.430 - 10.000 ) 
    Source Clock Delay      (SCD):    4.090ns
    Clock Pessimism Removal (CPR):    0.382ns
  Clock Uncertainty:      0.069ns  (CJ)/2 + PE + PJ
    Clock Jitter             (CJ):    0.138ns
    Phase Error              (PE):    0.000ns
    Phase Jitter             (PJ):    0.000ns
  Clock Net Delay (Source):      2.868ns (routing 0.673ns, distribution 2.195ns)
  Clock Net Delay (Destination): 2.481ns (routing 0.564ns, distribution 1.917ns)

    Location             Delay type                Incr(ns)  Path(ns)    Netlist Resource(s)
  -------------------------------------------------------------------    -------------------
                         (clock clkout1_primitive rise edge)
                                                      0.000     0.000 r  
    IOB_X14Y0            IBUFDS                       0.000     0.000 r  design_1_i/util_ds_buf_0/U0/USE_IBUFDS.GEN_IBUFDS[0].IBUFDS_I/O
                         net (fo=2, routed)           0.622     0.622    design_1_i/clk_wizard_0/inst/clock_primitive_inst/clk_in1
    MMCM_X1Y0            MMCME5 (Prop_MMCM_CLKIN1_CLKOUT0)
                                                      0.070     0.692 r  design_1_i/clk_wizard_0/inst/clock_primitive_inst/MMCME5_inst/CLKOUT0
                         net (fo=1, routed)           0.445     1.137    design_1_i/clk_wizard_0/inst/clock_primitive_inst/clkout1_primitive
    BUFGCE_X1Y23         BUFGCE (Prop_BUFCE_BUFGCE_I_O)
                                                      0.085     1.222 r  design_1_i/clk_wizard_0/inst/clock_primitive_inst/BUFG_clkout1_inst/O
    X1Y2 (CLOCK_ROOT)    net (fo=58867, routed)       2.868     4.090    design_1_i/u_mc_vd100/inst/u_inner/u_inner/gen_core[0].u_core/u_bias_rf/clk
    SLICE_X85Y164        FDRE                                         r  design_1_i/u_mc_vd100/inst/u_inner/u_inner/gen_core[0].u_core/u_bias_rf/state_reg[1]/C
  -------------------------------------------------------------------    -------------------
    SLICE_X85Y164        FDRE (Prop_AFF2_SLICEM_C_Q)
                                                      0.110     4.200 r  design_1_i/u_mc_vd100/inst/u_inner/u_inner/gen_core[0].u_core/u_bias_rf/state_reg[1]/Q
                         net (fo=19, routed)          0.285     4.485    design_1_i/u_mc_vd100/inst/u_inner/u_inner/gen_core[0].u_core/u_bias_rf/state_reg_n_0_[1]
    SLICE_X84Y164        LUT2 (Prop_D6LUT_SLICEL_I1_O)
                                                      0.132     4.617 r  design_1_i/u_mc_vd100/inst/u_inner/u_inner/gen_core[0].u_core/u_bias_rf/i__i_2/O
                         net (fo=4, routed)           0.195     4.812    design_1_i/u_mc_vd100/inst/u_inner/u_inner/gen_core[0].u_core/u_ofb_writer/bias_ready_wire
    SLICE_X84Y162        LUT5 (Prop_D6LUT_SLICEL_I3_O)
                                                      0.067     4.879 r  design_1_i/u_mc_vd100/inst/u_inner/u_inner/gen_core[0].u_core/u_ofb_writer/i__i_1/O
                         net (fo=5, routed)           0.162     5.041    design_1_i/u_mc_vd100/inst/u_inner/u_inner/gen_core[0].u_core/u_mac_array/psum_in_ready
    SLICE_X84Y162        LUT2 (Prop_E6LUT_SLICEL_I0_O)
                                                      0.079     5.120 r  design_1_i/u_mc_vd100/inst/u_inner/u_inner/gen_core[0].u_core/u_mac_array/i_/i_/O
                         net (fo=4418, routed)        6.922    12.042    design_1_i/u_mc_vd100/inst/u_inner/u_inner/gen_core[0].u_core/u_mac_array/gen_col[2].u_col/gen_pe[10].u_pe/E[0]
    SLICE_X15Y221        FDRE                                         r  design_1_i/u_mc_vd100/inst/u_inner/u_inner/gen_core[0].u_core/u_mac_array/gen_col[2].u_col/gen_pe[10].u_pe/prod_out_reg[11]/CE
  -------------------------------------------------------------------    -------------------

                         (clock clkout1_primitive rise edge)
                                                     10.000    10.000 r  
    IOB_X14Y0            IBUFDS                       0.000    10.000 r  design_1_i/util_ds_buf_0/U0/USE_IBUFDS.GEN_IBUFDS[0].IBUFDS_I/O
                         net (fo=2, routed)           0.522    10.522    design_1_i/clk_wizard_0/inst/clock_primitive_inst/clk_in1
    MMCM_X1Y0            MMCME5 (Prop_MMCM_CLKIN1_CLKOUT0)
                                                      0.000    10.522 r  design_1_i/clk_wizard_0/inst/clock_primitive_inst/MMCME5_inst/CLKOUT0
                         net (fo=1, routed)           0.361    10.883    design_1_i/clk_wizard_0/inst/clock_primitive_inst/clkout1_primitive
    BUFGCE_X1Y23         BUFGCE (Prop_BUFCE_BUFGCE_I_O)
                                                      0.066    10.949 r  design_1_i/clk_wizard_0/inst/clock_primitive_inst/BUFG_clkout1_inst/O
    X1Y2 (CLOCK_ROOT)    net (fo=58867, routed)       2.481    13.430    design_1_i/u_mc_vd100/inst/u_inner/u_inner/gen_core[0].u_core/u_mac_array/gen_col[2].u_col/gen_pe[10].u_pe/clk
    SLICE_X15Y221        FDRE                                         r  design_1_i/u_mc_vd100/inst/u_inner/u_inner/gen_core[0].u_core/u_mac_array/gen_col[2].u_col/gen_pe[10].u_pe/prod_out_reg[11]/C
                         clock pessimism              0.382    13.812    
                         clock uncertainty           -0.069    13.743    
    SLICE_X15Y221        FDRE (Setup_DFF_SLICEM_C_CE)
                                                     -0.072    13.671    design_1_i/u_mc_vd100/inst/u_inner/u_inner/gen_core[0].u_core/u_mac_array/gen_col[2].u_col/gen_pe[10].u_pe/prod_out_reg[11]
  -------------------------------------------------------------------
                         required time                         13.671    
                         arrival time                         -12.042    
  -------------------------------------------------------------------
                         slack                                  1.629    

Slack (MET) :             1.647ns  (required time - arrival time)
  Source:                 design_1_i/u_mc_vd100/inst/u_inner/u_inner/gen_core[0].u_core/u_bias_rf/state_reg[1]/C
                            (rising edge-triggered cell FDRE clocked by clkout1_primitive  {rise@0.000ns fall@5.000ns period=10.000ns})
  Destination:            design_1_i/u_mc_vd100/inst/u_inner/u_inner/gen_core[0].u_core/u_mac_array/gen_col[2].u_col/gen_pe[12].u_pe/prod_out_reg[2]/CE
                            (rising edge-triggered cell FDRE clocked by clkout1_primitive  {rise@0.000ns fall@5.000ns period=10.000ns})
  Path Group:             clkout1_primitive
  Path Type:              Setup (Max at Slow Process Corner)
  Requirement:            10.000ns  (clkout1_primitive rise@10.000ns - clkout1_primitive rise@0.000ns)
  Data Path Delay:        7.952ns  (logic 0.388ns (4.879%)  route 7.564ns (95.121%))
  Logic Levels:           3  (LUT2=2 LUT5=1)
  Clock Path Skew:        -0.259ns (DCD - SCD + CPR)
    Destination Clock Delay (DCD):    3.449ns = ( 13.449 - 10.000 ) 
    Source Clock Delay      (SCD):    4.090ns
    Clock Pessimism Removal (CPR):    0.382ns
  Clock Uncertainty:      0.069ns  (CJ)/2 + PE + PJ
    Clock Jitter             (CJ):    0.138ns
    Phase Error              (PE):    0.000ns
    Phase Jitter             (PJ):    0.000ns
  Clock Net Delay (Source):      2.868ns (routing 0.673ns, distribution 2.195ns)
  Clock Net Delay (Destination): 2.500ns (routing 0.564ns, distribution 1.936ns)

    Location             Delay type                Incr(ns)  Path(ns)    Netlist Resource(s)
  -------------------------------------------------------------------    -------------------
                         (clock clkout1_primitive rise edge)
                                                      0.000     0.000 r  
    IOB_X14Y0            IBUFDS                       0.000     0.000 r  design_1_i/util_ds_buf_0/U0/USE_IBUFDS.GEN_IBUFDS[0].IBUFDS_I/O
                         net (fo=2, routed)           0.622     0.622    design_1_i/clk_wizard_0/inst/clock_primitive_inst/clk_in1
    MMCM_X1Y0            MMCME5 (Prop_MMCM_CLKIN1_CLKOUT0)
                                                      0.070     0.692 r  design_1_i/clk_wizard_0/inst/clock_primitive_inst/MMCME5_inst/CLKOUT0
                         net (fo=1, routed)           0.445     1.137    design_1_i/clk_wizard_0/inst/clock_primitive_inst/clkout1_primitive
    BUFGCE_X1Y23         BUFGCE (Prop_BUFCE_BUFGCE_I_O)
                                                      0.085     1.222 r  design_1_i/clk_wizard_0/inst/clock_primitive_inst/BUFG_clkout1_inst/O
    X1Y2 (CLOCK_ROOT)    net (fo=58867, routed)       2.868     4.090    design_1_i/u_mc_vd100/inst/u_inner/u_inner/gen_core[0].u_core/u_bias_rf/clk
    SLICE_X85Y164        FDRE                                         r  design_1_i/u_mc_vd100/inst/u_inner/u_inner/gen_core[0].u_core/u_bias_rf/state_reg[1]/C
  -------------------------------------------------------------------    -------------------
    SLICE_X85Y164        FDRE (Prop_AFF2_SLICEM_C_Q)
                                                      0.110     4.200 r  design_1_i/u_mc_vd100/inst/u_inner/u_inner/gen_core[0].u_core/u_bias_rf/state_reg[1]/Q
                         net (fo=19, routed)          0.285     4.485    design_1_i/u_mc_vd100/inst/u_inner/u_inner/gen_core[0].u_core/u_bias_rf/state_reg_n_0_[1]
    SLICE_X84Y164        LUT2 (Prop_D6LUT_SLICEL_I1_O)
                                                      0.132     4.617 r  design_1_i/u_mc_vd100/inst/u_inner/u_inner/gen_core[0].u_core/u_bias_rf/i__i_2/O
                         net (fo=4, routed)           0.195     4.812    design_1_i/u_mc_vd100/inst/u_inner/u_inner/gen_core[0].u_core/u_ofb_writer/bias_ready_wire
    SLICE_X84Y162        LUT5 (Prop_D6LUT_SLICEL_I3_O)
                                                      0.067     4.879 r  design_1_i/u_mc_vd100/inst/u_inner/u_inner/gen_core[0].u_core/u_ofb_writer/i__i_1/O
                         net (fo=5, routed)           0.162     5.041    design_1_i/u_mc_vd100/inst/u_inner/u_inner/gen_core[0].u_core/u_mac_array/psum_in_ready
    SLICE_X84Y162        LUT2 (Prop_E6LUT_SLICEL_I0_O)
                                                      0.079     5.120 r  design_1_i/u_mc_vd100/inst/u_inner/u_inner/gen_core[0].u_core/u_mac_array/i_/i_/O
                         net (fo=4418, routed)        6.923    12.043    design_1_i/u_mc_vd100/inst/u_inner/u_inner/gen_core[0].u_core/u_mac_array/gen_col[2].u_col/gen_pe[12].u_pe/E[0]
    SLICE_X12Y229        FDRE                                         r  design_1_i/u_mc_vd100/inst/u_inner/u_inner/gen_core[0].u_core/u_mac_array/gen_col[2].u_col/gen_pe[12].u_pe/prod_out_reg[2]/CE
  -------------------------------------------------------------------    -------------------

                         (clock clkout1_primitive rise edge)
                                                     10.000    10.000 r  
    IOB_X14Y0            IBUFDS                       0.000    10.000 r  design_1_i/util_ds_buf_0/U0/USE_IBUFDS.GEN_IBUFDS[0].IBUFDS_I/O
                         net (fo=2, routed)           0.522    10.522    design_1_i/clk_wizard_0/inst/clock_primitive_inst/clk_in1
    MMCM_X1Y0            MMCME5 (Prop_MMCM_CLKIN1_CLKOUT0)
                                                      0.000    10.522 r  design_1_i/clk_wizard_0/inst/clock_primitive_inst/MMCME5_inst/CLKOUT0
                         net (fo=1, routed)           0.361    10.883    design_1_i/clk_wizard_0/inst/clock_primitive_inst/clkout1_primitive
    BUFGCE_X1Y23         BUFGCE (Prop_BUFCE_BUFGCE_I_O)
                                                      0.066    10.949 r  design_1_i/clk_wizard_0/inst/clock_primitive_inst/BUFG_clkout1_inst/O
    X1Y2 (CLOCK_ROOT)    net (fo=58867, routed)       2.500    13.449    design_1_i/u_mc_vd100/inst/u_inner/u_inner/gen_core[0].u_core/u_mac_array/gen_col[2].u_col/gen_pe[12].u_pe/clk
    SLICE_X12Y229        FDRE                                         r  design_1_i/u_mc_vd100/inst/u_inner/u_inner/gen_core[0].u_core/u_mac_array/gen_col[2].u_col/gen_pe[12].u_pe/prod_out_reg[2]/C
                         clock pessimism              0.382    13.831    
                         clock uncertainty           -0.069    13.762    
    SLICE_X12Y229        FDRE (Setup_CFF_SLICEL_C_CE)
                                                     -0.072    13.690    design_1_i/u_mc_vd100/inst/u_inner/u_inner/gen_core[0].u_core/u_mac_array/gen_col[2].u_col/gen_pe[12].u_pe/prod_out_reg[2]
  -------------------------------------------------------------------
                         required time                         13.690    
                         arrival time                         -12.043    
  -------------------------------------------------------------------
                         slack                                  1.647    

Slack (MET) :             1.647ns  (required time - arrival time)
  Source:                 design_1_i/u_mc_vd100/inst/u_inner/u_inner/gen_core[0].u_core/u_bias_rf/state_reg[1]/C
                            (rising edge-triggered cell FDRE clocked by clkout1_primitive  {rise@0.000ns fall@5.000ns period=10.000ns})
  Destination:            design_1_i/u_mc_vd100/inst/u_inner/u_inner/gen_core[0].u_core/u_mac_array/gen_col[2].u_col/gen_pe[12].u_pe/prod_out_reg[3]/CE
                            (rising edge-triggered cell FDRE clocked by clkout1_primitive  {rise@0.000ns fall@5.000ns period=10.000ns})
  Path Group:             clkout1_primitive
  Path Type:              Setup (Max at Slow Process Corner)
  Requirement:            10.000ns  (clkout1_primitive rise@10.000ns - clkout1_primitive rise@0.000ns)
  Data Path Delay:        7.952ns  (logic 0.388ns (4.879%)  route 7.564ns (95.121%))
  Logic Levels:           3  (LUT2=2 LUT5=1)
  Clock Path Skew:        -0.259ns (DCD - SCD + CPR)
    Destination Clock Delay (DCD):    3.449ns = ( 13.449 - 10.000 ) 
    Source Clock Delay      (SCD):    4.090ns
    Clock Pessimism Removal (CPR):    0.382ns
  Clock Uncertainty:      0.069ns  (CJ)/2 + PE + PJ
    Clock Jitter             (CJ):    0.138ns
    Phase Error              (PE):    0.000ns
    Phase Jitter             (PJ):    0.000ns
  Clock Net Delay (Source):      2.868ns (routing 0.673ns, distribution 2.195ns)
  Clock Net Delay (Destination): 2.500ns (routing 0.564ns, distribution 1.936ns)

    Location             Delay type                Incr(ns)  Path(ns)    Netlist Resource(s)
  -------------------------------------------------------------------    -------------------
                         (clock clkout1_primitive rise edge)
                                                      0.000     0.000 r  
    IOB_X14Y0            IBUFDS                       0.000     0.000 r  design_1_i/util_ds_buf_0/U0/USE_IBUFDS.GEN_IBUFDS[0].IBUFDS_I/O
                         net (fo=2, routed)           0.622     0.622    design_1_i/clk_wizard_0/inst/clock_primitive_inst/clk_in1
    MMCM_X1Y0            MMCME5 (Prop_MMCM_CLKIN1_CLKOUT0)
                                                      0.070     0.692 r  design_1_i/clk_wizard_0/inst/clock_primitive_inst/MMCME5_inst/CLKOUT0
                         net (fo=1, routed)           0.445     1.137    design_1_i/clk_wizard_0/inst/clock_primitive_inst/clkout1_primitive
    BUFGCE_X1Y23         BUFGCE (Prop_BUFCE_BUFGCE_I_O)
                                                      0.085     1.222 r  design_1_i/clk_wizard_0/inst/clock_primitive_inst/BUFG_clkout1_inst/O
    X1Y2 (CLOCK_ROOT)    net (fo=58867, routed)       2.868     4.090    design_1_i/u_mc_vd100/inst/u_inner/u_inner/gen_core[0].u_core/u_bias_rf/clk
    SLICE_X85Y164        FDRE                                         r  design_1_i/u_mc_vd100/inst/u_inner/u_inner/gen_core[0].u_core/u_bias_rf/state_reg[1]/C
  -------------------------------------------------------------------    -------------------
    SLICE_X85Y164        FDRE (Prop_AFF2_SLICEM_C_Q)
                                                      0.110     4.200 r  design_1_i/u_mc_vd100/inst/u_inner/u_inner/gen_core[0].u_core/u_bias_rf/state_reg[1]/Q
                         net (fo=19, routed)          0.285     4.485    design_1_i/u_mc_vd100/inst/u_inner/u_inner/gen_core[0].u_core/u_bias_rf/state_reg_n_0_[1]
    SLICE_X84Y164        LUT2 (Prop_D6LUT_SLICEL_I1_O)
                                                      0.132     4.617 r  design_1_i/u_mc_vd100/inst/u_inner/u_inner/gen_core[0].u_core/u_bias_rf/i__i_2/O
                         net (fo=4, routed)           0.195     4.812    design_1_i/u_mc_vd100/inst/u_inner/u_inner/gen_core[0].u_core/u_ofb_writer/bias_ready_wire
    SLICE_X84Y162        LUT5 (Prop_D6LUT_SLICEL_I3_O)
                                                      0.067     4.879 r  design_1_i/u_mc_vd100/inst/u_inner/u_inner/gen_core[0].u_core/u_ofb_writer/i__i_1/O
                         net (fo=5, routed)           0.162     5.041    design_1_i/u_mc_vd100/inst/u_inner/u_inner/gen_core[0].u_core/u_mac_array/psum_in_ready
    SLICE_X84Y162        LUT2 (Prop_E6LUT_SLICEL_I0_O)
                                                      0.079     5.120 r  design_1_i/u_mc_vd100/inst/u_inner/u_inner/gen_core[0].u_core/u_mac_array/i_/i_/O
                         net (fo=4418, routed)        6.923    12.043    design_1_i/u_mc_vd100/inst/u_inner/u_inner/gen_core[0].u_core/u_mac_array/gen_col[2].u_col/gen_pe[12].u_pe/E[0]
    SLICE_X12Y229        FDRE                                         r  design_1_i/u_mc_vd100/inst/u_inner/u_inner/gen_core[0].u_core/u_mac_array/gen_col[2].u_col/gen_pe[12].u_pe/prod_out_reg[3]/CE
  -------------------------------------------------------------------    -------------------

                         (clock clkout1_primitive rise edge)
                                                     10.000    10.000 r  
    IOB_X14Y0            IBUFDS                       0.000    10.000 r  design_1_i/util_ds_buf_0/U0/USE_IBUFDS.GEN_IBUFDS[0].IBUFDS_I/O
                         net (fo=2, routed)           0.522    10.522    design_1_i/clk_wizard_0/inst/clock_primitive_inst/clk_in1
    MMCM_X1Y0            MMCME5 (Prop_MMCM_CLKIN1_CLKOUT0)
                                                      0.000    10.522 r  design_1_i/clk_wizard_0/inst/clock_primitive_inst/MMCME5_inst/CLKOUT0
                         net (fo=1, routed)           0.361    10.883    design_1_i/clk_wizard_0/inst/clock_primitive_inst/clkout1_primitive
    BUFGCE_X1Y23         BUFGCE (Prop_BUFCE_BUFGCE_I_O)
                                                      0.066    10.949 r  design_1_i/clk_wizard_0/inst/clock_primitive_inst/BUFG_clkout1_inst/O
    X1Y2 (CLOCK_ROOT)    net (fo=58867, routed)       2.500    13.449    design_1_i/u_mc_vd100/inst/u_inner/u_inner/gen_core[0].u_core/u_mac_array/gen_col[2].u_col/gen_pe[12].u_pe/clk
    SLICE_X12Y229        FDRE                                         r  design_1_i/u_mc_vd100/inst/u_inner/u_inner/gen_core[0].u_core/u_mac_array/gen_col[2].u_col/gen_pe[12].u_pe/prod_out_reg[3]/C
                         clock pessimism              0.382    13.831    
                         clock uncertainty           -0.069    13.762    
    SLICE_X12Y229        FDRE (Setup_DFF_SLICEL_C_CE)
                                                     -0.072    13.690    design_1_i/u_mc_vd100/inst/u_inner/u_inner/gen_core[0].u_core/u_mac_array/gen_col[2].u_col/gen_pe[12].u_pe/prod_out_reg[3]
  -------------------------------------------------------------------
                         required time                         13.690    
                         arrival time                         -12.043    
  -------------------------------------------------------------------
                         slack                                  1.647    

Slack (MET) :             1.653ns  (required time - arrival time)
  Source:                 design_1_i/u_mc_vd100/inst/u_inner/u_inner/gen_core[0].u_core/u_bias_rf/state_reg[1]/C
                            (rising edge-triggered cell FDRE clocked by clkout1_primitive  {rise@0.000ns fall@5.000ns period=10.000ns})
  Destination:            design_1_i/u_mc_vd100/inst/u_inner/u_inner/gen_core[0].u_core/u_mac_array/gen_col[2].u_col/gen_pe[12].u_pe/prod_out_reg[0]/CE
                            (rising edge-triggered cell FDRE clocked by clkout1_primitive  {rise@0.000ns fall@5.000ns period=10.000ns})
  Path Group:             clkout1_primitive
  Path Type:              Setup (Max at Slow Process Corner)
  Requirement:            10.000ns  (clkout1_primitive rise@10.000ns - clkout1_primitive rise@0.000ns)
  Data Path Delay:        7.948ns  (logic 0.388ns (4.881%)  route 7.560ns (95.119%))
  Logic Levels:           3  (LUT2=2 LUT5=1)
  Clock Path Skew:        -0.259ns (DCD - SCD + CPR)
    Destination Clock Delay (DCD):    3.449ns = ( 13.449 - 10.000 ) 
    Source Clock Delay      (SCD):    4.090ns
    Clock Pessimism Removal (CPR):    0.382ns
  Clock Uncertainty:      0.069ns  (CJ)/2 + PE + PJ
    Clock Jitter             (CJ):    0.138ns
    Phase Error              (PE):    0.000ns
    Phase Jitter             (PJ):    0.000ns
  Clock Net Delay (Source):      2.868ns (routing 0.673ns, distribution 2.195ns)
  Clock Net Delay (Destination): 2.500ns (routing 0.564ns, distribution 1.936ns)

    Location             Delay type                Incr(ns)  Path(ns)    Netlist Resource(s)
  -------------------------------------------------------------------    -------------------
                         (clock clkout1_primitive rise edge)
                                                      0.000     0.000 r  
    IOB_X14Y0            IBUFDS                       0.000     0.000 r  design_1_i/util_ds_buf_0/U0/USE_IBUFDS.GEN_IBUFDS[0].IBUFDS_I/O
                         net (fo=2, routed)           0.622     0.622    design_1_i/clk_wizard_0/inst/clock_primitive_inst/clk_in1
    MMCM_X1Y0            MMCME5 (Prop_MMCM_CLKIN1_CLKOUT0)
                                                      0.070     0.692 r  design_1_i/clk_wizard_0/inst/clock_primitive_inst/MMCME5_inst/CLKOUT0
                         net (fo=1, routed)           0.445     1.137    design_1_i/clk_wizard_0/inst/clock_primitive_inst/clkout1_primitive
    BUFGCE_X1Y23         BUFGCE (Prop_BUFCE_BUFGCE_I_O)
                                                      0.085     1.222 r  design_1_i/clk_wizard_0/inst/clock_primitive_inst/BUFG_clkout1_inst/O
    X1Y2 (CLOCK_ROOT)    net (fo=58867, routed)       2.868     4.090    design_1_i/u_mc_vd100/inst/u_inner/u_inner/gen_core[0].u_core/u_bias_rf/clk
    SLICE_X85Y164        FDRE                                         r  design_1_i/u_mc_vd100/inst/u_inner/u_inner/gen_core[0].u_core/u_bias_rf/state_reg[1]/C
  -------------------------------------------------------------------    -------------------
    SLICE_X85Y164        FDRE (Prop_AFF2_SLICEM_C_Q)
                                                      0.110     4.200 r  design_1_i/u_mc_vd100/inst/u_inner/u_inner/gen_core[0].u_core/u_bias_rf/state_reg[1]/Q
                         net (fo=19, routed)          0.285     4.485    design_1_i/u_mc_vd100/inst/u_inner/u_inner/gen_core[0].u_core/u_bias_rf/state_reg_n_0_[1]
    SLICE_X84Y164        LUT2 (Prop_D6LUT_SLICEL_I1_O)
                                                      0.132     4.617 r  design_1_i/u_mc_vd100/inst/u_inner/u_inner/gen_core[0].u_core/u_bias_rf/i__i_2/O
                         net (fo=4, routed)           0.195     4.812    design_1_i/u_mc_vd100/inst/u_inner/u_inner/gen_core[0].u_core/u_ofb_writer/bias_ready_wire
    SLICE_X84Y162        LUT5 (Prop_D6LUT_SLICEL_I3_O)
                                                      0.067     4.879 r  design_1_i/u_mc_vd100/inst/u_inner/u_inner/gen_core[0].u_core/u_ofb_writer/i__i_1/O
                         net (fo=5, routed)           0.162     5.041    design_1_i/u_mc_vd100/inst/u_inner/u_inner/gen_core[0].u_core/u_mac_array/psum_in_ready
    SLICE_X84Y162        LUT2 (Prop_E6LUT_SLICEL_I0_O)
                                                      0.079     5.120 r  design_1_i/u_mc_vd100/inst/u_inner/u_inner/gen_core[0].u_core/u_mac_array/i_/i_/O
                         net (fo=4418, routed)        6.919    12.039    design_1_i/u_mc_vd100/inst/u_inner/u_inner/gen_core[0].u_core/u_mac_array/gen_col[2].u_col/gen_pe[12].u_pe/E[0]
    SLICE_X12Y229        FDRE                                         r  design_1_i/u_mc_vd100/inst/u_inner/u_inner/gen_core[0].u_core/u_mac_array/gen_col[2].u_col/gen_pe[12].u_pe/prod_out_reg[0]/CE
  -------------------------------------------------------------------    -------------------

                         (clock clkout1_primitive rise edge)
                                                     10.000    10.000 r  
    IOB_X14Y0            IBUFDS                       0.000    10.000 r  design_1_i/util_ds_buf_0/U0/USE_IBUFDS.GEN_IBUFDS[0].IBUFDS_I/O
                         net (fo=2, routed)           0.522    10.522    design_1_i/clk_wizard_0/inst/clock_primitive_inst/clk_in1
    MMCM_X1Y0            MMCME5 (Prop_MMCM_CLKIN1_CLKOUT0)
                                                      0.000    10.522 r  design_1_i/clk_wizard_0/inst/clock_primitive_inst/MMCME5_inst/CLKOUT0
                         net (fo=1, routed)           0.361    10.883    design_1_i/clk_wizard_0/inst/clock_primitive_inst/clkout1_primitive
    BUFGCE_X1Y23         BUFGCE (Prop_BUFCE_BUFGCE_I_O)
                                                      0.066    10.949 r  design_1_i/clk_wizard_0/inst/clock_primitive_inst/BUFG_clkout1_inst/O
    X1Y2 (CLOCK_ROOT)    net (fo=58867, routed)       2.500    13.449    design_1_i/u_mc_vd100/inst/u_inner/u_inner/gen_core[0].u_core/u_mac_array/gen_col[2].u_col/gen_pe[12].u_pe/clk
    SLICE_X12Y229        FDRE                                         r  design_1_i/u_mc_vd100/inst/u_inner/u_inner/gen_core[0].u_core/u_mac_array/gen_col[2].u_col/gen_pe[12].u_pe/prod_out_reg[0]/C
                         clock pessimism              0.382    13.831    
                         clock uncertainty           -0.069    13.762    
    SLICE_X12Y229        FDRE (Setup_AFF_SLICEL_C_CE)
                                                     -0.070    13.692    design_1_i/u_mc_vd100/inst/u_inner/u_inner/gen_core[0].u_core/u_mac_array/gen_col[2].u_col/gen_pe[12].u_pe/prod_out_reg[0]
  -------------------------------------------------------------------
                         required time                         13.692    
                         arrival time                         -12.039    
  -------------------------------------------------------------------
                         slack                                  1.653    

Slack (MET) :             1.653ns  (required time - arrival time)
  Source:                 design_1_i/u_mc_vd100/inst/u_inner/u_inner/gen_core[0].u_core/u_bias_rf/state_reg[1]/C
                            (rising edge-triggered cell FDRE clocked by clkout1_primitive  {rise@0.000ns fall@5.000ns period=10.000ns})
  Destination:            design_1_i/u_mc_vd100/inst/u_inner/u_inner/gen_core[0].u_core/u_mac_array/gen_col[2].u_col/gen_pe[12].u_pe/prod_out_reg[1]/CE
                            (rising edge-triggered cell FDRE clocked by clkout1_primitive  {rise@0.000ns fall@5.000ns period=10.000ns})
  Path Group:             clkout1_primitive
  Path Type:              Setup (Max at Slow Process Corner)
  Requirement:            10.000ns  (clkout1_primitive rise@10.000ns - clkout1_primitive rise@0.000ns)
  Data Path Delay:        7.948ns  (logic 0.388ns (4.881%)  route 7.560ns (95.119%))
  Logic Levels:           3  (LUT2=2 LUT5=1)
  Clock Path Skew:        -0.259ns (DCD - SCD + CPR)
    Destination Clock Delay (DCD):    3.449ns = ( 13.449 - 10.000 ) 
    Source Clock Delay      (SCD):    4.090ns
    Clock Pessimism Removal (CPR):    0.382ns
  Clock Uncertainty:      0.069ns  (CJ)/2 + PE + PJ
    Clock Jitter             (CJ):    0.138ns
    Phase Error              (PE):    0.000ns
    Phase Jitter             (PJ):    0.000ns
  Clock Net Delay (Source):      2.868ns (routing 0.673ns, distribution 2.195ns)
  Clock Net Delay (Destination): 2.500ns (routing 0.564ns, distribution 1.936ns)

    Location             Delay type                Incr(ns)  Path(ns)    Netlist Resource(s)
  -------------------------------------------------------------------    -------------------
                         (clock clkout1_primitive rise edge)
                                                      0.000     0.000 r  
    IOB_X14Y0            IBUFDS                       0.000     0.000 r  design_1_i/util_ds_buf_0/U0/USE_IBUFDS.GEN_IBUFDS[0].IBUFDS_I/O
                         net (fo=2, routed)           0.622     0.622    design_1_i/clk_wizard_0/inst/clock_primitive_inst/clk_in1
    MMCM_X1Y0            MMCME5 (Prop_MMCM_CLKIN1_CLKOUT0)
                                                      0.070     0.692 r  design_1_i/clk_wizard_0/inst/clock_primitive_inst/MMCME5_inst/CLKOUT0
                         net (fo=1, routed)           0.445     1.137    design_1_i/clk_wizard_0/inst/clock_primitive_inst/clkout1_primitive
    BUFGCE_X1Y23         BUFGCE (Prop_BUFCE_BUFGCE_I_O)
                                                      0.085     1.222 r  design_1_i/clk_wizard_0/inst/clock_primitive_inst/BUFG_clkout1_inst/O
    X1Y2 (CLOCK_ROOT)    net (fo=58867, routed)       2.868     4.090    design_1_i/u_mc_vd100/inst/u_inner/u_inner/gen_core[0].u_core/u_bias_rf/clk
    SLICE_X85Y164        FDRE                                         r  design_1_i/u_mc_vd100/inst/u_inner/u_inner/gen_core[0].u_core/u_bias_rf/state_reg[1]/C
  -------------------------------------------------------------------    -------------------
    SLICE_X85Y164        FDRE (Prop_AFF2_SLICEM_C_Q)
                                                      0.110     4.200 r  design_1_i/u_mc_vd100/inst/u_inner/u_inner/gen_core[0].u_core/u_bias_rf/state_reg[1]/Q
                         net (fo=19, routed)          0.285     4.485    design_1_i/u_mc_vd100/inst/u_inner/u_inner/gen_core[0].u_core/u_bias_rf/state_reg_n_0_[1]
    SLICE_X84Y164        LUT2 (Prop_D6LUT_SLICEL_I1_O)
                                                      0.132     4.617 r  design_1_i/u_mc_vd100/inst/u_inner/u_inner/gen_core[0].u_core/u_bias_rf/i__i_2/O
                         net (fo=4, routed)           0.195     4.812    design_1_i/u_mc_vd100/inst/u_inner/u_inner/gen_core[0].u_core/u_ofb_writer/bias_ready_wire
    SLICE_X84Y162        LUT5 (Prop_D6LUT_SLICEL_I3_O)
                                                      0.067     4.879 r  design_1_i/u_mc_vd100/inst/u_inner/u_inner/gen_core[0].u_core/u_ofb_writer/i__i_1/O
                         net (fo=5, routed)           0.162     5.041    design_1_i/u_mc_vd100/inst/u_inner/u_inner/gen_core[0].u_core/u_mac_array/psum_in_ready
    SLICE_X84Y162        LUT2 (Prop_E6LUT_SLICEL_I0_O)
                                                      0.079     5.120 r  design_1_i/u_mc_vd100/inst/u_inner/u_inner/gen_core[0].u_core/u_mac_array/i_/i_/O
                         net (fo=4418, routed)        6.919    12.039    design_1_i/u_mc_vd100/inst/u_inner/u_inner/gen_core[0].u_core/u_mac_array/gen_col[2].u_col/gen_pe[12].u_pe/E[0]
    SLICE_X12Y229        FDRE                                         r  design_1_i/u_mc_vd100/inst/u_inner/u_inner/gen_core[0].u_core/u_mac_array/gen_col[2].u_col/gen_pe[12].u_pe/prod_out_reg[1]/CE
  -------------------------------------------------------------------    -------------------

                         (clock clkout1_primitive rise edge)
                                                     10.000    10.000 r  
    IOB_X14Y0            IBUFDS                       0.000    10.000 r  design_1_i/util_ds_buf_0/U0/USE_IBUFDS.GEN_IBUFDS[0].IBUFDS_I/O
                         net (fo=2, routed)           0.522    10.522    design_1_i/clk_wizard_0/inst/clock_primitive_inst/clk_in1
    MMCM_X1Y0            MMCME5 (Prop_MMCM_CLKIN1_CLKOUT0)
                                                      0.000    10.522 r  design_1_i/clk_wizard_0/inst/clock_primitive_inst/MMCME5_inst/CLKOUT0
                         net (fo=1, routed)           0.361    10.883    design_1_i/clk_wizard_0/inst/clock_primitive_inst/clkout1_primitive
    BUFGCE_X1Y23         BUFGCE (Prop_BUFCE_BUFGCE_I_O)
                                                      0.066    10.949 r  design_1_i/clk_wizard_0/inst/clock_primitive_inst/BUFG_clkout1_inst/O
    X1Y2 (CLOCK_ROOT)    net (fo=58867, routed)       2.500    13.449    design_1_i/u_mc_vd100/inst/u_inner/u_inner/gen_core[0].u_core/u_mac_array/gen_col[2].u_col/gen_pe[12].u_pe/clk
    SLICE_X12Y229        FDRE                                         r  design_1_i/u_mc_vd100/inst/u_inner/u_inner/gen_core[0].u_core/u_mac_array/gen_col[2].u_col/gen_pe[12].u_pe/prod_out_reg[1]/C
                         clock pessimism              0.382    13.831    
                         clock uncertainty           -0.069    13.762    
    SLICE_X12Y229        FDRE (Setup_BFF_SLICEL_C_CE)
                                                     -0.070    13.692    design_1_i/u_mc_vd100/inst/u_inner/u_inner/gen_core[0].u_core/u_mac_array/gen_col[2].u_col/gen_pe[12].u_pe/prod_out_reg[1]
  -------------------------------------------------------------------
                         required time                         13.692    
                         arrival time                         -12.039    
  -------------------------------------------------------------------
                         slack                                  1.653    

Slack (MET) :             1.660ns  (required time - arrival time)
  Source:                 design_1_i/u_mc_vd100/inst/u_inner/u_inner/gen_core[0].u_core/u_bias_rf/state_reg[1]/C
                            (rising edge-triggered cell FDRE clocked by clkout1_primitive  {rise@0.000ns fall@5.000ns period=10.000ns})
  Destination:            design_1_i/u_mc_vd100/inst/u_inner/u_inner/gen_core[0].u_core/u_mac_array/gen_col[3].u_col/gen_pe[2].u_pe/prod_out_reg[0]/CE
                            (rising edge-triggered cell FDRE clocked by clkout1_primitive  {rise@0.000ns fall@5.000ns period=10.000ns})
  Path Group:             clkout1_primitive
  Path Type:              Setup (Max at Slow Process Corner)
  Requirement:            10.000ns  (clkout1_primitive rise@10.000ns - clkout1_primitive rise@0.000ns)
  Data Path Delay:        7.937ns  (logic 0.388ns (4.889%)  route 7.549ns (95.111%))
  Logic Levels:           3  (LUT2=2 LUT5=1)
  Clock Path Skew:        -0.264ns (DCD - SCD + CPR)
    Destination Clock Delay (DCD):    3.444ns = ( 13.444 - 10.000 ) 
    Source Clock Delay      (SCD):    4.090ns
    Clock Pessimism Removal (CPR):    0.382ns
  Clock Uncertainty:      0.069ns  (CJ)/2 + PE + PJ
    Clock Jitter             (CJ):    0.138ns
    Phase Error              (PE):    0.000ns
    Phase Jitter             (PJ):    0.000ns
  Clock Net Delay (Source):      2.868ns (routing 0.673ns, distribution 2.195ns)
  Clock Net Delay (Destination): 2.495ns (routing 0.564ns, distribution 1.931ns)

    Location             Delay type                Incr(ns)  Path(ns)    Netlist Resource(s)
  -------------------------------------------------------------------    -------------------
                         (clock clkout1_primitive rise edge)
                                                      0.000     0.000 r  
    IOB_X14Y0            IBUFDS                       0.000     0.000 r  design_1_i/util_ds_buf_0/U0/USE_IBUFDS.GEN_IBUFDS[0].IBUFDS_I/O
                         net (fo=2, routed)           0.622     0.622    design_1_i/clk_wizard_0/inst/clock_primitive_inst/clk_in1
    MMCM_X1Y0            MMCME5 (Prop_MMCM_CLKIN1_CLKOUT0)
                                                      0.070     0.692 r  design_1_i/clk_wizard_0/inst/clock_primitive_inst/MMCME5_inst/CLKOUT0
                         net (fo=1, routed)           0.445     1.137    design_1_i/clk_wizard_0/inst/clock_primitive_inst/clkout1_primitive
    BUFGCE_X1Y23         BUFGCE (Prop_BUFCE_BUFGCE_I_O)
                                                      0.085     1.222 r  design_1_i/clk_wizard_0/inst/clock_primitive_inst/BUFG_clkout1_inst/O
    X1Y2 (CLOCK_ROOT)    net (fo=58867, routed)       2.868     4.090    design_1_i/u_mc_vd100/inst/u_inner/u_inner/gen_core[0].u_core/u_bias_rf/clk
    SLICE_X85Y164        FDRE                                         r  design_1_i/u_mc_vd100/inst/u_inner/u_inner/gen_core[0].u_core/u_bias_rf/state_reg[1]/C
  -------------------------------------------------------------------    -------------------
    SLICE_X85Y164        FDRE (Prop_AFF2_SLICEM_C_Q)
                                                      0.110     4.200 r  design_1_i/u_mc_vd100/inst/u_inner/u_inner/gen_core[0].u_core/u_bias_rf/state_reg[1]/Q
                         net (fo=19, routed)          0.285     4.485    design_1_i/u_mc_vd100/inst/u_inner/u_inner/gen_core[0].u_core/u_bias_rf/state_reg_n_0_[1]
    SLICE_X84Y164        LUT2 (Prop_D6LUT_SLICEL_I1_O)
                                                      0.132     4.617 r  design_1_i/u_mc_vd100/inst/u_inner/u_inner/gen_core[0].u_core/u_bias_rf/i__i_2/O
                         net (fo=4, routed)           0.195     4.812    design_1_i/u_mc_vd100/inst/u_inner/u_inner/gen_core[0].u_core/u_ofb_writer/bias_ready_wire
    SLICE_X84Y162        LUT5 (Prop_D6LUT_SLICEL_I3_O)
                                                      0.067     4.879 r  design_1_i/u_mc_vd100/inst/u_inner/u_inner/gen_core[0].u_core/u_ofb_writer/i__i_1/O
                         net (fo=5, routed)           0.162     5.041    design_1_i/u_mc_vd100/inst/u_inner/u_inner/gen_core[0].u_core/u_mac_array/psum_in_ready
    SLICE_X84Y162        LUT2 (Prop_E6LUT_SLICEL_I0_O)
                                                      0.079     5.120 r  design_1_i/u_mc_vd100/inst/u_inner/u_inner/gen_core[0].u_core/u_mac_array/i_/i_/O
                         net (fo=4418, routed)        6.907    12.027    design_1_i/u_mc_vd100/inst/u_inner/u_inner/gen_core[0].u_core/u_mac_array/gen_col[3].u_col/gen_pe[2].u_pe/E[0]
    SLICE_X4Y217         FDRE                                         r  design_1_i/u_mc_vd100/inst/u_inner/u_inner/gen_core[0].u_core/u_mac_array/gen_col[3].u_col/gen_pe[2].u_pe/prod_out_reg[0]/CE
  -------------------------------------------------------------------    -------------------

                         (clock clkout1_primitive rise edge)
                                                     10.000    10.000 r  
    IOB_X14Y0            IBUFDS                       0.000    10.000 r  design_1_i/util_ds_buf_0/U0/USE_IBUFDS.GEN_IBUFDS[0].IBUFDS_I/O
                         net (fo=2, routed)           0.522    10.522    design_1_i/clk_wizard_0/inst/clock_primitive_inst/clk_in1
    MMCM_X1Y0            MMCME5 (Prop_MMCM_CLKIN1_CLKOUT0)
                                                      0.000    10.522 r  design_1_i/clk_wizard_0/inst/clock_primitive_inst/MMCME5_inst/CLKOUT0
                         net (fo=1, routed)           0.361    10.883    design_1_i/clk_wizard_0/inst/clock_primitive_inst/clkout1_primitive
    BUFGCE_X1Y23         BUFGCE (Prop_BUFCE_BUFGCE_I_O)
                                                      0.066    10.949 r  design_1_i/clk_wizard_0/inst/clock_primitive_inst/BUFG_clkout1_inst/O
    X1Y2 (CLOCK_ROOT)    net (fo=58867, routed)       2.495    13.444    design_1_i/u_mc_vd100/inst/u_inner/u_inner/gen_core[0].u_core/u_mac_array/gen_col[3].u_col/gen_pe[2].u_pe/clk
    SLICE_X4Y217         FDRE                                         r  design_1_i/u_mc_vd100/inst/u_inner/u_inner/gen_core[0].u_core/u_mac_array/gen_col[3].u_col/gen_pe[2].u_pe/prod_out_reg[0]/C
                         clock pessimism              0.382    13.826    
                         clock uncertainty           -0.069    13.757    
    SLICE_X4Y217         FDRE (Setup_AFF_SLICEL_C_CE)
                                                     -0.070    13.687    design_1_i/u_mc_vd100/inst/u_inner/u_inner/gen_core[0].u_core/u_mac_array/gen_col[3].u_col/gen_pe[2].u_pe/prod_out_reg[0]
  -------------------------------------------------------------------
                         required time                         13.687    
                         arrival time                         -12.027    
  -------------------------------------------------------------------
                         slack                                  1.660    

Slack (MET) :             1.660ns  (required time - arrival time)
  Source:                 design_1_i/u_mc_vd100/inst/u_inner/u_inner/gen_core[0].u_core/u_bias_rf/state_reg[1]/C
                            (rising edge-triggered cell FDRE clocked by clkout1_primitive  {rise@0.000ns fall@5.000ns period=10.000ns})
  Destination:            design_1_i/u_mc_vd100/inst/u_inner/u_inner/gen_core[0].u_core/u_mac_array/gen_col[3].u_col/gen_pe[2].u_pe/prod_out_reg[1]/CE
                            (rising edge-triggered cell FDRE clocked by clkout1_primitive  {rise@0.000ns fall@5.000ns period=10.000ns})
  Path Group:             clkout1_primitive
  Path Type:              Setup (Max at Slow Process Corner)
  Requirement:            10.000ns  (clkout1_primitive rise@10.000ns - clkout1_primitive rise@0.000ns)
  Data Path Delay:        7.937ns  (logic 0.388ns (4.889%)  route 7.549ns (95.111%))
  Logic Levels:           3  (LUT2=2 LUT5=1)
  Clock Path Skew:        -0.264ns (DCD - SCD + CPR)
    Destination Clock Delay (DCD):    3.444ns = ( 13.444 - 10.000 ) 
    Source Clock Delay      (SCD):    4.090ns
    Clock Pessimism Removal (CPR):    0.382ns
  Clock Uncertainty:      0.069ns  (CJ)/2 + PE + PJ
    Clock Jitter             (CJ):    0.138ns
    Phase Error              (PE):    0.000ns
    Phase Jitter             (PJ):    0.000ns
  Clock Net Delay (Source):      2.868ns (routing 0.673ns, distribution 2.195ns)
  Clock Net Delay (Destination): 2.495ns (routing 0.564ns, distribution 1.931ns)

    Location             Delay type                Incr(ns)  Path(ns)    Netlist Resource(s)
  -------------------------------------------------------------------    -------------------
                         (clock clkout1_primitive rise edge)
                                                      0.000     0.000 r  
    IOB_X14Y0            IBUFDS                       0.000     0.000 r  design_1_i/util_ds_buf_0/U0/USE_IBUFDS.GEN_IBUFDS[0].IBUFDS_I/O
                         net (fo=2, routed)           0.622     0.622    design_1_i/clk_wizard_0/inst/clock_primitive_inst/clk_in1
    MMCM_X1Y0            MMCME5 (Prop_MMCM_CLKIN1_CLKOUT0)
                                                      0.070     0.692 r  design_1_i/clk_wizard_0/inst/clock_primitive_inst/MMCME5_inst/CLKOUT0
                         net (fo=1, routed)           0.445     1.137    design_1_i/clk_wizard_0/inst/clock_primitive_inst/clkout1_primitive
    BUFGCE_X1Y23         BUFGCE (Prop_BUFCE_BUFGCE_I_O)
                                                      0.085     1.222 r  design_1_i/clk_wizard_0/inst/clock_primitive_inst/BUFG_clkout1_inst/O
    X1Y2 (CLOCK_ROOT)    net (fo=58867, routed)       2.868     4.090    design_1_i/u_mc_vd100/inst/u_inner/u_inner/gen_core[0].u_core/u_bias_rf/clk
    SLICE_X85Y164        FDRE                                         r  design_1_i/u_mc_vd100/inst/u_inner/u_inner/gen_core[0].u_core/u_bias_rf/state_reg[1]/C
  -------------------------------------------------------------------    -------------------
    SLICE_X85Y164        FDRE (Prop_AFF2_SLICEM_C_Q)
                                                      0.110     4.200 r  design_1_i/u_mc_vd100/inst/u_inner/u_inner/gen_core[0].u_core/u_bias_rf/state_reg[1]/Q
                         net (fo=19, routed)          0.285     4.485    design_1_i/u_mc_vd100/inst/u_inner/u_inner/gen_core[0].u_core/u_bias_rf/state_reg_n_0_[1]
    SLICE_X84Y164        LUT2 (Prop_D6LUT_SLICEL_I1_O)
                                                      0.132     4.617 r  design_1_i/u_mc_vd100/inst/u_inner/u_inner/gen_core[0].u_core/u_bias_rf/i__i_2/O
                         net (fo=4, routed)           0.195     4.812    design_1_i/u_mc_vd100/inst/u_inner/u_inner/gen_core[0].u_core/u_ofb_writer/bias_ready_wire
    SLICE_X84Y162        LUT5 (Prop_D6LUT_SLICEL_I3_O)
                                                      0.067     4.879 r  design_1_i/u_mc_vd100/inst/u_inner/u_inner/gen_core[0].u_core/u_ofb_writer/i__i_1/O
                         net (fo=5, routed)           0.162     5.041    design_1_i/u_mc_vd100/inst/u_inner/u_inner/gen_core[0].u_core/u_mac_array/psum_in_ready
    SLICE_X84Y162        LUT2 (Prop_E6LUT_SLICEL_I0_O)
                                                      0.079     5.120 r  design_1_i/u_mc_vd100/inst/u_inner/u_inner/gen_core[0].u_core/u_mac_array/i_/i_/O
                         net (fo=4418, routed)        6.907    12.027    design_1_i/u_mc_vd100/inst/u_inner/u_inner/gen_core[0].u_core/u_mac_array/gen_col[3].u_col/gen_pe[2].u_pe/E[0]
    SLICE_X4Y217         FDRE                                         r  design_1_i/u_mc_vd100/inst/u_inner/u_inner/gen_core[0].u_core/u_mac_array/gen_col[3].u_col/gen_pe[2].u_pe/prod_out_reg[1]/CE
  -------------------------------------------------------------------    -------------------

                         (clock clkout1_primitive rise edge)
                                                     10.000    10.000 r  
    IOB_X14Y0            IBUFDS                       0.000    10.000 r  design_1_i/util_ds_buf_0/U0/USE_IBUFDS.GEN_IBUFDS[0].IBUFDS_I/O
                         net (fo=2, routed)           0.522    10.522    design_1_i/clk_wizard_0/inst/clock_primitive_inst/clk_in1
    MMCM_X1Y0            MMCME5 (Prop_MMCM_CLKIN1_CLKOUT0)
                                                      0.000    10.522 r  design_1_i/clk_wizard_0/inst/clock_primitive_inst/MMCME5_inst/CLKOUT0
                         net (fo=1, routed)           0.361    10.883    design_1_i/clk_wizard_0/inst/clock_primitive_inst/clkout1_primitive
    BUFGCE_X1Y23         BUFGCE (Prop_BUFCE_BUFGCE_I_O)
                                                      0.066    10.949 r  design_1_i/clk_wizard_0/inst/clock_primitive_inst/BUFG_clkout1_inst/O
    X1Y2 (CLOCK_ROOT)    net (fo=58867, routed)       2.495    13.444    design_1_i/u_mc_vd100/inst/u_inner/u_inner/gen_core[0].u_core/u_mac_array/gen_col[3].u_col/gen_pe[2].u_pe/clk
    SLICE_X4Y217         FDRE                                         r  design_1_i/u_mc_vd100/inst/u_inner/u_inner/gen_core[0].u_core/u_mac_array/gen_col[3].u_col/gen_pe[2].u_pe/prod_out_reg[1]/C
                         clock pessimism              0.382    13.826    
                         clock uncertainty           -0.069    13.757    
    SLICE_X4Y217         FDRE (Setup_BFF_SLICEL_C_CE)
                                                     -0.070    13.687    design_1_i/u_mc_vd100/inst/u_inner/u_inner/gen_core[0].u_core/u_mac_array/gen_col[3].u_col/gen_pe[2].u_pe/prod_out_reg[1]
  -------------------------------------------------------------------
                         required time                         13.687    
                         arrival time                         -12.027    
  -------------------------------------------------------------------
                         slack                                  1.660    

Slack (MET) :             1.702ns  (required time - arrival time)
  Source:                 design_1_i/u_mc_vd100/inst/u_inner/u_inner/gen_core[0].u_core/u_bias_rf/state_reg[1]/C
                            (rising edge-triggered cell FDRE clocked by clkout1_primitive  {rise@0.000ns fall@5.000ns period=10.000ns})
  Destination:            design_1_i/u_mc_vd100/inst/u_inner/u_inner/gen_core[0].u_core/u_mac_array/gen_col[1].u_col/gen_pe[3].u_pe/prod_out_reg[0]/CE
                            (rising edge-triggered cell FDRE clocked by clkout1_primitive  {rise@0.000ns fall@5.000ns period=10.000ns})
  Path Group:             clkout1_primitive
  Path Type:              Setup (Max at Slow Process Corner)
  Requirement:            10.000ns  (clkout1_primitive rise@10.000ns - clkout1_primitive rise@0.000ns)
  Data Path Delay:        7.863ns  (logic 0.388ns (4.935%)  route 7.475ns (95.065%))
  Logic Levels:           3  (LUT2=2 LUT5=1)
  Clock Path Skew:        -0.296ns (DCD - SCD + CPR)
    Destination Clock Delay (DCD):    3.412ns = ( 13.412 - 10.000 ) 
    Source Clock Delay      (SCD):    4.090ns
    Clock Pessimism Removal (CPR):    0.382ns
  Clock Uncertainty:      0.069ns  (CJ)/2 + PE + PJ
    Clock Jitter             (CJ):    0.138ns
    Phase Error              (PE):    0.000ns
    Phase Jitter             (PJ):    0.000ns
  Clock Net Delay (Source):      2.868ns (routing 0.673ns, distribution 2.195ns)
  Clock Net Delay (Destination): 2.463ns (routing 0.564ns, distribution 1.899ns)

    Location             Delay type                Incr(ns)  Path(ns)    Netlist Resource(s)
  -------------------------------------------------------------------    -------------------
                         (clock clkout1_primitive rise edge)
                                                      0.000     0.000 r  
    IOB_X14Y0            IBUFDS                       0.000     0.000 r  design_1_i/util_ds_buf_0/U0/USE_IBUFDS.GEN_IBUFDS[0].IBUFDS_I/O
                         net (fo=2, routed)           0.622     0.622    design_1_i/clk_wizard_0/inst/clock_primitive_inst/clk_in1
    MMCM_X1Y0            MMCME5 (Prop_MMCM_CLKIN1_CLKOUT0)
                                                      0.070     0.692 r  design_1_i/clk_wizard_0/inst/clock_primitive_inst/MMCME5_inst/CLKOUT0
                         net (fo=1, routed)           0.445     1.137    design_1_i/clk_wizard_0/inst/clock_primitive_inst/clkout1_primitive
    BUFGCE_X1Y23         BUFGCE (Prop_BUFCE_BUFGCE_I_O)
                                                      0.085     1.222 r  design_1_i/clk_wizard_0/inst/clock_primitive_inst/BUFG_clkout1_inst/O
    X1Y2 (CLOCK_ROOT)    net (fo=58867, routed)       2.868     4.090    design_1_i/u_mc_vd100/inst/u_inner/u_inner/gen_core[0].u_core/u_bias_rf/clk
    SLICE_X85Y164        FDRE                                         r  design_1_i/u_mc_vd100/inst/u_inner/u_inner/gen_core[0].u_core/u_bias_rf/state_reg[1]/C
  -------------------------------------------------------------------    -------------------
    SLICE_X85Y164        FDRE (Prop_AFF2_SLICEM_C_Q)
                                                      0.110     4.200 r  design_1_i/u_mc_vd100/inst/u_inner/u_inner/gen_core[0].u_core/u_bias_rf/state_reg[1]/Q
                         net (fo=19, routed)          0.285     4.485    design_1_i/u_mc_vd100/inst/u_inner/u_inner/gen_core[0].u_core/u_bias_rf/state_reg_n_0_[1]
    SLICE_X84Y164        LUT2 (Prop_D6LUT_SLICEL_I1_O)
                                                      0.132     4.617 r  design_1_i/u_mc_vd100/inst/u_inner/u_inner/gen_core[0].u_core/u_bias_rf/i__i_2/O
                         net (fo=4, routed)           0.195     4.812    design_1_i/u_mc_vd100/inst/u_inner/u_inner/gen_core[0].u_core/u_ofb_writer/bias_ready_wire
    SLICE_X84Y162        LUT5 (Prop_D6LUT_SLICEL_I3_O)
                                                      0.067     4.879 r  design_1_i/u_mc_vd100/inst/u_inner/u_inner/gen_core[0].u_core/u_ofb_writer/i__i_1/O
                         net (fo=5, routed)           0.162     5.041    design_1_i/u_mc_vd100/inst/u_inner/u_inner/gen_core[0].u_core/u_mac_array/psum_in_ready
    SLICE_X84Y162        LUT2 (Prop_E6LUT_SLICEL_I0_O)
                                                      0.079     5.120 r  design_1_i/u_mc_vd100/inst/u_inner/u_inner/gen_core[0].u_core/u_mac_array/i_/i_/O
                         net (fo=4418, routed)        6.833    11.953    design_1_i/u_mc_vd100/inst/u_inner/u_inner/gen_core[0].u_core/u_mac_array/gen_col[1].u_col/gen_pe[3].u_pe/E[0]
    SLICE_X3Y199         FDRE                                         r  design_1_i/u_mc_vd100/inst/u_inner/u_inner/gen_core[0].u_core/u_mac_array/gen_col[1].u_col/gen_pe[3].u_pe/prod_out_reg[0]/CE
  -------------------------------------------------------------------    -------------------

                         (clock clkout1_primitive rise edge)
                                                     10.000    10.000 r  
    IOB_X14Y0            IBUFDS                       0.000    10.000 r  design_1_i/util_ds_buf_0/U0/USE_IBUFDS.GEN_IBUFDS[0].IBUFDS_I/O
                         net (fo=2, routed)           0.522    10.522    design_1_i/clk_wizard_0/inst/clock_primitive_inst/clk_in1
    MMCM_X1Y0            MMCME5 (Prop_MMCM_CLKIN1_CLKOUT0)
                                                      0.000    10.522 r  design_1_i/clk_wizard_0/inst/clock_primitive_inst/MMCME5_inst/CLKOUT0
                         net (fo=1, routed)           0.361    10.883    design_1_i/clk_wizard_0/inst/clock_primitive_inst/clkout1_primitive
    BUFGCE_X1Y23         BUFGCE (Prop_BUFCE_BUFGCE_I_O)
                                                      0.066    10.949 r  design_1_i/clk_wizard_0/inst/clock_primitive_inst/BUFG_clkout1_inst/O
    X1Y2 (CLOCK_ROOT)    net (fo=58867, routed)       2.463    13.412    design_1_i/u_mc_vd100/inst/u_inner/u_inner/gen_core[0].u_core/u_mac_array/gen_col[1].u_col/gen_pe[3].u_pe/clk
    SLICE_X3Y199         FDRE                                         r  design_1_i/u_mc_vd100/inst/u_inner/u_inner/gen_core[0].u_core/u_mac_array/gen_col[1].u_col/gen_pe[3].u_pe/prod_out_reg[0]/C
                         clock pessimism              0.382    13.794    
                         clock uncertainty           -0.069    13.725    
    SLICE_X3Y199         FDRE (Setup_AFF_SLICEM_C_CE)
                                                     -0.070    13.655    design_1_i/u_mc_vd100/inst/u_inner/u_inner/gen_core[0].u_core/u_mac_array/gen_col[1].u_col/gen_pe[3].u_pe/prod_out_reg[0]
  -------------------------------------------------------------------
                         required time                         13.655    
                         arrival time                         -11.953    
  -------------------------------------------------------------------
                         slack                                  1.702    

Slack (MET) :             1.702ns  (required time - arrival time)
  Source:                 design_1_i/u_mc_vd100/inst/u_inner/u_inner/gen_core[0].u_core/u_bias_rf/state_reg[1]/C
                            (rising edge-triggered cell FDRE clocked by clkout1_primitive  {rise@0.000ns fall@5.000ns period=10.000ns})
  Destination:            design_1_i/u_mc_vd100/inst/u_inner/u_inner/gen_core[0].u_core/u_mac_array/gen_col[1].u_col/gen_pe[3].u_pe/prod_out_reg[1]/CE
                            (rising edge-triggered cell FDRE clocked by clkout1_primitive  {rise@0.000ns fall@5.000ns period=10.000ns})
  Path Group:             clkout1_primitive
  Path Type:              Setup (Max at Slow Process Corner)
  Requirement:            10.000ns  (clkout1_primitive rise@10.000ns - clkout1_primitive rise@0.000ns)
  Data Path Delay:        7.863ns  (logic 0.388ns (4.935%)  route 7.475ns (95.065%))
  Logic Levels:           3  (LUT2=2 LUT5=1)
  Clock Path Skew:        -0.296ns (DCD - SCD + CPR)
    Destination Clock Delay (DCD):    3.412ns = ( 13.412 - 10.000 ) 
    Source Clock Delay      (SCD):    4.090ns
    Clock Pessimism Removal (CPR):    0.382ns
  Clock Uncertainty:      0.069ns  (CJ)/2 + PE + PJ
    Clock Jitter             (CJ):    0.138ns
    Phase Error              (PE):    0.000ns
    Phase Jitter             (PJ):    0.000ns
  Clock Net Delay (Source):      2.868ns (routing 0.673ns, distribution 2.195ns)
  Clock Net Delay (Destination): 2.463ns (routing 0.564ns, distribution 1.899ns)

    Location             Delay type                Incr(ns)  Path(ns)    Netlist Resource(s)
  -------------------------------------------------------------------    -------------------
                         (clock clkout1_primitive rise edge)
                                                      0.000     0.000 r  
    IOB_X14Y0            IBUFDS                       0.000     0.000 r  design_1_i/util_ds_buf_0/U0/USE_IBUFDS.GEN_IBUFDS[0].IBUFDS_I/O
                         net (fo=2, routed)           0.622     0.622    design_1_i/clk_wizard_0/inst/clock_primitive_inst/clk_in1
    MMCM_X1Y0            MMCME5 (Prop_MMCM_CLKIN1_CLKOUT0)
                                                      0.070     0.692 r  design_1_i/clk_wizard_0/inst/clock_primitive_inst/MMCME5_inst/CLKOUT0
                         net (fo=1, routed)           0.445     1.137    design_1_i/clk_wizard_0/inst/clock_primitive_inst/clkout1_primitive
    BUFGCE_X1Y23         BUFGCE (Prop_BUFCE_BUFGCE_I_O)
                                                      0.085     1.222 r  design_1_i/clk_wizard_0/inst/clock_primitive_inst/BUFG_clkout1_inst/O
    X1Y2 (CLOCK_ROOT)    net (fo=58867, routed)       2.868     4.090    design_1_i/u_mc_vd100/inst/u_inner/u_inner/gen_core[0].u_core/u_bias_rf/clk
    SLICE_X85Y164        FDRE                                         r  design_1_i/u_mc_vd100/inst/u_inner/u_inner/gen_core[0].u_core/u_bias_rf/state_reg[1]/C
  -------------------------------------------------------------------    -------------------
    SLICE_X85Y164        FDRE (Prop_AFF2_SLICEM_C_Q)
                                                      0.110     4.200 r  design_1_i/u_mc_vd100/inst/u_inner/u_inner/gen_core[0].u_core/u_bias_rf/state_reg[1]/Q
                         net (fo=19, routed)          0.285     4.485    design_1_i/u_mc_vd100/inst/u_inner/u_inner/gen_core[0].u_core/u_bias_rf/state_reg_n_0_[1]
    SLICE_X84Y164        LUT2 (Prop_D6LUT_SLICEL_I1_O)
                                                      0.132     4.617 r  design_1_i/u_mc_vd100/inst/u_inner/u_inner/gen_core[0].u_core/u_bias_rf/i__i_2/O
                         net (fo=4, routed)           0.195     4.812    design_1_i/u_mc_vd100/inst/u_inner/u_inner/gen_core[0].u_core/u_ofb_writer/bias_ready_wire
    SLICE_X84Y162        LUT5 (Prop_D6LUT_SLICEL_I3_O)
                                                      0.067     4.879 r  design_1_i/u_mc_vd100/inst/u_inner/u_inner/gen_core[0].u_core/u_ofb_writer/i__i_1/O
                         net (fo=5, routed)           0.162     5.041    design_1_i/u_mc_vd100/inst/u_inner/u_inner/gen_core[0].u_core/u_mac_array/psum_in_ready
    SLICE_X84Y162        LUT2 (Prop_E6LUT_SLICEL_I0_O)
                                                      0.079     5.120 r  design_1_i/u_mc_vd100/inst/u_inner/u_inner/gen_core[0].u_core/u_mac_array/i_/i_/O
                         net (fo=4418, routed)        6.833    11.953    design_1_i/u_mc_vd100/inst/u_inner/u_inner/gen_core[0].u_core/u_mac_array/gen_col[1].u_col/gen_pe[3].u_pe/E[0]
    SLICE_X3Y199         FDRE                                         r  design_1_i/u_mc_vd100/inst/u_inner/u_inner/gen_core[0].u_core/u_mac_array/gen_col[1].u_col/gen_pe[3].u_pe/prod_out_reg[1]/CE
  -------------------------------------------------------------------    -------------------

                         (clock clkout1_primitive rise edge)
                                                     10.000    10.000 r  
    IOB_X14Y0            IBUFDS                       0.000    10.000 r  design_1_i/util_ds_buf_0/U0/USE_IBUFDS.GEN_IBUFDS[0].IBUFDS_I/O
                         net (fo=2, routed)           0.522    10.522    design_1_i/clk_wizard_0/inst/clock_primitive_inst/clk_in1
    MMCM_X1Y0            MMCME5 (Prop_MMCM_CLKIN1_CLKOUT0)
                                                      0.000    10.522 r  design_1_i/clk_wizard_0/inst/clock_primitive_inst/MMCME5_inst/CLKOUT0
                         net (fo=1, routed)           0.361    10.883    design_1_i/clk_wizard_0/inst/clock_primitive_inst/clkout1_primitive
    BUFGCE_X1Y23         BUFGCE (Prop_BUFCE_BUFGCE_I_O)
                                                      0.066    10.949 r  design_1_i/clk_wizard_0/inst/clock_primitive_inst/BUFG_clkout1_inst/O
    X1Y2 (CLOCK_ROOT)    net (fo=58867, routed)       2.463    13.412    design_1_i/u_mc_vd100/inst/u_inner/u_inner/gen_core[0].u_core/u_mac_array/gen_col[1].u_col/gen_pe[3].u_pe/clk
    SLICE_X3Y199         FDRE                                         r  design_1_i/u_mc_vd100/inst/u_inner/u_inner/gen_core[0].u_core/u_mac_array/gen_col[1].u_col/gen_pe[3].u_pe/prod_out_reg[1]/C
                         clock pessimism              0.382    13.794    
                         clock uncertainty           -0.069    13.725    
    SLICE_X3Y199         FDRE (Setup_BFF_SLICEM_C_CE)
                                                     -0.070    13.655    design_1_i/u_mc_vd100/inst/u_inner/u_inner/gen_core[0].u_core/u_mac_array/gen_col[1].u_col/gen_pe[3].u_pe/prod_out_reg[1]
  -------------------------------------------------------------------
                         required time                         13.655    
                         arrival time                         -11.953    
  -------------------------------------------------------------------
                         slack                                  1.702    





Min Delay Paths
--------------------------------------------------------------------------------------
Slack (MET) :             0.020ns  (arrival time - required time)
  Source:                 design_1_i/u_mc_vd100/inst/u_inner/u_inner/gen_core[0].u_core/u_line_buffer/act_buf_reg_0_31_14_27/RAMB/CLK
                            (rising edge-triggered cell RAMD32 clocked by clkout1_primitive  {rise@0.000ns fall@5.000ns period=10.000ns})
  Destination:            design_1_i/u_mc_vd100/inst/u_inner/u_inner/gen_core[0].u_core/u_mac_array/gen_col[15].u_col/gen_pe[2].u_pe/prod_out_reg[1]/D
                            (rising edge-triggered cell FDRE clocked by clkout1_primitive  {rise@0.000ns fall@5.000ns period=10.000ns})
  Path Group:             clkout1_primitive
  Path Type:              Hold (Min at Fast Process Corner)
  Requirement:            0.000ns  (clkout1_primitive rise@0.000ns - clkout1_primitive rise@0.000ns)
  Data Path Delay:        0.435ns  (logic 0.216ns (49.616%)  route 0.219ns (50.384%))
  Logic Levels:           1  (LUTCY1=1)
  Clock Path Skew:        0.370ns (DCD - SCD - CPR)
    Destination Clock Delay (DCD):    2.839ns
    Source Clock Delay      (SCD):    2.105ns
    Clock Pessimism Removal (CPR):    0.363ns
  Clock Net Delay (Source):      1.536ns (routing 0.376ns, distribution 1.160ns)
  Clock Net Delay (Destination): 1.988ns (routing 0.479ns, distribution 1.509ns)

    Location             Delay type                Incr(ns)  Path(ns)    Netlist Resource(s)
  -------------------------------------------------------------------    -------------------
                         (clock clkout1_primitive rise edge)
                                                      0.000     0.000 r  
    IOB_X14Y0            IBUFDS                       0.000     0.000 r  design_1_i/util_ds_buf_0/U0/USE_IBUFDS.GEN_IBUFDS[0].IBUFDS_I/O
                         net (fo=2, routed)           0.316     0.316    design_1_i/clk_wizard_0/inst/clock_primitive_inst/clk_in1
    MMCM_X1Y0            MMCME5 (Prop_MMCM_CLKIN1_CLKOUT0)
                                                     -0.039     0.277 r  design_1_i/clk_wizard_0/inst/clock_primitive_inst/MMCME5_inst/CLKOUT0
                         net (fo=1, routed)           0.240     0.517    design_1_i/clk_wizard_0/inst/clock_primitive_inst/clkout1_primitive
    BUFGCE_X1Y23         BUFGCE (Prop_BUFCE_BUFGCE_I_O)
                                                      0.052     0.569 r  design_1_i/clk_wizard_0/inst/clock_primitive_inst/BUFG_clkout1_inst/O
    X1Y2 (CLOCK_ROOT)    net (fo=58867, routed)       1.536     2.105    design_1_i/u_mc_vd100/inst/u_inner/u_inner/gen_core[0].u_core/u_line_buffer/act_buf_reg_0_31_14_27/WCLK
    SLICE_X57Y189        RAMD32                                       r  design_1_i/u_mc_vd100/inst/u_inner/u_inner/gen_core[0].u_core/u_line_buffer/act_buf_reg_0_31_14_27/RAMB/CLK
  -------------------------------------------------------------------    -------------------
    SLICE_X57Y189        RAMD32 (Prop_B5LUT_SLICEM_CLK_O)
                                                      0.167     2.272 r  design_1_i/u_mc_vd100/inst/u_inner/u_inner/gen_core[0].u_core/u_line_buffer/act_buf_reg_0_31_14_27/RAMB/O
                         net (fo=272, routed)         0.194     2.466    design_1_i/u_mc_vd100/inst/u_inner/u_inner/gen_core[0].u_core/u_line_buffer/gen_pe[2].u_pe/prod_out_reg[1]_i_1__14/I3
    SLICE_X55Y182        LUTCY1 (Prop_B5LUT_SLICEM_I3_O)
                                                      0.049     2.515 r  design_1_i/u_mc_vd100/inst/u_inner/u_inner/gen_core[0].u_core/u_line_buffer/gen_pe[2].u_pe/prod_out_reg[1]_i_1__14/LUTCY1_INST/O
                         net (fo=1, routed)           0.025     2.540    design_1_i/u_mc_vd100/inst/u_inner/u_inner/gen_core[0].u_core/u_mac_array/gen_col[15].u_col/gen_pe[2].u_pe/prod_out_reg[15]_7[1]
    SLICE_X55Y182        FDRE                                         r  design_1_i/u_mc_vd100/inst/u_inner/u_inner/gen_core[0].u_core/u_mac_array/gen_col[15].u_col/gen_pe[2].u_pe/prod_out_reg[1]/D
  -------------------------------------------------------------------    -------------------

                         (clock clkout1_primitive rise edge)
                                                      0.000     0.000 r  
    IOB_X14Y0            IBUFDS                       0.000     0.000 r  design_1_i/util_ds_buf_0/U0/USE_IBUFDS.GEN_IBUFDS[0].IBUFDS_I/O
                         net (fo=2, routed)           0.425     0.425    design_1_i/clk_wizard_0/inst/clock_primitive_inst/clk_in1
    MMCM_X1Y0            MMCME5 (Prop_MMCM_CLKIN1_CLKOUT0)
                                                      0.034     0.459 r  design_1_i/clk_wizard_0/inst/clock_primitive_inst/MMCME5_inst/CLKOUT0
                         net (fo=1, routed)           0.322     0.781    design_1_i/clk_wizard_0/inst/clock_primitive_inst/clkout1_primitive
    BUFGCE_X1Y23         BUFGCE (Prop_BUFCE_BUFGCE_I_O)
                                                      0.070     0.851 r  design_1_i/clk_wizard_0/inst/clock_primitive_inst/BUFG_clkout1_inst/O
    X1Y2 (CLOCK_ROOT)    net (fo=58867, routed)       1.988     2.839    design_1_i/u_mc_vd100/inst/u_inner/u_inner/gen_core[0].u_core/u_mac_array/gen_col[15].u_col/gen_pe[2].u_pe/clk
    SLICE_X55Y182        FDRE                                         r  design_1_i/u_mc_vd100/inst/u_inner/u_inner/gen_core[0].u_core/u_mac_array/gen_col[15].u_col/gen_pe[2].u_pe/prod_out_reg[1]/C
                         clock pessimism             -0.363     2.475    
    SLICE_X55Y182        FDRE (Hold_BFF_SLICEM_C_D)
                                                      0.045     2.520    design_1_i/u_mc_vd100/inst/u_inner/u_inner/gen_core[0].u_core/u_mac_array/gen_col[15].u_col/gen_pe[2].u_pe/prod_out_reg[1]
  -------------------------------------------------------------------
                         required time                         -2.520    
                         arrival time                           2.540    
  -------------------------------------------------------------------
                         slack                                  0.020    

Slack (MET) :             0.032ns  (arrival time - required time)
  Source:                 design_1_i/u_mc_vd100/inst/u_inner/u_inner/gen_core[0].u_core/u_axi_dm/U0/GEN_MM2S_FULL.I_MM2S_FULL_WRAPPER/ENABLE_AXIS_SKID.I_MM2S_SKID_BUF/sig_data_reg_out_reg[116]/C
                            (rising edge-triggered cell FDRE clocked by clkout1_primitive  {rise@0.000ns fall@5.000ns period=10.000ns})
  Destination:            design_1_i/u_mc_vd100/inst/u_inner/u_inner/gen_core[0].u_core/u_wdma/word_buffer_reg[2036]/D
                            (rising edge-triggered cell FDRE clocked by clkout1_primitive  {rise@0.000ns fall@5.000ns period=10.000ns})
  Path Group:             clkout1_primitive
  Path Type:              Hold (Min at Slow Process Corner)
  Requirement:            0.000ns  (clkout1_primitive rise@0.000ns - clkout1_primitive rise@0.000ns)
  Data Path Delay:        0.517ns  (logic 0.091ns (17.587%)  route 0.426ns (82.413%))
  Logic Levels:           0  
  Clock Path Skew:        0.437ns (DCD - SCD - CPR)
    Destination Clock Delay (DCD):    4.128ns
    Source Clock Delay      (SCD):    3.333ns
    Clock Pessimism Removal (CPR):    0.358ns
  Clock Net Delay (Source):      2.384ns (routing 0.564ns, distribution 1.820ns)
  Clock Net Delay (Destination): 2.906ns (routing 0.673ns, distribution 2.233ns)

    Location             Delay type                Incr(ns)  Path(ns)    Netlist Resource(s)
  -------------------------------------------------------------------    -------------------
                         (clock clkout1_primitive rise edge)
                                                      0.000     0.000 r  
    IOB_X14Y0            IBUFDS                       0.000     0.000 r  design_1_i/util_ds_buf_0/U0/USE_IBUFDS.GEN_IBUFDS[0].IBUFDS_I/O
                         net (fo=2, routed)           0.522     0.522    design_1_i/clk_wizard_0/inst/clock_primitive_inst/clk_in1
    MMCM_X1Y0            MMCME5 (Prop_MMCM_CLKIN1_CLKOUT0)
                                                      0.000     0.522 r  design_1_i/clk_wizard_0/inst/clock_primitive_inst/MMCME5_inst/CLKOUT0
                         net (fo=1, routed)           0.361     0.883    design_1_i/clk_wizard_0/inst/clock_primitive_inst/clkout1_primitive
    BUFGCE_X1Y23         BUFGCE (Prop_BUFCE_BUFGCE_I_O)
                                                      0.066     0.949 r  design_1_i/clk_wizard_0/inst/clock_primitive_inst/BUFG_clkout1_inst/O
    X1Y2 (CLOCK_ROOT)    net (fo=58867, routed)       2.384     3.333    design_1_i/u_mc_vd100/inst/u_inner/u_inner/gen_core[0].u_core/u_axi_dm/U0/GEN_MM2S_FULL.I_MM2S_FULL_WRAPPER/ENABLE_AXIS_SKID.I_MM2S_SKID_BUF/m_axi_mm2s_aclk
    SLICE_X54Y197        FDRE                                         r  design_1_i/u_mc_vd100/inst/u_inner/u_inner/gen_core[0].u_core/u_axi_dm/U0/GEN_MM2S_FULL.I_MM2S_FULL_WRAPPER/ENABLE_AXIS_SKID.I_MM2S_SKID_BUF/sig_data_reg_out_reg[116]/C
  -------------------------------------------------------------------    -------------------
    SLICE_X54Y197        FDRE (Prop_DFF2_SLICEL_C_Q)
                                                      0.091     3.424 r  design_1_i/u_mc_vd100/inst/u_inner/u_inner/gen_core[0].u_core/u_axi_dm/U0/GEN_MM2S_FULL.I_MM2S_FULL_WRAPPER/ENABLE_AXIS_SKID.I_MM2S_SKID_BUF/sig_data_reg_out_reg[116]/Q
                         net (fo=4, routed)           0.426     3.850    design_1_i/u_mc_vd100/inst/u_inner/u_inner/gen_core[0].u_core/u_wdma/m_axis_mm2s_tdata[116]
    SLICE_X62Y181        FDRE                                         r  design_1_i/u_mc_vd100/inst/u_inner/u_inner/gen_core[0].u_core/u_wdma/word_buffer_reg[2036]/D
  -------------------------------------------------------------------    -------------------

                         (clock clkout1_primitive rise edge)
                                                      0.000     0.000 r  
    IOB_X14Y0            IBUFDS                       0.000     0.000 r  design_1_i/util_ds_buf_0/U0/USE_IBUFDS.GEN_IBUFDS[0].IBUFDS_I/O
                         net (fo=2, routed)           0.622     0.622    design_1_i/clk_wizard_0/inst/clock_primitive_inst/clk_in1
    MMCM_X1Y0            MMCME5 (Prop_MMCM_CLKIN1_CLKOUT0)
                                                      0.070     0.692 r  design_1_i/clk_wizard_0/inst/clock_primitive_inst/MMCME5_inst/CLKOUT0
                         net (fo=1, routed)           0.445     1.137    design_1_i/clk_wizard_0/inst/clock_primitive_inst/clkout1_primitive
    BUFGCE_X1Y23         BUFGCE (Prop_BUFCE_BUFGCE_I_O)
                                                      0.085     1.222 r  design_1_i/clk_wizard_0/inst/clock_primitive_inst/BUFG_clkout1_inst/O
    X1Y2 (CLOCK_ROOT)    net (fo=58867, routed)       2.906     4.128    design_1_i/u_mc_vd100/inst/u_inner/u_inner/gen_core[0].u_core/u_wdma/clk
    SLICE_X62Y181        FDRE                                         r  design_1_i/u_mc_vd100/inst/u_inner/u_inner/gen_core[0].u_core/u_wdma/word_buffer_reg[2036]/C
                         clock pessimism             -0.358     3.770    
    SLICE_X62Y181        FDRE (Hold_BFF_SLICEL_C_D)
                                                      0.048     3.818    design_1_i/u_mc_vd100/inst/u_inner/u_inner/gen_core[0].u_core/u_wdma/word_buffer_reg[2036]
  -------------------------------------------------------------------
                         required time                         -3.818    
                         arrival time                           3.850    
  -------------------------------------------------------------------
                         slack                                  0.032    

Slack (MET) :             0.034ns  (arrival time - required time)
  Source:                 design_1_i/u_mc_vd100/inst/u_inner/u_inner/gen_core[1].u_core/u_wdma/word_buffer_reg[1135]/C
                            (rising edge-triggered cell FDRE clocked by clkout1_primitive  {rise@0.000ns fall@5.000ns period=10.000ns})
  Destination:            design_1_i/u_mc_vd100/inst/u_inner/u_inner/gen_core[1].u_core/u_wdma/word_buffer_reg[1007]/D
                            (rising edge-triggered cell FDRE clocked by clkout1_primitive  {rise@0.000ns fall@5.000ns period=10.000ns})
  Path Group:             clkout1_primitive
  Path Type:              Hold (Min at Fast Process Corner)
  Requirement:            0.000ns  (clkout1_primitive rise@0.000ns - clkout1_primitive rise@0.000ns)
  Data Path Delay:        0.193ns  (logic 0.058ns (30.074%)  route 0.135ns (69.926%))
  Logic Levels:           0  
  Clock Path Skew:        0.114ns (DCD - SCD - CPR)
    Destination Clock Delay (DCD):    2.810ns
    Source Clock Delay      (SCD):    2.278ns
    Clock Pessimism Removal (CPR):    0.417ns
  Clock Net Delay (Source):      1.709ns (routing 0.376ns, distribution 1.333ns)
  Clock Net Delay (Destination): 1.959ns (routing 0.479ns, distribution 1.480ns)

    Location             Delay type                Incr(ns)  Path(ns)    Netlist Resource(s)
  -------------------------------------------------------------------    -------------------
                         (clock clkout1_primitive rise edge)
                                                      0.000     0.000 r  
    IOB_X14Y0            IBUFDS                       0.000     0.000 r  design_1_i/util_ds_buf_0/U0/USE_IBUFDS.GEN_IBUFDS[0].IBUFDS_I/O
                         net (fo=2, routed)           0.316     0.316    design_1_i/clk_wizard_0/inst/clock_primitive_inst/clk_in1
    MMCM_X1Y0            MMCME5 (Prop_MMCM_CLKIN1_CLKOUT0)
                                                     -0.039     0.277 r  design_1_i/clk_wizard_0/inst/clock_primitive_inst/MMCME5_inst/CLKOUT0
                         net (fo=1, routed)           0.240     0.517    design_1_i/clk_wizard_0/inst/clock_primitive_inst/clkout1_primitive
    BUFGCE_X1Y23         BUFGCE (Prop_BUFCE_BUFGCE_I_O)
                                                      0.052     0.569 r  design_1_i/clk_wizard_0/inst/clock_primitive_inst/BUFG_clkout1_inst/O
    X1Y2 (CLOCK_ROOT)    net (fo=58867, routed)       1.709     2.278    design_1_i/u_mc_vd100/inst/u_inner/u_inner/gen_core[1].u_core/u_wdma/clk
    SLICE_X86Y93         FDRE                                         r  design_1_i/u_mc_vd100/inst/u_inner/u_inner/gen_core[1].u_core/u_wdma/word_buffer_reg[1135]/C
  -------------------------------------------------------------------    -------------------
    SLICE_X86Y93         FDRE (Prop_CFF2_SLICEL_C_Q)
                                                      0.058     2.336 r  design_1_i/u_mc_vd100/inst/u_inner/u_inner/gen_core[1].u_core/u_wdma/word_buffer_reg[1135]/Q
                         net (fo=2, routed)           0.135     2.471    design_1_i/u_mc_vd100/inst/u_inner/u_inner/gen_core[1].u_core/u_wdma/wdma_wb_wdata[1007]
    SLICE_X86Y91         FDRE                                         r  design_1_i/u_mc_vd100/inst/u_inner/u_inner/gen_core[1].u_core/u_wdma/word_buffer_reg[1007]/D
  -------------------------------------------------------------------    -------------------

                         (clock clkout1_primitive rise edge)
                                                      0.000     0.000 r  
    IOB_X14Y0            IBUFDS                       0.000     0.000 r  design_1_i/util_ds_buf_0/U0/USE_IBUFDS.GEN_IBUFDS[0].IBUFDS_I/O
                         net (fo=2, routed)           0.425     0.425    design_1_i/clk_wizard_0/inst/clock_primitive_inst/clk_in1
    MMCM_X1Y0            MMCME5 (Prop_MMCM_CLKIN1_CLKOUT0)
                                                      0.034     0.459 r  design_1_i/clk_wizard_0/inst/clock_primitive_inst/MMCME5_inst/CLKOUT0
                         net (fo=1, routed)           0.322     0.781    design_1_i/clk_wizard_0/inst/clock_primitive_inst/clkout1_primitive
    BUFGCE_X1Y23         BUFGCE (Prop_BUFCE_BUFGCE_I_O)
                                                      0.070     0.851 r  design_1_i/clk_wizard_0/inst/clock_primitive_inst/BUFG_clkout1_inst/O
    X1Y2 (CLOCK_ROOT)    net (fo=58867, routed)       1.959     2.810    design_1_i/u_mc_vd100/inst/u_inner/u_inner/gen_core[1].u_core/u_wdma/clk
    SLICE_X86Y91         FDRE                                         r  design_1_i/u_mc_vd100/inst/u_inner/u_inner/gen_core[1].u_core/u_wdma/word_buffer_reg[1007]/C
                         clock pessimism             -0.417     2.393    
    SLICE_X86Y91         FDRE (Hold_AFF2_SLICEL_C_D)
                                                      0.045     2.438    design_1_i/u_mc_vd100/inst/u_inner/u_inner/gen_core[1].u_core/u_wdma/word_buffer_reg[1007]
  -------------------------------------------------------------------
                         required time                         -2.438    
                         arrival time                           2.471    
  -------------------------------------------------------------------
                         slack                                  0.034    

Slack (MET) :             0.036ns  (arrival time - required time)
  Source:                 design_1_i/u_mc_vd100/inst/u_inner/u_inner/gen_core[1].u_core/u_csr_bridge/w_data_reg[7]/C
                            (rising edge-triggered cell FDRE clocked by clkout1_primitive  {rise@0.000ns fall@5.000ns period=10.000ns})
  Destination:            design_1_i/u_mc_vd100/inst/u_inner/u_inner/gen_core[1].u_core/u_cfg/r_ifb_ring_words_host_reg[7]/D
                            (rising edge-triggered cell FDRE clocked by clkout1_primitive  {rise@0.000ns fall@5.000ns period=10.000ns})
  Path Group:             clkout1_primitive
  Path Type:              Hold (Min at Fast Process Corner)
  Requirement:            0.000ns  (clkout1_primitive rise@0.000ns - clkout1_primitive rise@0.000ns)
  Data Path Delay:        0.306ns  (logic 0.057ns (18.649%)  route 0.249ns (81.351%))
  Logic Levels:           0  
  Clock Path Skew:        0.226ns (DCD - SCD - CPR)
    Destination Clock Delay (DCD):    2.955ns
    Source Clock Delay      (SCD):    2.295ns
    Clock Pessimism Removal (CPR):    0.433ns
  Clock Net Delay (Source):      1.726ns (routing 0.376ns, distribution 1.350ns)
  Clock Net Delay (Destination): 2.104ns (routing 0.479ns, distribution 1.625ns)

    Location             Delay type                Incr(ns)  Path(ns)    Netlist Resource(s)
  -------------------------------------------------------------------    -------------------
                         (clock clkout1_primitive rise edge)
                                                      0.000     0.000 r  
    IOB_X14Y0            IBUFDS                       0.000     0.000 r  design_1_i/util_ds_buf_0/U0/USE_IBUFDS.GEN_IBUFDS[0].IBUFDS_I/O
                         net (fo=2, routed)           0.316     0.316    design_1_i/clk_wizard_0/inst/clock_primitive_inst/clk_in1
    MMCM_X1Y0            MMCME5 (Prop_MMCM_CLKIN1_CLKOUT0)
                                                     -0.039     0.277 r  design_1_i/clk_wizard_0/inst/clock_primitive_inst/MMCME5_inst/CLKOUT0
                         net (fo=1, routed)           0.240     0.517    design_1_i/clk_wizard_0/inst/clock_primitive_inst/clkout1_primitive
    BUFGCE_X1Y23         BUFGCE (Prop_BUFCE_BUFGCE_I_O)
                                                      0.052     0.569 r  design_1_i/clk_wizard_0/inst/clock_primitive_inst/BUFG_clkout1_inst/O
    X1Y2 (CLOCK_ROOT)    net (fo=58867, routed)       1.726     2.295    design_1_i/u_mc_vd100/inst/u_inner/u_inner/gen_core[1].u_core/u_csr_bridge/clk
    SLICE_X32Y94         FDRE                                         r  design_1_i/u_mc_vd100/inst/u_inner/u_inner/gen_core[1].u_core/u_csr_bridge/w_data_reg[7]/C
  -------------------------------------------------------------------    -------------------
    SLICE_X32Y94         FDRE (Prop_FFF2_SLICEL_C_Q)
                                                      0.057     2.352 r  design_1_i/u_mc_vd100/inst/u_inner/u_inner/gen_core[1].u_core/u_csr_bridge/w_data_reg[7]/Q
                         net (fo=5, routed)           0.249     2.601    design_1_i/u_mc_vd100/inst/u_inner/u_inner/gen_core[1].u_core/u_cfg/r_desc_list_base_reg[31]_1[7]
    SLICE_X24Y98         FDRE                                         r  design_1_i/u_mc_vd100/inst/u_inner/u_inner/gen_core[1].u_core/u_cfg/r_ifb_ring_words_host_reg[7]/D
  -------------------------------------------------------------------    -------------------

                         (clock clkout1_primitive rise edge)
                                                      0.000     0.000 r  
    IOB_X14Y0            IBUFDS                       0.000     0.000 r  design_1_i/util_ds_buf_0/U0/USE_IBUFDS.GEN_IBUFDS[0].IBUFDS_I/O
                         net (fo=2, routed)           0.425     0.425    design_1_i/clk_wizard_0/inst/clock_primitive_inst/clk_in1
    MMCM_X1Y0            MMCME5 (Prop_MMCM_CLKIN1_CLKOUT0)
                                                      0.034     0.459 r  design_1_i/clk_wizard_0/inst/clock_primitive_inst/MMCME5_inst/CLKOUT0
                         net (fo=1, routed)           0.322     0.781    design_1_i/clk_wizard_0/inst/clock_primitive_inst/clkout1_primitive
    BUFGCE_X1Y23         BUFGCE (Prop_BUFCE_BUFGCE_I_O)
                                                      0.070     0.851 r  design_1_i/clk_wizard_0/inst/clock_primitive_inst/BUFG_clkout1_inst/O
    X1Y2 (CLOCK_ROOT)    net (fo=58867, routed)       2.104     2.955    design_1_i/u_mc_vd100/inst/u_inner/u_inner/gen_core[1].u_core/u_cfg/clk
    SLICE_X24Y98         FDRE                                         r  design_1_i/u_mc_vd100/inst/u_inner/u_inner/gen_core[1].u_core/u_cfg/r_ifb_ring_words_host_reg[7]/C
                         clock pessimism             -0.433     2.521    
    SLICE_X24Y98         FDRE (Hold_FFF_SLICEL_C_D)
                                                      0.044     2.565    design_1_i/u_mc_vd100/inst/u_inner/u_inner/gen_core[1].u_core/u_cfg/r_ifb_ring_words_host_reg[7]
  -------------------------------------------------------------------
                         required time                         -2.565    
                         arrival time                           2.601    
  -------------------------------------------------------------------
                         slack                                  0.036    

Slack (MET) :             0.041ns  (arrival time - required time)
  Source:                 design_1_i/u_mc_vd100/inst/u_inner/u_inner/gen_core[1].u_core/u_wdma/word_buffer_reg[1929]/C
                            (rising edge-triggered cell FDRE clocked by clkout1_primitive  {rise@0.000ns fall@5.000ns period=10.000ns})
  Destination:            design_1_i/u_mc_vd100/inst/u_inner/u_inner/gen_core[1].u_core/u_wdma/word_buffer_reg[1801]/D
                            (rising edge-triggered cell FDRE clocked by clkout1_primitive  {rise@0.000ns fall@5.000ns period=10.000ns})
  Path Group:             clkout1_primitive
  Path Type:              Hold (Min at Fast Process Corner)
  Requirement:            0.000ns  (clkout1_primitive rise@0.000ns - clkout1_primitive rise@0.000ns)
  Data Path Delay:        0.289ns  (logic 0.057ns (19.723%)  route 0.232ns (80.277%))
  Logic Levels:           0  
  Clock Path Skew:        0.203ns (DCD - SCD - CPR)
    Destination Clock Delay (DCD):    2.845ns
    Source Clock Delay      (SCD):    2.230ns
    Clock Pessimism Removal (CPR):    0.411ns
  Clock Net Delay (Source):      1.661ns (routing 0.376ns, distribution 1.285ns)
  Clock Net Delay (Destination): 1.994ns (routing 0.479ns, distribution 1.515ns)

    Location             Delay type                Incr(ns)  Path(ns)    Netlist Resource(s)
  -------------------------------------------------------------------    -------------------
                         (clock clkout1_primitive rise edge)
                                                      0.000     0.000 r  
    IOB_X14Y0            IBUFDS                       0.000     0.000 r  design_1_i/util_ds_buf_0/U0/USE_IBUFDS.GEN_IBUFDS[0].IBUFDS_I/O
                         net (fo=2, routed)           0.316     0.316    design_1_i/clk_wizard_0/inst/clock_primitive_inst/clk_in1
    MMCM_X1Y0            MMCME5 (Prop_MMCM_CLKIN1_CLKOUT0)
                                                     -0.039     0.277 r  design_1_i/clk_wizard_0/inst/clock_primitive_inst/MMCME5_inst/CLKOUT0
                         net (fo=1, routed)           0.240     0.517    design_1_i/clk_wizard_0/inst/clock_primitive_inst/clkout1_primitive
    BUFGCE_X1Y23         BUFGCE (Prop_BUFCE_BUFGCE_I_O)
                                                      0.052     0.569 r  design_1_i/clk_wizard_0/inst/clock_primitive_inst/BUFG_clkout1_inst/O
    X1Y2 (CLOCK_ROOT)    net (fo=58867, routed)       1.661     2.230    design_1_i/u_mc_vd100/inst/u_inner/u_inner/gen_core[1].u_core/u_wdma/clk
    SLICE_X60Y76         FDRE                                         r  design_1_i/u_mc_vd100/inst/u_inner/u_inner/gen_core[1].u_core/u_wdma/word_buffer_reg[1929]/C
  -------------------------------------------------------------------    -------------------
    SLICE_X60Y76         FDRE (Prop_CFF_SLICEL_C_Q)
                                                      0.057     2.287 r  design_1_i/u_mc_vd100/inst/u_inner/u_inner/gen_core[1].u_core/u_wdma/word_buffer_reg[1929]/Q
                         net (fo=2, routed)           0.232     2.519    design_1_i/u_mc_vd100/inst/u_inner/u_inner/gen_core[1].u_core/u_wdma/wdma_wb_wdata[1801]
    SLICE_X60Y99         FDRE                                         r  design_1_i/u_mc_vd100/inst/u_inner/u_inner/gen_core[1].u_core/u_wdma/word_buffer_reg[1801]/D
  -------------------------------------------------------------------    -------------------

                         (clock clkout1_primitive rise edge)
                                                      0.000     0.000 r  
    IOB_X14Y0            IBUFDS                       0.000     0.000 r  design_1_i/util_ds_buf_0/U0/USE_IBUFDS.GEN_IBUFDS[0].IBUFDS_I/O
                         net (fo=2, routed)           0.425     0.425    design_1_i/clk_wizard_0/inst/clock_primitive_inst/clk_in1
    MMCM_X1Y0            MMCME5 (Prop_MMCM_CLKIN1_CLKOUT0)
                                                      0.034     0.459 r  design_1_i/clk_wizard_0/inst/clock_primitive_inst/MMCME5_inst/CLKOUT0
                         net (fo=1, routed)           0.322     0.781    design_1_i/clk_wizard_0/inst/clock_primitive_inst/clkout1_primitive
    BUFGCE_X1Y23         BUFGCE (Prop_BUFCE_BUFGCE_I_O)
                                                      0.070     0.851 r  design_1_i/clk_wizard_0/inst/clock_primitive_inst/BUFG_clkout1_inst/O
    X1Y2 (CLOCK_ROOT)    net (fo=58867, routed)       1.994     2.845    design_1_i/u_mc_vd100/inst/u_inner/u_inner/gen_core[1].u_core/u_wdma/clk
    SLICE_X60Y99         FDRE                                         r  design_1_i/u_mc_vd100/inst/u_inner/u_inner/gen_core[1].u_core/u_wdma/word_buffer_reg[1801]/C
                         clock pessimism             -0.411     2.434    
    SLICE_X60Y99         FDRE (Hold_BFF_SLICEL_C_D)
                                                      0.045     2.479    design_1_i/u_mc_vd100/inst/u_inner/u_inner/gen_core[1].u_core/u_wdma/word_buffer_reg[1801]
  -------------------------------------------------------------------
                         required time                         -2.479    
                         arrival time                           2.519    
  -------------------------------------------------------------------
                         slack                                  0.041    

Slack (MET) :             0.042ns  (arrival time - required time)
  Source:                 design_1_i/u_mc_vd100/inst/u_inner/u_inner/gen_core[2].u_core/u_wdma/word_buffer_reg[1204]/C
                            (rising edge-triggered cell FDRE clocked by clkout1_primitive  {rise@0.000ns fall@5.000ns period=10.000ns})
  Destination:            design_1_i/u_mc_vd100/inst/u_inner/u_inner/gen_core[2].u_core/u_wdma/word_buffer_reg[1076]/D
                            (rising edge-triggered cell FDRE clocked by clkout1_primitive  {rise@0.000ns fall@5.000ns period=10.000ns})
  Path Group:             clkout1_primitive
  Path Type:              Hold (Min at Fast Process Corner)
  Requirement:            0.000ns  (clkout1_primitive rise@0.000ns - clkout1_primitive rise@0.000ns)
  Data Path Delay:        0.304ns  (logic 0.057ns (18.761%)  route 0.247ns (81.239%))
  Logic Levels:           0  
  Clock Path Skew:        0.217ns (DCD - SCD - CPR)
    Destination Clock Delay (DCD):    2.929ns
    Source Clock Delay      (SCD):    2.279ns
    Clock Pessimism Removal (CPR):    0.433ns
  Clock Net Delay (Source):      1.710ns (routing 0.376ns, distribution 1.334ns)
  Clock Net Delay (Destination): 2.078ns (routing 0.479ns, distribution 1.599ns)

    Location             Delay type                Incr(ns)  Path(ns)    Netlist Resource(s)
  -------------------------------------------------------------------    -------------------
                         (clock clkout1_primitive rise edge)
                                                      0.000     0.000 r  
    IOB_X14Y0            IBUFDS                       0.000     0.000 r  design_1_i/util_ds_buf_0/U0/USE_IBUFDS.GEN_IBUFDS[0].IBUFDS_I/O
                         net (fo=2, routed)           0.316     0.316    design_1_i/clk_wizard_0/inst/clock_primitive_inst/clk_in1
    MMCM_X1Y0            MMCME5 (Prop_MMCM_CLKIN1_CLKOUT0)
                                                     -0.039     0.277 r  design_1_i/clk_wizard_0/inst/clock_primitive_inst/MMCME5_inst/CLKOUT0
                         net (fo=1, routed)           0.240     0.517    design_1_i/clk_wizard_0/inst/clock_primitive_inst/clkout1_primitive
    BUFGCE_X1Y23         BUFGCE (Prop_BUFCE_BUFGCE_I_O)
                                                      0.052     0.569 r  design_1_i/clk_wizard_0/inst/clock_primitive_inst/BUFG_clkout1_inst/O
    X1Y2 (CLOCK_ROOT)    net (fo=58867, routed)       1.710     2.279    design_1_i/u_mc_vd100/inst/u_inner/u_inner/gen_core[2].u_core/u_wdma/clk
    SLICE_X28Y129        FDRE                                         r  design_1_i/u_mc_vd100/inst/u_inner/u_inner/gen_core[2].u_core/u_wdma/word_buffer_reg[1204]/C
  -------------------------------------------------------------------    -------------------
    SLICE_X28Y129        FDRE (Prop_CFF_SLICEL_C_Q)
                                                      0.057     2.336 r  design_1_i/u_mc_vd100/inst/u_inner/u_inner/gen_core[2].u_core/u_wdma/word_buffer_reg[1204]/Q
                         net (fo=2, routed)           0.247     2.583    design_1_i/u_mc_vd100/inst/u_inner/u_inner/gen_core[2].u_core/u_wdma/wdma_wb_wdata[1076]
    SLICE_X25Y129        FDRE                                         r  design_1_i/u_mc_vd100/inst/u_inner/u_inner/gen_core[2].u_core/u_wdma/word_buffer_reg[1076]/D
  -------------------------------------------------------------------    -------------------

                         (clock clkout1_primitive rise edge)
                                                      0.000     0.000 r  
    IOB_X14Y0            IBUFDS                       0.000     0.000 r  design_1_i/util_ds_buf_0/U0/USE_IBUFDS.GEN_IBUFDS[0].IBUFDS_I/O
                         net (fo=2, routed)           0.425     0.425    design_1_i/clk_wizard_0/inst/clock_primitive_inst/clk_in1
    MMCM_X1Y0            MMCME5 (Prop_MMCM_CLKIN1_CLKOUT0)
                                                      0.034     0.459 r  design_1_i/clk_wizard_0/inst/clock_primitive_inst/MMCME5_inst/CLKOUT0
                         net (fo=1, routed)           0.322     0.781    design_1_i/clk_wizard_0/inst/clock_primitive_inst/clkout1_primitive
    BUFGCE_X1Y23         BUFGCE (Prop_BUFCE_BUFGCE_I_O)
                                                      0.070     0.851 r  design_1_i/clk_wizard_0/inst/clock_primitive_inst/BUFG_clkout1_inst/O
    X1Y2 (CLOCK_ROOT)    net (fo=58867, routed)       2.078     2.929    design_1_i/u_mc_vd100/inst/u_inner/u_inner/gen_core[2].u_core/u_wdma/clk
    SLICE_X25Y129        FDRE                                         r  design_1_i/u_mc_vd100/inst/u_inner/u_inner/gen_core[2].u_core/u_wdma/word_buffer_reg[1076]/C
                         clock pessimism             -0.433     2.496    
    SLICE_X25Y129        FDRE (Hold_AFF2_SLICEM_C_D)
                                                      0.045     2.541    design_1_i/u_mc_vd100/inst/u_inner/u_inner/gen_core[2].u_core/u_wdma/word_buffer_reg[1076]
  -------------------------------------------------------------------
                         required time                         -2.541    
                         arrival time                           2.583    
  -------------------------------------------------------------------
                         slack                                  0.042    

Slack (MET) :             0.042ns  (arrival time - required time)
  Source:                 design_1_i/u_mc_vd100/inst/u_inner/u_inner/gen_core[1].u_core/u_wdma/word_buffer_reg[1734]/C
                            (rising edge-triggered cell FDRE clocked by clkout1_primitive  {rise@0.000ns fall@5.000ns period=10.000ns})
  Destination:            design_1_i/u_mc_vd100/inst/u_inner/u_inner/gen_core[1].u_core/u_wdma/word_buffer_reg[1606]/D
                            (rising edge-triggered cell FDRE clocked by clkout1_primitive  {rise@0.000ns fall@5.000ns period=10.000ns})
  Path Group:             clkout1_primitive
  Path Type:              Hold (Min at Slow Process Corner)
  Requirement:            0.000ns  (clkout1_primitive rise@0.000ns - clkout1_primitive rise@0.000ns)
  Data Path Delay:        0.381ns  (logic 0.088ns (23.119%)  route 0.293ns (76.881%))
  Logic Levels:           0  
  Clock Path Skew:        0.287ns (DCD - SCD - CPR)
    Destination Clock Delay (DCD):    4.110ns
    Source Clock Delay      (SCD):    3.417ns
    Clock Pessimism Removal (CPR):    0.406ns
  Clock Net Delay (Source):      2.468ns (routing 0.564ns, distribution 1.904ns)
  Clock Net Delay (Destination): 2.888ns (routing 0.673ns, distribution 2.215ns)

    Location             Delay type                Incr(ns)  Path(ns)    Netlist Resource(s)
  -------------------------------------------------------------------    -------------------
                         (clock clkout1_primitive rise edge)
                                                      0.000     0.000 r  
    IOB_X14Y0            IBUFDS                       0.000     0.000 r  design_1_i/util_ds_buf_0/U0/USE_IBUFDS.GEN_IBUFDS[0].IBUFDS_I/O
                         net (fo=2, routed)           0.522     0.522    design_1_i/clk_wizard_0/inst/clock_primitive_inst/clk_in1
    MMCM_X1Y0            MMCME5 (Prop_MMCM_CLKIN1_CLKOUT0)
                                                      0.000     0.522 r  design_1_i/clk_wizard_0/inst/clock_primitive_inst/MMCME5_inst/CLKOUT0
                         net (fo=1, routed)           0.361     0.883    design_1_i/clk_wizard_0/inst/clock_primitive_inst/clkout1_primitive
    BUFGCE_X1Y23         BUFGCE (Prop_BUFCE_BUFGCE_I_O)
                                                      0.066     0.949 r  design_1_i/clk_wizard_0/inst/clock_primitive_inst/BUFG_clkout1_inst/O
    X1Y2 (CLOCK_ROOT)    net (fo=58867, routed)       2.468     3.417    design_1_i/u_mc_vd100/inst/u_inner/u_inner/gen_core[1].u_core/u_wdma/clk
    SLICE_X61Y90         FDRE                                         r  design_1_i/u_mc_vd100/inst/u_inner/u_inner/gen_core[1].u_core/u_wdma/word_buffer_reg[1734]/C
  -------------------------------------------------------------------    -------------------
    SLICE_X61Y90         FDRE (Prop_CFF_SLICEM_C_Q)
                                                      0.088     3.505 r  design_1_i/u_mc_vd100/inst/u_inner/u_inner/gen_core[1].u_core/u_wdma/word_buffer_reg[1734]/Q
                         net (fo=2, routed)           0.293     3.798    design_1_i/u_mc_vd100/inst/u_inner/u_inner/gen_core[1].u_core/u_wdma/wdma_wb_wdata[1606]
    SLICE_X61Y94         FDRE                                         r  design_1_i/u_mc_vd100/inst/u_inner/u_inner/gen_core[1].u_core/u_wdma/word_buffer_reg[1606]/D
  -------------------------------------------------------------------    -------------------

                         (clock clkout1_primitive rise edge)
                                                      0.000     0.000 r  
    IOB_X14Y0            IBUFDS                       0.000     0.000 r  design_1_i/util_ds_buf_0/U0/USE_IBUFDS.GEN_IBUFDS[0].IBUFDS_I/O
                         net (fo=2, routed)           0.622     0.622    design_1_i/clk_wizard_0/inst/clock_primitive_inst/clk_in1
    MMCM_X1Y0            MMCME5 (Prop_MMCM_CLKIN1_CLKOUT0)
                                                      0.070     0.692 r  design_1_i/clk_wizard_0/inst/clock_primitive_inst/MMCME5_inst/CLKOUT0
                         net (fo=1, routed)           0.445     1.137    design_1_i/clk_wizard_0/inst/clock_primitive_inst/clkout1_primitive
    BUFGCE_X1Y23         BUFGCE (Prop_BUFCE_BUFGCE_I_O)
                                                      0.085     1.222 r  design_1_i/clk_wizard_0/inst/clock_primitive_inst/BUFG_clkout1_inst/O
    X1Y2 (CLOCK_ROOT)    net (fo=58867, routed)       2.888     4.110    design_1_i/u_mc_vd100/inst/u_inner/u_inner/gen_core[1].u_core/u_wdma/clk
    SLICE_X61Y94         FDRE                                         r  design_1_i/u_mc_vd100/inst/u_inner/u_inner/gen_core[1].u_core/u_wdma/word_buffer_reg[1606]/C
                         clock pessimism             -0.406     3.705    
    SLICE_X61Y94         FDRE (Hold_AFF_SLICEM_C_D)
                                                      0.051     3.756    design_1_i/u_mc_vd100/inst/u_inner/u_inner/gen_core[1].u_core/u_wdma/word_buffer_reg[1606]
  -------------------------------------------------------------------
                         required time                         -3.756    
                         arrival time                           3.798    
  -------------------------------------------------------------------
                         slack                                  0.042    

Slack (MET) :             0.045ns  (arrival time - required time)
  Source:                 design_1_i/u_mc_vd100/inst/u_inner/u_inner/gen_core[2].u_core/u_wdma/word_buffer_reg[1274]/C
                            (rising edge-triggered cell FDRE clocked by clkout1_primitive  {rise@0.000ns fall@5.000ns period=10.000ns})
  Destination:            design_1_i/u_mc_vd100/inst/u_inner/u_inner/gen_core[2].u_core/u_wdma/word_buffer_reg[1146]/D
                            (rising edge-triggered cell FDRE clocked by clkout1_primitive  {rise@0.000ns fall@5.000ns period=10.000ns})
  Path Group:             clkout1_primitive
  Path Type:              Hold (Min at Fast Process Corner)
  Requirement:            0.000ns  (clkout1_primitive rise@0.000ns - clkout1_primitive rise@0.000ns)
  Data Path Delay:        0.316ns  (logic 0.058ns (18.378%)  route 0.258ns (81.622%))
  Logic Levels:           0  
  Clock Path Skew:        0.226ns (DCD - SCD - CPR)
    Destination Clock Delay (DCD):    2.939ns
    Source Clock Delay      (SCD):    2.280ns
    Clock Pessimism Removal (CPR):    0.433ns
  Clock Net Delay (Source):      1.711ns (routing 0.376ns, distribution 1.335ns)
  Clock Net Delay (Destination): 2.088ns (routing 0.479ns, distribution 1.609ns)

    Location             Delay type                Incr(ns)  Path(ns)    Netlist Resource(s)
  -------------------------------------------------------------------    -------------------
                         (clock clkout1_primitive rise edge)
                                                      0.000     0.000 r  
    IOB_X14Y0            IBUFDS                       0.000     0.000 r  design_1_i/util_ds_buf_0/U0/USE_IBUFDS.GEN_IBUFDS[0].IBUFDS_I/O
                         net (fo=2, routed)           0.316     0.316    design_1_i/clk_wizard_0/inst/clock_primitive_inst/clk_in1
    MMCM_X1Y0            MMCME5 (Prop_MMCM_CLKIN1_CLKOUT0)
                                                     -0.039     0.277 r  design_1_i/clk_wizard_0/inst/clock_primitive_inst/MMCME5_inst/CLKOUT0
                         net (fo=1, routed)           0.240     0.517    design_1_i/clk_wizard_0/inst/clock_primitive_inst/clkout1_primitive
    BUFGCE_X1Y23         BUFGCE (Prop_BUFCE_BUFGCE_I_O)
                                                      0.052     0.569 r  design_1_i/clk_wizard_0/inst/clock_primitive_inst/BUFG_clkout1_inst/O
    X1Y2 (CLOCK_ROOT)    net (fo=58867, routed)       1.711     2.280    design_1_i/u_mc_vd100/inst/u_inner/u_inner/gen_core[2].u_core/u_wdma/clk
    SLICE_X29Y121        FDRE                                         r  design_1_i/u_mc_vd100/inst/u_inner/u_inner/gen_core[2].u_core/u_wdma/word_buffer_reg[1274]/C
  -------------------------------------------------------------------    -------------------
    SLICE_X29Y121        FDRE (Prop_DFF2_SLICEM_C_Q)
                                                      0.058     2.338 r  design_1_i/u_mc_vd100/inst/u_inner/u_inner/gen_core[2].u_core/u_wdma/word_buffer_reg[1274]/Q
                         net (fo=2, routed)           0.258     2.596    design_1_i/u_mc_vd100/inst/u_inner/u_inner/gen_core[2].u_core/u_wdma/wdma_wb_wdata[1146]
    SLICE_X27Y121        FDRE                                         r  design_1_i/u_mc_vd100/inst/u_inner/u_inner/gen_core[2].u_core/u_wdma/word_buffer_reg[1146]/D
  -------------------------------------------------------------------    -------------------

                         (clock clkout1_primitive rise edge)
                                                      0.000     0.000 r  
    IOB_X14Y0            IBUFDS                       0.000     0.000 r  design_1_i/util_ds_buf_0/U0/USE_IBUFDS.GEN_IBUFDS[0].IBUFDS_I/O
                         net (fo=2, routed)           0.425     0.425    design_1_i/clk_wizard_0/inst/clock_primitive_inst/clk_in1
    MMCM_X1Y0            MMCME5 (Prop_MMCM_CLKIN1_CLKOUT0)
                                                      0.034     0.459 r  design_1_i/clk_wizard_0/inst/clock_primitive_inst/MMCME5_inst/CLKOUT0
                         net (fo=1, routed)           0.322     0.781    design_1_i/clk_wizard_0/inst/clock_primitive_inst/clkout1_primitive
    BUFGCE_X1Y23         BUFGCE (Prop_BUFCE_BUFGCE_I_O)
                                                      0.070     0.851 r  design_1_i/clk_wizard_0/inst/clock_primitive_inst/BUFG_clkout1_inst/O
    X1Y2 (CLOCK_ROOT)    net (fo=58867, routed)       2.088     2.939    design_1_i/u_mc_vd100/inst/u_inner/u_inner/gen_core[2].u_core/u_wdma/clk
    SLICE_X27Y121        FDRE                                         r  design_1_i/u_mc_vd100/inst/u_inner/u_inner/gen_core[2].u_core/u_wdma/word_buffer_reg[1146]/C
                         clock pessimism             -0.433     2.506    
    SLICE_X27Y121        FDRE (Hold_BFF_SLICEM_C_D)
                                                      0.045     2.551    design_1_i/u_mc_vd100/inst/u_inner/u_inner/gen_core[2].u_core/u_wdma/word_buffer_reg[1146]
  -------------------------------------------------------------------
                         required time                         -2.551    
                         arrival time                           2.596    
  -------------------------------------------------------------------
                         slack                                  0.045    

Slack (MET) :             0.046ns  (arrival time - required time)
  Source:                 design_1_i/u_mc_vd100/inst/u_inner/u_inner/gen_core[1].u_core/u_wdma/word_buffer_reg[1997]/C
                            (rising edge-triggered cell FDRE clocked by clkout1_primitive  {rise@0.000ns fall@5.000ns period=10.000ns})
  Destination:            design_1_i/u_mc_vd100/inst/u_inner/u_inner/gen_core[1].u_core/u_wdma/word_buffer_reg[1869]/D
                            (rising edge-triggered cell FDRE clocked by clkout1_primitive  {rise@0.000ns fall@5.000ns period=10.000ns})
  Path Group:             clkout1_primitive
  Path Type:              Hold (Min at Slow Process Corner)
  Requirement:            0.000ns  (clkout1_primitive rise@0.000ns - clkout1_primitive rise@0.000ns)
  Data Path Delay:        0.394ns  (logic 0.089ns (22.612%)  route 0.305ns (77.388%))
  Logic Levels:           0  
  Clock Path Skew:        0.298ns (DCD - SCD - CPR)
    Destination Clock Delay (DCD):    4.112ns
    Source Clock Delay      (SCD):    3.408ns
    Clock Pessimism Removal (CPR):    0.406ns
  Clock Net Delay (Source):      2.459ns (routing 0.564ns, distribution 1.895ns)
  Clock Net Delay (Destination): 2.890ns (routing 0.673ns, distribution 2.217ns)

    Location             Delay type                Incr(ns)  Path(ns)    Netlist Resource(s)
  -------------------------------------------------------------------    -------------------
                         (clock clkout1_primitive rise edge)
                                                      0.000     0.000 r  
    IOB_X14Y0            IBUFDS                       0.000     0.000 r  design_1_i/util_ds_buf_0/U0/USE_IBUFDS.GEN_IBUFDS[0].IBUFDS_I/O
                         net (fo=2, routed)           0.522     0.522    design_1_i/clk_wizard_0/inst/clock_primitive_inst/clk_in1
    MMCM_X1Y0            MMCME5 (Prop_MMCM_CLKIN1_CLKOUT0)
                                                      0.000     0.522 r  design_1_i/clk_wizard_0/inst/clock_primitive_inst/MMCME5_inst/CLKOUT0
                         net (fo=1, routed)           0.361     0.883    design_1_i/clk_wizard_0/inst/clock_primitive_inst/clkout1_primitive
    BUFGCE_X1Y23         BUFGCE (Prop_BUFCE_BUFGCE_I_O)
                                                      0.066     0.949 r  design_1_i/clk_wizard_0/inst/clock_primitive_inst/BUFG_clkout1_inst/O
    X1Y2 (CLOCK_ROOT)    net (fo=58867, routed)       2.459     3.408    design_1_i/u_mc_vd100/inst/u_inner/u_inner/gen_core[1].u_core/u_wdma/clk
    SLICE_X59Y79         FDRE                                         r  design_1_i/u_mc_vd100/inst/u_inner/u_inner/gen_core[1].u_core/u_wdma/word_buffer_reg[1997]/C
  -------------------------------------------------------------------    -------------------
    SLICE_X59Y79         FDRE (Prop_CFF2_SLICEM_C_Q)
                                                      0.089     3.497 r  design_1_i/u_mc_vd100/inst/u_inner/u_inner/gen_core[1].u_core/u_wdma/word_buffer_reg[1997]/Q
                         net (fo=2, routed)           0.305     3.802    design_1_i/u_mc_vd100/inst/u_inner/u_inner/gen_core[1].u_core/u_wdma/wdma_wb_wdata[1869]
    SLICE_X59Y97         FDRE                                         r  design_1_i/u_mc_vd100/inst/u_inner/u_inner/gen_core[1].u_core/u_wdma/word_buffer_reg[1869]/D
  -------------------------------------------------------------------    -------------------

                         (clock clkout1_primitive rise edge)
                                                      0.000     0.000 r  
    IOB_X14Y0            IBUFDS                       0.000     0.000 r  design_1_i/util_ds_buf_0/U0/USE_IBUFDS.GEN_IBUFDS[0].IBUFDS_I/O
                         net (fo=2, routed)           0.622     0.622    design_1_i/clk_wizard_0/inst/clock_primitive_inst/clk_in1
    MMCM_X1Y0            MMCME5 (Prop_MMCM_CLKIN1_CLKOUT0)
                                                      0.070     0.692 r  design_1_i/clk_wizard_0/inst/clock_primitive_inst/MMCME5_inst/CLKOUT0
                         net (fo=1, routed)           0.445     1.137    design_1_i/clk_wizard_0/inst/clock_primitive_inst/clkout1_primitive
    BUFGCE_X1Y23         BUFGCE (Prop_BUFCE_BUFGCE_I_O)
                                                      0.085     1.222 r  design_1_i/clk_wizard_0/inst/clock_primitive_inst/BUFG_clkout1_inst/O
    X1Y2 (CLOCK_ROOT)    net (fo=58867, routed)       2.890     4.112    design_1_i/u_mc_vd100/inst/u_inner/u_inner/gen_core[1].u_core/u_wdma/clk
    SLICE_X59Y97         FDRE                                         r  design_1_i/u_mc_vd100/inst/u_inner/u_inner/gen_core[1].u_core/u_wdma/word_buffer_reg[1869]/C
                         clock pessimism             -0.406     3.706    
    SLICE_X59Y97         FDRE (Hold_DFF_SLICEM_C_D)
                                                      0.050     3.756    design_1_i/u_mc_vd100/inst/u_inner/u_inner/gen_core[1].u_core/u_wdma/word_buffer_reg[1869]
  -------------------------------------------------------------------
                         required time                         -3.756    
                         arrival time                           3.802    
  -------------------------------------------------------------------
                         slack                                  0.046    

Slack (MET) :             0.046ns  (arrival time - required time)
  Source:                 design_1_i/u_mc_vd100/inst/u_inner/u_inner/gen_core[0].u_core/u_line_buffer/act_buf_reg_0_31_14_27/RAMC_D1/CLK
                            (rising edge-triggered cell RAMD32 clocked by clkout1_primitive  {rise@0.000ns fall@5.000ns period=10.000ns})
  Destination:            design_1_i/u_mc_vd100/inst/u_inner/u_inner/gen_core[0].u_core/u_mac_array/gen_col[15].u_col/gen_pe[2].u_pe/prod_out_reg[3]/D
                            (rising edge-triggered cell FDRE clocked by clkout1_primitive  {rise@0.000ns fall@5.000ns period=10.000ns})
  Path Group:             clkout1_primitive
  Path Type:              Hold (Min at Fast Process Corner)
  Requirement:            0.000ns  (clkout1_primitive rise@0.000ns - clkout1_primitive rise@0.000ns)
  Data Path Delay:        0.460ns  (logic 0.192ns (41.740%)  route 0.268ns (58.260%))
  Logic Levels:           1  (LUTCY1=1)
  Clock Path Skew:        0.370ns (DCD - SCD - CPR)
    Destination Clock Delay (DCD):    2.839ns
    Source Clock Delay      (SCD):    2.105ns
    Clock Pessimism Removal (CPR):    0.363ns
  Clock Net Delay (Source):      1.536ns (routing 0.376ns, distribution 1.160ns)
  Clock Net Delay (Destination): 1.988ns (routing 0.479ns, distribution 1.509ns)

    Location             Delay type                Incr(ns)  Path(ns)    Netlist Resource(s)
  -------------------------------------------------------------------    -------------------
                         (clock clkout1_primitive rise edge)
                                                      0.000     0.000 r  
    IOB_X14Y0            IBUFDS                       0.000     0.000 r  design_1_i/util_ds_buf_0/U0/USE_IBUFDS.GEN_IBUFDS[0].IBUFDS_I/O
                         net (fo=2, routed)           0.316     0.316    design_1_i/clk_wizard_0/inst/clock_primitive_inst/clk_in1
    MMCM_X1Y0            MMCME5 (Prop_MMCM_CLKIN1_CLKOUT0)
                                                     -0.039     0.277 r  design_1_i/clk_wizard_0/inst/clock_primitive_inst/MMCME5_inst/CLKOUT0
                         net (fo=1, routed)           0.240     0.517    design_1_i/clk_wizard_0/inst/clock_primitive_inst/clkout1_primitive
    BUFGCE_X1Y23         BUFGCE (Prop_BUFCE_BUFGCE_I_O)
                                                      0.052     0.569 r  design_1_i/clk_wizard_0/inst/clock_primitive_inst/BUFG_clkout1_inst/O
    X1Y2 (CLOCK_ROOT)    net (fo=58867, routed)       1.536     2.105    design_1_i/u_mc_vd100/inst/u_inner/u_inner/gen_core[0].u_core/u_line_buffer/act_buf_reg_0_31_14_27/WCLK
    SLICE_X57Y189        RAMD32                                       r  design_1_i/u_mc_vd100/inst/u_inner/u_inner/gen_core[0].u_core/u_line_buffer/act_buf_reg_0_31_14_27/RAMC_D1/CLK
  -------------------------------------------------------------------    -------------------
    SLICE_X57Y189        RAMD32 (Prop_C6LUT_SLICEM_CLK_O)
                                                      0.143     2.248 r  design_1_i/u_mc_vd100/inst/u_inner/u_inner/gen_core[0].u_core/u_line_buffer/act_buf_reg_0_31_14_27/RAMC_D1/O
                         net (fo=288, routed)         0.242     2.490    design_1_i/u_mc_vd100/inst/u_inner/u_inner/gen_core[0].u_core/u_line_buffer/gen_pe[2].u_pe/prod_out_reg[3]_i_1__14/I3
    SLICE_X55Y182        LUTCY1 (Prop_D5LUT_SLICEM_I3_O)
                                                      0.049     2.539 r  design_1_i/u_mc_vd100/inst/u_inner/u_inner/gen_core[0].u_core/u_line_buffer/gen_pe[2].u_pe/prod_out_reg[3]_i_1__14/LUTCY1_INST/O
                         net (fo=1, routed)           0.026     2.565    design_1_i/u_mc_vd100/inst/u_inner/u_inner/gen_core[0].u_core/u_mac_array/gen_col[15].u_col/gen_pe[2].u_pe/prod_out_reg[15]_7[3]
    SLICE_X55Y182        FDRE                                         r  design_1_i/u_mc_vd100/inst/u_inner/u_inner/gen_core[0].u_core/u_mac_array/gen_col[15].u_col/gen_pe[2].u_pe/prod_out_reg[3]/D
  -------------------------------------------------------------------    -------------------

                         (clock clkout1_primitive rise edge)
                                                      0.000     0.000 r  
    IOB_X14Y0            IBUFDS                       0.000     0.000 r  design_1_i/util_ds_buf_0/U0/USE_IBUFDS.GEN_IBUFDS[0].IBUFDS_I/O
                         net (fo=2, routed)           0.425     0.425    design_1_i/clk_wizard_0/inst/clock_primitive_inst/clk_in1
    MMCM_X1Y0            MMCME5 (Prop_MMCM_CLKIN1_CLKOUT0)
                                                      0.034     0.459 r  design_1_i/clk_wizard_0/inst/clock_primitive_inst/MMCME5_inst/CLKOUT0
                         net (fo=1, routed)           0.322     0.781    design_1_i/clk_wizard_0/inst/clock_primitive_inst/clkout1_primitive
    BUFGCE_X1Y23         BUFGCE (Prop_BUFCE_BUFGCE_I_O)
                                                      0.070     0.851 r  design_1_i/clk_wizard_0/inst/clock_primitive_inst/BUFG_clkout1_inst/O
    X1Y2 (CLOCK_ROOT)    net (fo=58867, routed)       1.988     2.839    design_1_i/u_mc_vd100/inst/u_inner/u_inner/gen_core[0].u_core/u_mac_array/gen_col[15].u_col/gen_pe[2].u_pe/clk
    SLICE_X55Y182        FDRE                                         r  design_1_i/u_mc_vd100/inst/u_inner/u_inner/gen_core[0].u_core/u_mac_array/gen_col[15].u_col/gen_pe[2].u_pe/prod_out_reg[3]/C
                         clock pessimism             -0.363     2.475    
    SLICE_X55Y182        FDRE (Hold_DFF_SLICEM_C_D)
                                                      0.044     2.519    design_1_i/u_mc_vd100/inst/u_inner/u_inner/gen_core[0].u_core/u_mac_array/gen_col[15].u_col/gen_pe[2].u_pe/prod_out_reg[3]
  -------------------------------------------------------------------
                         required time                         -2.519    
                         arrival time                           2.565    
  -------------------------------------------------------------------
                         slack                                  0.046    





Pulse Width Checks
--------------------------------------------------------------------------------------
Clock Name:         clkout1_primitive
Waveform(ns):       { 0.000 5.000 }
Period(ns):         10.000
Sources:            { design_1_i/clk_wizard_0/inst/clock_primitive_inst/MMCME5_inst/CLKOUT0 }

Check Type        Corner  Lib Pin          Reference Pin  Required(ns)  Actual(ns)  Slack(ns)  Location         Pin
Min Period        n/a     PS9/MAXIGP0ACLK  n/a            4.000         10.000      6.000      PS9_X0Y0         design_1_i/versal_cips_0/inst/pspmc_0/inst/PS9_inst/MAXIGP0ACLK
Min Period        n/a     NOC_NMU512/CLK   n/a            2.106         10.000      7.894      NOC_NMU512_X0Y4  design_1_i/axi_noc_0/inst/S00_AXI_nmu/bd_4b24_S00_AXI_nmu_0_top_INST/NOC_NMU512_INST/CLK
Min Period        n/a     NOC_NMU512/CLK   n/a            2.106         10.000      7.894      NOC_NMU512_X0Y1  design_1_i/axi_noc_0/inst/S01_AXI_nmu/bd_4b24_S01_AXI_nmu_0_top_INST/NOC_NMU512_INST/CLK
Min Period        n/a     NOC_NMU512/CLK   n/a            2.106         10.000      7.894      NOC_NMU512_X0Y3  design_1_i/axi_noc_0/inst/S02_AXI_nmu/bd_4b24_S02_AXI_nmu_0_top_INST/NOC_NMU512_INST/CLK
Min Period        n/a     URAM288E5/CLK    n/a            2.105         10.000      7.895      URAM288_X1Y49    design_1_i/u_mc_vd100/inst/u_inner/u_inner/gen_core[0].u_core/u_shortcut_bank/mem_reg_uram_0/CLK
Min Period        n/a     URAM288E5/CLK    n/a            2.105         10.000      7.895      URAM288_X1Y50    design_1_i/u_mc_vd100/inst/u_inner/u_inner/gen_core[0].u_core/u_shortcut_bank/mem_reg_uram_1/CLK
Min Period        n/a     URAM288E5/CLK    n/a            2.105         10.000      7.895      URAM288_X0Y45    design_1_i/u_mc_vd100/inst/u_inner/u_inner/gen_core[0].u_core/u_wb/mem_reg_uram_0/CLK
Min Period        n/a     URAM288E5/CLK    n/a            2.105         10.000      7.895      URAM288_X0Y46    design_1_i/u_mc_vd100/inst/u_inner/u_inner/gen_core[0].u_core/u_wb/mem_reg_uram_1/CLK
Min Period        n/a     URAM288E5/CLK    n/a            2.105         10.000      7.895      URAM288_X0Y48    design_1_i/u_mc_vd100/inst/u_inner/u_inner/gen_core[0].u_core/u_wb/mem_reg_uram_10/CLK
Min Period        n/a     URAM288E5/CLK    n/a            2.105         10.000      7.895      URAM288_X0Y43    design_1_i/u_mc_vd100/inst/u_inner/u_inner/gen_core[0].u_core/u_wb/mem_reg_uram_11/CLK
Low Pulse Width   Slow    PS9/MAXIGP0ACLK  n/a            2.000         5.000       3.000      PS9_X0Y0         design_1_i/versal_cips_0/inst/pspmc_0/inst/PS9_inst/MAXIGP0ACLK
Low Pulse Width   Fast    PS9/MAXIGP0ACLK  n/a            2.000         5.000       3.000      PS9_X0Y0         design_1_i/versal_cips_0/inst/pspmc_0/inst/PS9_inst/MAXIGP0ACLK
Low Pulse Width   Slow    NOC_NMU512/CLK   n/a            1.053         5.000       3.947      NOC_NMU512_X0Y4  design_1_i/axi_noc_0/inst/S00_AXI_nmu/bd_4b24_S00_AXI_nmu_0_top_INST/NOC_NMU512_INST/CLK
Low Pulse Width   Fast    NOC_NMU512/CLK   n/a            1.053         5.000       3.947      NOC_NMU512_X0Y4  design_1_i/axi_noc_0/inst/S00_AXI_nmu/bd_4b24_S00_AXI_nmu_0_top_INST/NOC_NMU512_INST/CLK
Low Pulse Width   Slow    NOC_NMU512/CLK   n/a            1.053         5.000       3.947      NOC_NMU512_X0Y1  design_1_i/axi_noc_0/inst/S01_AXI_nmu/bd_4b24_S01_AXI_nmu_0_top_INST/NOC_NMU512_INST/CLK
Low Pulse Width   Fast    NOC_NMU512/CLK   n/a            1.053         5.000       3.947      NOC_NMU512_X0Y1  design_1_i/axi_noc_0/inst/S01_AXI_nmu/bd_4b24_S01_AXI_nmu_0_top_INST/NOC_NMU512_INST/CLK
Low Pulse Width   Slow    NOC_NMU512/CLK   n/a            1.053         5.000       3.947      NOC_NMU512_X0Y3  design_1_i/axi_noc_0/inst/S02_AXI_nmu/bd_4b24_S02_AXI_nmu_0_top_INST/NOC_NMU512_INST/CLK
Low Pulse Width   Fast    NOC_NMU512/CLK   n/a            1.053         5.000       3.947      NOC_NMU512_X0Y3  design_1_i/axi_noc_0/inst/S02_AXI_nmu/bd_4b24_S02_AXI_nmu_0_top_INST/NOC_NMU512_INST/CLK
Low Pulse Width   Slow    URAM288E5/CLK    n/a            0.780         5.000       4.220      URAM288_X1Y49    design_1_i/u_mc_vd100/inst/u_inner/u_inner/gen_core[0].u_core/u_shortcut_bank/mem_reg_uram_0/CLK
Low Pulse Width   Fast    URAM288E5/CLK    n/a            0.780         5.000       4.220      URAM288_X1Y49    design_1_i/u_mc_vd100/inst/u_inner/u_inner/gen_core[0].u_core/u_shortcut_bank/mem_reg_uram_0/CLK
High Pulse Width  Slow    PS9/MAXIGP0ACLK  n/a            2.000         5.000       3.000      PS9_X0Y0         design_1_i/versal_cips_0/inst/pspmc_0/inst/PS9_inst/MAXIGP0ACLK
High Pulse Width  Fast    PS9/MAXIGP0ACLK  n/a            2.000         5.000       3.000      PS9_X0Y0         design_1_i/versal_cips_0/inst/pspmc_0/inst/PS9_inst/MAXIGP0ACLK
High Pulse Width  Slow    NOC_NMU512/CLK   n/a            1.053         5.000       3.947      NOC_NMU512_X0Y4  design_1_i/axi_noc_0/inst/S00_AXI_nmu/bd_4b24_S00_AXI_nmu_0_top_INST/NOC_NMU512_INST/CLK
High Pulse Width  Fast    NOC_NMU512/CLK   n/a            1.053         5.000       3.947      NOC_NMU512_X0Y4  design_1_i/axi_noc_0/inst/S00_AXI_nmu/bd_4b24_S00_AXI_nmu_0_top_INST/NOC_NMU512_INST/CLK
High Pulse Width  Slow    NOC_NMU512/CLK   n/a            1.053         5.000       3.947      NOC_NMU512_X0Y1  design_1_i/axi_noc_0/inst/S01_AXI_nmu/bd_4b24_S01_AXI_nmu_0_top_INST/NOC_NMU512_INST/CLK
High Pulse Width  Fast    NOC_NMU512/CLK   n/a            1.053         5.000       3.947      NOC_NMU512_X0Y1  design_1_i/axi_noc_0/inst/S01_AXI_nmu/bd_4b24_S01_AXI_nmu_0_top_INST/NOC_NMU512_INST/CLK
High Pulse Width  Slow    NOC_NMU512/CLK   n/a            1.053         5.000       3.947      NOC_NMU512_X0Y3  design_1_i/axi_noc_0/inst/S02_AXI_nmu/bd_4b24_S02_AXI_nmu_0_top_INST/NOC_NMU512_INST/CLK
High Pulse Width  Fast    NOC_NMU512/CLK   n/a            1.053         5.000       3.947      NOC_NMU512_X0Y3  design_1_i/axi_noc_0/inst/S02_AXI_nmu/bd_4b24_S02_AXI_nmu_0_top_INST/NOC_NMU512_INST/CLK
High Pulse Width  Slow    URAM288E5/CLK    n/a            0.780         5.000       4.220      URAM288_X1Y49    design_1_i/u_mc_vd100/inst/u_inner/u_inner/gen_core[0].u_core/u_shortcut_bank/mem_reg_uram_0/CLK
High Pulse Width  Fast    URAM288E5/CLK    n/a            0.780         5.000       4.220      URAM288_X1Y49    design_1_i/u_mc_vd100/inst/u_inner/u_inner/gen_core[0].u_core/u_shortcut_bank/mem_reg_uram_0/CLK



---------------------------------------------------------------------------------------------------
From Clock:  sys_clk
  To Clock:  sys_clk

Setup :           NA  Failing Endpoints,  Worst Slack           NA  ,  Total Violation           NA
Hold  :           NA  Failing Endpoints,  Worst Slack           NA  ,  Total Violation           NA
PW    :            0  Failing Endpoints,  Worst Slack        2.109ns,  Total Violation        0.000ns
---------------------------------------------------------------------------------------------------


Pulse Width Checks
--------------------------------------------------------------------------------------
Clock Name:         sys_clk
Waveform(ns):       { 0.000 2.500 }
Period(ns):         5.000
Sources:            { sys_clk_p[0] }

Check Type        Corner  Lib Pin     Reference Pin  Required(ns)  Actual(ns)  Slack(ns)  Location   Pin
Min Period        n/a     XPLL/CLKIN  n/a            1.250         5.000       3.750      XPLL_X2Y0  design_1_i/axi_noc_0/inst/MC0_ddrc/inst/noc_ddr4_phy/inst/u_xpll0_bank1/CLKIN
Max Period        n/a     XPLL/CLKIN  n/a            10.000        5.000       5.000      XPLL_X2Y0  design_1_i/axi_noc_0/inst/MC0_ddrc/inst/noc_ddr4_phy/inst/u_xpll0_bank1/CLKIN
Low Pulse Width   Slow    XPLL/CLKIN  n/a            0.391         2.500       2.109      XPLL_X2Y0  design_1_i/axi_noc_0/inst/MC0_ddrc/inst/noc_ddr4_phy/inst/u_xpll0_bank1/CLKIN
Low Pulse Width   Fast    XPLL/CLKIN  n/a            0.391         2.500       2.109      XPLL_X2Y0  design_1_i/axi_noc_0/inst/MC0_ddrc/inst/noc_ddr4_phy/inst/u_xpll0_bank1/CLKIN
High Pulse Width  Slow    XPLL/CLKIN  n/a            0.391         2.500       2.109      XPLL_X2Y0  design_1_i/axi_noc_0/inst/MC0_ddrc/inst/noc_ddr4_phy/inst/u_xpll0_bank1/CLKIN
High Pulse Width  Fast    XPLL/CLKIN  n/a            0.391         2.500       2.109      XPLL_X2Y0  design_1_i/axi_noc_0/inst/MC0_ddrc/inst/noc_ddr4_phy/inst/u_xpll0_bank1/CLKIN



---------------------------------------------------------------------------------------------------
From Clock:  bank1_clkout0
  To Clock:  bank1_clkout0

Setup :           NA  Failing Endpoints,  Worst Slack           NA  ,  Total Violation           NA
Hold  :           NA  Failing Endpoints,  Worst Slack           NA  ,  Total Violation           NA
PW    :            0  Failing Endpoints,  Worst Slack        0.000ns,  Total Violation        0.000ns
---------------------------------------------------------------------------------------------------


Pulse Width Checks
--------------------------------------------------------------------------------------
Clock Name:         bank1_clkout0
Waveform(ns):       { 0.000 0.625 }
Period(ns):         1.250
Sources:            { design_1_i/axi_noc_0/inst/MC0_ddrc/inst/noc_ddr4_phy/inst/u_xpll0_bank1/CLKOUT0 }

Check Type        Corner  Lib Pin       Reference Pin  Required(ns)  Actual(ns)  Slack(ns)  Location   Pin
Min Period        n/a     XPLL/CLKIN    n/a            1.250         1.250       0.000      XPLL_X0Y0  design_1_i/axi_noc_0/inst/MC0_ddrc/inst/noc_ddr4_phy/inst/u_xpll0_bank0/CLKIN
Min Period        n/a     XPLL/CLKOUT0  n/a            1.250         1.250       0.000      XPLL_X2Y0  design_1_i/axi_noc_0/inst/MC0_ddrc/inst/noc_ddr4_phy/inst/u_xpll0_bank1/CLKOUT0
Min Period        n/a     XPLL/CLKIN    n/a            1.250         1.250       0.000      XPLL_X4Y0  design_1_i/axi_noc_0/inst/MC0_ddrc/inst/noc_ddr4_phy/inst/u_xpll0_bank2/CLKIN
Max Period        n/a     XPLL/CLKIN    n/a            10.000        1.250       8.750      XPLL_X0Y0  design_1_i/axi_noc_0/inst/MC0_ddrc/inst/noc_ddr4_phy/inst/u_xpll0_bank0/CLKIN
Max Period        n/a     XPLL/CLKIN    n/a            10.000        1.250       8.750      XPLL_X4Y0  design_1_i/axi_noc_0/inst/MC0_ddrc/inst/noc_ddr4_phy/inst/u_xpll0_bank2/CLKIN
Low Pulse Width   Slow    XPLL/CLKIN    n/a            0.391         0.625       0.234      XPLL_X0Y0  design_1_i/axi_noc_0/inst/MC0_ddrc/inst/noc_ddr4_phy/inst/u_xpll0_bank0/CLKIN
Low Pulse Width   Fast    XPLL/CLKIN    n/a            0.391         0.625       0.234      XPLL_X0Y0  design_1_i/axi_noc_0/inst/MC0_ddrc/inst/noc_ddr4_phy/inst/u_xpll0_bank0/CLKIN
Low Pulse Width   Slow    XPLL/CLKIN    n/a            0.391         0.625       0.234      XPLL_X4Y0  design_1_i/axi_noc_0/inst/MC0_ddrc/inst/noc_ddr4_phy/inst/u_xpll0_bank2/CLKIN
Low Pulse Width   Fast    XPLL/CLKIN    n/a            0.391         0.625       0.234      XPLL_X4Y0  design_1_i/axi_noc_0/inst/MC0_ddrc/inst/noc_ddr4_phy/inst/u_xpll0_bank2/CLKIN
High Pulse Width  Slow    XPLL/CLKIN    n/a            0.391         0.625       0.234      XPLL_X0Y0  design_1_i/axi_noc_0/inst/MC0_ddrc/inst/noc_ddr4_phy/inst/u_xpll0_bank0/CLKIN
High Pulse Width  Fast    XPLL/CLKIN    n/a            0.391         0.625       0.234      XPLL_X0Y0  design_1_i/axi_noc_0/inst/MC0_ddrc/inst/noc_ddr4_phy/inst/u_xpll0_bank0/CLKIN
High Pulse Width  Slow    XPLL/CLKIN    n/a            0.391         0.625       0.234      XPLL_X4Y0  design_1_i/axi_noc_0/inst/MC0_ddrc/inst/noc_ddr4_phy/inst/u_xpll0_bank2/CLKIN
High Pulse Width  Fast    XPLL/CLKIN    n/a            0.391         0.625       0.234      XPLL_X4Y0  design_1_i/axi_noc_0/inst/MC0_ddrc/inst/noc_ddr4_phy/inst/u_xpll0_bank2/CLKIN



---------------------------------------------------------------------------------------------------
From Clock:  pll_clktoxphy[0]
  To Clock:  pll_clktoxphy[0]

Setup :           NA  Failing Endpoints,  Worst Slack           NA  ,  Total Violation           NA
Hold  :           NA  Failing Endpoints,  Worst Slack           NA  ,  Total Violation           NA
PW    :            0  Failing Endpoints,  Worst Slack        0.044ns,  Total Violation        0.000ns
---------------------------------------------------------------------------------------------------


Pulse Width Checks
--------------------------------------------------------------------------------------
Clock Name:         pll_clktoxphy[0]
Waveform(ns):       { 0.000 0.156 }
Period(ns):         0.312
Sources:            { design_1_i/axi_noc_0/inst/MC0_ddrc/inst/noc_ddr4_phy/inst/u_xpll0_bank0/CLKOUTPHY }

Check Type        Corner  Lib Pin         Reference Pin  Required(ns)  Actual(ns)  Slack(ns)  Location   Pin
Min Period        n/a     XPHY/PLL_CLK    n/a            0.268         0.312       0.044      XPHY_X0Y0  design_1_i/axi_noc_0/inst/MC0_ddrc/inst/noc_ddr4_phy/inst/BANK_WRAPPER_INST0/NIBBLE[0].UNISIM.I_XPHY/PLL_CLK
Min Period        n/a     XPHY/PLL_CLK    n/a            0.268         0.312       0.044      XPHY_X1Y0  design_1_i/axi_noc_0/inst/MC0_ddrc/inst/noc_ddr4_phy/inst/BANK_WRAPPER_INST0/NIBBLE[1].UNISIM.I_XPHY/PLL_CLK
Min Period        n/a     XPHY/PLL_CLK    n/a            0.268         0.312       0.044      XPHY_X2Y0  design_1_i/axi_noc_0/inst/MC0_ddrc/inst/noc_ddr4_phy/inst/BANK_WRAPPER_INST0/NIBBLE[2].UNISIM.I_XPHY/PLL_CLK
Min Period        n/a     XPHY/PLL_CLK    n/a            0.268         0.312       0.044      XPHY_X3Y0  design_1_i/axi_noc_0/inst/MC0_ddrc/inst/noc_ddr4_phy/inst/BANK_WRAPPER_INST0/NIBBLE[3].UNISIM.I_XPHY/PLL_CLK
Min Period        n/a     XPHY/PLL_CLK    n/a            0.268         0.312       0.044      XPHY_X5Y0  design_1_i/axi_noc_0/inst/MC0_ddrc/inst/noc_ddr4_phy/inst/BANK_WRAPPER_INST0/NIBBLE[4].UNISIM.I_XPHY/PLL_CLK
Min Period        n/a     XPHY/PLL_CLK    n/a            0.268         0.312       0.044      XPHY_X6Y0  design_1_i/axi_noc_0/inst/MC0_ddrc/inst/noc_ddr4_phy/inst/BANK_WRAPPER_INST0/NIBBLE[5].UNISIM.I_XPHY/PLL_CLK
Min Period        n/a     XPHY/PLL_CLK    n/a            0.268         0.312       0.044      XPHY_X7Y0  design_1_i/axi_noc_0/inst/MC0_ddrc/inst/noc_ddr4_phy/inst/BANK_WRAPPER_INST0/NIBBLE[6].UNISIM.I_XPHY/PLL_CLK
Min Period        n/a     XPHY/PLL_CLK    n/a            0.268         0.312       0.044      XPHY_X8Y0  design_1_i/axi_noc_0/inst/MC0_ddrc/inst/noc_ddr4_phy/inst/BANK_WRAPPER_INST0/NIBBLE[7].UNISIM.I_XPHY/PLL_CLK
Min Period        n/a     XPHY/PLL_CLK    n/a            0.268         0.312       0.044      XPHY_X4Y0  design_1_i/axi_noc_0/inst/MC0_ddrc/inst/noc_ddr4_phy/inst/BANK_WRAPPER_INST0/NIBBLE[8].UNISIM.I_XPHY/PLL_CLK
Min Period        n/a     XPLL/CLKOUTPHY  n/a            0.231         0.312       0.082      XPLL_X0Y0  design_1_i/axi_noc_0/inst/MC0_ddrc/inst/noc_ddr4_phy/inst/u_xpll0_bank0/CLKOUTPHY
Low Pulse Width   Slow    XPHY/PLL_CLK    n/a            0.107         0.156       0.049      XPHY_X0Y0  design_1_i/axi_noc_0/inst/MC0_ddrc/inst/noc_ddr4_phy/inst/BANK_WRAPPER_INST0/NIBBLE[0].UNISIM.I_XPHY/PLL_CLK
Low Pulse Width   Fast    XPHY/PLL_CLK    n/a            0.107         0.156       0.049      XPHY_X0Y0  design_1_i/axi_noc_0/inst/MC0_ddrc/inst/noc_ddr4_phy/inst/BANK_WRAPPER_INST0/NIBBLE[0].UNISIM.I_XPHY/PLL_CLK
Low Pulse Width   Slow    XPHY/PLL_CLK    n/a            0.107         0.156       0.049      XPHY_X1Y0  design_1_i/axi_noc_0/inst/MC0_ddrc/inst/noc_ddr4_phy/inst/BANK_WRAPPER_INST0/NIBBLE[1].UNISIM.I_XPHY/PLL_CLK
Low Pulse Width   Fast    XPHY/PLL_CLK    n/a            0.107         0.156       0.049      XPHY_X1Y0  design_1_i/axi_noc_0/inst/MC0_ddrc/inst/noc_ddr4_phy/inst/BANK_WRAPPER_INST0/NIBBLE[1].UNISIM.I_XPHY/PLL_CLK
Low Pulse Width   Slow    XPHY/PLL_CLK    n/a            0.107         0.156       0.049      XPHY_X2Y0  design_1_i/axi_noc_0/inst/MC0_ddrc/inst/noc_ddr4_phy/inst/BANK_WRAPPER_INST0/NIBBLE[2].UNISIM.I_XPHY/PLL_CLK
Low Pulse Width   Fast    XPHY/PLL_CLK    n/a            0.107         0.156       0.049      XPHY_X2Y0  design_1_i/axi_noc_0/inst/MC0_ddrc/inst/noc_ddr4_phy/inst/BANK_WRAPPER_INST0/NIBBLE[2].UNISIM.I_XPHY/PLL_CLK
Low Pulse Width   Slow    XPHY/PLL_CLK    n/a            0.107         0.156       0.049      XPHY_X3Y0  design_1_i/axi_noc_0/inst/MC0_ddrc/inst/noc_ddr4_phy/inst/BANK_WRAPPER_INST0/NIBBLE[3].UNISIM.I_XPHY/PLL_CLK
Low Pulse Width   Fast    XPHY/PLL_CLK    n/a            0.107         0.156       0.049      XPHY_X3Y0  design_1_i/axi_noc_0/inst/MC0_ddrc/inst/noc_ddr4_phy/inst/BANK_WRAPPER_INST0/NIBBLE[3].UNISIM.I_XPHY/PLL_CLK
Low Pulse Width   Slow    XPHY/PLL_CLK    n/a            0.107         0.156       0.049      XPHY_X5Y0  design_1_i/axi_noc_0/inst/MC0_ddrc/inst/noc_ddr4_phy/inst/BANK_WRAPPER_INST0/NIBBLE[4].UNISIM.I_XPHY/PLL_CLK
Low Pulse Width   Fast    XPHY/PLL_CLK    n/a            0.107         0.156       0.049      XPHY_X5Y0  design_1_i/axi_noc_0/inst/MC0_ddrc/inst/noc_ddr4_phy/inst/BANK_WRAPPER_INST0/NIBBLE[4].UNISIM.I_XPHY/PLL_CLK
High Pulse Width  Slow    XPHY/PLL_CLK    n/a            0.107         0.156       0.049      XPHY_X0Y0  design_1_i/axi_noc_0/inst/MC0_ddrc/inst/noc_ddr4_phy/inst/BANK_WRAPPER_INST0/NIBBLE[0].UNISIM.I_XPHY/PLL_CLK
High Pulse Width  Fast    XPHY/PLL_CLK    n/a            0.107         0.156       0.049      XPHY_X0Y0  design_1_i/axi_noc_0/inst/MC0_ddrc/inst/noc_ddr4_phy/inst/BANK_WRAPPER_INST0/NIBBLE[0].UNISIM.I_XPHY/PLL_CLK
High Pulse Width  Slow    XPHY/PLL_CLK    n/a            0.107         0.156       0.049      XPHY_X1Y0  design_1_i/axi_noc_0/inst/MC0_ddrc/inst/noc_ddr4_phy/inst/BANK_WRAPPER_INST0/NIBBLE[1].UNISIM.I_XPHY/PLL_CLK
High Pulse Width  Fast    XPHY/PLL_CLK    n/a            0.107         0.156       0.049      XPHY_X1Y0  design_1_i/axi_noc_0/inst/MC0_ddrc/inst/noc_ddr4_phy/inst/BANK_WRAPPER_INST0/NIBBLE[1].UNISIM.I_XPHY/PLL_CLK
High Pulse Width  Slow    XPHY/PLL_CLK    n/a            0.107         0.156       0.049      XPHY_X2Y0  design_1_i/axi_noc_0/inst/MC0_ddrc/inst/noc_ddr4_phy/inst/BANK_WRAPPER_INST0/NIBBLE[2].UNISIM.I_XPHY/PLL_CLK
High Pulse Width  Fast    XPHY/PLL_CLK    n/a            0.107         0.156       0.049      XPHY_X2Y0  design_1_i/axi_noc_0/inst/MC0_ddrc/inst/noc_ddr4_phy/inst/BANK_WRAPPER_INST0/NIBBLE[2].UNISIM.I_XPHY/PLL_CLK
High Pulse Width  Slow    XPHY/PLL_CLK    n/a            0.107         0.156       0.049      XPHY_X3Y0  design_1_i/axi_noc_0/inst/MC0_ddrc/inst/noc_ddr4_phy/inst/BANK_WRAPPER_INST0/NIBBLE[3].UNISIM.I_XPHY/PLL_CLK
High Pulse Width  Fast    XPHY/PLL_CLK    n/a            0.107         0.156       0.049      XPHY_X3Y0  design_1_i/axi_noc_0/inst/MC0_ddrc/inst/noc_ddr4_phy/inst/BANK_WRAPPER_INST0/NIBBLE[3].UNISIM.I_XPHY/PLL_CLK
High Pulse Width  Slow    XPHY/PLL_CLK    n/a            0.107         0.156       0.049      XPHY_X5Y0  design_1_i/axi_noc_0/inst/MC0_ddrc/inst/noc_ddr4_phy/inst/BANK_WRAPPER_INST0/NIBBLE[4].UNISIM.I_XPHY/PLL_CLK
High Pulse Width  Fast    XPHY/PLL_CLK    n/a            0.107         0.156       0.049      XPHY_X5Y0  design_1_i/axi_noc_0/inst/MC0_ddrc/inst/noc_ddr4_phy/inst/BANK_WRAPPER_INST0/NIBBLE[4].UNISIM.I_XPHY/PLL_CLK



---------------------------------------------------------------------------------------------------
From Clock:  pll_clktoxphy[2]
  To Clock:  pll_clktoxphy[2]

Setup :           NA  Failing Endpoints,  Worst Slack           NA  ,  Total Violation           NA
Hold  :           NA  Failing Endpoints,  Worst Slack           NA  ,  Total Violation           NA
PW    :            0  Failing Endpoints,  Worst Slack        0.044ns,  Total Violation        0.000ns
---------------------------------------------------------------------------------------------------


Pulse Width Checks
--------------------------------------------------------------------------------------
Clock Name:         pll_clktoxphy[2]
Waveform(ns):       { 0.000 0.156 }
Period(ns):         0.312
Sources:            { design_1_i/axi_noc_0/inst/MC0_ddrc/inst/noc_ddr4_phy/inst/u_xpll0_bank2/CLKOUTPHY }

Check Type        Corner  Lib Pin         Reference Pin  Required(ns)  Actual(ns)  Slack(ns)  Location    Pin
Min Period        n/a     XPHY/PLL_CLK    n/a            0.268         0.312       0.044      XPHY_X18Y0  design_1_i/axi_noc_0/inst/MC0_ddrc/inst/noc_ddr4_phy/inst/BANK_WRAPPER_INST2/NIBBLE[0].UNISIM.I_XPHY/PLL_CLK
Min Period        n/a     XPHY/PLL_CLK    n/a            0.268         0.312       0.044      XPHY_X19Y0  design_1_i/axi_noc_0/inst/MC0_ddrc/inst/noc_ddr4_phy/inst/BANK_WRAPPER_INST2/NIBBLE[1].UNISIM.I_XPHY/PLL_CLK
Min Period        n/a     XPHY/PLL_CLK    n/a            0.268         0.312       0.044      XPHY_X20Y0  design_1_i/axi_noc_0/inst/MC0_ddrc/inst/noc_ddr4_phy/inst/BANK_WRAPPER_INST2/NIBBLE[2].UNISIM.I_XPHY/PLL_CLK
Min Period        n/a     XPHY/PLL_CLK    n/a            0.268         0.312       0.044      XPHY_X21Y0  design_1_i/axi_noc_0/inst/MC0_ddrc/inst/noc_ddr4_phy/inst/BANK_WRAPPER_INST2/NIBBLE[3].UNISIM.I_XPHY/PLL_CLK
Min Period        n/a     XPLL/CLKOUTPHY  n/a            0.231         0.312       0.082      XPLL_X4Y0   design_1_i/axi_noc_0/inst/MC0_ddrc/inst/noc_ddr4_phy/inst/u_xpll0_bank2/CLKOUTPHY
Low Pulse Width   Slow    XPHY/PLL_CLK    n/a            0.107         0.156       0.049      XPHY_X18Y0  design_1_i/axi_noc_0/inst/MC0_ddrc/inst/noc_ddr4_phy/inst/BANK_WRAPPER_INST2/NIBBLE[0].UNISIM.I_XPHY/PLL_CLK
Low Pulse Width   Fast    XPHY/PLL_CLK    n/a            0.107         0.156       0.049      XPHY_X18Y0  design_1_i/axi_noc_0/inst/MC0_ddrc/inst/noc_ddr4_phy/inst/BANK_WRAPPER_INST2/NIBBLE[0].UNISIM.I_XPHY/PLL_CLK
Low Pulse Width   Slow    XPHY/PLL_CLK    n/a            0.107         0.156       0.049      XPHY_X19Y0  design_1_i/axi_noc_0/inst/MC0_ddrc/inst/noc_ddr4_phy/inst/BANK_WRAPPER_INST2/NIBBLE[1].UNISIM.I_XPHY/PLL_CLK
Low Pulse Width   Fast    XPHY/PLL_CLK    n/a            0.107         0.156       0.049      XPHY_X19Y0  design_1_i/axi_noc_0/inst/MC0_ddrc/inst/noc_ddr4_phy/inst/BANK_WRAPPER_INST2/NIBBLE[1].UNISIM.I_XPHY/PLL_CLK
Low Pulse Width   Slow    XPHY/PLL_CLK    n/a            0.107         0.156       0.049      XPHY_X20Y0  design_1_i/axi_noc_0/inst/MC0_ddrc/inst/noc_ddr4_phy/inst/BANK_WRAPPER_INST2/NIBBLE[2].UNISIM.I_XPHY/PLL_CLK
Low Pulse Width   Fast    XPHY/PLL_CLK    n/a            0.107         0.156       0.049      XPHY_X20Y0  design_1_i/axi_noc_0/inst/MC0_ddrc/inst/noc_ddr4_phy/inst/BANK_WRAPPER_INST2/NIBBLE[2].UNISIM.I_XPHY/PLL_CLK
Low Pulse Width   Slow    XPHY/PLL_CLK    n/a            0.107         0.156       0.049      XPHY_X21Y0  design_1_i/axi_noc_0/inst/MC0_ddrc/inst/noc_ddr4_phy/inst/BANK_WRAPPER_INST2/NIBBLE[3].UNISIM.I_XPHY/PLL_CLK
Low Pulse Width   Fast    XPHY/PLL_CLK    n/a            0.107         0.156       0.049      XPHY_X21Y0  design_1_i/axi_noc_0/inst/MC0_ddrc/inst/noc_ddr4_phy/inst/BANK_WRAPPER_INST2/NIBBLE[3].UNISIM.I_XPHY/PLL_CLK
High Pulse Width  Slow    XPHY/PLL_CLK    n/a            0.107         0.156       0.049      XPHY_X18Y0  design_1_i/axi_noc_0/inst/MC0_ddrc/inst/noc_ddr4_phy/inst/BANK_WRAPPER_INST2/NIBBLE[0].UNISIM.I_XPHY/PLL_CLK
High Pulse Width  Fast    XPHY/PLL_CLK    n/a            0.107         0.156       0.049      XPHY_X18Y0  design_1_i/axi_noc_0/inst/MC0_ddrc/inst/noc_ddr4_phy/inst/BANK_WRAPPER_INST2/NIBBLE[0].UNISIM.I_XPHY/PLL_CLK
High Pulse Width  Slow    XPHY/PLL_CLK    n/a            0.107         0.156       0.049      XPHY_X19Y0  design_1_i/axi_noc_0/inst/MC0_ddrc/inst/noc_ddr4_phy/inst/BANK_WRAPPER_INST2/NIBBLE[1].UNISIM.I_XPHY/PLL_CLK
High Pulse Width  Fast    XPHY/PLL_CLK    n/a            0.107         0.156       0.049      XPHY_X19Y0  design_1_i/axi_noc_0/inst/MC0_ddrc/inst/noc_ddr4_phy/inst/BANK_WRAPPER_INST2/NIBBLE[1].UNISIM.I_XPHY/PLL_CLK
High Pulse Width  Slow    XPHY/PLL_CLK    n/a            0.107         0.156       0.049      XPHY_X20Y0  design_1_i/axi_noc_0/inst/MC0_ddrc/inst/noc_ddr4_phy/inst/BANK_WRAPPER_INST2/NIBBLE[2].UNISIM.I_XPHY/PLL_CLK
High Pulse Width  Fast    XPHY/PLL_CLK    n/a            0.107         0.156       0.049      XPHY_X20Y0  design_1_i/axi_noc_0/inst/MC0_ddrc/inst/noc_ddr4_phy/inst/BANK_WRAPPER_INST2/NIBBLE[2].UNISIM.I_XPHY/PLL_CLK
High Pulse Width  Slow    XPHY/PLL_CLK    n/a            0.107         0.156       0.049      XPHY_X21Y0  design_1_i/axi_noc_0/inst/MC0_ddrc/inst/noc_ddr4_phy/inst/BANK_WRAPPER_INST2/NIBBLE[3].UNISIM.I_XPHY/PLL_CLK
High Pulse Width  Fast    XPHY/PLL_CLK    n/a            0.107         0.156       0.049      XPHY_X21Y0  design_1_i/axi_noc_0/inst/MC0_ddrc/inst/noc_ddr4_phy/inst/BANK_WRAPPER_INST2/NIBBLE[3].UNISIM.I_XPHY/PLL_CLK



---------------------------------------------------------------------------------------------------
From Clock:  bank1_xpll0_fifo_rd_clk
  To Clock:  bank1_xpll0_fifo_rd_clk

Setup :           NA  Failing Endpoints,  Worst Slack           NA  ,  Total Violation           NA
Hold  :           NA  Failing Endpoints,  Worst Slack           NA  ,  Total Violation           NA
PW    :            0  Failing Endpoints,  Worst Slack        0.000ns,  Total Violation        0.000ns
---------------------------------------------------------------------------------------------------


Pulse Width Checks
--------------------------------------------------------------------------------------
Clock Name:         bank1_xpll0_fifo_rd_clk
Waveform(ns):       { 0.000 0.625 }
Period(ns):         1.250
Sources:            { design_1_i/axi_noc_0/inst/MC0_ddrc/inst/noc_ddr4_phy/inst/u_xpll0_bank1/CLKOUT2 }

Check Type        Corner  Lib Pin           Reference Pin  Required(ns)  Actual(ns)  Slack(ns)  Location   Pin
Min Period        n/a     XPLL/CLKOUT2      n/a            1.250         1.250       0.000      XPLL_X2Y0  design_1_i/axi_noc_0/inst/MC0_ddrc/inst/noc_ddr4_phy/inst/u_xpll0_bank1/CLKOUT2
Min Period        n/a     XPHY/FIFO_RD_CLK  n/a            1.072         1.250       0.178      XPHY_X0Y0  design_1_i/axi_noc_0/inst/MC0_ddrc/inst/noc_ddr4_phy/inst/BANK_WRAPPER_INST0/NIBBLE[0].UNISIM.I_XPHY/FIFO_RD_CLK
Min Period        n/a     XPHY/FIFO_RD_CLK  n/a            1.072         1.250       0.178      XPHY_X1Y0  design_1_i/axi_noc_0/inst/MC0_ddrc/inst/noc_ddr4_phy/inst/BANK_WRAPPER_INST0/NIBBLE[1].UNISIM.I_XPHY/FIFO_RD_CLK
Min Period        n/a     XPHY/FIFO_RD_CLK  n/a            1.072         1.250       0.178      XPHY_X2Y0  design_1_i/axi_noc_0/inst/MC0_ddrc/inst/noc_ddr4_phy/inst/BANK_WRAPPER_INST0/NIBBLE[2].UNISIM.I_XPHY/FIFO_RD_CLK
Min Period        n/a     XPHY/FIFO_RD_CLK  n/a            1.072         1.250       0.178      XPHY_X3Y0  design_1_i/axi_noc_0/inst/MC0_ddrc/inst/noc_ddr4_phy/inst/BANK_WRAPPER_INST0/NIBBLE[3].UNISIM.I_XPHY/FIFO_RD_CLK
Min Period        n/a     XPHY/FIFO_RD_CLK  n/a            1.072         1.250       0.178      XPHY_X5Y0  design_1_i/axi_noc_0/inst/MC0_ddrc/inst/noc_ddr4_phy/inst/BANK_WRAPPER_INST0/NIBBLE[4].UNISIM.I_XPHY/FIFO_RD_CLK
Min Period        n/a     XPHY/FIFO_RD_CLK  n/a            1.072         1.250       0.178      XPHY_X6Y0  design_1_i/axi_noc_0/inst/MC0_ddrc/inst/noc_ddr4_phy/inst/BANK_WRAPPER_INST0/NIBBLE[5].UNISIM.I_XPHY/FIFO_RD_CLK
Min Period        n/a     XPHY/FIFO_RD_CLK  n/a            1.072         1.250       0.178      XPHY_X7Y0  design_1_i/axi_noc_0/inst/MC0_ddrc/inst/noc_ddr4_phy/inst/BANK_WRAPPER_INST0/NIBBLE[6].UNISIM.I_XPHY/FIFO_RD_CLK
Min Period        n/a     XPHY/FIFO_RD_CLK  n/a            1.072         1.250       0.178      XPHY_X8Y0  design_1_i/axi_noc_0/inst/MC0_ddrc/inst/noc_ddr4_phy/inst/BANK_WRAPPER_INST0/NIBBLE[7].UNISIM.I_XPHY/FIFO_RD_CLK
Min Period        n/a     XPHY/FIFO_RD_CLK  n/a            1.072         1.250       0.178      XPHY_X4Y0  design_1_i/axi_noc_0/inst/MC0_ddrc/inst/noc_ddr4_phy/inst/BANK_WRAPPER_INST0/NIBBLE[8].UNISIM.I_XPHY/FIFO_RD_CLK
Low Pulse Width   Slow    XPHY/FIFO_RD_CLK  n/a            0.429         0.625       0.196      XPHY_X0Y0  design_1_i/axi_noc_0/inst/MC0_ddrc/inst/noc_ddr4_phy/inst/BANK_WRAPPER_INST0/NIBBLE[0].UNISIM.I_XPHY/FIFO_RD_CLK
Low Pulse Width   Fast    XPHY/FIFO_RD_CLK  n/a            0.429         0.625       0.196      XPHY_X0Y0  design_1_i/axi_noc_0/inst/MC0_ddrc/inst/noc_ddr4_phy/inst/BANK_WRAPPER_INST0/NIBBLE[0].UNISIM.I_XPHY/FIFO_RD_CLK
Low Pulse Width   Slow    XPHY/FIFO_RD_CLK  n/a            0.429         0.625       0.196      XPHY_X1Y0  design_1_i/axi_noc_0/inst/MC0_ddrc/inst/noc_ddr4_phy/inst/BANK_WRAPPER_INST0/NIBBLE[1].UNISIM.I_XPHY/FIFO_RD_CLK
Low Pulse Width   Fast    XPHY/FIFO_RD_CLK  n/a            0.429         0.625       0.196      XPHY_X1Y0  design_1_i/axi_noc_0/inst/MC0_ddrc/inst/noc_ddr4_phy/inst/BANK_WRAPPER_INST0/NIBBLE[1].UNISIM.I_XPHY/FIFO_RD_CLK
Low Pulse Width   Slow    XPHY/FIFO_RD_CLK  n/a            0.429         0.625       0.196      XPHY_X2Y0  design_1_i/axi_noc_0/inst/MC0_ddrc/inst/noc_ddr4_phy/inst/BANK_WRAPPER_INST0/NIBBLE[2].UNISIM.I_XPHY/FIFO_RD_CLK
Low Pulse Width   Fast    XPHY/FIFO_RD_CLK  n/a            0.429         0.625       0.196      XPHY_X2Y0  design_1_i/axi_noc_0/inst/MC0_ddrc/inst/noc_ddr4_phy/inst/BANK_WRAPPER_INST0/NIBBLE[2].UNISIM.I_XPHY/FIFO_RD_CLK
Low Pulse Width   Slow    XPHY/FIFO_RD_CLK  n/a            0.429         0.625       0.196      XPHY_X3Y0  design_1_i/axi_noc_0/inst/MC0_ddrc/inst/noc_ddr4_phy/inst/BANK_WRAPPER_INST0/NIBBLE[3].UNISIM.I_XPHY/FIFO_RD_CLK
Low Pulse Width   Fast    XPHY/FIFO_RD_CLK  n/a            0.429         0.625       0.196      XPHY_X3Y0  design_1_i/axi_noc_0/inst/MC0_ddrc/inst/noc_ddr4_phy/inst/BANK_WRAPPER_INST0/NIBBLE[3].UNISIM.I_XPHY/FIFO_RD_CLK
Low Pulse Width   Slow    XPHY/FIFO_RD_CLK  n/a            0.429         0.625       0.196      XPHY_X5Y0  design_1_i/axi_noc_0/inst/MC0_ddrc/inst/noc_ddr4_phy/inst/BANK_WRAPPER_INST0/NIBBLE[4].UNISIM.I_XPHY/FIFO_RD_CLK
Low Pulse Width   Fast    XPHY/FIFO_RD_CLK  n/a            0.429         0.625       0.196      XPHY_X5Y0  design_1_i/axi_noc_0/inst/MC0_ddrc/inst/noc_ddr4_phy/inst/BANK_WRAPPER_INST0/NIBBLE[4].UNISIM.I_XPHY/FIFO_RD_CLK
High Pulse Width  Slow    XPHY/FIFO_RD_CLK  n/a            0.429         0.625       0.196      XPHY_X0Y0  design_1_i/axi_noc_0/inst/MC0_ddrc/inst/noc_ddr4_phy/inst/BANK_WRAPPER_INST0/NIBBLE[0].UNISIM.I_XPHY/FIFO_RD_CLK
High Pulse Width  Fast    XPHY/FIFO_RD_CLK  n/a            0.429         0.625       0.196      XPHY_X0Y0  design_1_i/axi_noc_0/inst/MC0_ddrc/inst/noc_ddr4_phy/inst/BANK_WRAPPER_INST0/NIBBLE[0].UNISIM.I_XPHY/FIFO_RD_CLK
High Pulse Width  Slow    XPHY/FIFO_RD_CLK  n/a            0.429         0.625       0.196      XPHY_X1Y0  design_1_i/axi_noc_0/inst/MC0_ddrc/inst/noc_ddr4_phy/inst/BANK_WRAPPER_INST0/NIBBLE[1].UNISIM.I_XPHY/FIFO_RD_CLK
High Pulse Width  Fast    XPHY/FIFO_RD_CLK  n/a            0.429         0.625       0.196      XPHY_X1Y0  design_1_i/axi_noc_0/inst/MC0_ddrc/inst/noc_ddr4_phy/inst/BANK_WRAPPER_INST0/NIBBLE[1].UNISIM.I_XPHY/FIFO_RD_CLK
High Pulse Width  Slow    XPHY/FIFO_RD_CLK  n/a            0.429         0.625       0.196      XPHY_X2Y0  design_1_i/axi_noc_0/inst/MC0_ddrc/inst/noc_ddr4_phy/inst/BANK_WRAPPER_INST0/NIBBLE[2].UNISIM.I_XPHY/FIFO_RD_CLK
High Pulse Width  Fast    XPHY/FIFO_RD_CLK  n/a            0.429         0.625       0.196      XPHY_X2Y0  design_1_i/axi_noc_0/inst/MC0_ddrc/inst/noc_ddr4_phy/inst/BANK_WRAPPER_INST0/NIBBLE[2].UNISIM.I_XPHY/FIFO_RD_CLK
High Pulse Width  Slow    XPHY/FIFO_RD_CLK  n/a            0.429         0.625       0.196      XPHY_X3Y0  design_1_i/axi_noc_0/inst/MC0_ddrc/inst/noc_ddr4_phy/inst/BANK_WRAPPER_INST0/NIBBLE[3].UNISIM.I_XPHY/FIFO_RD_CLK
High Pulse Width  Fast    XPHY/FIFO_RD_CLK  n/a            0.429         0.625       0.196      XPHY_X3Y0  design_1_i/axi_noc_0/inst/MC0_ddrc/inst/noc_ddr4_phy/inst/BANK_WRAPPER_INST0/NIBBLE[3].UNISIM.I_XPHY/FIFO_RD_CLK
High Pulse Width  Slow    XPHY/FIFO_RD_CLK  n/a            0.429         0.625       0.196      XPHY_X5Y0  design_1_i/axi_noc_0/inst/MC0_ddrc/inst/noc_ddr4_phy/inst/BANK_WRAPPER_INST0/NIBBLE[4].UNISIM.I_XPHY/FIFO_RD_CLK
High Pulse Width  Fast    XPHY/FIFO_RD_CLK  n/a            0.429         0.625       0.196      XPHY_X5Y0  design_1_i/axi_noc_0/inst/MC0_ddrc/inst/noc_ddr4_phy/inst/BANK_WRAPPER_INST0/NIBBLE[4].UNISIM.I_XPHY/FIFO_RD_CLK



---------------------------------------------------------------------------------------------------
From Clock:  mc_clk_xpll
  To Clock:  mc_clk_xpll

Setup :           NA  Failing Endpoints,  Worst Slack           NA  ,  Total Violation           NA
Hold  :           NA  Failing Endpoints,  Worst Slack           NA  ,  Total Violation           NA
PW    :            0  Failing Endpoints,  Worst Slack        0.000ns,  Total Violation        0.000ns
---------------------------------------------------------------------------------------------------


Pulse Width Checks
--------------------------------------------------------------------------------------
Clock Name:         mc_clk_xpll
Waveform(ns):       { 0.000 0.625 }
Period(ns):         1.250
Sources:            { design_1_i/axi_noc_0/inst/MC0_ddrc/inst/noc_ddr4_phy/inst/u_xpll0_bank1/CLKOUT1 }

Check Type  Corner  Lib Pin       Reference Pin  Required(ns)  Actual(ns)  Slack(ns)  Location   Pin
Min Period  n/a     XPLL/CLKOUT1  n/a            1.250         1.250       0.000      XPLL_X2Y0  design_1_i/axi_noc_0/inst/MC0_ddrc/inst/noc_ddr4_phy/inst/u_xpll0_bank1/CLKOUT1



---------------------------------------------------------------------------------------------------
From Clock:  pll_clk_xpll
  To Clock:  pll_clk_xpll

Setup :           NA  Failing Endpoints,  Worst Slack           NA  ,  Total Violation           NA
Hold  :           NA  Failing Endpoints,  Worst Slack           NA  ,  Total Violation           NA
PW    :            0  Failing Endpoints,  Worst Slack        0.044ns,  Total Violation        0.000ns
---------------------------------------------------------------------------------------------------


Pulse Width Checks
--------------------------------------------------------------------------------------
Clock Name:         pll_clk_xpll
Waveform(ns):       { 0.000 0.156 }
Period(ns):         0.312
Sources:            { design_1_i/axi_noc_0/inst/MC0_ddrc/inst/noc_ddr4_phy/inst/u_xpll0_bank1/CLKOUTPHY }

Check Type        Corner  Lib Pin         Reference Pin  Required(ns)  Actual(ns)  Slack(ns)  Location    Pin
Min Period        n/a     XPHY/PLL_CLK    n/a            0.268         0.312       0.044      XPHY_X9Y0   design_1_i/axi_noc_0/inst/MC0_ddrc/inst/noc_ddr4_phy/inst/BANK_WRAPPER_INST1/NIBBLE[0].UNISIM.I_XPHY/PLL_CLK
Min Period        n/a     XPHY/PLL_CLK    n/a            0.268         0.312       0.044      XPHY_X10Y0  design_1_i/axi_noc_0/inst/MC0_ddrc/inst/noc_ddr4_phy/inst/BANK_WRAPPER_INST1/NIBBLE[1].UNISIM.I_XPHY/PLL_CLK
Min Period        n/a     XPHY/PLL_CLK    n/a            0.268         0.312       0.044      XPHY_X11Y0  design_1_i/axi_noc_0/inst/MC0_ddrc/inst/noc_ddr4_phy/inst/BANK_WRAPPER_INST1/NIBBLE[2].UNISIM.I_XPHY/PLL_CLK
Min Period        n/a     XPHY/PLL_CLK    n/a            0.268         0.312       0.044      XPHY_X12Y0  design_1_i/axi_noc_0/inst/MC0_ddrc/inst/noc_ddr4_phy/inst/BANK_WRAPPER_INST1/NIBBLE[3].UNISIM.I_XPHY/PLL_CLK
Min Period        n/a     XPHY/PLL_CLK    n/a            0.268         0.312       0.044      XPHY_X14Y0  design_1_i/axi_noc_0/inst/MC0_ddrc/inst/noc_ddr4_phy/inst/BANK_WRAPPER_INST1/NIBBLE[4].UNISIM.I_XPHY/PLL_CLK
Min Period        n/a     XPHY/PLL_CLK    n/a            0.268         0.312       0.044      XPHY_X15Y0  design_1_i/axi_noc_0/inst/MC0_ddrc/inst/noc_ddr4_phy/inst/BANK_WRAPPER_INST1/NIBBLE[5].UNISIM.I_XPHY/PLL_CLK
Min Period        n/a     XPHY/PLL_CLK    n/a            0.268         0.312       0.044      XPHY_X16Y0  design_1_i/axi_noc_0/inst/MC0_ddrc/inst/noc_ddr4_phy/inst/BANK_WRAPPER_INST1/NIBBLE[6].UNISIM.I_XPHY/PLL_CLK
Min Period        n/a     XPHY/PLL_CLK    n/a            0.268         0.312       0.044      XPHY_X17Y0  design_1_i/axi_noc_0/inst/MC0_ddrc/inst/noc_ddr4_phy/inst/BANK_WRAPPER_INST1/NIBBLE[7].UNISIM.I_XPHY/PLL_CLK
Min Period        n/a     XPLL/CLKOUTPHY  n/a            0.231         0.312       0.082      XPLL_X2Y0   design_1_i/axi_noc_0/inst/MC0_ddrc/inst/noc_ddr4_phy/inst/u_xpll0_bank1/CLKOUTPHY
Low Pulse Width   Slow    XPHY/PLL_CLK    n/a            0.107         0.156       0.049      XPHY_X9Y0   design_1_i/axi_noc_0/inst/MC0_ddrc/inst/noc_ddr4_phy/inst/BANK_WRAPPER_INST1/NIBBLE[0].UNISIM.I_XPHY/PLL_CLK
Low Pulse Width   Fast    XPHY/PLL_CLK    n/a            0.107         0.156       0.049      XPHY_X9Y0   design_1_i/axi_noc_0/inst/MC0_ddrc/inst/noc_ddr4_phy/inst/BANK_WRAPPER_INST1/NIBBLE[0].UNISIM.I_XPHY/PLL_CLK
Low Pulse Width   Slow    XPHY/PLL_CLK    n/a            0.107         0.156       0.049      XPHY_X10Y0  design_1_i/axi_noc_0/inst/MC0_ddrc/inst/noc_ddr4_phy/inst/BANK_WRAPPER_INST1/NIBBLE[1].UNISIM.I_XPHY/PLL_CLK
Low Pulse Width   Fast    XPHY/PLL_CLK    n/a            0.107         0.156       0.049      XPHY_X10Y0  design_1_i/axi_noc_0/inst/MC0_ddrc/inst/noc_ddr4_phy/inst/BANK_WRAPPER_INST1/NIBBLE[1].UNISIM.I_XPHY/PLL_CLK
Low Pulse Width   Slow    XPHY/PLL_CLK    n/a            0.107         0.156       0.049      XPHY_X11Y0  design_1_i/axi_noc_0/inst/MC0_ddrc/inst/noc_ddr4_phy/inst/BANK_WRAPPER_INST1/NIBBLE[2].UNISIM.I_XPHY/PLL_CLK
Low Pulse Width   Fast    XPHY/PLL_CLK    n/a            0.107         0.156       0.049      XPHY_X11Y0  design_1_i/axi_noc_0/inst/MC0_ddrc/inst/noc_ddr4_phy/inst/BANK_WRAPPER_INST1/NIBBLE[2].UNISIM.I_XPHY/PLL_CLK
Low Pulse Width   Slow    XPHY/PLL_CLK    n/a            0.107         0.156       0.049      XPHY_X12Y0  design_1_i/axi_noc_0/inst/MC0_ddrc/inst/noc_ddr4_phy/inst/BANK_WRAPPER_INST1/NIBBLE[3].UNISIM.I_XPHY/PLL_CLK
Low Pulse Width   Fast    XPHY/PLL_CLK    n/a            0.107         0.156       0.049      XPHY_X12Y0  design_1_i/axi_noc_0/inst/MC0_ddrc/inst/noc_ddr4_phy/inst/BANK_WRAPPER_INST1/NIBBLE[3].UNISIM.I_XPHY/PLL_CLK
Low Pulse Width   Slow    XPHY/PLL_CLK    n/a            0.107         0.156       0.049      XPHY_X14Y0  design_1_i/axi_noc_0/inst/MC0_ddrc/inst/noc_ddr4_phy/inst/BANK_WRAPPER_INST1/NIBBLE[4].UNISIM.I_XPHY/PLL_CLK
Low Pulse Width   Fast    XPHY/PLL_CLK    n/a            0.107         0.156       0.049      XPHY_X14Y0  design_1_i/axi_noc_0/inst/MC0_ddrc/inst/noc_ddr4_phy/inst/BANK_WRAPPER_INST1/NIBBLE[4].UNISIM.I_XPHY/PLL_CLK
High Pulse Width  Slow    XPHY/PLL_CLK    n/a            0.107         0.156       0.049      XPHY_X9Y0   design_1_i/axi_noc_0/inst/MC0_ddrc/inst/noc_ddr4_phy/inst/BANK_WRAPPER_INST1/NIBBLE[0].UNISIM.I_XPHY/PLL_CLK
High Pulse Width  Fast    XPHY/PLL_CLK    n/a            0.107         0.156       0.049      XPHY_X9Y0   design_1_i/axi_noc_0/inst/MC0_ddrc/inst/noc_ddr4_phy/inst/BANK_WRAPPER_INST1/NIBBLE[0].UNISIM.I_XPHY/PLL_CLK
High Pulse Width  Slow    XPHY/PLL_CLK    n/a            0.107         0.156       0.049      XPHY_X10Y0  design_1_i/axi_noc_0/inst/MC0_ddrc/inst/noc_ddr4_phy/inst/BANK_WRAPPER_INST1/NIBBLE[1].UNISIM.I_XPHY/PLL_CLK
High Pulse Width  Fast    XPHY/PLL_CLK    n/a            0.107         0.156       0.049      XPHY_X10Y0  design_1_i/axi_noc_0/inst/MC0_ddrc/inst/noc_ddr4_phy/inst/BANK_WRAPPER_INST1/NIBBLE[1].UNISIM.I_XPHY/PLL_CLK
High Pulse Width  Slow    XPHY/PLL_CLK    n/a            0.107         0.156       0.049      XPHY_X11Y0  design_1_i/axi_noc_0/inst/MC0_ddrc/inst/noc_ddr4_phy/inst/BANK_WRAPPER_INST1/NIBBLE[2].UNISIM.I_XPHY/PLL_CLK
High Pulse Width  Fast    XPHY/PLL_CLK    n/a            0.107         0.156       0.049      XPHY_X11Y0  design_1_i/axi_noc_0/inst/MC0_ddrc/inst/noc_ddr4_phy/inst/BANK_WRAPPER_INST1/NIBBLE[2].UNISIM.I_XPHY/PLL_CLK
High Pulse Width  Slow    XPHY/PLL_CLK    n/a            0.107         0.156       0.049      XPHY_X12Y0  design_1_i/axi_noc_0/inst/MC0_ddrc/inst/noc_ddr4_phy/inst/BANK_WRAPPER_INST1/NIBBLE[3].UNISIM.I_XPHY/PLL_CLK
High Pulse Width  Fast    XPHY/PLL_CLK    n/a            0.107         0.156       0.049      XPHY_X12Y0  design_1_i/axi_noc_0/inst/MC0_ddrc/inst/noc_ddr4_phy/inst/BANK_WRAPPER_INST1/NIBBLE[3].UNISIM.I_XPHY/PLL_CLK
High Pulse Width  Slow    XPHY/PLL_CLK    n/a            0.107         0.156       0.049      XPHY_X14Y0  design_1_i/axi_noc_0/inst/MC0_ddrc/inst/noc_ddr4_phy/inst/BANK_WRAPPER_INST1/NIBBLE[4].UNISIM.I_XPHY/PLL_CLK
High Pulse Width  Fast    XPHY/PLL_CLK    n/a            0.107         0.156       0.049      XPHY_X14Y0  design_1_i/axi_noc_0/inst/MC0_ddrc/inst/noc_ddr4_phy/inst/BANK_WRAPPER_INST1/NIBBLE[4].UNISIM.I_XPHY/PLL_CLK



---------------------------------------------------------------------------------------------------
Path Group:  **async_default**
From Clock:  clkout1_primitive
  To Clock:  clkout1_primitive

Setup :            0  Failing Endpoints,  Worst Slack        1.928ns,  Total Violation        0.000ns
Hold  :            0  Failing Endpoints,  Worst Slack        0.251ns,  Total Violation        0.000ns
---------------------------------------------------------------------------------------------------


Max Delay Paths
--------------------------------------------------------------------------------------
Slack (MET) :             1.928ns  (required time - arrival time)
  Source:                 design_1_i/proc_sys_reset_0/U0/ACTIVE_LOW_PR_OUT_DFF[0].FDRE_PER_N/C
                            (rising edge-triggered cell FDRE clocked by clkout1_primitive  {rise@0.000ns fall@5.000ns period=10.000ns})
  Destination:            design_1_i/u_mc_vd100/inst/u_inner/u_inner/gen_core[0].u_core/u_wgt_buffer/tile_cnt_reg[1]/CLR
                            (recovery check against rising-edge clock clkout1_primitive  {rise@0.000ns fall@5.000ns period=10.000ns})
  Path Group:             **async_default**
  Path Type:              Recovery (Max at Slow Process Corner)
  Requirement:            10.000ns  (clkout1_primitive rise@10.000ns - clkout1_primitive rise@0.000ns)
  Data Path Delay:        7.881ns  (logic 0.110ns (1.396%)  route 7.771ns (98.604%))
  Logic Levels:           0  
  Clock Path Skew:        -0.018ns (DCD - SCD + CPR)
    Destination Clock Delay (DCD):    3.624ns = ( 13.624 - 10.000 ) 
    Source Clock Delay      (SCD):    4.020ns
    Clock Pessimism Removal (CPR):    0.378ns
  Clock Uncertainty:      0.069ns  (CJ)/2 + PE + PJ
    Clock Jitter             (CJ):    0.138ns
    Phase Error              (PE):    0.000ns
    Phase Jitter             (PJ):    0.000ns
  Clock Net Delay (Source):      2.798ns (routing 0.673ns, distribution 2.125ns)
  Clock Net Delay (Destination): 2.675ns (routing 0.564ns, distribution 2.111ns)

    Location             Delay type                Incr(ns)  Path(ns)    Netlist Resource(s)
  -------------------------------------------------------------------    -------------------
                         (clock clkout1_primitive rise edge)
                                                      0.000     0.000 r  
    IOB_X14Y0            IBUFDS                       0.000     0.000 r  design_1_i/util_ds_buf_0/U0/USE_IBUFDS.GEN_IBUFDS[0].IBUFDS_I/O
                         net (fo=2, routed)           0.622     0.622    design_1_i/clk_wizard_0/inst/clock_primitive_inst/clk_in1
    MMCM_X1Y0            MMCME5 (Prop_MMCM_CLKIN1_CLKOUT0)
                                                      0.070     0.692 r  design_1_i/clk_wizard_0/inst/clock_primitive_inst/MMCME5_inst/CLKOUT0
                         net (fo=1, routed)           0.445     1.137    design_1_i/clk_wizard_0/inst/clock_primitive_inst/clkout1_primitive
    BUFGCE_X1Y23         BUFGCE (Prop_BUFCE_BUFGCE_I_O)
                                                      0.085     1.222 r  design_1_i/clk_wizard_0/inst/clock_primitive_inst/BUFG_clkout1_inst/O
    X1Y2 (CLOCK_ROOT)    net (fo=58867, routed)       2.798     4.020    design_1_i/proc_sys_reset_0/U0/slowest_sync_clk
    SLICE_X60Y13         FDRE                                         r  design_1_i/proc_sys_reset_0/U0/ACTIVE_LOW_PR_OUT_DFF[0].FDRE_PER_N/C
  -------------------------------------------------------------------    -------------------
    SLICE_X60Y13         FDRE (Prop_AFF_SLICEL_C_Q)
                                                      0.110     4.130 r  design_1_i/proc_sys_reset_0/U0/ACTIVE_LOW_PR_OUT_DFF[0].FDRE_PER_N/Q
                         net (fo=1377, routed)        7.771    11.901    design_1_i/u_mc_vd100/inst/u_inner/u_inner/gen_core[0].u_core/u_wgt_buffer/SR[0]
    SLICE_X9Y180         FDCE                                         f  design_1_i/u_mc_vd100/inst/u_inner/u_inner/gen_core[0].u_core/u_wgt_buffer/tile_cnt_reg[1]/CLR  (IS_INVERTED)
  -------------------------------------------------------------------    -------------------

                         (clock clkout1_primitive rise edge)
                                                     10.000    10.000 r  
    IOB_X14Y0            IBUFDS                       0.000    10.000 r  design_1_i/util_ds_buf_0/U0/USE_IBUFDS.GEN_IBUFDS[0].IBUFDS_I/O
                         net (fo=2, routed)           0.522    10.522    design_1_i/clk_wizard_0/inst/clock_primitive_inst/clk_in1
    MMCM_X1Y0            MMCME5 (Prop_MMCM_CLKIN1_CLKOUT0)
                                                      0.000    10.522 r  design_1_i/clk_wizard_0/inst/clock_primitive_inst/MMCME5_inst/CLKOUT0
                         net (fo=1, routed)           0.361    10.883    design_1_i/clk_wizard_0/inst/clock_primitive_inst/clkout1_primitive
    BUFGCE_X1Y23         BUFGCE (Prop_BUFCE_BUFGCE_I_O)
                                                      0.066    10.949 r  design_1_i/clk_wizard_0/inst/clock_primitive_inst/BUFG_clkout1_inst/O
    X1Y2 (CLOCK_ROOT)    net (fo=58867, routed)       2.675    13.624    design_1_i/u_mc_vd100/inst/u_inner/u_inner/gen_core[0].u_core/u_wgt_buffer/clk
    SLICE_X9Y180         FDCE                                         r  design_1_i/u_mc_vd100/inst/u_inner/u_inner/gen_core[0].u_core/u_wgt_buffer/tile_cnt_reg[1]/C
                         clock pessimism              0.378    14.002    
                         clock uncertainty           -0.069    13.933    
    SLICE_X9Y180         FDCE (Recov_BFF2_SLICEM_C_CLR)
                                                     -0.104    13.829    design_1_i/u_mc_vd100/inst/u_inner/u_inner/gen_core[0].u_core/u_wgt_buffer/tile_cnt_reg[1]
  -------------------------------------------------------------------
                         required time                         13.829    
                         arrival time                         -11.901    
  -------------------------------------------------------------------
                         slack                                  1.928    

Slack (MET) :             1.928ns  (required time - arrival time)
  Source:                 design_1_i/proc_sys_reset_0/U0/ACTIVE_LOW_PR_OUT_DFF[0].FDRE_PER_N/C
                            (rising edge-triggered cell FDRE clocked by clkout1_primitive  {rise@0.000ns fall@5.000ns period=10.000ns})
  Destination:            design_1_i/u_mc_vd100/inst/u_inner/u_inner/gen_core[0].u_core/u_wgt_buffer/tile_cnt_reg[2]/CLR
                            (recovery check against rising-edge clock clkout1_primitive  {rise@0.000ns fall@5.000ns period=10.000ns})
  Path Group:             **async_default**
  Path Type:              Recovery (Max at Slow Process Corner)
  Requirement:            10.000ns  (clkout1_primitive rise@10.000ns - clkout1_primitive rise@0.000ns)
  Data Path Delay:        7.881ns  (logic 0.110ns (1.396%)  route 7.771ns (98.604%))
  Logic Levels:           0  
  Clock Path Skew:        -0.018ns (DCD - SCD + CPR)
    Destination Clock Delay (DCD):    3.624ns = ( 13.624 - 10.000 ) 
    Source Clock Delay      (SCD):    4.020ns
    Clock Pessimism Removal (CPR):    0.378ns
  Clock Uncertainty:      0.069ns  (CJ)/2 + PE + PJ
    Clock Jitter             (CJ):    0.138ns
    Phase Error              (PE):    0.000ns
    Phase Jitter             (PJ):    0.000ns
  Clock Net Delay (Source):      2.798ns (routing 0.673ns, distribution 2.125ns)
  Clock Net Delay (Destination): 2.675ns (routing 0.564ns, distribution 2.111ns)

    Location             Delay type                Incr(ns)  Path(ns)    Netlist Resource(s)
  -------------------------------------------------------------------    -------------------
                         (clock clkout1_primitive rise edge)
                                                      0.000     0.000 r  
    IOB_X14Y0            IBUFDS                       0.000     0.000 r  design_1_i/util_ds_buf_0/U0/USE_IBUFDS.GEN_IBUFDS[0].IBUFDS_I/O
                         net (fo=2, routed)           0.622     0.622    design_1_i/clk_wizard_0/inst/clock_primitive_inst/clk_in1
    MMCM_X1Y0            MMCME5 (Prop_MMCM_CLKIN1_CLKOUT0)
                                                      0.070     0.692 r  design_1_i/clk_wizard_0/inst/clock_primitive_inst/MMCME5_inst/CLKOUT0
                         net (fo=1, routed)           0.445     1.137    design_1_i/clk_wizard_0/inst/clock_primitive_inst/clkout1_primitive
    BUFGCE_X1Y23         BUFGCE (Prop_BUFCE_BUFGCE_I_O)
                                                      0.085     1.222 r  design_1_i/clk_wizard_0/inst/clock_primitive_inst/BUFG_clkout1_inst/O
    X1Y2 (CLOCK_ROOT)    net (fo=58867, routed)       2.798     4.020    design_1_i/proc_sys_reset_0/U0/slowest_sync_clk
    SLICE_X60Y13         FDRE                                         r  design_1_i/proc_sys_reset_0/U0/ACTIVE_LOW_PR_OUT_DFF[0].FDRE_PER_N/C
  -------------------------------------------------------------------    -------------------
    SLICE_X60Y13         FDRE (Prop_AFF_SLICEL_C_Q)
                                                      0.110     4.130 r  design_1_i/proc_sys_reset_0/U0/ACTIVE_LOW_PR_OUT_DFF[0].FDRE_PER_N/Q
                         net (fo=1377, routed)        7.771    11.901    design_1_i/u_mc_vd100/inst/u_inner/u_inner/gen_core[0].u_core/u_wgt_buffer/SR[0]
    SLICE_X9Y180         FDCE                                         f  design_1_i/u_mc_vd100/inst/u_inner/u_inner/gen_core[0].u_core/u_wgt_buffer/tile_cnt_reg[2]/CLR  (IS_INVERTED)
  -------------------------------------------------------------------    -------------------

                         (clock clkout1_primitive rise edge)
                                                     10.000    10.000 r  
    IOB_X14Y0            IBUFDS                       0.000    10.000 r  design_1_i/util_ds_buf_0/U0/USE_IBUFDS.GEN_IBUFDS[0].IBUFDS_I/O
                         net (fo=2, routed)           0.522    10.522    design_1_i/clk_wizard_0/inst/clock_primitive_inst/clk_in1
    MMCM_X1Y0            MMCME5 (Prop_MMCM_CLKIN1_CLKOUT0)
                                                      0.000    10.522 r  design_1_i/clk_wizard_0/inst/clock_primitive_inst/MMCME5_inst/CLKOUT0
                         net (fo=1, routed)           0.361    10.883    design_1_i/clk_wizard_0/inst/clock_primitive_inst/clkout1_primitive
    BUFGCE_X1Y23         BUFGCE (Prop_BUFCE_BUFGCE_I_O)
                                                      0.066    10.949 r  design_1_i/clk_wizard_0/inst/clock_primitive_inst/BUFG_clkout1_inst/O
    X1Y2 (CLOCK_ROOT)    net (fo=58867, routed)       2.675    13.624    design_1_i/u_mc_vd100/inst/u_inner/u_inner/gen_core[0].u_core/u_wgt_buffer/clk
    SLICE_X9Y180         FDCE                                         r  design_1_i/u_mc_vd100/inst/u_inner/u_inner/gen_core[0].u_core/u_wgt_buffer/tile_cnt_reg[2]/C
                         clock pessimism              0.378    14.002    
                         clock uncertainty           -0.069    13.933    
    SLICE_X9Y180         FDCE (Recov_BFF_SLICEM_C_CLR)
                                                     -0.104    13.829    design_1_i/u_mc_vd100/inst/u_inner/u_inner/gen_core[0].u_core/u_wgt_buffer/tile_cnt_reg[2]
  -------------------------------------------------------------------
                         required time                         13.829    
                         arrival time                         -11.901    
  -------------------------------------------------------------------
                         slack                                  1.928    

Slack (MET) :             2.070ns  (required time - arrival time)
  Source:                 design_1_i/proc_sys_reset_0/U0/ACTIVE_LOW_PR_OUT_DFF[0].FDRE_PER_N/C
                            (rising edge-triggered cell FDRE clocked by clkout1_primitive  {rise@0.000ns fall@5.000ns period=10.000ns})
  Destination:            design_1_i/u_mc_vd100/inst/u_inner/u_inner/gen_core[0].u_core/u_wgt_buffer/l_slots_done_reg[1]/CLR
                            (recovery check against rising-edge clock clkout1_primitive  {rise@0.000ns fall@5.000ns period=10.000ns})
  Path Group:             **async_default**
  Path Type:              Recovery (Max at Slow Process Corner)
  Requirement:            10.000ns  (clkout1_primitive rise@10.000ns - clkout1_primitive rise@0.000ns)
  Data Path Delay:        7.734ns  (logic 0.110ns (1.422%)  route 7.624ns (98.578%))
  Logic Levels:           0  
  Clock Path Skew:        -0.023ns (DCD - SCD + CPR)
    Destination Clock Delay (DCD):    3.619ns = ( 13.619 - 10.000 ) 
    Source Clock Delay      (SCD):    4.020ns
    Clock Pessimism Removal (CPR):    0.378ns
  Clock Uncertainty:      0.069ns  (CJ)/2 + PE + PJ
    Clock Jitter             (CJ):    0.138ns
    Phase Error              (PE):    0.000ns
    Phase Jitter             (PJ):    0.000ns
  Clock Net Delay (Source):      2.798ns (routing 0.673ns, distribution 2.125ns)
  Clock Net Delay (Destination): 2.670ns (routing 0.564ns, distribution 2.106ns)

    Location             Delay type                Incr(ns)  Path(ns)    Netlist Resource(s)
  -------------------------------------------------------------------    -------------------
                         (clock clkout1_primitive rise edge)
                                                      0.000     0.000 r  
    IOB_X14Y0            IBUFDS                       0.000     0.000 r  design_1_i/util_ds_buf_0/U0/USE_IBUFDS.GEN_IBUFDS[0].IBUFDS_I/O
                         net (fo=2, routed)           0.622     0.622    design_1_i/clk_wizard_0/inst/clock_primitive_inst/clk_in1
    MMCM_X1Y0            MMCME5 (Prop_MMCM_CLKIN1_CLKOUT0)
                                                      0.070     0.692 r  design_1_i/clk_wizard_0/inst/clock_primitive_inst/MMCME5_inst/CLKOUT0
                         net (fo=1, routed)           0.445     1.137    design_1_i/clk_wizard_0/inst/clock_primitive_inst/clkout1_primitive
    BUFGCE_X1Y23         BUFGCE (Prop_BUFCE_BUFGCE_I_O)
                                                      0.085     1.222 r  design_1_i/clk_wizard_0/inst/clock_primitive_inst/BUFG_clkout1_inst/O
    X1Y2 (CLOCK_ROOT)    net (fo=58867, routed)       2.798     4.020    design_1_i/proc_sys_reset_0/U0/slowest_sync_clk
    SLICE_X60Y13         FDRE                                         r  design_1_i/proc_sys_reset_0/U0/ACTIVE_LOW_PR_OUT_DFF[0].FDRE_PER_N/C
  -------------------------------------------------------------------    -------------------
    SLICE_X60Y13         FDRE (Prop_AFF_SLICEL_C_Q)
                                                      0.110     4.130 r  design_1_i/proc_sys_reset_0/U0/ACTIVE_LOW_PR_OUT_DFF[0].FDRE_PER_N/Q
                         net (fo=1377, routed)        7.624    11.753    design_1_i/u_mc_vd100/inst/u_inner/u_inner/gen_core[0].u_core/u_wgt_buffer/SR[0]
    SLICE_X7Y184         FDCE                                         f  design_1_i/u_mc_vd100/inst/u_inner/u_inner/gen_core[0].u_core/u_wgt_buffer/l_slots_done_reg[1]/CLR  (IS_INVERTED)
  -------------------------------------------------------------------    -------------------

                         (clock clkout1_primitive rise edge)
                                                     10.000    10.000 r  
    IOB_X14Y0            IBUFDS                       0.000    10.000 r  design_1_i/util_ds_buf_0/U0/USE_IBUFDS.GEN_IBUFDS[0].IBUFDS_I/O
                         net (fo=2, routed)           0.522    10.522    design_1_i/clk_wizard_0/inst/clock_primitive_inst/clk_in1
    MMCM_X1Y0            MMCME5 (Prop_MMCM_CLKIN1_CLKOUT0)
                                                      0.000    10.522 r  design_1_i/clk_wizard_0/inst/clock_primitive_inst/MMCME5_inst/CLKOUT0
                         net (fo=1, routed)           0.361    10.883    design_1_i/clk_wizard_0/inst/clock_primitive_inst/clkout1_primitive
    BUFGCE_X1Y23         BUFGCE (Prop_BUFCE_BUFGCE_I_O)
                                                      0.066    10.949 r  design_1_i/clk_wizard_0/inst/clock_primitive_inst/BUFG_clkout1_inst/O
    X1Y2 (CLOCK_ROOT)    net (fo=58867, routed)       2.670    13.619    design_1_i/u_mc_vd100/inst/u_inner/u_inner/gen_core[0].u_core/u_wgt_buffer/clk
    SLICE_X7Y184         FDCE                                         r  design_1_i/u_mc_vd100/inst/u_inner/u_inner/gen_core[0].u_core/u_wgt_buffer/l_slots_done_reg[1]/C
                         clock pessimism              0.378    13.997    
                         clock uncertainty           -0.069    13.928    
    SLICE_X7Y184         FDCE (Recov_AFF2_SLICEM_C_CLR)
                                                     -0.104    13.824    design_1_i/u_mc_vd100/inst/u_inner/u_inner/gen_core[0].u_core/u_wgt_buffer/l_slots_done_reg[1]
  -------------------------------------------------------------------
                         required time                         13.824    
                         arrival time                         -11.753    
  -------------------------------------------------------------------
                         slack                                  2.070    

Slack (MET) :             2.070ns  (required time - arrival time)
  Source:                 design_1_i/proc_sys_reset_0/U0/ACTIVE_LOW_PR_OUT_DFF[0].FDRE_PER_N/C
                            (rising edge-triggered cell FDRE clocked by clkout1_primitive  {rise@0.000ns fall@5.000ns period=10.000ns})
  Destination:            design_1_i/u_mc_vd100/inst/u_inner/u_inner/gen_core[0].u_core/u_wgt_buffer/l_slots_done_reg[2]/CLR
                            (recovery check against rising-edge clock clkout1_primitive  {rise@0.000ns fall@5.000ns period=10.000ns})
  Path Group:             **async_default**
  Path Type:              Recovery (Max at Slow Process Corner)
  Requirement:            10.000ns  (clkout1_primitive rise@10.000ns - clkout1_primitive rise@0.000ns)
  Data Path Delay:        7.734ns  (logic 0.110ns (1.422%)  route 7.624ns (98.578%))
  Logic Levels:           0  
  Clock Path Skew:        -0.023ns (DCD - SCD + CPR)
    Destination Clock Delay (DCD):    3.619ns = ( 13.619 - 10.000 ) 
    Source Clock Delay      (SCD):    4.020ns
    Clock Pessimism Removal (CPR):    0.378ns
  Clock Uncertainty:      0.069ns  (CJ)/2 + PE + PJ
    Clock Jitter             (CJ):    0.138ns
    Phase Error              (PE):    0.000ns
    Phase Jitter             (PJ):    0.000ns
  Clock Net Delay (Source):      2.798ns (routing 0.673ns, distribution 2.125ns)
  Clock Net Delay (Destination): 2.670ns (routing 0.564ns, distribution 2.106ns)

    Location             Delay type                Incr(ns)  Path(ns)    Netlist Resource(s)
  -------------------------------------------------------------------    -------------------
                         (clock clkout1_primitive rise edge)
                                                      0.000     0.000 r  
    IOB_X14Y0            IBUFDS                       0.000     0.000 r  design_1_i/util_ds_buf_0/U0/USE_IBUFDS.GEN_IBUFDS[0].IBUFDS_I/O
                         net (fo=2, routed)           0.622     0.622    design_1_i/clk_wizard_0/inst/clock_primitive_inst/clk_in1
    MMCM_X1Y0            MMCME5 (Prop_MMCM_CLKIN1_CLKOUT0)
                                                      0.070     0.692 r  design_1_i/clk_wizard_0/inst/clock_primitive_inst/MMCME5_inst/CLKOUT0
                         net (fo=1, routed)           0.445     1.137    design_1_i/clk_wizard_0/inst/clock_primitive_inst/clkout1_primitive
    BUFGCE_X1Y23         BUFGCE (Prop_BUFCE_BUFGCE_I_O)
                                                      0.085     1.222 r  design_1_i/clk_wizard_0/inst/clock_primitive_inst/BUFG_clkout1_inst/O
    X1Y2 (CLOCK_ROOT)    net (fo=58867, routed)       2.798     4.020    design_1_i/proc_sys_reset_0/U0/slowest_sync_clk
    SLICE_X60Y13         FDRE                                         r  design_1_i/proc_sys_reset_0/U0/ACTIVE_LOW_PR_OUT_DFF[0].FDRE_PER_N/C
  -------------------------------------------------------------------    -------------------
    SLICE_X60Y13         FDRE (Prop_AFF_SLICEL_C_Q)
                                                      0.110     4.130 r  design_1_i/proc_sys_reset_0/U0/ACTIVE_LOW_PR_OUT_DFF[0].FDRE_PER_N/Q
                         net (fo=1377, routed)        7.624    11.753    design_1_i/u_mc_vd100/inst/u_inner/u_inner/gen_core[0].u_core/u_wgt_buffer/SR[0]
    SLICE_X7Y184         FDCE                                         f  design_1_i/u_mc_vd100/inst/u_inner/u_inner/gen_core[0].u_core/u_wgt_buffer/l_slots_done_reg[2]/CLR  (IS_INVERTED)
  -------------------------------------------------------------------    -------------------

                         (clock clkout1_primitive rise edge)
                                                     10.000    10.000 r  
    IOB_X14Y0            IBUFDS                       0.000    10.000 r  design_1_i/util_ds_buf_0/U0/USE_IBUFDS.GEN_IBUFDS[0].IBUFDS_I/O
                         net (fo=2, routed)           0.522    10.522    design_1_i/clk_wizard_0/inst/clock_primitive_inst/clk_in1
    MMCM_X1Y0            MMCME5 (Prop_MMCM_CLKIN1_CLKOUT0)
                                                      0.000    10.522 r  design_1_i/clk_wizard_0/inst/clock_primitive_inst/MMCME5_inst/CLKOUT0
                         net (fo=1, routed)           0.361    10.883    design_1_i/clk_wizard_0/inst/clock_primitive_inst/clkout1_primitive
    BUFGCE_X1Y23         BUFGCE (Prop_BUFCE_BUFGCE_I_O)
                                                      0.066    10.949 r  design_1_i/clk_wizard_0/inst/clock_primitive_inst/BUFG_clkout1_inst/O
    X1Y2 (CLOCK_ROOT)    net (fo=58867, routed)       2.670    13.619    design_1_i/u_mc_vd100/inst/u_inner/u_inner/gen_core[0].u_core/u_wgt_buffer/clk
    SLICE_X7Y184         FDCE                                         r  design_1_i/u_mc_vd100/inst/u_inner/u_inner/gen_core[0].u_core/u_wgt_buffer/l_slots_done_reg[2]/C
                         clock pessimism              0.378    13.997    
                         clock uncertainty           -0.069    13.928    
    SLICE_X7Y184         FDCE (Recov_AFF_SLICEM_C_CLR)
                                                     -0.104    13.824    design_1_i/u_mc_vd100/inst/u_inner/u_inner/gen_core[0].u_core/u_wgt_buffer/l_slots_done_reg[2]
  -------------------------------------------------------------------
                         required time                         13.824    
                         arrival time                         -11.753    
  -------------------------------------------------------------------
                         slack                                  2.070    

Slack (MET) :             2.070ns  (required time - arrival time)
  Source:                 design_1_i/proc_sys_reset_0/U0/ACTIVE_LOW_PR_OUT_DFF[0].FDRE_PER_N/C
                            (rising edge-triggered cell FDRE clocked by clkout1_primitive  {rise@0.000ns fall@5.000ns period=10.000ns})
  Destination:            design_1_i/u_mc_vd100/inst/u_inner/u_inner/gen_core[0].u_core/u_wgt_buffer/l_slots_done_reg[3]/CLR
                            (recovery check against rising-edge clock clkout1_primitive  {rise@0.000ns fall@5.000ns period=10.000ns})
  Path Group:             **async_default**
  Path Type:              Recovery (Max at Slow Process Corner)
  Requirement:            10.000ns  (clkout1_primitive rise@10.000ns - clkout1_primitive rise@0.000ns)
  Data Path Delay:        7.734ns  (logic 0.110ns (1.422%)  route 7.624ns (98.578%))
  Logic Levels:           0  
  Clock Path Skew:        -0.023ns (DCD - SCD + CPR)
    Destination Clock Delay (DCD):    3.619ns = ( 13.619 - 10.000 ) 
    Source Clock Delay      (SCD):    4.020ns
    Clock Pessimism Removal (CPR):    0.378ns
  Clock Uncertainty:      0.069ns  (CJ)/2 + PE + PJ
    Clock Jitter             (CJ):    0.138ns
    Phase Error              (PE):    0.000ns
    Phase Jitter             (PJ):    0.000ns
  Clock Net Delay (Source):      2.798ns (routing 0.673ns, distribution 2.125ns)
  Clock Net Delay (Destination): 2.670ns (routing 0.564ns, distribution 2.106ns)

    Location             Delay type                Incr(ns)  Path(ns)    Netlist Resource(s)
  -------------------------------------------------------------------    -------------------
                         (clock clkout1_primitive rise edge)
                                                      0.000     0.000 r  
    IOB_X14Y0            IBUFDS                       0.000     0.000 r  design_1_i/util_ds_buf_0/U0/USE_IBUFDS.GEN_IBUFDS[0].IBUFDS_I/O
                         net (fo=2, routed)           0.622     0.622    design_1_i/clk_wizard_0/inst/clock_primitive_inst/clk_in1
    MMCM_X1Y0            MMCME5 (Prop_MMCM_CLKIN1_CLKOUT0)
                                                      0.070     0.692 r  design_1_i/clk_wizard_0/inst/clock_primitive_inst/MMCME5_inst/CLKOUT0
                         net (fo=1, routed)           0.445     1.137    design_1_i/clk_wizard_0/inst/clock_primitive_inst/clkout1_primitive
    BUFGCE_X1Y23         BUFGCE (Prop_BUFCE_BUFGCE_I_O)
                                                      0.085     1.222 r  design_1_i/clk_wizard_0/inst/clock_primitive_inst/BUFG_clkout1_inst/O
    X1Y2 (CLOCK_ROOT)    net (fo=58867, routed)       2.798     4.020    design_1_i/proc_sys_reset_0/U0/slowest_sync_clk
    SLICE_X60Y13         FDRE                                         r  design_1_i/proc_sys_reset_0/U0/ACTIVE_LOW_PR_OUT_DFF[0].FDRE_PER_N/C
  -------------------------------------------------------------------    -------------------
    SLICE_X60Y13         FDRE (Prop_AFF_SLICEL_C_Q)
                                                      0.110     4.130 r  design_1_i/proc_sys_reset_0/U0/ACTIVE_LOW_PR_OUT_DFF[0].FDRE_PER_N/Q
                         net (fo=1377, routed)        7.624    11.753    design_1_i/u_mc_vd100/inst/u_inner/u_inner/gen_core[0].u_core/u_wgt_buffer/SR[0]
    SLICE_X7Y184         FDCE                                         f  design_1_i/u_mc_vd100/inst/u_inner/u_inner/gen_core[0].u_core/u_wgt_buffer/l_slots_done_reg[3]/CLR  (IS_INVERTED)
  -------------------------------------------------------------------    -------------------

                         (clock clkout1_primitive rise edge)
                                                     10.000    10.000 r  
    IOB_X14Y0            IBUFDS                       0.000    10.000 r  design_1_i/util_ds_buf_0/U0/USE_IBUFDS.GEN_IBUFDS[0].IBUFDS_I/O
                         net (fo=2, routed)           0.522    10.522    design_1_i/clk_wizard_0/inst/clock_primitive_inst/clk_in1
    MMCM_X1Y0            MMCME5 (Prop_MMCM_CLKIN1_CLKOUT0)
                                                      0.000    10.522 r  design_1_i/clk_wizard_0/inst/clock_primitive_inst/MMCME5_inst/CLKOUT0
                         net (fo=1, routed)           0.361    10.883    design_1_i/clk_wizard_0/inst/clock_primitive_inst/clkout1_primitive
    BUFGCE_X1Y23         BUFGCE (Prop_BUFCE_BUFGCE_I_O)
                                                      0.066    10.949 r  design_1_i/clk_wizard_0/inst/clock_primitive_inst/BUFG_clkout1_inst/O
    X1Y2 (CLOCK_ROOT)    net (fo=58867, routed)       2.670    13.619    design_1_i/u_mc_vd100/inst/u_inner/u_inner/gen_core[0].u_core/u_wgt_buffer/clk
    SLICE_X7Y184         FDCE                                         r  design_1_i/u_mc_vd100/inst/u_inner/u_inner/gen_core[0].u_core/u_wgt_buffer/l_slots_done_reg[3]/C
                         clock pessimism              0.378    13.997    
                         clock uncertainty           -0.069    13.928    
    SLICE_X7Y184         FDCE (Recov_DFF2_SLICEM_C_CLR)
                                                     -0.104    13.824    design_1_i/u_mc_vd100/inst/u_inner/u_inner/gen_core[0].u_core/u_wgt_buffer/l_slots_done_reg[3]
  -------------------------------------------------------------------
                         required time                         13.824    
                         arrival time                         -11.753    
  -------------------------------------------------------------------
                         slack                                  2.070    

Slack (MET) :             2.084ns  (required time - arrival time)
  Source:                 design_1_i/proc_sys_reset_0/U0/ACTIVE_LOW_PR_OUT_DFF[0].FDRE_PER_N/C
                            (rising edge-triggered cell FDRE clocked by clkout1_primitive  {rise@0.000ns fall@5.000ns period=10.000ns})
  Destination:            design_1_i/u_mc_vd100/inst/u_inner/u_inner/gen_core[0].u_core/u_wgt_buffer/pos_cnt_reg[3]/CLR
                            (recovery check against rising-edge clock clkout1_primitive  {rise@0.000ns fall@5.000ns period=10.000ns})
  Path Group:             **async_default**
  Path Type:              Recovery (Max at Slow Process Corner)
  Requirement:            10.000ns  (clkout1_primitive rise@10.000ns - clkout1_primitive rise@0.000ns)
  Data Path Delay:        7.718ns  (logic 0.110ns (1.425%)  route 7.608ns (98.575%))
  Logic Levels:           0  
  Clock Path Skew:        -0.025ns (DCD - SCD + CPR)
    Destination Clock Delay (DCD):    3.617ns = ( 13.617 - 10.000 ) 
    Source Clock Delay      (SCD):    4.020ns
    Clock Pessimism Removal (CPR):    0.378ns
  Clock Uncertainty:      0.069ns  (CJ)/2 + PE + PJ
    Clock Jitter             (CJ):    0.138ns
    Phase Error              (PE):    0.000ns
    Phase Jitter             (PJ):    0.000ns
  Clock Net Delay (Source):      2.798ns (routing 0.673ns, distribution 2.125ns)
  Clock Net Delay (Destination): 2.668ns (routing 0.564ns, distribution 2.104ns)

    Location             Delay type                Incr(ns)  Path(ns)    Netlist Resource(s)
  -------------------------------------------------------------------    -------------------
                         (clock clkout1_primitive rise edge)
                                                      0.000     0.000 r  
    IOB_X14Y0            IBUFDS                       0.000     0.000 r  design_1_i/util_ds_buf_0/U0/USE_IBUFDS.GEN_IBUFDS[0].IBUFDS_I/O
                         net (fo=2, routed)           0.622     0.622    design_1_i/clk_wizard_0/inst/clock_primitive_inst/clk_in1
    MMCM_X1Y0            MMCME5 (Prop_MMCM_CLKIN1_CLKOUT0)
                                                      0.070     0.692 r  design_1_i/clk_wizard_0/inst/clock_primitive_inst/MMCME5_inst/CLKOUT0
                         net (fo=1, routed)           0.445     1.137    design_1_i/clk_wizard_0/inst/clock_primitive_inst/clkout1_primitive
    BUFGCE_X1Y23         BUFGCE (Prop_BUFCE_BUFGCE_I_O)
                                                      0.085     1.222 r  design_1_i/clk_wizard_0/inst/clock_primitive_inst/BUFG_clkout1_inst/O
    X1Y2 (CLOCK_ROOT)    net (fo=58867, routed)       2.798     4.020    design_1_i/proc_sys_reset_0/U0/slowest_sync_clk
    SLICE_X60Y13         FDRE                                         r  design_1_i/proc_sys_reset_0/U0/ACTIVE_LOW_PR_OUT_DFF[0].FDRE_PER_N/C
  -------------------------------------------------------------------    -------------------
    SLICE_X60Y13         FDRE (Prop_AFF_SLICEL_C_Q)
                                                      0.110     4.130 r  design_1_i/proc_sys_reset_0/U0/ACTIVE_LOW_PR_OUT_DFF[0].FDRE_PER_N/Q
                         net (fo=1377, routed)        7.608    11.738    design_1_i/u_mc_vd100/inst/u_inner/u_inner/gen_core[0].u_core/u_wgt_buffer/SR[0]
    SLICE_X3Y185         FDCE                                         f  design_1_i/u_mc_vd100/inst/u_inner/u_inner/gen_core[0].u_core/u_wgt_buffer/pos_cnt_reg[3]/CLR  (IS_INVERTED)
  -------------------------------------------------------------------    -------------------

                         (clock clkout1_primitive rise edge)
                                                     10.000    10.000 r  
    IOB_X14Y0            IBUFDS                       0.000    10.000 r  design_1_i/util_ds_buf_0/U0/USE_IBUFDS.GEN_IBUFDS[0].IBUFDS_I/O
                         net (fo=2, routed)           0.522    10.522    design_1_i/clk_wizard_0/inst/clock_primitive_inst/clk_in1
    MMCM_X1Y0            MMCME5 (Prop_MMCM_CLKIN1_CLKOUT0)
                                                      0.000    10.522 r  design_1_i/clk_wizard_0/inst/clock_primitive_inst/MMCME5_inst/CLKOUT0
                         net (fo=1, routed)           0.361    10.883    design_1_i/clk_wizard_0/inst/clock_primitive_inst/clkout1_primitive
    BUFGCE_X1Y23         BUFGCE (Prop_BUFCE_BUFGCE_I_O)
                                                      0.066    10.949 r  design_1_i/clk_wizard_0/inst/clock_primitive_inst/BUFG_clkout1_inst/O
    X1Y2 (CLOCK_ROOT)    net (fo=58867, routed)       2.668    13.617    design_1_i/u_mc_vd100/inst/u_inner/u_inner/gen_core[0].u_core/u_wgt_buffer/clk
    SLICE_X3Y185         FDCE                                         r  design_1_i/u_mc_vd100/inst/u_inner/u_inner/gen_core[0].u_core/u_wgt_buffer/pos_cnt_reg[3]/C
                         clock pessimism              0.378    13.995    
                         clock uncertainty           -0.069    13.926    
    SLICE_X3Y185         FDCE (Recov_GFF2_SLICEM_C_CLR)
                                                     -0.104    13.822    design_1_i/u_mc_vd100/inst/u_inner/u_inner/gen_core[0].u_core/u_wgt_buffer/pos_cnt_reg[3]
  -------------------------------------------------------------------
                         required time                         13.822    
                         arrival time                         -11.738    
  -------------------------------------------------------------------
                         slack                                  2.084    

Slack (MET) :             2.085ns  (required time - arrival time)
  Source:                 design_1_i/proc_sys_reset_0/U0/ACTIVE_LOW_PR_OUT_DFF[0].FDRE_PER_N/C
                            (rising edge-triggered cell FDRE clocked by clkout1_primitive  {rise@0.000ns fall@5.000ns period=10.000ns})
  Destination:            design_1_i/u_mc_vd100/inst/u_inner/u_inner/gen_core[0].u_core/u_wgt_buffer/l_pos_reg[2]/CLR
                            (recovery check against rising-edge clock clkout1_primitive  {rise@0.000ns fall@5.000ns period=10.000ns})
  Path Group:             **async_default**
  Path Type:              Recovery (Max at Slow Process Corner)
  Requirement:            10.000ns  (clkout1_primitive rise@10.000ns - clkout1_primitive rise@0.000ns)
  Data Path Delay:        7.720ns  (logic 0.110ns (1.425%)  route 7.610ns (98.575%))
  Logic Levels:           0  
  Clock Path Skew:        -0.023ns (DCD - SCD + CPR)
    Destination Clock Delay (DCD):    3.619ns = ( 13.619 - 10.000 ) 
    Source Clock Delay      (SCD):    4.020ns
    Clock Pessimism Removal (CPR):    0.378ns
  Clock Uncertainty:      0.069ns  (CJ)/2 + PE + PJ
    Clock Jitter             (CJ):    0.138ns
    Phase Error              (PE):    0.000ns
    Phase Jitter             (PJ):    0.000ns
  Clock Net Delay (Source):      2.798ns (routing 0.673ns, distribution 2.125ns)
  Clock Net Delay (Destination): 2.670ns (routing 0.564ns, distribution 2.106ns)

    Location             Delay type                Incr(ns)  Path(ns)    Netlist Resource(s)
  -------------------------------------------------------------------    -------------------
                         (clock clkout1_primitive rise edge)
                                                      0.000     0.000 r  
    IOB_X14Y0            IBUFDS                       0.000     0.000 r  design_1_i/util_ds_buf_0/U0/USE_IBUFDS.GEN_IBUFDS[0].IBUFDS_I/O
                         net (fo=2, routed)           0.622     0.622    design_1_i/clk_wizard_0/inst/clock_primitive_inst/clk_in1
    MMCM_X1Y0            MMCME5 (Prop_MMCM_CLKIN1_CLKOUT0)
                                                      0.070     0.692 r  design_1_i/clk_wizard_0/inst/clock_primitive_inst/MMCME5_inst/CLKOUT0
                         net (fo=1, routed)           0.445     1.137    design_1_i/clk_wizard_0/inst/clock_primitive_inst/clkout1_primitive
    BUFGCE_X1Y23         BUFGCE (Prop_BUFCE_BUFGCE_I_O)
                                                      0.085     1.222 r  design_1_i/clk_wizard_0/inst/clock_primitive_inst/BUFG_clkout1_inst/O
    X1Y2 (CLOCK_ROOT)    net (fo=58867, routed)       2.798     4.020    design_1_i/proc_sys_reset_0/U0/slowest_sync_clk
    SLICE_X60Y13         FDRE                                         r  design_1_i/proc_sys_reset_0/U0/ACTIVE_LOW_PR_OUT_DFF[0].FDRE_PER_N/C
  -------------------------------------------------------------------    -------------------
    SLICE_X60Y13         FDRE (Prop_AFF_SLICEL_C_Q)
                                                      0.110     4.130 r  design_1_i/proc_sys_reset_0/U0/ACTIVE_LOW_PR_OUT_DFF[0].FDRE_PER_N/Q
                         net (fo=1377, routed)        7.610    11.739    design_1_i/u_mc_vd100/inst/u_inner/u_inner/gen_core[0].u_core/u_wgt_buffer/SR[0]
    SLICE_X1Y185         FDCE                                         f  design_1_i/u_mc_vd100/inst/u_inner/u_inner/gen_core[0].u_core/u_wgt_buffer/l_pos_reg[2]/CLR  (IS_INVERTED)
  -------------------------------------------------------------------    -------------------

                         (clock clkout1_primitive rise edge)
                                                     10.000    10.000 r  
    IOB_X14Y0            IBUFDS                       0.000    10.000 r  design_1_i/util_ds_buf_0/U0/USE_IBUFDS.GEN_IBUFDS[0].IBUFDS_I/O
                         net (fo=2, routed)           0.522    10.522    design_1_i/clk_wizard_0/inst/clock_primitive_inst/clk_in1
    MMCM_X1Y0            MMCME5 (Prop_MMCM_CLKIN1_CLKOUT0)
                                                      0.000    10.522 r  design_1_i/clk_wizard_0/inst/clock_primitive_inst/MMCME5_inst/CLKOUT0
                         net (fo=1, routed)           0.361    10.883    design_1_i/clk_wizard_0/inst/clock_primitive_inst/clkout1_primitive
    BUFGCE_X1Y23         BUFGCE (Prop_BUFCE_BUFGCE_I_O)
                                                      0.066    10.949 r  design_1_i/clk_wizard_0/inst/clock_primitive_inst/BUFG_clkout1_inst/O
    X1Y2 (CLOCK_ROOT)    net (fo=58867, routed)       2.670    13.619    design_1_i/u_mc_vd100/inst/u_inner/u_inner/gen_core[0].u_core/u_wgt_buffer/clk
    SLICE_X1Y185         FDCE                                         r  design_1_i/u_mc_vd100/inst/u_inner/u_inner/gen_core[0].u_core/u_wgt_buffer/l_pos_reg[2]/C
                         clock pessimism              0.378    13.997    
                         clock uncertainty           -0.069    13.928    
    SLICE_X1Y185         FDCE (Recov_HFF2_SLICEM_C_CLR)
                                                     -0.104    13.824    design_1_i/u_mc_vd100/inst/u_inner/u_inner/gen_core[0].u_core/u_wgt_buffer/l_pos_reg[2]
  -------------------------------------------------------------------
                         required time                         13.824    
                         arrival time                         -11.739    
  -------------------------------------------------------------------
                         slack                                  2.085    

Slack (MET) :             2.085ns  (required time - arrival time)
  Source:                 design_1_i/proc_sys_reset_0/U0/ACTIVE_LOW_PR_OUT_DFF[0].FDRE_PER_N/C
                            (rising edge-triggered cell FDRE clocked by clkout1_primitive  {rise@0.000ns fall@5.000ns period=10.000ns})
  Destination:            design_1_i/u_mc_vd100/inst/u_inner/u_inner/gen_core[0].u_core/u_wgt_buffer/round_cnt_reg[0]/CLR
                            (recovery check against rising-edge clock clkout1_primitive  {rise@0.000ns fall@5.000ns period=10.000ns})
  Path Group:             **async_default**
  Path Type:              Recovery (Max at Slow Process Corner)
  Requirement:            10.000ns  (clkout1_primitive rise@10.000ns - clkout1_primitive rise@0.000ns)
  Data Path Delay:        7.720ns  (logic 0.110ns (1.425%)  route 7.610ns (98.575%))
  Logic Levels:           0  
  Clock Path Skew:        -0.023ns (DCD - SCD + CPR)
    Destination Clock Delay (DCD):    3.619ns = ( 13.619 - 10.000 ) 
    Source Clock Delay      (SCD):    4.020ns
    Clock Pessimism Removal (CPR):    0.378ns
  Clock Uncertainty:      0.069ns  (CJ)/2 + PE + PJ
    Clock Jitter             (CJ):    0.138ns
    Phase Error              (PE):    0.000ns
    Phase Jitter             (PJ):    0.000ns
  Clock Net Delay (Source):      2.798ns (routing 0.673ns, distribution 2.125ns)
  Clock Net Delay (Destination): 2.670ns (routing 0.564ns, distribution 2.106ns)

    Location             Delay type                Incr(ns)  Path(ns)    Netlist Resource(s)
  -------------------------------------------------------------------    -------------------
                         (clock clkout1_primitive rise edge)
                                                      0.000     0.000 r  
    IOB_X14Y0            IBUFDS                       0.000     0.000 r  design_1_i/util_ds_buf_0/U0/USE_IBUFDS.GEN_IBUFDS[0].IBUFDS_I/O
                         net (fo=2, routed)           0.622     0.622    design_1_i/clk_wizard_0/inst/clock_primitive_inst/clk_in1
    MMCM_X1Y0            MMCME5 (Prop_MMCM_CLKIN1_CLKOUT0)
                                                      0.070     0.692 r  design_1_i/clk_wizard_0/inst/clock_primitive_inst/MMCME5_inst/CLKOUT0
                         net (fo=1, routed)           0.445     1.137    design_1_i/clk_wizard_0/inst/clock_primitive_inst/clkout1_primitive
    BUFGCE_X1Y23         BUFGCE (Prop_BUFCE_BUFGCE_I_O)
                                                      0.085     1.222 r  design_1_i/clk_wizard_0/inst/clock_primitive_inst/BUFG_clkout1_inst/O
    X1Y2 (CLOCK_ROOT)    net (fo=58867, routed)       2.798     4.020    design_1_i/proc_sys_reset_0/U0/slowest_sync_clk
    SLICE_X60Y13         FDRE                                         r  design_1_i/proc_sys_reset_0/U0/ACTIVE_LOW_PR_OUT_DFF[0].FDRE_PER_N/C
  -------------------------------------------------------------------    -------------------
    SLICE_X60Y13         FDRE (Prop_AFF_SLICEL_C_Q)
                                                      0.110     4.130 r  design_1_i/proc_sys_reset_0/U0/ACTIVE_LOW_PR_OUT_DFF[0].FDRE_PER_N/Q
                         net (fo=1377, routed)        7.610    11.739    design_1_i/u_mc_vd100/inst/u_inner/u_inner/gen_core[0].u_core/u_wgt_buffer/SR[0]
    SLICE_X1Y185         FDCE                                         f  design_1_i/u_mc_vd100/inst/u_inner/u_inner/gen_core[0].u_core/u_wgt_buffer/round_cnt_reg[0]/CLR  (IS_INVERTED)
  -------------------------------------------------------------------    -------------------

                         (clock clkout1_primitive rise edge)
                                                     10.000    10.000 r  
    IOB_X14Y0            IBUFDS                       0.000    10.000 r  design_1_i/util_ds_buf_0/U0/USE_IBUFDS.GEN_IBUFDS[0].IBUFDS_I/O
                         net (fo=2, routed)           0.522    10.522    design_1_i/clk_wizard_0/inst/clock_primitive_inst/clk_in1
    MMCM_X1Y0            MMCME5 (Prop_MMCM_CLKIN1_CLKOUT0)
                                                      0.000    10.522 r  design_1_i/clk_wizard_0/inst/clock_primitive_inst/MMCME5_inst/CLKOUT0
                         net (fo=1, routed)           0.361    10.883    design_1_i/clk_wizard_0/inst/clock_primitive_inst/clkout1_primitive
    BUFGCE_X1Y23         BUFGCE (Prop_BUFCE_BUFGCE_I_O)
                                                      0.066    10.949 r  design_1_i/clk_wizard_0/inst/clock_primitive_inst/BUFG_clkout1_inst/O
    X1Y2 (CLOCK_ROOT)    net (fo=58867, routed)       2.670    13.619    design_1_i/u_mc_vd100/inst/u_inner/u_inner/gen_core[0].u_core/u_wgt_buffer/clk
    SLICE_X1Y185         FDCE                                         r  design_1_i/u_mc_vd100/inst/u_inner/u_inner/gen_core[0].u_core/u_wgt_buffer/round_cnt_reg[0]/C
                         clock pessimism              0.378    13.997    
                         clock uncertainty           -0.069    13.928    
    SLICE_X1Y185         FDCE (Recov_FFF2_SLICEM_C_CLR)
                                                     -0.104    13.824    design_1_i/u_mc_vd100/inst/u_inner/u_inner/gen_core[0].u_core/u_wgt_buffer/round_cnt_reg[0]
  -------------------------------------------------------------------
                         required time                         13.824    
                         arrival time                         -11.739    
  -------------------------------------------------------------------
                         slack                                  2.085    

Slack (MET) :             2.085ns  (required time - arrival time)
  Source:                 design_1_i/proc_sys_reset_0/U0/ACTIVE_LOW_PR_OUT_DFF[0].FDRE_PER_N/C
                            (rising edge-triggered cell FDRE clocked by clkout1_primitive  {rise@0.000ns fall@5.000ns period=10.000ns})
  Destination:            design_1_i/u_mc_vd100/inst/u_inner/u_inner/gen_core[0].u_core/u_wgt_buffer/round_cnt_reg[1]/CLR
                            (recovery check against rising-edge clock clkout1_primitive  {rise@0.000ns fall@5.000ns period=10.000ns})
  Path Group:             **async_default**
  Path Type:              Recovery (Max at Slow Process Corner)
  Requirement:            10.000ns  (clkout1_primitive rise@10.000ns - clkout1_primitive rise@0.000ns)
  Data Path Delay:        7.720ns  (logic 0.110ns (1.425%)  route 7.610ns (98.575%))
  Logic Levels:           0  
  Clock Path Skew:        -0.023ns (DCD - SCD + CPR)
    Destination Clock Delay (DCD):    3.619ns = ( 13.619 - 10.000 ) 
    Source Clock Delay      (SCD):    4.020ns
    Clock Pessimism Removal (CPR):    0.378ns
  Clock Uncertainty:      0.069ns  (CJ)/2 + PE + PJ
    Clock Jitter             (CJ):    0.138ns
    Phase Error              (PE):    0.000ns
    Phase Jitter             (PJ):    0.000ns
  Clock Net Delay (Source):      2.798ns (routing 0.673ns, distribution 2.125ns)
  Clock Net Delay (Destination): 2.670ns (routing 0.564ns, distribution 2.106ns)

    Location             Delay type                Incr(ns)  Path(ns)    Netlist Resource(s)
  -------------------------------------------------------------------    -------------------
                         (clock clkout1_primitive rise edge)
                                                      0.000     0.000 r  
    IOB_X14Y0            IBUFDS                       0.000     0.000 r  design_1_i/util_ds_buf_0/U0/USE_IBUFDS.GEN_IBUFDS[0].IBUFDS_I/O
                         net (fo=2, routed)           0.622     0.622    design_1_i/clk_wizard_0/inst/clock_primitive_inst/clk_in1
    MMCM_X1Y0            MMCME5 (Prop_MMCM_CLKIN1_CLKOUT0)
                                                      0.070     0.692 r  design_1_i/clk_wizard_0/inst/clock_primitive_inst/MMCME5_inst/CLKOUT0
                         net (fo=1, routed)           0.445     1.137    design_1_i/clk_wizard_0/inst/clock_primitive_inst/clkout1_primitive
    BUFGCE_X1Y23         BUFGCE (Prop_BUFCE_BUFGCE_I_O)
                                                      0.085     1.222 r  design_1_i/clk_wizard_0/inst/clock_primitive_inst/BUFG_clkout1_inst/O
    X1Y2 (CLOCK_ROOT)    net (fo=58867, routed)       2.798     4.020    design_1_i/proc_sys_reset_0/U0/slowest_sync_clk
    SLICE_X60Y13         FDRE                                         r  design_1_i/proc_sys_reset_0/U0/ACTIVE_LOW_PR_OUT_DFF[0].FDRE_PER_N/C
  -------------------------------------------------------------------    -------------------
    SLICE_X60Y13         FDRE (Prop_AFF_SLICEL_C_Q)
                                                      0.110     4.130 r  design_1_i/proc_sys_reset_0/U0/ACTIVE_LOW_PR_OUT_DFF[0].FDRE_PER_N/Q
                         net (fo=1377, routed)        7.610    11.739    design_1_i/u_mc_vd100/inst/u_inner/u_inner/gen_core[0].u_core/u_wgt_buffer/SR[0]
    SLICE_X1Y185         FDCE                                         f  design_1_i/u_mc_vd100/inst/u_inner/u_inner/gen_core[0].u_core/u_wgt_buffer/round_cnt_reg[1]/CLR  (IS_INVERTED)
  -------------------------------------------------------------------    -------------------

                         (clock clkout1_primitive rise edge)
                                                     10.000    10.000 r  
    IOB_X14Y0            IBUFDS                       0.000    10.000 r  design_1_i/util_ds_buf_0/U0/USE_IBUFDS.GEN_IBUFDS[0].IBUFDS_I/O
                         net (fo=2, routed)           0.522    10.522    design_1_i/clk_wizard_0/inst/clock_primitive_inst/clk_in1
    MMCM_X1Y0            MMCME5 (Prop_MMCM_CLKIN1_CLKOUT0)
                                                      0.000    10.522 r  design_1_i/clk_wizard_0/inst/clock_primitive_inst/MMCME5_inst/CLKOUT0
                         net (fo=1, routed)           0.361    10.883    design_1_i/clk_wizard_0/inst/clock_primitive_inst/clkout1_primitive
    BUFGCE_X1Y23         BUFGCE (Prop_BUFCE_BUFGCE_I_O)
                                                      0.066    10.949 r  design_1_i/clk_wizard_0/inst/clock_primitive_inst/BUFG_clkout1_inst/O
    X1Y2 (CLOCK_ROOT)    net (fo=58867, routed)       2.670    13.619    design_1_i/u_mc_vd100/inst/u_inner/u_inner/gen_core[0].u_core/u_wgt_buffer/clk
    SLICE_X1Y185         FDCE                                         r  design_1_i/u_mc_vd100/inst/u_inner/u_inner/gen_core[0].u_core/u_wgt_buffer/round_cnt_reg[1]/C
                         clock pessimism              0.378    13.997    
                         clock uncertainty           -0.069    13.928    
    SLICE_X1Y185         FDCE (Recov_FFF_SLICEM_C_CLR)
                                                     -0.104    13.824    design_1_i/u_mc_vd100/inst/u_inner/u_inner/gen_core[0].u_core/u_wgt_buffer/round_cnt_reg[1]
  -------------------------------------------------------------------
                         required time                         13.824    
                         arrival time                         -11.739    
  -------------------------------------------------------------------
                         slack                                  2.085    

Slack (MET) :             2.087ns  (required time - arrival time)
  Source:                 design_1_i/proc_sys_reset_0/U0/ACTIVE_LOW_PR_OUT_DFF[0].FDRE_PER_N/C
                            (rising edge-triggered cell FDRE clocked by clkout1_primitive  {rise@0.000ns fall@5.000ns period=10.000ns})
  Destination:            design_1_i/u_mc_vd100/inst/u_inner/u_inner/gen_core[0].u_core/u_wgt_buffer/pos_cnt_reg[0]/CLR
                            (recovery check against rising-edge clock clkout1_primitive  {rise@0.000ns fall@5.000ns period=10.000ns})
  Path Group:             **async_default**
  Path Type:              Recovery (Max at Slow Process Corner)
  Requirement:            10.000ns  (clkout1_primitive rise@10.000ns - clkout1_primitive rise@0.000ns)
  Data Path Delay:        7.718ns  (logic 0.110ns (1.425%)  route 7.608ns (98.575%))
  Logic Levels:           0  
  Clock Path Skew:        -0.022ns (DCD - SCD + CPR)
    Destination Clock Delay (DCD):    3.620ns = ( 13.620 - 10.000 ) 
    Source Clock Delay      (SCD):    4.020ns
    Clock Pessimism Removal (CPR):    0.378ns
  Clock Uncertainty:      0.069ns  (CJ)/2 + PE + PJ
    Clock Jitter             (CJ):    0.138ns
    Phase Error              (PE):    0.000ns
    Phase Jitter             (PJ):    0.000ns
  Clock Net Delay (Source):      2.798ns (routing 0.673ns, distribution 2.125ns)
  Clock Net Delay (Destination): 2.671ns (routing 0.564ns, distribution 2.107ns)

    Location             Delay type                Incr(ns)  Path(ns)    Netlist Resource(s)
  -------------------------------------------------------------------    -------------------
                         (clock clkout1_primitive rise edge)
                                                      0.000     0.000 r  
    IOB_X14Y0            IBUFDS                       0.000     0.000 r  design_1_i/util_ds_buf_0/U0/USE_IBUFDS.GEN_IBUFDS[0].IBUFDS_I/O
                         net (fo=2, routed)           0.622     0.622    design_1_i/clk_wizard_0/inst/clock_primitive_inst/clk_in1
    MMCM_X1Y0            MMCME5 (Prop_MMCM_CLKIN1_CLKOUT0)
                                                      0.070     0.692 r  design_1_i/clk_wizard_0/inst/clock_primitive_inst/MMCME5_inst/CLKOUT0
                         net (fo=1, routed)           0.445     1.137    design_1_i/clk_wizard_0/inst/clock_primitive_inst/clkout1_primitive
    BUFGCE_X1Y23         BUFGCE (Prop_BUFCE_BUFGCE_I_O)
                                                      0.085     1.222 r  design_1_i/clk_wizard_0/inst/clock_primitive_inst/BUFG_clkout1_inst/O
    X1Y2 (CLOCK_ROOT)    net (fo=58867, routed)       2.798     4.020    design_1_i/proc_sys_reset_0/U0/slowest_sync_clk
    SLICE_X60Y13         FDRE                                         r  design_1_i/proc_sys_reset_0/U0/ACTIVE_LOW_PR_OUT_DFF[0].FDRE_PER_N/C
  -------------------------------------------------------------------    -------------------
    SLICE_X60Y13         FDRE (Prop_AFF_SLICEL_C_Q)
                                                      0.110     4.130 r  design_1_i/proc_sys_reset_0/U0/ACTIVE_LOW_PR_OUT_DFF[0].FDRE_PER_N/Q
                         net (fo=1377, routed)        7.608    11.738    design_1_i/u_mc_vd100/inst/u_inner/u_inner/gen_core[0].u_core/u_wgt_buffer/SR[0]
    SLICE_X3Y186         FDCE                                         f  design_1_i/u_mc_vd100/inst/u_inner/u_inner/gen_core[0].u_core/u_wgt_buffer/pos_cnt_reg[0]/CLR  (IS_INVERTED)
  -------------------------------------------------------------------    -------------------

                         (clock clkout1_primitive rise edge)
                                                     10.000    10.000 r  
    IOB_X14Y0            IBUFDS                       0.000    10.000 r  design_1_i/util_ds_buf_0/U0/USE_IBUFDS.GEN_IBUFDS[0].IBUFDS_I/O
                         net (fo=2, routed)           0.522    10.522    design_1_i/clk_wizard_0/inst/clock_primitive_inst/clk_in1
    MMCM_X1Y0            MMCME5 (Prop_MMCM_CLKIN1_CLKOUT0)
                                                      0.000    10.522 r  design_1_i/clk_wizard_0/inst/clock_primitive_inst/MMCME5_inst/CLKOUT0
                         net (fo=1, routed)           0.361    10.883    design_1_i/clk_wizard_0/inst/clock_primitive_inst/clkout1_primitive
    BUFGCE_X1Y23         BUFGCE (Prop_BUFCE_BUFGCE_I_O)
                                                      0.066    10.949 r  design_1_i/clk_wizard_0/inst/clock_primitive_inst/BUFG_clkout1_inst/O
    X1Y2 (CLOCK_ROOT)    net (fo=58867, routed)       2.671    13.620    design_1_i/u_mc_vd100/inst/u_inner/u_inner/gen_core[0].u_core/u_wgt_buffer/clk
    SLICE_X3Y186         FDCE                                         r  design_1_i/u_mc_vd100/inst/u_inner/u_inner/gen_core[0].u_core/u_wgt_buffer/pos_cnt_reg[0]/C
                         clock pessimism              0.378    13.998    
                         clock uncertainty           -0.069    13.929    
    SLICE_X3Y186         FDCE (Recov_GFF_SLICEM_C_CLR)
                                                     -0.104    13.825    design_1_i/u_mc_vd100/inst/u_inner/u_inner/gen_core[0].u_core/u_wgt_buffer/pos_cnt_reg[0]
  -------------------------------------------------------------------
                         required time                         13.825    
                         arrival time                         -11.738    
  -------------------------------------------------------------------
                         slack                                  2.087    





Min Delay Paths
--------------------------------------------------------------------------------------
Slack (MET) :             0.251ns  (arrival time - required time)
  Source:                 design_1_i/proc_sys_reset_0/U0/ACTIVE_LOW_PR_OUT_DFF[0].FDRE_PER_N/C
                            (rising edge-triggered cell FDRE clocked by clkout1_primitive  {rise@0.000ns fall@5.000ns period=10.000ns})
  Destination:            design_1_i/u_mc_vd100/inst/u_inner/u_inner/gen_core[1].u_core/u_axi_mux/u_arbiter/cu_wr_master_sel_reg[0]/CLR
                            (removal check against rising-edge clock clkout1_primitive  {rise@0.000ns fall@5.000ns period=10.000ns})
  Path Group:             **async_default**
  Path Type:              Removal (Min at Fast Process Corner)
  Requirement:            0.000ns  (clkout1_primitive rise@0.000ns - clkout1_primitive rise@0.000ns)
  Data Path Delay:        0.321ns  (logic 0.058ns (18.081%)  route 0.263ns (81.918%))
  Logic Levels:           0  
  Clock Path Skew:        0.062ns (DCD - SCD - CPR)
    Destination Clock Delay (DCD):    2.758ns
    Source Clock Delay      (SCD):    2.219ns
    Clock Pessimism Removal (CPR):    0.477ns
  Clock Net Delay (Source):      1.650ns (routing 0.376ns, distribution 1.274ns)
  Clock Net Delay (Destination): 1.907ns (routing 0.479ns, distribution 1.428ns)

    Location             Delay type                Incr(ns)  Path(ns)    Netlist Resource(s)
  -------------------------------------------------------------------    -------------------
                         (clock clkout1_primitive rise edge)
                                                      0.000     0.000 r  
    IOB_X14Y0            IBUFDS                       0.000     0.000 r  design_1_i/util_ds_buf_0/U0/USE_IBUFDS.GEN_IBUFDS[0].IBUFDS_I/O
                         net (fo=2, routed)           0.316     0.316    design_1_i/clk_wizard_0/inst/clock_primitive_inst/clk_in1
    MMCM_X1Y0            MMCME5 (Prop_MMCM_CLKIN1_CLKOUT0)
                                                     -0.039     0.277 r  design_1_i/clk_wizard_0/inst/clock_primitive_inst/MMCME5_inst/CLKOUT0
                         net (fo=1, routed)           0.240     0.517    design_1_i/clk_wizard_0/inst/clock_primitive_inst/clkout1_primitive
    BUFGCE_X1Y23         BUFGCE (Prop_BUFCE_BUFGCE_I_O)
                                                      0.052     0.569 r  design_1_i/clk_wizard_0/inst/clock_primitive_inst/BUFG_clkout1_inst/O
    X1Y2 (CLOCK_ROOT)    net (fo=58867, routed)       1.650     2.219    design_1_i/proc_sys_reset_0/U0/slowest_sync_clk
    SLICE_X60Y13         FDRE                                         r  design_1_i/proc_sys_reset_0/U0/ACTIVE_LOW_PR_OUT_DFF[0].FDRE_PER_N/C
  -------------------------------------------------------------------    -------------------
    SLICE_X60Y13         FDRE (Prop_AFF_SLICEL_C_Q)
                                                      0.058     2.277 r  design_1_i/proc_sys_reset_0/U0/ACTIVE_LOW_PR_OUT_DFF[0].FDRE_PER_N/Q
                         net (fo=1377, routed)        0.263     2.540    design_1_i/u_mc_vd100/inst/u_inner/u_inner/gen_core[1].u_core/u_axi_mux/u_arbiter/state[0]
    SLICE_X67Y20         FDCE                                         f  design_1_i/u_mc_vd100/inst/u_inner/u_inner/gen_core[1].u_core/u_axi_mux/u_arbiter/cu_wr_master_sel_reg[0]/CLR  (IS_INVERTED)
  -------------------------------------------------------------------    -------------------

                         (clock clkout1_primitive rise edge)
                                                      0.000     0.000 r  
    IOB_X14Y0            IBUFDS                       0.000     0.000 r  design_1_i/util_ds_buf_0/U0/USE_IBUFDS.GEN_IBUFDS[0].IBUFDS_I/O
                         net (fo=2, routed)           0.425     0.425    design_1_i/clk_wizard_0/inst/clock_primitive_inst/clk_in1
    MMCM_X1Y0            MMCME5 (Prop_MMCM_CLKIN1_CLKOUT0)
                                                      0.034     0.459 r  design_1_i/clk_wizard_0/inst/clock_primitive_inst/MMCME5_inst/CLKOUT0
                         net (fo=1, routed)           0.322     0.781    design_1_i/clk_wizard_0/inst/clock_primitive_inst/clkout1_primitive
    BUFGCE_X1Y23         BUFGCE (Prop_BUFCE_BUFGCE_I_O)
                                                      0.070     0.851 r  design_1_i/clk_wizard_0/inst/clock_primitive_inst/BUFG_clkout1_inst/O
    X1Y2 (CLOCK_ROOT)    net (fo=58867, routed)       1.907     2.758    design_1_i/u_mc_vd100/inst/u_inner/u_inner/gen_core[1].u_core/u_axi_mux/u_arbiter/clk
    SLICE_X67Y20         FDCE                                         r  design_1_i/u_mc_vd100/inst/u_inner/u_inner/gen_core[1].u_core/u_axi_mux/u_arbiter/cu_wr_master_sel_reg[0]/C
                         clock pessimism             -0.477     2.281    
    SLICE_X67Y20         FDCE (Remov_AFF_SLICEM_C_CLR)
                                                      0.007     2.288    design_1_i/u_mc_vd100/inst/u_inner/u_inner/gen_core[1].u_core/u_axi_mux/u_arbiter/cu_wr_master_sel_reg[0]
  -------------------------------------------------------------------
                         required time                         -2.288    
                         arrival time                           2.540    
  -------------------------------------------------------------------
                         slack                                  0.251    

Slack (MET) :             0.288ns  (arrival time - required time)
  Source:                 design_1_i/proc_sys_reset_0/U0/ACTIVE_LOW_PR_OUT_DFF[0].FDRE_PER_N/C
                            (rising edge-triggered cell FDRE clocked by clkout1_primitive  {rise@0.000ns fall@5.000ns period=10.000ns})
  Destination:            design_1_i/u_mc_vd100/inst/u_inner/u_inner/gen_core[1].u_core/u_axi_mux/u_arbiter/cu_wr_st_reg/CLR
                            (removal check against rising-edge clock clkout1_primitive  {rise@0.000ns fall@5.000ns period=10.000ns})
  Path Group:             **async_default**
  Path Type:              Removal (Min at Fast Process Corner)
  Requirement:            0.000ns  (clkout1_primitive rise@0.000ns - clkout1_primitive rise@0.000ns)
  Data Path Delay:        0.366ns  (logic 0.058ns (15.864%)  route 0.308ns (84.136%))
  Logic Levels:           0  
  Clock Path Skew:        0.070ns (DCD - SCD - CPR)
    Destination Clock Delay (DCD):    2.766ns
    Source Clock Delay      (SCD):    2.219ns
    Clock Pessimism Removal (CPR):    0.477ns
  Clock Net Delay (Source):      1.650ns (routing 0.376ns, distribution 1.274ns)
  Clock Net Delay (Destination): 1.915ns (routing 0.479ns, distribution 1.436ns)

    Location             Delay type                Incr(ns)  Path(ns)    Netlist Resource(s)
  -------------------------------------------------------------------    -------------------
                         (clock clkout1_primitive rise edge)
                                                      0.000     0.000 r  
    IOB_X14Y0            IBUFDS                       0.000     0.000 r  design_1_i/util_ds_buf_0/U0/USE_IBUFDS.GEN_IBUFDS[0].IBUFDS_I/O
                         net (fo=2, routed)           0.316     0.316    design_1_i/clk_wizard_0/inst/clock_primitive_inst/clk_in1
    MMCM_X1Y0            MMCME5 (Prop_MMCM_CLKIN1_CLKOUT0)
                                                     -0.039     0.277 r  design_1_i/clk_wizard_0/inst/clock_primitive_inst/MMCME5_inst/CLKOUT0
                         net (fo=1, routed)           0.240     0.517    design_1_i/clk_wizard_0/inst/clock_primitive_inst/clkout1_primitive
    BUFGCE_X1Y23         BUFGCE (Prop_BUFCE_BUFGCE_I_O)
                                                      0.052     0.569 r  design_1_i/clk_wizard_0/inst/clock_primitive_inst/BUFG_clkout1_inst/O
    X1Y2 (CLOCK_ROOT)    net (fo=58867, routed)       1.650     2.219    design_1_i/proc_sys_reset_0/U0/slowest_sync_clk
    SLICE_X60Y13         FDRE                                         r  design_1_i/proc_sys_reset_0/U0/ACTIVE_LOW_PR_OUT_DFF[0].FDRE_PER_N/C
  -------------------------------------------------------------------    -------------------
    SLICE_X60Y13         FDRE (Prop_AFF_SLICEL_C_Q)
                                                      0.058     2.277 r  design_1_i/proc_sys_reset_0/U0/ACTIVE_LOW_PR_OUT_DFF[0].FDRE_PER_N/Q
                         net (fo=1377, routed)        0.308     2.585    design_1_i/u_mc_vd100/inst/u_inner/u_inner/gen_core[1].u_core/u_axi_mux/u_arbiter/state[0]
    SLICE_X66Y29         FDCE                                         f  design_1_i/u_mc_vd100/inst/u_inner/u_inner/gen_core[1].u_core/u_axi_mux/u_arbiter/cu_wr_st_reg/CLR  (IS_INVERTED)
  -------------------------------------------------------------------    -------------------

                         (clock clkout1_primitive rise edge)
                                                      0.000     0.000 r  
    IOB_X14Y0            IBUFDS                       0.000     0.000 r  design_1_i/util_ds_buf_0/U0/USE_IBUFDS.GEN_IBUFDS[0].IBUFDS_I/O
                         net (fo=2, routed)           0.425     0.425    design_1_i/clk_wizard_0/inst/clock_primitive_inst/clk_in1
    MMCM_X1Y0            MMCME5 (Prop_MMCM_CLKIN1_CLKOUT0)
                                                      0.034     0.459 r  design_1_i/clk_wizard_0/inst/clock_primitive_inst/MMCME5_inst/CLKOUT0
                         net (fo=1, routed)           0.322     0.781    design_1_i/clk_wizard_0/inst/clock_primitive_inst/clkout1_primitive
    BUFGCE_X1Y23         BUFGCE (Prop_BUFCE_BUFGCE_I_O)
                                                      0.070     0.851 r  design_1_i/clk_wizard_0/inst/clock_primitive_inst/BUFG_clkout1_inst/O
    X1Y2 (CLOCK_ROOT)    net (fo=58867, routed)       1.915     2.766    design_1_i/u_mc_vd100/inst/u_inner/u_inner/gen_core[1].u_core/u_axi_mux/u_arbiter/clk
    SLICE_X66Y29         FDCE                                         r  design_1_i/u_mc_vd100/inst/u_inner/u_inner/gen_core[1].u_core/u_axi_mux/u_arbiter/cu_wr_st_reg/C
                         clock pessimism             -0.477     2.289    
    SLICE_X66Y29         FDCE (Remov_FFF2_SLICEL_C_CLR)
                                                      0.008     2.297    design_1_i/u_mc_vd100/inst/u_inner/u_inner/gen_core[1].u_core/u_axi_mux/u_arbiter/cu_wr_st_reg
  -------------------------------------------------------------------
                         required time                         -2.297    
                         arrival time                           2.585    
  -------------------------------------------------------------------
                         slack                                  0.288    

Slack (MET) :             0.288ns  (arrival time - required time)
  Source:                 design_1_i/proc_sys_reset_0/U0/ACTIVE_LOW_PR_OUT_DFF[0].FDRE_PER_N/C
                            (rising edge-triggered cell FDRE clocked by clkout1_primitive  {rise@0.000ns fall@5.000ns period=10.000ns})
  Destination:            design_1_i/u_mc_vd100/inst/u_inner/u_inner/gen_core[1].u_core/u_axi_mux/u_arbiter/wr_channel_lock_reg/CLR
                            (removal check against rising-edge clock clkout1_primitive  {rise@0.000ns fall@5.000ns period=10.000ns})
  Path Group:             **async_default**
  Path Type:              Removal (Min at Fast Process Corner)
  Requirement:            0.000ns  (clkout1_primitive rise@0.000ns - clkout1_primitive rise@0.000ns)
  Data Path Delay:        0.366ns  (logic 0.058ns (15.864%)  route 0.308ns (84.136%))
  Logic Levels:           0  
  Clock Path Skew:        0.070ns (DCD - SCD - CPR)
    Destination Clock Delay (DCD):    2.766ns
    Source Clock Delay      (SCD):    2.219ns
    Clock Pessimism Removal (CPR):    0.477ns
  Clock Net Delay (Source):      1.650ns (routing 0.376ns, distribution 1.274ns)
  Clock Net Delay (Destination): 1.915ns (routing 0.479ns, distribution 1.436ns)

    Location             Delay type                Incr(ns)  Path(ns)    Netlist Resource(s)
  -------------------------------------------------------------------    -------------------
                         (clock clkout1_primitive rise edge)
                                                      0.000     0.000 r  
    IOB_X14Y0            IBUFDS                       0.000     0.000 r  design_1_i/util_ds_buf_0/U0/USE_IBUFDS.GEN_IBUFDS[0].IBUFDS_I/O
                         net (fo=2, routed)           0.316     0.316    design_1_i/clk_wizard_0/inst/clock_primitive_inst/clk_in1
    MMCM_X1Y0            MMCME5 (Prop_MMCM_CLKIN1_CLKOUT0)
                                                     -0.039     0.277 r  design_1_i/clk_wizard_0/inst/clock_primitive_inst/MMCME5_inst/CLKOUT0
                         net (fo=1, routed)           0.240     0.517    design_1_i/clk_wizard_0/inst/clock_primitive_inst/clkout1_primitive
    BUFGCE_X1Y23         BUFGCE (Prop_BUFCE_BUFGCE_I_O)
                                                      0.052     0.569 r  design_1_i/clk_wizard_0/inst/clock_primitive_inst/BUFG_clkout1_inst/O
    X1Y2 (CLOCK_ROOT)    net (fo=58867, routed)       1.650     2.219    design_1_i/proc_sys_reset_0/U0/slowest_sync_clk
    SLICE_X60Y13         FDRE                                         r  design_1_i/proc_sys_reset_0/U0/ACTIVE_LOW_PR_OUT_DFF[0].FDRE_PER_N/C
  -------------------------------------------------------------------    -------------------
    SLICE_X60Y13         FDRE (Prop_AFF_SLICEL_C_Q)
                                                      0.058     2.277 r  design_1_i/proc_sys_reset_0/U0/ACTIVE_LOW_PR_OUT_DFF[0].FDRE_PER_N/Q
                         net (fo=1377, routed)        0.308     2.585    design_1_i/u_mc_vd100/inst/u_inner/u_inner/gen_core[1].u_core/u_axi_mux/u_arbiter/state[0]
    SLICE_X66Y29         FDCE                                         f  design_1_i/u_mc_vd100/inst/u_inner/u_inner/gen_core[1].u_core/u_axi_mux/u_arbiter/wr_channel_lock_reg/CLR  (IS_INVERTED)
  -------------------------------------------------------------------    -------------------

                         (clock clkout1_primitive rise edge)
                                                      0.000     0.000 r  
    IOB_X14Y0            IBUFDS                       0.000     0.000 r  design_1_i/util_ds_buf_0/U0/USE_IBUFDS.GEN_IBUFDS[0].IBUFDS_I/O
                         net (fo=2, routed)           0.425     0.425    design_1_i/clk_wizard_0/inst/clock_primitive_inst/clk_in1
    MMCM_X1Y0            MMCME5 (Prop_MMCM_CLKIN1_CLKOUT0)
                                                      0.034     0.459 r  design_1_i/clk_wizard_0/inst/clock_primitive_inst/MMCME5_inst/CLKOUT0
                         net (fo=1, routed)           0.322     0.781    design_1_i/clk_wizard_0/inst/clock_primitive_inst/clkout1_primitive
    BUFGCE_X1Y23         BUFGCE (Prop_BUFCE_BUFGCE_I_O)
                                                      0.070     0.851 r  design_1_i/clk_wizard_0/inst/clock_primitive_inst/BUFG_clkout1_inst/O
    X1Y2 (CLOCK_ROOT)    net (fo=58867, routed)       1.915     2.766    design_1_i/u_mc_vd100/inst/u_inner/u_inner/gen_core[1].u_core/u_axi_mux/u_arbiter/clk
    SLICE_X66Y29         FDCE                                         r  design_1_i/u_mc_vd100/inst/u_inner/u_inner/gen_core[1].u_core/u_axi_mux/u_arbiter/wr_channel_lock_reg/C
                         clock pessimism             -0.477     2.289    
    SLICE_X66Y29         FDCE (Remov_EFF_SLICEL_C_CLR)
                                                      0.008     2.297    design_1_i/u_mc_vd100/inst/u_inner/u_inner/gen_core[1].u_core/u_axi_mux/u_arbiter/wr_channel_lock_reg
  -------------------------------------------------------------------
                         required time                         -2.297    
                         arrival time                           2.585    
  -------------------------------------------------------------------
                         slack                                  0.288    

Slack (MET) :             1.197ns  (arrival time - required time)
  Source:                 design_1_i/proc_sys_reset_0/U0/ACTIVE_LOW_PR_OUT_DFF[0].FDRE_PER_N/C
                            (rising edge-triggered cell FDRE clocked by clkout1_primitive  {rise@0.000ns fall@5.000ns period=10.000ns})
  Destination:            design_1_i/u_mc_vd100/inst/u_inner/u_inner/gen_core[1].u_core/u_axi_mux/u_arbiter/cu_rd_addr_master_sel_reg[0]/CLR
                            (removal check against rising-edge clock clkout1_primitive  {rise@0.000ns fall@5.000ns period=10.000ns})
  Path Group:             **async_default**
  Path Type:              Removal (Min at Fast Process Corner)
  Requirement:            0.000ns  (clkout1_primitive rise@0.000ns - clkout1_primitive rise@0.000ns)
  Data Path Delay:        1.281ns  (logic 0.058ns (4.529%)  route 1.223ns (95.471%))
  Logic Levels:           0  
  Clock Path Skew:        0.076ns (DCD - SCD - CPR)
    Destination Clock Delay (DCD):    2.772ns
    Source Clock Delay      (SCD):    2.219ns
    Clock Pessimism Removal (CPR):    0.477ns
  Clock Net Delay (Source):      1.650ns (routing 0.376ns, distribution 1.274ns)
  Clock Net Delay (Destination): 1.921ns (routing 0.479ns, distribution 1.442ns)

    Location             Delay type                Incr(ns)  Path(ns)    Netlist Resource(s)
  -------------------------------------------------------------------    -------------------
                         (clock clkout1_primitive rise edge)
                                                      0.000     0.000 r  
    IOB_X14Y0            IBUFDS                       0.000     0.000 r  design_1_i/util_ds_buf_0/U0/USE_IBUFDS.GEN_IBUFDS[0].IBUFDS_I/O
                         net (fo=2, routed)           0.316     0.316    design_1_i/clk_wizard_0/inst/clock_primitive_inst/clk_in1
    MMCM_X1Y0            MMCME5 (Prop_MMCM_CLKIN1_CLKOUT0)
                                                     -0.039     0.277 r  design_1_i/clk_wizard_0/inst/clock_primitive_inst/MMCME5_inst/CLKOUT0
                         net (fo=1, routed)           0.240     0.517    design_1_i/clk_wizard_0/inst/clock_primitive_inst/clkout1_primitive
    BUFGCE_X1Y23         BUFGCE (Prop_BUFCE_BUFGCE_I_O)
                                                      0.052     0.569 r  design_1_i/clk_wizard_0/inst/clock_primitive_inst/BUFG_clkout1_inst/O
    X1Y2 (CLOCK_ROOT)    net (fo=58867, routed)       1.650     2.219    design_1_i/proc_sys_reset_0/U0/slowest_sync_clk
    SLICE_X60Y13         FDRE                                         r  design_1_i/proc_sys_reset_0/U0/ACTIVE_LOW_PR_OUT_DFF[0].FDRE_PER_N/C
  -------------------------------------------------------------------    -------------------
    SLICE_X60Y13         FDRE (Prop_AFF_SLICEL_C_Q)
                                                      0.058     2.277 r  design_1_i/proc_sys_reset_0/U0/ACTIVE_LOW_PR_OUT_DFF[0].FDRE_PER_N/Q
                         net (fo=1377, routed)        1.223     3.500    design_1_i/u_mc_vd100/inst/u_inner/u_inner/gen_core[1].u_core/u_axi_mux/u_arbiter/state[0]
    SLICE_X51Y78         FDCE                                         f  design_1_i/u_mc_vd100/inst/u_inner/u_inner/gen_core[1].u_core/u_axi_mux/u_arbiter/cu_rd_addr_master_sel_reg[0]/CLR  (IS_INVERTED)
  -------------------------------------------------------------------    -------------------

                         (clock clkout1_primitive rise edge)
                                                      0.000     0.000 r  
    IOB_X14Y0            IBUFDS                       0.000     0.000 r  design_1_i/util_ds_buf_0/U0/USE_IBUFDS.GEN_IBUFDS[0].IBUFDS_I/O
                         net (fo=2, routed)           0.425     0.425    design_1_i/clk_wizard_0/inst/clock_primitive_inst/clk_in1
    MMCM_X1Y0            MMCME5 (Prop_MMCM_CLKIN1_CLKOUT0)
                                                      0.034     0.459 r  design_1_i/clk_wizard_0/inst/clock_primitive_inst/MMCME5_inst/CLKOUT0
                         net (fo=1, routed)           0.322     0.781    design_1_i/clk_wizard_0/inst/clock_primitive_inst/clkout1_primitive
    BUFGCE_X1Y23         BUFGCE (Prop_BUFCE_BUFGCE_I_O)
                                                      0.070     0.851 r  design_1_i/clk_wizard_0/inst/clock_primitive_inst/BUFG_clkout1_inst/O
    X1Y2 (CLOCK_ROOT)    net (fo=58867, routed)       1.921     2.772    design_1_i/u_mc_vd100/inst/u_inner/u_inner/gen_core[1].u_core/u_axi_mux/u_arbiter/clk
    SLICE_X51Y78         FDCE                                         r  design_1_i/u_mc_vd100/inst/u_inner/u_inner/gen_core[1].u_core/u_axi_mux/u_arbiter/cu_rd_addr_master_sel_reg[0]/C
                         clock pessimism             -0.477     2.295    
    SLICE_X51Y78         FDCE (Remov_CFF_SLICEM_C_CLR)
                                                      0.007     2.302    design_1_i/u_mc_vd100/inst/u_inner/u_inner/gen_core[1].u_core/u_axi_mux/u_arbiter/cu_rd_addr_master_sel_reg[0]
  -------------------------------------------------------------------
                         required time                         -2.302    
                         arrival time                           3.500    
  -------------------------------------------------------------------
                         slack                                  1.197    

Slack (MET) :             1.197ns  (arrival time - required time)
  Source:                 design_1_i/proc_sys_reset_0/U0/ACTIVE_LOW_PR_OUT_DFF[0].FDRE_PER_N/C
                            (rising edge-triggered cell FDRE clocked by clkout1_primitive  {rise@0.000ns fall@5.000ns period=10.000ns})
  Destination:            design_1_i/u_mc_vd100/inst/u_inner/u_inner/gen_core[1].u_core/u_axi_mux/u_arbiter/cu_rd_addr_master_sel_reg[1]/CLR
                            (removal check against rising-edge clock clkout1_primitive  {rise@0.000ns fall@5.000ns period=10.000ns})
  Path Group:             **async_default**
  Path Type:              Removal (Min at Fast Process Corner)
  Requirement:            0.000ns  (clkout1_primitive rise@0.000ns - clkout1_primitive rise@0.000ns)
  Data Path Delay:        1.281ns  (logic 0.058ns (4.529%)  route 1.223ns (95.471%))
  Logic Levels:           0  
  Clock Path Skew:        0.076ns (DCD - SCD - CPR)
    Destination Clock Delay (DCD):    2.772ns
    Source Clock Delay      (SCD):    2.219ns
    Clock Pessimism Removal (CPR):    0.477ns
  Clock Net Delay (Source):      1.650ns (routing 0.376ns, distribution 1.274ns)
  Clock Net Delay (Destination): 1.921ns (routing 0.479ns, distribution 1.442ns)

    Location             Delay type                Incr(ns)  Path(ns)    Netlist Resource(s)
  -------------------------------------------------------------------    -------------------
                         (clock clkout1_primitive rise edge)
                                                      0.000     0.000 r  
    IOB_X14Y0            IBUFDS                       0.000     0.000 r  design_1_i/util_ds_buf_0/U0/USE_IBUFDS.GEN_IBUFDS[0].IBUFDS_I/O
                         net (fo=2, routed)           0.316     0.316    design_1_i/clk_wizard_0/inst/clock_primitive_inst/clk_in1
    MMCM_X1Y0            MMCME5 (Prop_MMCM_CLKIN1_CLKOUT0)
                                                     -0.039     0.277 r  design_1_i/clk_wizard_0/inst/clock_primitive_inst/MMCME5_inst/CLKOUT0
                         net (fo=1, routed)           0.240     0.517    design_1_i/clk_wizard_0/inst/clock_primitive_inst/clkout1_primitive
    BUFGCE_X1Y23         BUFGCE (Prop_BUFCE_BUFGCE_I_O)
                                                      0.052     0.569 r  design_1_i/clk_wizard_0/inst/clock_primitive_inst/BUFG_clkout1_inst/O
    X1Y2 (CLOCK_ROOT)    net (fo=58867, routed)       1.650     2.219    design_1_i/proc_sys_reset_0/U0/slowest_sync_clk
    SLICE_X60Y13         FDRE                                         r  design_1_i/proc_sys_reset_0/U0/ACTIVE_LOW_PR_OUT_DFF[0].FDRE_PER_N/C
  -------------------------------------------------------------------    -------------------
    SLICE_X60Y13         FDRE (Prop_AFF_SLICEL_C_Q)
                                                      0.058     2.277 r  design_1_i/proc_sys_reset_0/U0/ACTIVE_LOW_PR_OUT_DFF[0].FDRE_PER_N/Q
                         net (fo=1377, routed)        1.223     3.500    design_1_i/u_mc_vd100/inst/u_inner/u_inner/gen_core[1].u_core/u_axi_mux/u_arbiter/state[0]
    SLICE_X51Y78         FDCE                                         f  design_1_i/u_mc_vd100/inst/u_inner/u_inner/gen_core[1].u_core/u_axi_mux/u_arbiter/cu_rd_addr_master_sel_reg[1]/CLR  (IS_INVERTED)
  -------------------------------------------------------------------    -------------------

                         (clock clkout1_primitive rise edge)
                                                      0.000     0.000 r  
    IOB_X14Y0            IBUFDS                       0.000     0.000 r  design_1_i/util_ds_buf_0/U0/USE_IBUFDS.GEN_IBUFDS[0].IBUFDS_I/O
                         net (fo=2, routed)           0.425     0.425    design_1_i/clk_wizard_0/inst/clock_primitive_inst/clk_in1
    MMCM_X1Y0            MMCME5 (Prop_MMCM_CLKIN1_CLKOUT0)
                                                      0.034     0.459 r  design_1_i/clk_wizard_0/inst/clock_primitive_inst/MMCME5_inst/CLKOUT0
                         net (fo=1, routed)           0.322     0.781    design_1_i/clk_wizard_0/inst/clock_primitive_inst/clkout1_primitive
    BUFGCE_X1Y23         BUFGCE (Prop_BUFCE_BUFGCE_I_O)
                                                      0.070     0.851 r  design_1_i/clk_wizard_0/inst/clock_primitive_inst/BUFG_clkout1_inst/O
    X1Y2 (CLOCK_ROOT)    net (fo=58867, routed)       1.921     2.772    design_1_i/u_mc_vd100/inst/u_inner/u_inner/gen_core[1].u_core/u_axi_mux/u_arbiter/clk
    SLICE_X51Y78         FDCE                                         r  design_1_i/u_mc_vd100/inst/u_inner/u_inner/gen_core[1].u_core/u_axi_mux/u_arbiter/cu_rd_addr_master_sel_reg[1]/C
                         clock pessimism             -0.477     2.295    
    SLICE_X51Y78         FDCE (Remov_AFF_SLICEM_C_CLR)
                                                      0.007     2.302    design_1_i/u_mc_vd100/inst/u_inner/u_inner/gen_core[1].u_core/u_axi_mux/u_arbiter/cu_rd_addr_master_sel_reg[1]
  -------------------------------------------------------------------
                         required time                         -2.302    
                         arrival time                           3.500    
  -------------------------------------------------------------------
                         slack                                  1.197    

Slack (MET) :             1.197ns  (arrival time - required time)
  Source:                 design_1_i/proc_sys_reset_0/U0/ACTIVE_LOW_PR_OUT_DFF[0].FDRE_PER_N/C
                            (rising edge-triggered cell FDRE clocked by clkout1_primitive  {rise@0.000ns fall@5.000ns period=10.000ns})
  Destination:            design_1_i/u_mc_vd100/inst/u_inner/u_inner/gen_core[1].u_core/u_axi_mux/u_arbiter/rd_addr_channel_lock_reg/CLR
                            (removal check against rising-edge clock clkout1_primitive  {rise@0.000ns fall@5.000ns period=10.000ns})
  Path Group:             **async_default**
  Path Type:              Removal (Min at Fast Process Corner)
  Requirement:            0.000ns  (clkout1_primitive rise@0.000ns - clkout1_primitive rise@0.000ns)
  Data Path Delay:        1.281ns  (logic 0.058ns (4.529%)  route 1.223ns (95.471%))
  Logic Levels:           0  
  Clock Path Skew:        0.076ns (DCD - SCD - CPR)
    Destination Clock Delay (DCD):    2.772ns
    Source Clock Delay      (SCD):    2.219ns
    Clock Pessimism Removal (CPR):    0.477ns
  Clock Net Delay (Source):      1.650ns (routing 0.376ns, distribution 1.274ns)
  Clock Net Delay (Destination): 1.921ns (routing 0.479ns, distribution 1.442ns)

    Location             Delay type                Incr(ns)  Path(ns)    Netlist Resource(s)
  -------------------------------------------------------------------    -------------------
                         (clock clkout1_primitive rise edge)
                                                      0.000     0.000 r  
    IOB_X14Y0            IBUFDS                       0.000     0.000 r  design_1_i/util_ds_buf_0/U0/USE_IBUFDS.GEN_IBUFDS[0].IBUFDS_I/O
                         net (fo=2, routed)           0.316     0.316    design_1_i/clk_wizard_0/inst/clock_primitive_inst/clk_in1
    MMCM_X1Y0            MMCME5 (Prop_MMCM_CLKIN1_CLKOUT0)
                                                     -0.039     0.277 r  design_1_i/clk_wizard_0/inst/clock_primitive_inst/MMCME5_inst/CLKOUT0
                         net (fo=1, routed)           0.240     0.517    design_1_i/clk_wizard_0/inst/clock_primitive_inst/clkout1_primitive
    BUFGCE_X1Y23         BUFGCE (Prop_BUFCE_BUFGCE_I_O)
                                                      0.052     0.569 r  design_1_i/clk_wizard_0/inst/clock_primitive_inst/BUFG_clkout1_inst/O
    X1Y2 (CLOCK_ROOT)    net (fo=58867, routed)       1.650     2.219    design_1_i/proc_sys_reset_0/U0/slowest_sync_clk
    SLICE_X60Y13         FDRE                                         r  design_1_i/proc_sys_reset_0/U0/ACTIVE_LOW_PR_OUT_DFF[0].FDRE_PER_N/C
  -------------------------------------------------------------------    -------------------
    SLICE_X60Y13         FDRE (Prop_AFF_SLICEL_C_Q)
                                                      0.058     2.277 r  design_1_i/proc_sys_reset_0/U0/ACTIVE_LOW_PR_OUT_DFF[0].FDRE_PER_N/Q
                         net (fo=1377, routed)        1.223     3.500    design_1_i/u_mc_vd100/inst/u_inner/u_inner/gen_core[1].u_core/u_axi_mux/u_arbiter/state[0]
    SLICE_X51Y78         FDCE                                         f  design_1_i/u_mc_vd100/inst/u_inner/u_inner/gen_core[1].u_core/u_axi_mux/u_arbiter/rd_addr_channel_lock_reg/CLR  (IS_INVERTED)
  -------------------------------------------------------------------    -------------------

                         (clock clkout1_primitive rise edge)
                                                      0.000     0.000 r  
    IOB_X14Y0            IBUFDS                       0.000     0.000 r  design_1_i/util_ds_buf_0/U0/USE_IBUFDS.GEN_IBUFDS[0].IBUFDS_I/O
                         net (fo=2, routed)           0.425     0.425    design_1_i/clk_wizard_0/inst/clock_primitive_inst/clk_in1
    MMCM_X1Y0            MMCME5 (Prop_MMCM_CLKIN1_CLKOUT0)
                                                      0.034     0.459 r  design_1_i/clk_wizard_0/inst/clock_primitive_inst/MMCME5_inst/CLKOUT0
                         net (fo=1, routed)           0.322     0.781    design_1_i/clk_wizard_0/inst/clock_primitive_inst/clkout1_primitive
    BUFGCE_X1Y23         BUFGCE (Prop_BUFCE_BUFGCE_I_O)
                                                      0.070     0.851 r  design_1_i/clk_wizard_0/inst/clock_primitive_inst/BUFG_clkout1_inst/O
    X1Y2 (CLOCK_ROOT)    net (fo=58867, routed)       1.921     2.772    design_1_i/u_mc_vd100/inst/u_inner/u_inner/gen_core[1].u_core/u_axi_mux/u_arbiter/clk
    SLICE_X51Y78         FDCE                                         r  design_1_i/u_mc_vd100/inst/u_inner/u_inner/gen_core[1].u_core/u_axi_mux/u_arbiter/rd_addr_channel_lock_reg/C
                         clock pessimism             -0.477     2.295    
    SLICE_X51Y78         FDCE (Remov_AFF2_SLICEM_C_CLR)
                                                      0.007     2.302    design_1_i/u_mc_vd100/inst/u_inner/u_inner/gen_core[1].u_core/u_axi_mux/u_arbiter/rd_addr_channel_lock_reg
  -------------------------------------------------------------------
                         required time                         -2.302    
                         arrival time                           3.500    
  -------------------------------------------------------------------
                         slack                                  1.197    

Slack (MET) :             1.406ns  (arrival time - required time)
  Source:                 design_1_i/proc_sys_reset_0/U0/ACTIVE_LOW_PR_OUT_DFF[0].FDRE_PER_N/C
                            (rising edge-triggered cell FDRE clocked by clkout1_primitive  {rise@0.000ns fall@5.000ns period=10.000ns})
  Destination:            design_1_i/u_mc_vd100/inst/u_inner/u_inner/gen_core[1].u_core/u_wgt_buffer/l_pos_reg[4]/CLR
                            (removal check against rising-edge clock clkout1_primitive  {rise@0.000ns fall@5.000ns period=10.000ns})
  Path Group:             **async_default**
  Path Type:              Removal (Min at Fast Process Corner)
  Requirement:            0.000ns  (clkout1_primitive rise@0.000ns - clkout1_primitive rise@0.000ns)
  Data Path Delay:        1.748ns  (logic 0.058ns (3.317%)  route 1.690ns (96.683%))
  Logic Levels:           0  
  Clock Path Skew:        0.335ns (DCD - SCD - CPR)
    Destination Clock Delay (DCD):    2.939ns
    Source Clock Delay      (SCD):    2.219ns
    Clock Pessimism Removal (CPR):    0.385ns
  Clock Net Delay (Source):      1.650ns (routing 0.376ns, distribution 1.274ns)
  Clock Net Delay (Destination): 2.088ns (routing 0.479ns, distribution 1.609ns)

    Location             Delay type                Incr(ns)  Path(ns)    Netlist Resource(s)
  -------------------------------------------------------------------    -------------------
                         (clock clkout1_primitive rise edge)
                                                      0.000     0.000 r  
    IOB_X14Y0            IBUFDS                       0.000     0.000 r  design_1_i/util_ds_buf_0/U0/USE_IBUFDS.GEN_IBUFDS[0].IBUFDS_I/O
                         net (fo=2, routed)           0.316     0.316    design_1_i/clk_wizard_0/inst/clock_primitive_inst/clk_in1
    MMCM_X1Y0            MMCME5 (Prop_MMCM_CLKIN1_CLKOUT0)
                                                     -0.039     0.277 r  design_1_i/clk_wizard_0/inst/clock_primitive_inst/MMCME5_inst/CLKOUT0
                         net (fo=1, routed)           0.240     0.517    design_1_i/clk_wizard_0/inst/clock_primitive_inst/clkout1_primitive
    BUFGCE_X1Y23         BUFGCE (Prop_BUFCE_BUFGCE_I_O)
                                                      0.052     0.569 r  design_1_i/clk_wizard_0/inst/clock_primitive_inst/BUFG_clkout1_inst/O
    X1Y2 (CLOCK_ROOT)    net (fo=58867, routed)       1.650     2.219    design_1_i/proc_sys_reset_0/U0/slowest_sync_clk
    SLICE_X60Y13         FDRE                                         r  design_1_i/proc_sys_reset_0/U0/ACTIVE_LOW_PR_OUT_DFF[0].FDRE_PER_N/C
  -------------------------------------------------------------------    -------------------
    SLICE_X60Y13         FDRE (Prop_AFF_SLICEL_C_Q)
                                                      0.058     2.277 r  design_1_i/proc_sys_reset_0/U0/ACTIVE_LOW_PR_OUT_DFF[0].FDRE_PER_N/Q
                         net (fo=1377, routed)        1.690     3.967    design_1_i/u_mc_vd100/inst/u_inner/u_inner/gen_core[1].u_core/u_wgt_buffer/state[0]
    SLICE_X16Y97         FDCE                                         f  design_1_i/u_mc_vd100/inst/u_inner/u_inner/gen_core[1].u_core/u_wgt_buffer/l_pos_reg[4]/CLR  (IS_INVERTED)
  -------------------------------------------------------------------    -------------------

                         (clock clkout1_primitive rise edge)
                                                      0.000     0.000 r  
    IOB_X14Y0            IBUFDS                       0.000     0.000 r  design_1_i/util_ds_buf_0/U0/USE_IBUFDS.GEN_IBUFDS[0].IBUFDS_I/O
                         net (fo=2, routed)           0.425     0.425    design_1_i/clk_wizard_0/inst/clock_primitive_inst/clk_in1
    MMCM_X1Y0            MMCME5 (Prop_MMCM_CLKIN1_CLKOUT0)
                                                      0.034     0.459 r  design_1_i/clk_wizard_0/inst/clock_primitive_inst/MMCME5_inst/CLKOUT0
                         net (fo=1, routed)           0.322     0.781    design_1_i/clk_wizard_0/inst/clock_primitive_inst/clkout1_primitive
    BUFGCE_X1Y23         BUFGCE (Prop_BUFCE_BUFGCE_I_O)
                                                      0.070     0.851 r  design_1_i/clk_wizard_0/inst/clock_primitive_inst/BUFG_clkout1_inst/O
    X1Y2 (CLOCK_ROOT)    net (fo=58867, routed)       2.088     2.939    design_1_i/u_mc_vd100/inst/u_inner/u_inner/gen_core[1].u_core/u_wgt_buffer/clk
    SLICE_X16Y97         FDCE                                         r  design_1_i/u_mc_vd100/inst/u_inner/u_inner/gen_core[1].u_core/u_wgt_buffer/l_pos_reg[4]/C
                         clock pessimism             -0.385     2.554    
    SLICE_X16Y97         FDCE (Remov_BFF2_SLICEL_C_CLR)
                                                      0.008     2.562    design_1_i/u_mc_vd100/inst/u_inner/u_inner/gen_core[1].u_core/u_wgt_buffer/l_pos_reg[4]
  -------------------------------------------------------------------
                         required time                         -2.562    
                         arrival time                           3.967    
  -------------------------------------------------------------------
                         slack                                  1.406    

Slack (MET) :             1.406ns  (arrival time - required time)
  Source:                 design_1_i/proc_sys_reset_0/U0/ACTIVE_LOW_PR_OUT_DFF[0].FDRE_PER_N/C
                            (rising edge-triggered cell FDRE clocked by clkout1_primitive  {rise@0.000ns fall@5.000ns period=10.000ns})
  Destination:            design_1_i/u_mc_vd100/inst/u_inner/u_inner/gen_core[1].u_core/u_wgt_buffer/l_pos_reg[5]/CLR
                            (removal check against rising-edge clock clkout1_primitive  {rise@0.000ns fall@5.000ns period=10.000ns})
  Path Group:             **async_default**
  Path Type:              Removal (Min at Fast Process Corner)
  Requirement:            0.000ns  (clkout1_primitive rise@0.000ns - clkout1_primitive rise@0.000ns)
  Data Path Delay:        1.748ns  (logic 0.058ns (3.317%)  route 1.690ns (96.683%))
  Logic Levels:           0  
  Clock Path Skew:        0.335ns (DCD - SCD - CPR)
    Destination Clock Delay (DCD):    2.939ns
    Source Clock Delay      (SCD):    2.219ns
    Clock Pessimism Removal (CPR):    0.385ns
  Clock Net Delay (Source):      1.650ns (routing 0.376ns, distribution 1.274ns)
  Clock Net Delay (Destination): 2.088ns (routing 0.479ns, distribution 1.609ns)

    Location             Delay type                Incr(ns)  Path(ns)    Netlist Resource(s)
  -------------------------------------------------------------------    -------------------
                         (clock clkout1_primitive rise edge)
                                                      0.000     0.000 r  
    IOB_X14Y0            IBUFDS                       0.000     0.000 r  design_1_i/util_ds_buf_0/U0/USE_IBUFDS.GEN_IBUFDS[0].IBUFDS_I/O
                         net (fo=2, routed)           0.316     0.316    design_1_i/clk_wizard_0/inst/clock_primitive_inst/clk_in1
    MMCM_X1Y0            MMCME5 (Prop_MMCM_CLKIN1_CLKOUT0)
                                                     -0.039     0.277 r  design_1_i/clk_wizard_0/inst/clock_primitive_inst/MMCME5_inst/CLKOUT0
                         net (fo=1, routed)           0.240     0.517    design_1_i/clk_wizard_0/inst/clock_primitive_inst/clkout1_primitive
    BUFGCE_X1Y23         BUFGCE (Prop_BUFCE_BUFGCE_I_O)
                                                      0.052     0.569 r  design_1_i/clk_wizard_0/inst/clock_primitive_inst/BUFG_clkout1_inst/O
    X1Y2 (CLOCK_ROOT)    net (fo=58867, routed)       1.650     2.219    design_1_i/proc_sys_reset_0/U0/slowest_sync_clk
    SLICE_X60Y13         FDRE                                         r  design_1_i/proc_sys_reset_0/U0/ACTIVE_LOW_PR_OUT_DFF[0].FDRE_PER_N/C
  -------------------------------------------------------------------    -------------------
    SLICE_X60Y13         FDRE (Prop_AFF_SLICEL_C_Q)
                                                      0.058     2.277 r  design_1_i/proc_sys_reset_0/U0/ACTIVE_LOW_PR_OUT_DFF[0].FDRE_PER_N/Q
                         net (fo=1377, routed)        1.690     3.967    design_1_i/u_mc_vd100/inst/u_inner/u_inner/gen_core[1].u_core/u_wgt_buffer/state[0]
    SLICE_X16Y97         FDCE                                         f  design_1_i/u_mc_vd100/inst/u_inner/u_inner/gen_core[1].u_core/u_wgt_buffer/l_pos_reg[5]/CLR  (IS_INVERTED)
  -------------------------------------------------------------------    -------------------

                         (clock clkout1_primitive rise edge)
                                                      0.000     0.000 r  
    IOB_X14Y0            IBUFDS                       0.000     0.000 r  design_1_i/util_ds_buf_0/U0/USE_IBUFDS.GEN_IBUFDS[0].IBUFDS_I/O
                         net (fo=2, routed)           0.425     0.425    design_1_i/clk_wizard_0/inst/clock_primitive_inst/clk_in1
    MMCM_X1Y0            MMCME5 (Prop_MMCM_CLKIN1_CLKOUT0)
                                                      0.034     0.459 r  design_1_i/clk_wizard_0/inst/clock_primitive_inst/MMCME5_inst/CLKOUT0
                         net (fo=1, routed)           0.322     0.781    design_1_i/clk_wizard_0/inst/clock_primitive_inst/clkout1_primitive
    BUFGCE_X1Y23         BUFGCE (Prop_BUFCE_BUFGCE_I_O)
                                                      0.070     0.851 r  design_1_i/clk_wizard_0/inst/clock_primitive_inst/BUFG_clkout1_inst/O
    X1Y2 (CLOCK_ROOT)    net (fo=58867, routed)       2.088     2.939    design_1_i/u_mc_vd100/inst/u_inner/u_inner/gen_core[1].u_core/u_wgt_buffer/clk
    SLICE_X16Y97         FDCE                                         r  design_1_i/u_mc_vd100/inst/u_inner/u_inner/gen_core[1].u_core/u_wgt_buffer/l_pos_reg[5]/C
                         clock pessimism             -0.385     2.554    
    SLICE_X16Y97         FDCE (Remov_AFF2_SLICEL_C_CLR)
                                                      0.008     2.562    design_1_i/u_mc_vd100/inst/u_inner/u_inner/gen_core[1].u_core/u_wgt_buffer/l_pos_reg[5]
  -------------------------------------------------------------------
                         required time                         -2.562    
                         arrival time                           3.967    
  -------------------------------------------------------------------
                         slack                                  1.406    

Slack (MET) :             1.406ns  (arrival time - required time)
  Source:                 design_1_i/proc_sys_reset_0/U0/ACTIVE_LOW_PR_OUT_DFF[0].FDRE_PER_N/C
                            (rising edge-triggered cell FDRE clocked by clkout1_primitive  {rise@0.000ns fall@5.000ns period=10.000ns})
  Destination:            design_1_i/u_mc_vd100/inst/u_inner/u_inner/gen_core[1].u_core/u_wgt_buffer/l_slots_done_reg[0]/CLR
                            (removal check against rising-edge clock clkout1_primitive  {rise@0.000ns fall@5.000ns period=10.000ns})
  Path Group:             **async_default**
  Path Type:              Removal (Min at Fast Process Corner)
  Requirement:            0.000ns  (clkout1_primitive rise@0.000ns - clkout1_primitive rise@0.000ns)
  Data Path Delay:        1.748ns  (logic 0.058ns (3.317%)  route 1.690ns (96.683%))
  Logic Levels:           0  
  Clock Path Skew:        0.335ns (DCD - SCD - CPR)
    Destination Clock Delay (DCD):    2.939ns
    Source Clock Delay      (SCD):    2.219ns
    Clock Pessimism Removal (CPR):    0.385ns
  Clock Net Delay (Source):      1.650ns (routing 0.376ns, distribution 1.274ns)
  Clock Net Delay (Destination): 2.088ns (routing 0.479ns, distribution 1.609ns)

    Location             Delay type                Incr(ns)  Path(ns)    Netlist Resource(s)
  -------------------------------------------------------------------    -------------------
                         (clock clkout1_primitive rise edge)
                                                      0.000     0.000 r  
    IOB_X14Y0            IBUFDS                       0.000     0.000 r  design_1_i/util_ds_buf_0/U0/USE_IBUFDS.GEN_IBUFDS[0].IBUFDS_I/O
                         net (fo=2, routed)           0.316     0.316    design_1_i/clk_wizard_0/inst/clock_primitive_inst/clk_in1
    MMCM_X1Y0            MMCME5 (Prop_MMCM_CLKIN1_CLKOUT0)
                                                     -0.039     0.277 r  design_1_i/clk_wizard_0/inst/clock_primitive_inst/MMCME5_inst/CLKOUT0
                         net (fo=1, routed)           0.240     0.517    design_1_i/clk_wizard_0/inst/clock_primitive_inst/clkout1_primitive
    BUFGCE_X1Y23         BUFGCE (Prop_BUFCE_BUFGCE_I_O)
                                                      0.052     0.569 r  design_1_i/clk_wizard_0/inst/clock_primitive_inst/BUFG_clkout1_inst/O
    X1Y2 (CLOCK_ROOT)    net (fo=58867, routed)       1.650     2.219    design_1_i/proc_sys_reset_0/U0/slowest_sync_clk
    SLICE_X60Y13         FDRE                                         r  design_1_i/proc_sys_reset_0/U0/ACTIVE_LOW_PR_OUT_DFF[0].FDRE_PER_N/C
  -------------------------------------------------------------------    -------------------
    SLICE_X60Y13         FDRE (Prop_AFF_SLICEL_C_Q)
                                                      0.058     2.277 r  design_1_i/proc_sys_reset_0/U0/ACTIVE_LOW_PR_OUT_DFF[0].FDRE_PER_N/Q
                         net (fo=1377, routed)        1.690     3.967    design_1_i/u_mc_vd100/inst/u_inner/u_inner/gen_core[1].u_core/u_wgt_buffer/state[0]
    SLICE_X16Y97         FDCE                                         f  design_1_i/u_mc_vd100/inst/u_inner/u_inner/gen_core[1].u_core/u_wgt_buffer/l_slots_done_reg[0]/CLR  (IS_INVERTED)
  -------------------------------------------------------------------    -------------------

                         (clock clkout1_primitive rise edge)
                                                      0.000     0.000 r  
    IOB_X14Y0            IBUFDS                       0.000     0.000 r  design_1_i/util_ds_buf_0/U0/USE_IBUFDS.GEN_IBUFDS[0].IBUFDS_I/O
                         net (fo=2, routed)           0.425     0.425    design_1_i/clk_wizard_0/inst/clock_primitive_inst/clk_in1
    MMCM_X1Y0            MMCME5 (Prop_MMCM_CLKIN1_CLKOUT0)
                                                      0.034     0.459 r  design_1_i/clk_wizard_0/inst/clock_primitive_inst/MMCME5_inst/CLKOUT0
                         net (fo=1, routed)           0.322     0.781    design_1_i/clk_wizard_0/inst/clock_primitive_inst/clkout1_primitive
    BUFGCE_X1Y23         BUFGCE (Prop_BUFCE_BUFGCE_I_O)
                                                      0.070     0.851 r  design_1_i/clk_wizard_0/inst/clock_primitive_inst/BUFG_clkout1_inst/O
    X1Y2 (CLOCK_ROOT)    net (fo=58867, routed)       2.088     2.939    design_1_i/u_mc_vd100/inst/u_inner/u_inner/gen_core[1].u_core/u_wgt_buffer/clk
    SLICE_X16Y97         FDCE                                         r  design_1_i/u_mc_vd100/inst/u_inner/u_inner/gen_core[1].u_core/u_wgt_buffer/l_slots_done_reg[0]/C
                         clock pessimism             -0.385     2.554    
    SLICE_X16Y97         FDCE (Remov_CFF_SLICEL_C_CLR)
                                                      0.008     2.562    design_1_i/u_mc_vd100/inst/u_inner/u_inner/gen_core[1].u_core/u_wgt_buffer/l_slots_done_reg[0]
  -------------------------------------------------------------------
                         required time                         -2.562    
                         arrival time                           3.967    
  -------------------------------------------------------------------
                         slack                                  1.406    

Slack (MET) :             1.406ns  (arrival time - required time)
  Source:                 design_1_i/proc_sys_reset_0/U0/ACTIVE_LOW_PR_OUT_DFF[0].FDRE_PER_N/C
                            (rising edge-triggered cell FDRE clocked by clkout1_primitive  {rise@0.000ns fall@5.000ns period=10.000ns})
  Destination:            design_1_i/u_mc_vd100/inst/u_inner/u_inner/gen_core[1].u_core/u_wgt_buffer/x_cnt_reg[0]/CLR
                            (removal check against rising-edge clock clkout1_primitive  {rise@0.000ns fall@5.000ns period=10.000ns})
  Path Group:             **async_default**
  Path Type:              Removal (Min at Fast Process Corner)
  Requirement:            0.000ns  (clkout1_primitive rise@0.000ns - clkout1_primitive rise@0.000ns)
  Data Path Delay:        1.748ns  (logic 0.058ns (3.317%)  route 1.690ns (96.683%))
  Logic Levels:           0  
  Clock Path Skew:        0.335ns (DCD - SCD - CPR)
    Destination Clock Delay (DCD):    2.939ns
    Source Clock Delay      (SCD):    2.219ns
    Clock Pessimism Removal (CPR):    0.385ns
  Clock Net Delay (Source):      1.650ns (routing 0.376ns, distribution 1.274ns)
  Clock Net Delay (Destination): 2.088ns (routing 0.479ns, distribution 1.609ns)

    Location             Delay type                Incr(ns)  Path(ns)    Netlist Resource(s)
  -------------------------------------------------------------------    -------------------
                         (clock clkout1_primitive rise edge)
                                                      0.000     0.000 r  
    IOB_X14Y0            IBUFDS                       0.000     0.000 r  design_1_i/util_ds_buf_0/U0/USE_IBUFDS.GEN_IBUFDS[0].IBUFDS_I/O
                         net (fo=2, routed)           0.316     0.316    design_1_i/clk_wizard_0/inst/clock_primitive_inst/clk_in1
    MMCM_X1Y0            MMCME5 (Prop_MMCM_CLKIN1_CLKOUT0)
                                                     -0.039     0.277 r  design_1_i/clk_wizard_0/inst/clock_primitive_inst/MMCME5_inst/CLKOUT0
                         net (fo=1, routed)           0.240     0.517    design_1_i/clk_wizard_0/inst/clock_primitive_inst/clkout1_primitive
    BUFGCE_X1Y23         BUFGCE (Prop_BUFCE_BUFGCE_I_O)
                                                      0.052     0.569 r  design_1_i/clk_wizard_0/inst/clock_primitive_inst/BUFG_clkout1_inst/O
    X1Y2 (CLOCK_ROOT)    net (fo=58867, routed)       1.650     2.219    design_1_i/proc_sys_reset_0/U0/slowest_sync_clk
    SLICE_X60Y13         FDRE                                         r  design_1_i/proc_sys_reset_0/U0/ACTIVE_LOW_PR_OUT_DFF[0].FDRE_PER_N/C
  -------------------------------------------------------------------    -------------------
    SLICE_X60Y13         FDRE (Prop_AFF_SLICEL_C_Q)
                                                      0.058     2.277 r  design_1_i/proc_sys_reset_0/U0/ACTIVE_LOW_PR_OUT_DFF[0].FDRE_PER_N/Q
                         net (fo=1377, routed)        1.690     3.967    design_1_i/u_mc_vd100/inst/u_inner/u_inner/gen_core[1].u_core/u_wgt_buffer/state[0]
    SLICE_X16Y97         FDCE                                         f  design_1_i/u_mc_vd100/inst/u_inner/u_inner/gen_core[1].u_core/u_wgt_buffer/x_cnt_reg[0]/CLR  (IS_INVERTED)
  -------------------------------------------------------------------    -------------------

                         (clock clkout1_primitive rise edge)
                                                      0.000     0.000 r  
    IOB_X14Y0            IBUFDS                       0.000     0.000 r  design_1_i/util_ds_buf_0/U0/USE_IBUFDS.GEN_IBUFDS[0].IBUFDS_I/O
                         net (fo=2, routed)           0.425     0.425    design_1_i/clk_wizard_0/inst/clock_primitive_inst/clk_in1
    MMCM_X1Y0            MMCME5 (Prop_MMCM_CLKIN1_CLKOUT0)
                                                      0.034     0.459 r  design_1_i/clk_wizard_0/inst/clock_primitive_inst/MMCME5_inst/CLKOUT0
                         net (fo=1, routed)           0.322     0.781    design_1_i/clk_wizard_0/inst/clock_primitive_inst/clkout1_primitive
    BUFGCE_X1Y23         BUFGCE (Prop_BUFCE_BUFGCE_I_O)
                                                      0.070     0.851 r  design_1_i/clk_wizard_0/inst/clock_primitive_inst/BUFG_clkout1_inst/O
    X1Y2 (CLOCK_ROOT)    net (fo=58867, routed)       2.088     2.939    design_1_i/u_mc_vd100/inst/u_inner/u_inner/gen_core[1].u_core/u_wgt_buffer/clk
    SLICE_X16Y97         FDCE                                         r  design_1_i/u_mc_vd100/inst/u_inner/u_inner/gen_core[1].u_core/u_wgt_buffer/x_cnt_reg[0]/C
                         clock pessimism             -0.385     2.554    
    SLICE_X16Y97         FDCE (Remov_GFF2_SLICEL_C_CLR)
                                                      0.008     2.562    design_1_i/u_mc_vd100/inst/u_inner/u_inner/gen_core[1].u_core/u_wgt_buffer/x_cnt_reg[0]
  -------------------------------------------------------------------
                         required time                         -2.562    
                         arrival time                           3.967    
  -------------------------------------------------------------------
                         slack                                  1.406    





