03000303010000060101020303040001
01060101050302040506020004070306
01040300010305040106010700040505
07020302010403050502050704060103
06070305030104060500030005030406
02010001070203050606040302040207
07020604010504010004070606010602
04050100070500020502030401020400
04030306040207020201070101030003
03000100030300050103030107070506
01010306070307020307040301050001
02070303030105060001000706060506
07070602030100000107010307040206
03040302070604070406000602000603
03010603010102010002070000050000
00010507040206040305030405060100
04000407020405030105020403010107
01000407040305030404020101040201
05000201010006070204020500000406
02030206050103030500050400020602
07030307000601020403060502000602
01000506050401040506030003030405
00060004030601060505060100040204
06030204060506040401050501060503
02070307070705060304040006040206
06070107030000020303040301050401
07010300070203060100020306070603
07040307040304070702070607050702
06060103020603020201050504030401
03060604050007060006060300060705
01000600020702060506000706040307
04060406050507030506040002070206
07020302000303000001030500000701
01030606040001040201020504070301
05060107060005010506050001040103
07030704010305040607070402060207
01030004040504050307020507000506
07050403060304010007070703070603
03030201050301030404040705050605
04000004020004020503040301040407
06010107040002050707070400010702
06040707060306010301040202000107
07070600020102030201040303010004
02040203010603040301070404030004
06000107070406040701070404020001
01070602040707020004000301000405
05010700060407060502010505060507
02040300070705030006070006010504
02010701030106000402030001070704
05060401020306020703070706040407
06030305070605050707020704040004
07010701050200070206060705000603
01000705060501060504070102060200
05040005000004020701010601030403
04070302070306010202020603020605
06030407040604050701020407000407
05030407000004060004040506030107
02060504010205000704000102040303
05060302010701050407040204050203
03050007030105060405070104000601
07060203010107040000020106040701
01050307070305000406070106020605
03020305000003010701030406000505
00020001020402020400020503030301
07010507070101060200040200050305
02050101070701060607000007040003
05060307060301010607040605040201
06010101010702050405060501060607
02030105040400060506010500020501
05040402000400060304010505010307
05020507060603010002010602020005
03040607070607040100020200010504
02030403000006030004070401060501
06000601050306020206070001050404
01050702050006010406060605010700
05030101020503050406010606030106
05050707070201020203040201030205
05000007070401050004040707010702
01050107000207050307000706010104
05010500050606040505020707030002
05060401020604050201050204040601
01020203030705030204050005060102
07030506000702020202060205000104
02030206060407070503070403030704
07030106020704020104010105070004
02050105000305010603050600060005
04010602030400010007070207040002
00060402030007010107060300010403
05000405060007060001050102060305
07010202070702050500020501030501
00050403000407060405000300030400
06010405070702050607060605010405
07050702060704040501010504020601
03010200070200020506010004060500
03040506050201070505070200060505
01020103070403070404010607020001
02030103050202040401050501070207
02010606070604010102070505000703
05020204020100060202020507070105
00000502020201040204030401040503
00010704060307040407000603040001
05010502060505050205030707060702
05050203060604000102030704010703
00000503030706010007040707070203
03000600050605040206010004070704
06030205050506010201040706010405
07050406020505020207070502000000
06020700030407000406010505000704
02000706030602060507000301000302
03040403030704050507020506070503
00040205060601040405070507030404
03000303010204040303070407050104
05040307070602000201070506010003
04000004020706000206020003010004
00020407020501030407020707040501
00030507020201060105060602030405
02040701000305040004050407030604
03030706050702070203030504010406
07010703010705020203000101050701
06000103000406000407000706020700
06060706050602020604000701000105
03030606070400000302060201050201
00070001010303000600010304020507
03020403050503040200030307060003
06040206060506050007060200040406
05030403060206060007020403030702
04050307030301000604000301050701
04040507060405030603030701030300
06040002030006050503050701070705
02050207070704050703060305030204
07030002010302060000010000020702
01010206000404000006000007070005
00010403030706050106040504030302
03030001050607010200000706060601
03020401060203000502000401000407
04000506050103060100050102060506
06020401010304010602060605030707
06020102010405070400010105050602
02030106060400060501050100010607
01070406040602010207040404020206
05070506050600040201070307030405
04060503070405060205070305040206
03040207060104070307000203010506
02050301010500060607070106060204
05020706050703030401000106050600
07050703070504050201010604010700
05020203020105000100040105070701
03030006060703000606020206030706
05010606050704010703050502010104
06060205020104030105020104020705
00050007050202040702020702060602
00040300010207070607060706030207
03010603070005040101070702040304
03030202060503030107010504070004
03020204000602010404040502040500
07050406010107060604020706030502
05040504070306030601050701000507
02030600070702010007010000050702
01010603040600020501040501040204
03010702060105000007030201070300
05070200010202060204050501010106
04030205060506010201010307060203
07030106070300040603030400040301
03040001000107020506060205050001
05020301040104020106060604060000
00010204000701060103000306040106
01040605000104020502040507020002
00000301010402050207000507070104
04050603050306000202060507000300
00070105040407010600030200010501
05030006000203030705070304040305
03000104020007060303010406000500
06050404030206000106020101070506
06050707020102010203010304070505
01020503000402010104070407030501
01020107010307060002040400060503
01020703010001040105060302030000
02030502060600070606020007000105
06020604010007060704030002070404
00030500020406050507070506000303
02020506030004030301020305070004
03030001000702040703020500050503
01050102020000050205020305000700
06020305020507060202050405010605
03010502070103050200060002020404
00000104050103030400070501020505
00010702030701060506070602060706
06000705010102060205010104050004
06000103040404060303050100020602
01040203000103070401060005000207
00070205060502060104070706040107
06060003060501010200040304070704
00020303020207010200060104070307
06000704050606010105040203060106
02000707060406050401010102020601
04040500050407000305060006020604
07060307030106040507040203010704
00070003000303020002060401020005
05050702070705030001060705040305
00000604030303030200060004010402
04070304070506060404040300020207
03040404050405010701040405000106
05030006060604040700020506000302
05030105020402070104020204050703
06010307010007010704040505060403
02050701020502070605030202000604
07060606060201070202030407000005
01020405030300000305000503000006
02030507050206050704040001020406
01000004060005010200030203030006
04010604000302070401060706010000
02040605030403030701010401010602
04010101020701010000030507030700
00010106050504000201000704040703
04070606010205050104070505020200
00050602070706010200020102060706
03060105030005040100070601070702
04050305070102070702000002060507
00070105070701070707010306060300
07050703000505070304010000060601
06020702000105040505000301010705
07070100060105030703060103030401
04030606050601020202070600000702
02020504030303050406020207040506
04030000020600010006040607050105
00040306030107050003040002040402
02070403030503070304000005060606
02070500040202040406000601020201
01060602010203050105070400050200
00030307050100070304050505030305
01010503040007070500040406010605
01000507000201060301060303010002
01060005060607060604030104020001
02070006060704010404010501000100
03040106000001020005040204060203
01040107000201030403020202060305
05070705030104010302050507030104
07050205040603030500020605050204
00000101040302040102010704050707
00050601070204030605020704000306
05040103070300050702020207020203
06060204040105000007070605030003
01030207020007070505060306040105
02030707070105060301050202020304
04000602040200020002020200030006
03010705020402020603020707070301
02070101000702010206030001020606
03070402060105060703060005060600
02010506050306000100000304060401
05040407050207060306040506040406
02010006020005060301020703010206
07070200040606000105030401010607
05060401020003050002030003040300
04000607030304050504010100030606
07070503070607040401050401010602
01040304000506050303060104010700
04030303070302040305050702010506
07050507000007010101020503030303
01070206050007060002030604020704
05070403040204050501060300000507
04010302020704060505060306070205
04040705020706020007020203060603
05040505040507010704030002010600
02070406010707050504020305010600
07040604040505030502010106060502
01010106020301040302000202060705
02070403030406010204010106000007
05040607020207040707050500000202
07040502000004020406050407010307
02030606060305000304060004070700
04020201030604040403060104030606
02040401020000020005030704070701
05000705070406050307000201030007
07060301000604030207010604000201
04070401000205040607030107030003
00000306010402000506030103000503
07020102050000050107020301050207
03070407070004020506000307050503
02060007050404070201020407050502
01010105060504020703060105030500
03050004070600010307010300020200
01040100040005060500070107030001
02010607050106020303030603010103
04060303050606050505050702050602
00050303040004020004000006070705
06010404030305040202050700010204
06060505000106000401070207050103
01070600020305020500040006000301
02060601040600070105020206040603
06060101050604010303030607030702
05030300070207050204000505030505
03050007070401050004020300010102
07000403040002040006000207040303
02010705010603060400010504060100
03040505050002060705040300000703
03060306010206050203040006040004
05020206020402030203020705040602
02010302040704060605000205020101
07060205070207010500030303040002
07020103030306040006000303020207
03000707010006050600060603070507
02000406020704040607040300060006
01070307020007050606020201010707
05020006060206010507010101020504
04000302010204070404060002020202
04030001070607070303070007070700
02060100010504000200050002020003
07040106010605050401000507020402
05040506040701010003030605040102
06060301070001000304030207070702
05050100050404010404030003050500
06070507020702000707050503020006
02060206050004020105050300050400
01020403040705030701060400050401
02010205040705030207000701030005
04000401000705010004000106070003
01000104020204010705040403030503
07000200070504010203040204050503
02070103050405070206060100060100
05050206050402030307070407010701
01060102050402070705010701000707
06060305010607020303060607040105
06010106040207010507010701020305
05030307060407020200020301000705
04010500000500040206000105060404
05060302070203060606060506060300
07060201020607020001000202040206
05060403070006020305060706070206
04010703010107040201070105070000
00040400020404050605070707000500
04040402040401020107040004000207
02020105000207030402050702020100
07060702000104000503020703060607
01000506070400060204070606030704
00050205030307060401040405040605
00010000030404030507010106000100
06040701070404020102060201010103
07010702040400050606000401020405
04010100010407010306020107020603
06060707000605020406000002070007
07010505010006040505010706000301
00020307010705010604030600020304
06000500050000070704010607030003
02000203000700070200010302070301
05060506030103070101010207010400
07020502060204010105020003050201
07060401020000010700020601020003
00060504010702000203060704020302
02070702010300040307030501010303
00020200010007050406030405000002
06030103050103050306050703010107
07020506020703020600070701030603
05020607070102040000020503040503
03030600040707030706010302020403
07070107060600070000060002030605
00070204070001030405020306000103
03040604000506010007050206020707
02030102050500070506010005000501
07050501000406040505030307010305
01010402060101070301050704070107
00070605070206040003020702010402
02040204070707050506050300010304
02020204020207040502000405070304
05020505000302050407020500010302
04070405000205070207060001040207
05010507030600040102000701050702
06050005070306010701000304030300
07060703010704050504000506050602
06000106010507040302010206060204
03070704040007040602030207020604
07040100030702060401070404020000
02070502000204000501070406070501
05020102030104040005060504000205
01020506070504020002050105040405
02050405070002010107060103030203
06010203020403020203010004020507
04010004010700000103000607000101
01030205050402010005020303010100
05020107020507030100020403030001
01000405070201070105010603030606
05070103060406030704070406010705
03050102010606020101070601070002
02040706070506040407060301060305
06020007010001000203070704010107
06000005040707040307070101040205
04020607020402000007070605070601
00050405060704060002070707010706
03000506050506010605000505020000
04060607000500020501040101040303
04020507050301070105060605000700
04050101030604000404030107030605
02070406060305060404010503060701
06040203020705030006040703070200
00030201030603040204040603010506
00020404000204020300060607070403
04010103020601050601040501000007
07040302010203060306050501030107
04050705020403070605010507000406
04040600060703010504060403000000
06050607070104000605070203040301
03060002070200000705060501040201
04050204020707050602030201010504
02040307010300000306060205060103
03030107070600010205010204060600
00020602060304030306020607040403
06060306050207000107050307030404
05060406040000050703050000010104
05010402060501020705070204020002
07020705020605040404060504070200
07000701060702040700020300020300
00030402020403010501020107070705
00020501050601040005010703010602
00050400030205070005000407070701
02040606020300010603020406010601
06040706070703050105020406070401
07040107020307050001060602050601
06060100010004060304020204070106
04060100060202070100010405040701
01060000060104010203020504070705
01030002020104060504070607070200
00060702070401030603020703000300
01000500060403030700070707020201
04010506000003070706070004070606
03030705070304020006070507010706
03020207010403020705060604020705
00020205040500000303040706010702
00010204000505040703010301060501
01070704020503010201000101010707
04010204050703000607030102050502
02070005070606060203060203050605
06060400020006000602060505010100
00010403060507030706020400050504
01060403040000020504010304020605
04050303050700040701000105040500
00010106060201070503050103060204
02060707060704060605010703070206
01010601050200070703010207070202
00060202000704040504050102000405
06050704070600010501000702030404
07000506030606010502070707020207
04000201000703000301010400020104
06050006020605000700060501070303
05000206040201040202040201010104
03030001060405060205010604000002
04000306000701060705000401060703
00000706030205020301070604020301
04010200040305060404070000020407
03050503040704050503060402010601
07000101060706020000070002000507
04000300070305070100020605060501
01060300030704000507030304010305
07040003040304020102010203020704
06040003000507070104060605000600
04050203030106030001050306000507
03050005030701030405000607000101
04000700020105060000010107010701
06070607000306010606040000010106
07060504020301000101030507000501
05040702020405060402000002030207
07030501030303050600030002000504
07030300030700070102050604050507
02010005010005000206030605070303
02030502040302040303000005030704
05050307040305010602000104020003
04030003060505060303020201010602
07070506020107010307020400030502
03060307030303000604070707050502
05070003050704010201040502060604
01040307020006040507050606070706
04050305030005010101030401040105
03060207000606050404000402030404
00070703060603050105070703070303
00000504060606030505070004020205
01040705010703060106030606050202
07010403030406010302000700020102
02030601070602010206060502000500
03060107020003040703040207060403
06020306020604050704010007070705
05010607030104040203000601020607
06050607010007000304020706050101
02070301010707070502010400000603
07020400010206010402010002020407
03060000000704060100070300030205
02020103010305000006000103030503
02050501030301060603030505010600
04060301000504010307030600050600
07000501070502050206050104020107
04070502000103060304010003000306
03000406000504020507030003060203
03010701000702050603030003030505
06030302040706010303020102030200
06070702060605010704030704040302
04070407060402020401060600070206
06060607050000030203070205010706
05070504060302060100060104070605
02030402070402000500070303060600
01060406040406020603010606010100
04060601010007020004060304020501
02000302030701020703020205020206
03000501040106010401020107060403
05070704060003010000040000010707
06070001050500060605030505050506
05000500050003060707050304010002
07020002030406010706050106070307
02000601010203030307010702070401
06060501030501070201070403040605
06050205010305010101040104030306
02050700060103020505060603000400
04070307040104050002040207070304
06050600020406070200030302050006
02070400050201060304040106060507
00020606020105000303030204070702
07060301000306020605010002070501
03070101010100050704060701060204
00060201050102040607060201040700
02030200010507000202010301010706
02070400040300060205040101000401
04050302030402030003000103050507
04010302060401070602060404010602
01060101040103000606050206020503
02010106030601000403020405050105
02070605020605020001040405010704
07050702070603050004060202020004
00020103010101050604010403060404
03050600030006010707020600070401
01050206070600050205010203020700
07070004030600030404070404010305
06010005060205000105040507000500
05040506070304020007010602010307
04030103050006050202070701040206
05020707060104070302000506060200
06000605000300050202000101020606
03060304010403020203060107040407
03000602030400060201030203020107
04010400060007060503030406060001
04070403050000000200050306050405
05050505020001010405050704020601
04050101070303000102010106030403
06070106010705050406030200020307
06060607020107060300000402040200
03020104040304040700030200020304
05050500010303000402040200040300
06010004020403050000050406020401
01070205060307020603040503070304
01030602020400040207030202070207
00000100060601000201060703060102
04020707020301050100000204010302
03000206010401000001040003020705
04010301020701060304050206060300
04040206020506020200010501050105
01070706020502020001040507040105
05060706070505060202050102040601
03000503010306010603070706060302
03030306020704020505000102070500
05020002070101000506000602010200
00070506070402070202060001030102
02060304040706060002020000020104
06060507070102060300060302060104
01020403000505010101040306050002
01050000070001040300030304000301
00020106050102050605030604050004
02070502020303010107020204000706
01040200010702010303060006050405
04070201010505040102040205070107
05050507020606040500070102070407
03010602060401020003000004070601
05060306060102010107070705010706
00050302070200070401070307050501
01020102040406000300030706050006
03020405060100020403060704010604
02000505020103000605060207070605
06030300010702070004060105070207
06070701040400050500030305030602
06040606020205060702010506050506
03030604000701070106000101010104
04040403050006060705010703010607
06030602050505020000000600030604
06010201030602050602060206000603
07020006010002000600010103050204
01010002010400040603030403030205
00070106030507010102040402010107
01000200040202070506060301070106
00030105030200000301040200070505
06060707040501030704040201030205
05040607060703020401060403020403
00060504060400020701050503060601
05000105020505030103050206050201
06060104010303040601030507030500
06050207010106040007070003030505
01070100050000060204070000040003
05010707040600070501060505040406
00000503010203060501020000030001
05020107020204060504010400010004
05010404010307050407070301070602
03050107030607030003000701010303
06040103060307060503020102070405
05070700040207000301010702010402
00010504070005060602030605010104
01030103000106070402060304030606
03070403010606060304010103040000
02020105020304070201000404050302
00070500020104020005060700020705
07070504010102020304000001070307
06020004010705040500070504070405
02070401060301030506030007050203
01040507060105000304040606050504
03000700040104070402040207020700
01020405020400000506000407000104
04010606060305070003040106030204
07040104040306020403020506020404
00070606070605070505070201060602
07070006020600040205030402010600
07020300010005070401050104000100
03030101020001010307000404020302
06010704030207060401000607000701
06040507010404070703020302020002
00070004000601070400020606070106
05050202010605030502000407070205
01060505020402070607010604040207
01060602010303050707010103020000
03030206070105020005070100010400
00020003010001030602030304070704
06060701020505070303070205010605
05060404030005000307010104020101
04060500000407010006040301040201
07010601050001070300050302000503
03000000030407060503070001000402
03050501070102060602060600070006
02000100030000060300010303000605
03040101010706020403050500040207
04070605000105040304050407030507
07000107070300020501030403020301
03000706060007060400010406040400
06060500030405000500040006020603
01040400020307060204060704060100
07020405040100040405040006050403
07010504010006030705000700070007
05070200010300020203020704040402
03010107010105030005000404000300
04070506050505000204060106050503
06020006030505030100020400050200
05030503040304050707000106030101
06070307050105010506070301050703
03070206060101050504040206030203
02010200060002010704060102000702
06070501000105050104030602050606
04020705060705000201020207040607
06030002020506050406000507040301
01040402030707040401020405010504
06040305000700030000020301020403
01050104020104070607010104070207
00000305010600050107040502050103
03010302040702070207040303060203
03040207050306040600020307010600
06030507060401030104070506070704
03040400030607070206050105070201
05030704000406060706060504050006
05050106000002050103020306070400
00030306050502040306020305030001
06010400030300040402000706010000
06050403060102000006010101040206
07040603010604060704010307040400
07050703060003070105060700060304
00030706020103070302010102050401
03050707030400060500020504060407
01070302010200020601060101070705
05050404060104000606020702070600
06050007020205030707040503040202
01020700010507010303040001070202
01020103040605040604040300050305
01030300020307040506020104020403
03010405070607020001050007020202
04070706020402030105040507060606
03000205060303060507050002050601
00060704000400040501050400030507
02020200050001070207070700000404
00050205050003040105000700010601
00020603040007020104020301000606
00050201020101010701070501050404
04020406000402030403010705030002
05050701040704040203040303060502
04030104050304050603020600020705
05010500060505070207020100040703
07070002070204050201050507060200
04060601030004060705050403070606
06070502040100050202030402020006
02030106030302010404020302000702
02060103070607030607010502070005
05050302030007050106060405060205
02060501060403000307020301060005
05010701060202060400070604040206
04060400060607000706020502000601
03040500020106060201050507050701
04050604050005070701000407000607
03060005010004050700060504020400
05050100070307050406070202010102
03010601040200060604050106010200
04040206000402040603070500030404
03050003030105070404020600030600
07070207050505050007060506070401
07050404050301050701000604060203
01010602060307040006060502020007
01050504060305060602020401030306
02070500040602020704070706030605
07020305000601020300030606060601
01040205030702030507020306000501
00010703020501070203070307070300
05000604000707000104060106070600
03070302050605020104020101060706
00040407050704050403070701050104
02020407070402040405050300040202
05020706050400020403000304060402
03040305010006070207020706050502
05010600050303000707050301040203
04040002070303020403030700010401
03010500010707030303000402010301
07030701060004070301030701070107
07040405030404040705020704060400
02050701040601020207070500070201
06030205020304010705040403030103
05050402050407040304060705020202
03000407020506000600060606040705
03010104070303050606050005040403
05040500010006040307060007070502
05030701030402020605010207010407
05050703070502030705050102000404
00060005000007060606010200040403
07040601030701020101010105040705
03000006000406000607050201050207
01020403020302050307050304020605
03030406020403030305050105020000
03030607070006030700060107020005
05010303060505070103020102010106
04060104050501060606000007010407
07020202000203020005040007060103
00020105020202020602060504030000
00060200070005000005040506040307
02070607070101060103050001020206
02020302030707010505020407070400
05020407050402040303010406010103
00050602030002000203000600020506
04020505040107040703070603050707
01010703010200060501040501070705
02050300030203060201060704050204
04060004030602030201020502030500
02060001030404010004020507070606
06020403010503030606020603020702
01040703070104010005040207030201
01030407020607010406000405010207
01050406050404040100060607030501
01010100060607010406030703070100
00020300060600070705000606050301
07050007040305050504070006040105
01010405030505010702050605030204
00050202050705050704030602070506
06050502040601010301060204040301
03030700040203000703050104010602
06020603060707000304000203070303
01020305020105050305050604050406
00020106070707000407030503010507
03060206070004040105010207050007
02060101010500000502060305040407
02070606060601010501070002020303
05030306040201070406020504010205
06050000000201050000000401070501
02070205020105030207030201050004
05020307010202050104040100000702
00050006030703020503050101070607
06060606040307020504030605010107
04010300000407040607050107000701
01030005020600050306040000000502
03000401030600000307030105030207
06040304060403020200060503060205
01010302070006000407030406060600
06010104040404060402050201070201
01010206000301010707000203070103
02040502000005030300070207050603
07000705030203010402060600030705
02000505020006010100050202040301
06040607000100030106000006000301
04060204020305070207070504070307
06060305020603060700020406000502
03030303030206050505070607070706
03030006040701070206030405060705
06020306020402060300070206060205
05010500000001010100050702030705
02010404020507070505010403020305
06020001070201030407020601060202
01050105050700070207050002070607
05020600070501040503010206040202
04000506070404030002050700040304
06040006060703060400000200050107
05010701040407030405020506060505
05000001010302010502010301020001
03060001010201030200010105070201
00020700040702070307030506010003
06040602030502030101030204030201
00050701000102040400030504060304
04070507050705040105050100070106
02070707060507070605000203030507
03020202060005060206050200060602
03030404020607000305040207060001
07030204070501010500070206060707
05020505040201060405020400070603
03050504070503050303060507000107
07070105020601050007070303030502
07050500030307000502040306070104
00060603040300040103030507050402
07020607020705010600000402030404
07050001000502020407030407040105
02000005040005020605060006050205
01050601050505010302010202010107
00000303040102070301020606000607
07040006060505020203030000070300
03060205010500070303000300010600
04010604050305040302060504040002
05040304030301060001020306070007
07050607030502030004000304030007
07040004000000000101030407070206
01000400060401050603030500010206
04040703010100020700010307040204
00020607060700000606010302010700
07060000070303040004030704040100
02060505020505020707050105040003
07050502040106050607020405070506
00010001060106030202050205000207
07030106050306060505010705030204
00000301030406030401020701000302
05040006050601070401010203010400
06070400050507000700070604030506
07010301010407010700060007050601
01070002000106030704050007030506
06050400020407020701040006040702
05030204000602060003070703010201
01050006050707000202020101070307
01020306070504010101060604000706
03030001060201070405070302010200
07030502040004010000050006020402
01070102020201060201030707070303
06050300060500060006040305060302
02010106000601070403020607020307
05070206070704050405070406040500
03040503030505030404040401050701
04010207030505030402030604040605
04010402050704070603050702050303
07060004030604070704030100060601
04010401000005010202010506060701
04030303060404050100000003060102
01010704010200030602030500020305
07060604030001040302020703030603
05060703040006060207070601010303
05050303060206010205030706070005
06050506000701030007060304030406
02020704050403050406010607060700
02070401040001020103000506000303
07040200010301020406030204060204
02020205070102040101010300030206
05030202070002020600000402050003
07070400020601000203010207030704
01040501030002070206040605070606
04020702060300030705000504060606
06020703050707060704070300020306
00070504010606070500050401020300
00050300000402010002040305050107
02010006070701000504050507050607
00040000030604060103020204070506
01070400020100030406020603060302
03040205050407050507010107020703
03030201040400060704050407060003
05010702030104050606060501020703
06070703040105050007060206060600
00010101010605020502030403060603
00010505040200020700000201070602
01040401070602030000010001050402
07070205060004030701020407010204
00010002020703030504030606040405
04010606070305050401020207010201
07070206040000010503060205000703
02050701060402000205060502070506
01000505050500000602030407030200
05040007040700060306040502030307
06040300040407030503070607010600
04000604010006000603070300030004
07030501060003020506030104030700
04040105020306020604040204020100
07010701050701020401030001020101
02050202010100040306020501050104
07030107030203060106060500050703
00060505000500030700000305050607
06040305000105070702010102010705
07010501060504020604020400010004
05040101050102010205040000060404
04000601040401040400030103020105
01060507000701000101020004050106
00060302020307000102020501030204
04040606020504030603060003070304
00020301020204030601000704060103
05010600010300010403020601000303
05060302030704060605050102020703
04070000020706000400060407070303
03040507010700060204040204010603
03060703000207030702040607040307
03040403010100060404010405040102
04060401020307000506050002000702
05030705050005030307060105060304
07010106070300060302010100060307
05010307040106000400010503030302
01010506030700020407000304010103
03020203040001000207050506000403
05030100020307000704020303030200
02010106020005020006070201020604
02060703020705040203060106020103
03000201010706040603000304050407
04010501030100030203020002060701
01060107020103020307060002020504
01010205010000000000000504020705
02040404010605050200000507010703
07060007060500040202010704070201
01060602040501050506030400000000
00070000060204050005050304020603
04060100040001020200050706030306
02030406010306030307070204040001
03060502060300020406040204060201
06020004050502060406000701040401
03000404060406070100030402050503
03030400040005000702050402030501
01070701010102030601050403050303
01010006000305060203070301030300
01060501000003020000060701060507
05050603000601040407070506030002
02000507060303040104010104010002
04010106050504070301020302020306
01010006060607030500050006020400
01070206000106060503000300000602
06070701060206000505040302010305
02070304050307000403010004040302
04040105000007050100010503030006
03060502040107040606060204070002
06060204030201030203040004010502
03030403020700060701060207000600
06020005060201060500040002030505
02010607000301060506060104060205
07020000040403020604030401050503
00050301010306010001060606000003
06070302060700050104010400060100
02070002060407070700040403050002
06000401020006070701000502020606
01060503020505020103070303030104
05030603010600020101020300070107
05020004040401070303010605070702
06010403070300040406010004060200
04030102070102000102020707020107
03050006050201030306030707050206
05000206030706000707010606070007
07050005060102050503020201020600
04060304000706050201020102060401
04010105040204040603000500020200
00020307060706030205010700070705
03050202070602060707070101060407
07050606050004000503020600050007
02030607060204040505020402010000
05010402060501030306040203020405
01030105050303060202060502070502
03000304040705000506040700050506
03050100040305030002070701010104
06030502030103050501070405010406
02050001040102040000050706030107
02020605030205040007020007010607
04050507020204040707060500060605
00000200050601010402020405050605
05000301050501020301030305040200
03070207060604040401020603000705
02030103040502050200020604070706
06030100060001040002030201030201
07050202070106070200050703020704
03060701020500020602070405040507
00020307030307010207010702000601
02030203040105060102060302020205
04060203070707010604040503030505
02010702020007070201070404050003
02010002020302050703010707030500
02050503050707070400000203000605
05010701050106030404000300000603
03000304070304010005020200010302
02030102020006020101070301070600
00020201060601010101000207060701
03050606030400030303070502070001
00050206000401010204020104070200
02050300010605050300020604020205
02040605050506030402010703010007
07030702050106000702000201040003
05010402020306000606010700020004
05070706050001000300040300020405
04020107040302060405050705010406
06070103060003000101000001000607
00050100020107050100000602070104
05040001050307000301070600030107
06070505020600000301020603040704
06060407020603030500010300070406
01060606040000000702030105010206
01030400000401070707000101000504
01030706070400040002050103050004
00040703020106060104060601070703
04010007010403020605020303040707
04000200060101020700070300020602
04040601000400070101020705030101
06000400000200070507030507010202
02040702010106040106030201070507
05010601040103050004000706070206
04020607010506050304070203070006
00070102040704000604030606040600
03060403000204060305020206010502
03010401010006010702070604020600
00030205000607030301060302050301
06010104020704040502000506010504
00000402010707010606000404030005
04060602050301060407010401020706
02010100050405050104060407060306
06030006010701010500060305070002
00000007060005050401020603050603
05000607060604060604000204040204
03050407000507070506050400020406
01000405060202060604050302060003
06070204020201020206000003050506
05010104020101000601050206040707
07050201030207070607010000000604
03040300020102010602040602070400
01020402040502050700060506030507
03020507040504040600000405040503
02040303060707010704070203020101
04000306010000050701020603000207
01010000040305030402050306000305
00060404050404040205060104070706
06060407020103050001070307010503
01000306040207040107020705040002
00070102010303020703030204020406
00020302000100010202030002030206
03040100010607000001060607060100
03020604070001030504030004010605
05040500020607000300000105060405
05060001010406060606000005010706
03050000070406010507000403010104
07070106030007060206060204030606
01000203000607010705020605000501
05050701020500010400060207050602
04020101020604070201040707070105
04050400070105070202020406020601
00070502020002060500070504050102
02070402030207000406050306010000
01060201030704020207010000040502
01010702000501010005000107000506
06010700000302000703050001060205
05060306070203040504010407000005
04000103010403070201060107040402
05030407050304070102030605020005
02040304040303070600060406000602
05060004070700050500020604060305
07000105050000020302060501050507
06070405020001060701010103010004
07020201000201040503050600020200
07040502030501050100060200000505
03000505000702030701070004070005
03000205040001030004030406000001
02050503050502050301040101040006
07060100060600000706000001060500
06000003050404030302040703000407
05060307010005020300050502060707
05040303020200020407010402060204
01020003040600030500060000000101
02010205070507050400020307060601
01020505070200020603030006020406
06030200030205010107000200070704
05030601010601050007010501020102
06010307030500000601020707050105
03020000020702020100040504020702
01010203040704040104000202030204
07020203020400030002000200030506
06040600050601020003050301020507
02000102030106050707070305000003
06010403040001030200060407010601
07060605060500000706010301020206
07000404040400050506010206030600
02020307020604000506030304030606
01020405050206030402040101060206
04020305030304060104030206010700
07050101030003040303030500050207
05030504060705070406070504050006
05020102040306010606060407050603
04060605050206020501040500000504
04010602040105030204070003010207
07030607000304050401060203030400
05040107050101020205070100000103
00020307010007040407060204050302
00070303060506060207070703020506
07020000000505000107020500000401
06030103040006010307050204010202
07020002060205050603010300020701
04000203030702020203030505020503
00010607000501060603020305030705
06020107000100060302010706020007
02040705030706040406070102030501
05020202050204040100020202030302
04000101030703060005030502060006
03010002050104030507000301040706
05000704050106050703060400060206
00040605050101040601050102010405
06020400020007000205070705030601
07070606030301040201020107010002
00060702020103070706020103070006
00030405060101030403030506070507
04040607050005010102000201030205
04060706040406070602000000070407
03060000050400060506030601040707
02050101070702060406000307030505
06070202010505020007050003050306
05040306060405060504050103040603
03040704040303060104010404030404
03010403070206050003020200040604
04030504050700070102000207000102
01060406040400000300020207050506
03060506050703010201050200000302
06060504030405040103010600070505
03030002020603020403000503010103
00000606070304000103060402040704
04000304070104070701020006040205
05070205060604020200050302000503
00030301060502000200030202030302
06070005070601010707060403030003
07040302010003050402000305050702
02020701000107040200020403000302
01060405070701070406070005000402
00050202010502070207030506000402
01020102010703030703020404060605
03000407000701000605030007010001
04060702020201070105020504010502
04050602060102020405000202070303
04000507040007040404030300030306
06060204070703050105060500020007
00020502020507070702040306050203
06050101040202050002020105060106
00020402060207030603060505020003
03040000030103030105000405010606
07060602050104050102010202010102
02060000020404060004050101000406
04030206010406040606050503070707
04020400010400020301020206020102
00010302010406020707010107040103
06030502030500000002000606060300
00020602050003030402050005000103
06070303060302030306070206060700
02030100010406030107060206010501
07070600050701070205030102030302
01060707020103040100020506000106
06060506060200020705040306050107
07000604030505020403070502010502
00000706070104060602070407000204
04030706010403010406040504070407
05000602000504040004060106030507
04040200000406060007020602000102
03060501040703040705000300030105
00030501060605000300000005070200
02070100070007060407030401040605
00020404040403000105060301000006
05050102020600040205060605040706
00070403030500010202020605020706
03030102050603050504040607040704
02060300000201030505040201070005
05050505030406020707020307010102
01070105070501060105020502040202
03050307040407070401040500000500
00030404030704050107010407040205
00060203030101060301030300070305
02050105020604000307070205010207
03070605010100070305030506040701
02060303040106020607070107060404
05030003070500010000000504060604
05020705070404060402040406010102
07030402010707010202000102050507
01010602070603040105040405000701
02000005040107030101060503000302
07000501050303060602050500070701
02040702030001030101000602030500
04020005040001010500000603010505
06050301070206060307050106030703
05010307040501060505000003050303
03020006030406010105050207030606
06010204030500060606020007020707
05000406040503050701000106010404
01020603060702040003070200030001
00040607060006000305030107040404
04070107020705030105050407040202
07070307010304030004060101060003
05010000030104000707040603030305
01030201040002040502060202000603
02030104070000010404000207070500
06020700070402020104070001030504
02030400040202040701050202030604
02000700030601060604030000010106
06030501020606030500000200020706
07000005020307010000050707050000
06010700060301010202070003010703
00070102010701060405040001020207
06010205020204040302000603040407
00060207070404000201040302050200
04020004070106070203010505060203
04060602010501010102000601050505
00040704040000060703020606070406
06030600000406010204070001010703
04050603010200070406040403050302
03030005050002070302010200020206
04010100000103070604030600000000
00060007070307020302060100000601
01060303040000000306040706010405
03000204020504050105010101070301
04040605070006060403050305010004
03020201020004020001000207060604
05030702050407010500020602000407
01050201020104000007050302040603
00030207000001060400050502010601
02030201000107020302010000060604
04040305060607000504000201050106
00030501010006040306070202040006
05020206070106050304020704030705
01040202060506060600070602070201
01060000050300020107070404070607
01020606040004030405030202040704
01010404060002040502050406050102
01020405030403060003070201030701
04050201020001010500040606000604
01020703000604000601000302010403
03000004010100070103000203000006
04000502060100060701070103010704
00010205030507030101000505070401
01000601060107030007020700070207
06070003050703010707040603020207
03020304040200000705050004020001
07060007060407050606000601020206
01060204060100050102050301060105
04040203010304020400050303000700
01050102000305000106010400000301
00050001010403050303060406050706
02010505030705010607020406070401
00060204050501070503020105070701
00020707060405060404020006030207
07030704060501070003070001070105
02070504010407020003040507010300
06060700040207020606040502020006
02060706030503010702030607000204
03050500020306040006000706030205
03050004060705010603070200050004
04030001060204050507070700070605
01010702020200020307020603070202
04010502040002060107010607050701
00060200020203000601020500030604
01030007070100060001070406020401
04040207060203030400000500070306
00040506000300030607040207010306
03060102010207020702030301050502
05040207020506070606020006040005
02000605070600040600070005040703
03000404000304050102020002010000
05050200010503020002030303050202
02030303030406030005040503010005
02010404020103050000020602060304
07070103060703020100020506050700
02020105070301040206000102040504
06020507040602060305070103010706
04020504020000030701060002010604
01020304010500050503050101020300
01020204050207040207070700030401
03030306070600070704000201050403
03050500040604070502000501050602
03040502020706040002060207060502
04020605020100050202020206010505
00020401040302020100020403060207
03060500050400060602000702060600
02020305030301000103000004070102
05000707020006000006030101070402
05000005030406020607000601060406
01060303010302060701060403020703
07030104040506010302040601040400
06040002040403060006070506070702
04020002040203070100070105050701
04060305060504030207010404040703
06030207040006020603050405020007
05030406010204070505030500000104
04070304010607040006040107030000
03060207060406050701060600070304
05040001020707020000050104050106
04070303000500060605030400060700
06020202010706000307070600030306
03060307060005030506070001040706
06040007010202040005050006070204
02030700020601000203060600070601
04040600070107030305060201070201
06050401000405030103030002040602
03040304020405000307050102060007
01000501030406060007060107010200
00040602000701000703000501020406
05040402060202060207010000030007
01060106000601010407020502070000
03060200070103000200000206060702
02040002010007050402060503040404
07040200030507030201000603050204
05050004020506030402000706030006
07070501020406030004050701040603
04060706060006030203020606040503
00020602020602040002020704050201
06070503030206050302060701060606
01030400020403010400060502070707
06070004040100000006020201030305
07020507030001040301040003040102
05030200020500040202040605060002
07010002060500020604010606070003
04030400040207050601060607000305
07070000010605070301030502010407
03010502000201060300050701020307
07040004070404040204030007030307
00070101050607000105030206070006
00050100040306050401050203070105
07070006010305060404070501010505
01020203000401040504000300040000
05060200070004060503000206060300
07030003020605030303060406010502
01030401010002000700070600000404
02030602050005040501010606020301
04070700070305000202070400060101
04030501060401070103020007040405
06020003050006050302060206060706
03060005000606030007070502000401
03000100040601020005000603060600
05070302050400020502000300020100
05040705070200060000060201030507
05060100010103050404040500020404
05000707010205020206060504040305
02070400070006040206010603000606
07010003050100050501050302000606
04040202050007050006050107060103
00070501030504060004070405030301
05030301060506030604060601010705
00030401070703020007050006070407
06030203070203030307060500020201
07070204020607060203050202000404
03060100040100020302000205030203
05010505070002010704030204040203
04060000010303010605070006020504
00060103030707070702020602020303
02050500060300050300070007040606
02050706000407020004070001040204
04060503060300000206000502060706
00060401040703010307050407040106
01060403020203040606020304000505
06070201000004030504050101020102
03020201070706050202040704030202
07040605040301060006010405000707
01060302070003030604070605000604
06070505050601000206060106020000
00040607040201050705050506070504
05040506060105000402060507060000
00060603030200040701040404020201
06030204040003060300070100070503
07070106000403010400030005000200
07000504000406050301040205040207
00060200050004030705000407060503
02040307000405020501030002040402
04060104010505070604070707010300
05000602030302060104060502000302
03020606000307010304070607020406
02060006040505060204020701010501
06000007030202000701070302070203
03050507060701040507070400070405
06020605040007050105010703070001
02010603020106070002000306070403
01000606000700020106020101050001
03000704060403030602020703020700
03070700070505030306070507060005
03070102050007050005050501030201
02010007040104010103050400040404
02000707070001060501070603000503
00040606030004070604040605040403
02020705070501030703070502030601
04020303020405050102000306010307
07060404030700060603040501050601
05000701060104070104050501020604
04000607040403010401060101020200
00050602000303040602020004070703
02000106060606010707060603010206
06070301000403020202000204030605
04010604040205010707010005070603
00060204060506040701050303020004
07070202050506050103060207030601
04040301050502000503000004010406
06040504010303070400030202070604
02010305070704010105020304070501
00000500030106060707030405000400
02060706030401010501030401030701
06000705020406050600010701070001
03020000060003020405010303060200
06000204010104020205000505060200
02030306060100020504010501000706
00020605000202020305000004020202
06020502030301030304040301010001
04040602040302050406050403020301
07070603050002040306060402000607
01050506060205010605030702050403
03030507040104060600030502060704
03050206030503050606040704020506
03030607020107050104020706030402
03070402060106000306050604030405
03070003000107030601010305010601
03040602000706040100020700060207
04060202040502060704030604010201
06020101040603000402070103030605
06010001030503030600070601070406
03040403030301000403060100050201
00030706010001040004010403070607
06060200020400000104000601010401
00020404050403010204030001000601
07050100060301070107000601030503
04010200070402000401020301070101
04060705070603010702050407020101
01020302040106010407000103010306
06010602060600050305010301000405
07010704050200010407020502050504
03060507060501050000030406060504
00050605020606020701070202040505
04020606000301040401000007000604
06070002020701040006060000010700
04000402020202020302020501010302
05030107040001040000040503020507
01040600020202070503050005030101
04030504010400010002000307000705
00030102000204070607040401020501
00060304070301020107030007050306
05040006060002040004050705050505
07050407030307060506000106000602
03050200040106030106070205060100
04000502070704040406020607030400
05010402070104000004030204020302
02000607020600040705050501060305
05010302050405020303030007050204
04070102070102060602000400030602
03060602030501020706010400020202
02000504000203010300050203060007
00000107070305030303010001060002
05050107040605020206010605020000
01070706010302030504000302070004
07010103050401000703040704060504
05010200020106070205000506060607
07060007070601010302020001060007
05040602010205010703020203050306
03050703000000030402040101070306
07010407020306060506040203010302
02050600040101000203050105060703
03050504020702010503070602040606
04040202060407040607060506050703
02010506050602060005020604000105
01020404030700050302070607020600
07050400070704030202000506040102
03020704010203030007000401050207
03060306000706070601050400020703
03040602040400000202010100030602
04040500060301070602000607060303
00050301050402030100040605000206
01040400030000050701060405010100
04010305030105060605010304000400
07040605060100000300050507040703
01060107030601070200010004070701
01060203030507060701010606060501
02070506050105040305030500050007
00050707010206060204020303050305
02070203050200030003070606040501
01060405020502000501050403060607
01070707070203070002070003070003
00010201070000000306070205020401
01060107070705000307040403020402
04030306000406070606050605060107
01020203070305060204020205000004
01070501000603070405000700030401
03050602000000060206010001000501
06040102010705030405030307050704
06020701030002030406060306040107
02000000040207020405060402020506
01070203040500010500060401000600
00000000010003060306050303000306
03000205010405030200040001070103
06020201000206060301060607030400
00030305000101030500070407040501
00050607030602040101020407030706
00050603060302060707010706070601
06070300070606060202020607020601
07070505020105030407000202050601
01040100050005030004060705060207
04010107010506050201030705060107
03000705070702040402000005000006
00020407000601000502010100030200
07000002060001030603030202020506
05000407030507040206060204020003
04040503070600040706050604040107
05030403040305060606040105040305
07050707000203050406060307060206
05040005000506030404030602030400
00030204030700000207060402000500
05050206010003000504050207030707
02010305030401020005040002000501
02040005030201010103050703030407
03030705000105020606020407020506
05040701010503010006040105040505
04070303070601020702060007030505
04000602010406020605070501020106
06010503000306010306000002060701
03040302010307060202050005040007
02020005040603050200020401050400
04050101020706070505070204030103
07070200010305060304030103040400
01020307010506020701020600050101
07030705010603010202030700010206
00030501050407000707020500010706
00050403000703060200020000050404
04050706040300040003000607060502
03010500010207020301000106030201
00020305020301000202040100060403
04070006030701030006030601060103
07000700010401020500000002070607
01010105000703020105000504030601
06070201060505060207060504050404
06060201060503060206010707030107
03020200040703010703070505000307
01010400030306070206060404010604
04060306060103040205010204010607
03040000030603000706060506040007
04030506000702010202050103060307
03010704020202070101020600040001
02050007040704070507000607010100
07010600010105060506040101070102
01060207050507020103060103060503
07000301000206000301010703060406
05070103010603030601020305070601
03060503050504050207030004000004
01050201040701050502020304070201
01040504030601000603020102060704
06000506070003000306050103050403
01060601050307070102000402070504
02000403070102070007060307030301
00040506030203060003010402020204
04000503040200020404020404040101
05070401040004060501060101050607
01010602000105040204050007030103
06060606070302000202040506050300
04020403000301010401060303050202
03040303040303060403020606000402
02060203040204050600040606010507
06030007040502050005030407000505
00000301070400050607010503050406
06000704070606060604040307020405
05010704030001010704010006000701
04040706010006010500050606050706
07030606050005040005060503040302
02000401070502070106020402000405
00060304030601040602060705030005
00030105060702010001000305050306
03000206050603000706050707020504
03030201010303060604030404040306
06070705040407010307000701060705
04040507040707000507060306020602
07060706070300040707030502050403
01040305070401050706070002040004
02050605060004000000000303070501
00060602030205030506050305040403
05060101060504030001010007040000
01060707040401060604070305010101
05050605020500020606060704000706
07040500040607020200030302040100
07040006060103010500040102020603
03000204040704020507040103030704
07070406060105030703020001040405
05060403050502000301050301030104
05050602010400050507010205030501
04010300000104030103030205070601
05010201000307050102040202040306
03050505010303010604010104030702
06000101070700040400030003050100
06020102010405040306060705050405
00000106060106000101040600020504
06020605070102020602060102040202
02020705020305000001070403000206
01070304020705040700000202030007
00040006000602000500020504010502
01040000050607040704050600040202
06070703020605050601000304060605
00060301010002020600060301030605
04020305040105030003000107040704
07060105030207040305000704010104
05020206050606040007060203050003
06040605060003050302030100020202
01020507050404070305040600070607
04010104070407020505050701030503
05050604030504060701010507060206
01000205030000030607060104060501
07020403040202040202070501000306
05010004030300040001000604000606
03050006040405050107060605030703
01040603050002070206040706000602
07000303050501020005020706050201
04040706050304060206020102050507
04020105050707010101050700070006
07070407050302040601030502040104
07060304030404050500070005060506
03050104030607000400020206050107
03040403070704050101000001070705
07040503010406050705050202070401
05000505050203020503070505060104
03030206030104020006060105070407
04030707040107060401070004000704
06030007010006050407030005050501
06070004070600070100000507010001
06030503060706030501020601050502
03030104030202070007000605050307
06060304070204070003040100030105
05060503070000030004010706070503
01010606020104070306020502000602
04050207010106020502040102030202
01010104040505020305060404070506
04060703010300020500030706030105
04050303030401000202060401070401
07070406070003000603020702010100
01070607000502060703010607060000
02030003060104000604000207010206
06000305000601010407060406050406
03010501010007010502040300070004
05020603010305010204070007060206
05030302000405070006010202000602
06040504070105030705060001030403
07050501030302010004010200010503
00070605000300070107070107050300
06070303050304060105000604020104
03070504030406000006070706070104
00010504070507060402030300030701
00070204050006050101030704000404
04050704060707000101010607040507
00030004050403060202070207050605
07000706020301060206060006050604
01070207070306020603000705070707
02030402060002020602010503070001
03040600060006040403030200030303
07030502010402050607050302050600
05020400010103050704050404060000
07060700050502040607030500020405
06060501000701030102020300020006
07010206050402040103070207070203
00010500000700020303000601040406
04050405070100020200020105040702
05010005070206060400010207040601
00030304050700060300020404070602
02030207050401000600060303020705
02070706010005010007010504010706
04000702030302050201000201050200
02040107030601010505050102050703
05020602060307040204010407050700
04030404020707060307070402010301
02000304060501070506020707040503
06010004000000060704020400040300
00020405020206060204020607030705
02070101030702050100040100030603
05030302040100000605070401040602
02000305010707060605030202040704
06000000020300000506030704020602
02040004050503070702040401060704
00060304030304050706000207060103
00030301030307050307020502030504
07040202010406030200030305040307
02000601050005030300020703050004
02040004000705050501070001050203
07000305020105050201010406050402
05050705010701040403050005030101
01020601060003060402020306060107
05000204000501060700000205030605
01000100000006030304010707060506
01030601060400030107020300010604
02070602060506000500060501050706
06050307030207040100020702070000
06030405040105070600030003070004
01070501050706060600040706040107
03070001030403060505000605040601
03000307070703030506050502000002
04020100020704050106020107070601
07060703000004050000050504050200
00000003030403000306010604020703
06040506070104070003040205030401
00000605070205020206010503070206
01050201070706050004030200030202
02030201000606060105000201040005
04040506070205010603060007040407
01070307030103060402040202000204
00060301040106060200010103000504
03060704020605020101010704000106
05000401010101030104010403000104
00040006050007040400070105020301
07050406050401030001030704010706
07040407030300040700040705070202
03000600010406020104060301030300
06000100010306070500010305070602
04070400000406000603050201060405
07070000010603000701040406040706
07010101070003030405070307070100
07060505010404040102000400000601
05030300070103020505060403030304
07010307070106030506060204000003
07060702030506050302070402060403
01050500060007060701030403010401
06040503060005020601010207050307
07020403030007050504010007030604
01000000060200050002050502060601
03010201040403070106010605010001
04040001030302070600060403020000
06000202010202010605050603070701
06010406030200030106070104060103
02030103020300040607060105030603
02050202050407030602010706020205
06000303040101010606030404040406
00070702060005050501070705000004
00060602060102070306040002010502
05030703070705050200010405030203
00070603070101010407040201050507
00030302040502010106070605020603
07000102030702040202000306050000
01000207000202050405060307020103
02010506030607020601040702040007
02060202040401000105000001050505
03000302000503020207000603000003
01030606010002060103050703040204
06000104040504000303000407060606
06070105010005040400000704060601
01060600050005010104020002060204
04070703050002020302050502050103
05010101000503050206070400040503
03000407010300060207070206050502
05040505030202040106010700050400
04000307030101070705070605050002
05010007050006010105040702060705
03020106070403000006060303010202
03030006050107020703010106040700
03070000000306070304010605020507
02060206070001040404070504040407
00050305030400060105070403040506
00040304070601060507030705050607
06030700000503010607070107000307
03020005020506030300040503030202
00040207040105050307020305060201
05050503000506040107070403020203
05040406030104070106000002000705
06070005060007020103010201060704
05040003050604040605000302020201
03040707070006050306020005050505
06020606030200000604000306070203
00070600070106000505070002020200
01020706070004040303000002010501
07000305000102060201030303010206
05000702040707030202000006020201
00060201000202030600020207070504
07040600060006070402050506060404
00070004070704070703070502050402
00060204020702010600070707050604
00060107030500000701040601060202
01030702010507040606010300060605
00070004010100060104050305020402
00040700010707000205010706000701
01010500010604020706070506030304
04050200050002000507010007000000
06030507040705070200010002030207
01040601040002040602050204040705
06070606070307030301050004070305
04040106040500040701070505000601
03060005040407050004020605030000
06040105000101010107020503050402
00000403070003010605030102030506
02010702040505000207050204060202
04070107030204000604070404070401
06020205040005070207010604010207
00040301040704050404050707070607
00030604030105070206050006030201
02060605010106050603070404040201
02020006010305000405060007000302
05070404020601070207030003030407
05010606000702070003010201010306
02050202000104050605030606050504
02050007040202040604050006060201
04060606030002030201070203010300
00020300060702070205060206070702
03070505040303020600010704030707
03070505030504000007070203020605
05050200040204000705020203070200
04060501070601010400070703060405
02020303070604040400060506030706
02040504030206000007070505040201
01000303000201000305000607000406
05010000010500060503030206010703
05010702070702000706050304070303
03050500050505050705040705060506
02050205020503010405040107010206
05040407050401020101050601020700
05030004020003070406070200030002
02010400040306030200040402010203
02030201040704000005070502050001
03030107050403040301010100060405
02000201010204030702010606070206
05040606010002000404010003010301
03020701030605030301020001010302
05000407010103000107010400070606
07040107000605040403000203030100
06010306010302070502050707000506
07060600030603000705000101070300
01070000070303020306060604050000
06000304030203030600040107000005
05020502020700050703020304040705
03070603020403000601030105050405
06040507040603040000030203060307
07010306000201070306010407060406
04040101000405040100060707020505
06040101060601010603040102070501
02040506040505050006020101060300
05040504040300040107070304060306
06030207020206010100030000060605
00040300070500050306030701020407
07030404040300040603010100050601
06060404050204010505070206000007
01060100000205070206050701020405
06020303060105030205040704040307
01060705040201070007010000010704
02070303020505030204010404040003
01010707040605060200030107060507
06040101060101070001040007010205
02050307040204050700030101060404
01050203050201070000070704070703
03050602000606060007060202000102
07000007030000010206040601070503
06020404030007000203060600070300
02070506050404070005060206070407
03000005070704070102010405060706
05040602030003060206020002020504
05060105030600040700000303070502
03050000070305020105070607040202
03020605020204030306070203030606
04000007030300010305020207030207
05040301030303030400070300040302
06060701050107030704000705020106
04060207030705010204040505040600
07070300030204030506030702030500
05020001050506050102030005010303
06040107060704030706000606060600
05010202060702040205030001050203
04050503000405040306030407030605
02000102000003070007010305060506
04070403020203070605020306060307
02030700060604000001010006060103
07030000060701040505070307040406
07040406060403070504000105040601
07040703010506060500020500070303
05020600030506000504030407030107
05060405030403040206040600030200
06040503000001070300060501020102
01010607040704060703000400060604
04000001060505060300050102020106
00000505030100060602050303030501
00050101070504020100010003070502
01070603010105050005060301040106
01060107000502030204000007010706
07030000040002020504030102030302
06020101060600040702060505070701
00060101020107050601050600030002
02060002070505020003030302010101
02050005040006010600010605040103
00060404000104060100060300020101
05000600050404050604030004010701
01040204070005030606050407020600
01060607040305020607070504000204
02000506040701060207040601000305
04020403000606020606010106070206
05010200040707020605060100070606
00000605020503020402050201030207
03050305000205000501020701060405
00010202030204030500060504010301
07070304030700040104010304040201
00000101070301030206010102000402
02050407070505030607050602040206
01050305020204040502070302040306
04000207020305050403000500020701
07000201070504070200060606070607
04070001020602050103050603010305
05040602050404010600010003040401
02070403030305010107010303040407
01060505070404030403000001000706
07020306070304070205010200060701
07040007000405030202020103030004
06030007000407070704070603040103
03010202010202020607000006050606
02060504000303030406020704070206
04050304040302010305040006060600
07010703060001020402010506040101
03010204050505050601010406030400
07070607060702070506030603010307
04000305010407010403010605030507
01010100000501060700030302070602
00040102070406030204040004050103
07060003070501040007040601060001
04060207030200010600020706030706
02030705050107050402070605000203
05060006020307070104050101000707
04040603030407060503070500010606
06070504060506070607020306020007
00040200050407040305050107040406
05070300050403050604000207070305
06060301020306050303030500070004
02030600050104000307030700040004
07060403030607030506020001050004
02050104070307020303000606040604
04060105010700060702000100010400
05070503040401060003030307070704
06050706000702000602050005030704
07070302010301060302020101070007
06000107000500070607030301040504
03000304070403070007000406000105
03000002070204040004050603070504
03050004040405070601030406030701
03020501000602050006050700020300
00030004050605030200030306060200
05010305020100020307020004050107
00030001040002060002010302040000
01030505040203070707050307040405
05050205010502040602030207020105
01060704040506010003000505010607
00050300040604040200050104040005
04050707020200010505030505050607
03040207030201040502050407070707
06010407060404050504000700000707
06070200050305050201070605030206
04010305060702070202010406000407
05050403050504050000070104030105
04000500060607050303060102060505
07010205070505010701030400060001
03050500010005000601030006060303
06030303000004060200020305010101
07060107040403010207030002000703
07040606020402010403000204030606
05070306060702030704000404060204
03050306040401070604020404070701
06040600060200040302040606050501
03000202070604020302020201010606
00030705040706030106000407030307
02010505000006070506070506050504
04010605000702030603040404060706
01070407060102040000020404030506
05030301050605000501010503000205
02040007020306060702020304010005
05040102020500000701000600010303
03040101060502000702050005060407
02020001060003010507070004000305
01030400020307040107030504070601
06030302000605060606020103040702
02070602050505070402060005050601
06000706050000010507020007060300
03030503020307060101020101070500
01020304070007050601050404050003
01040002000105050604060204020003
03060303050604030300010500040501
07030406010400000703040507050003
07030302050201000704000701020007
00030307010500050706070106050701
04000704060307010303060105050001
00050607000705030502050405060004
06020006020107020206050700020604
00000701000401000603000100060101
02070401000707070705000206070203
06050503070700060406060501010206
00000502040703060503010500020201
04070701020105030706040706010507
05020107060503030405050307070407
03060101070602010604060003010002
03050702060500030703010300030503
02020101070407040200020602050503
05060707010302020203070105040306
01030407010707070505000507040300
07020005070501010305030504030402
06010303040206050705060300040002
04000100010404030406000505000706
02030106010100010204050304070702
05070403000705010101040305070503
02000206040505040206020406010006
03040307010700040302020604050301
05070001030006000007040500060604
05070104020200020104010205030601
06060303030104050104060500060106
05000207050107010506050105020005
01000401040104020401010102020402
07010002010002050602040103060503
01020702010405060606040400020004
01010001020305010404060105070603
02020004020403020605010302050003
06030204030502000203010706020604
07000407060607030204000607070007
00010500030300000402050700010207
07020306010405060204050207040207
00070006070203060302010302050306
05030102060101030501030705030204
03060404000507070007000500070403
04050404010505000301020606060705
03060104050105000303010505050202
05000506030603010504070600010105
03000707060204030202070307010400
02010102050704050301070102010302
03020600010303040101030703060507
00000105040603000103000004050600
07060106040200070100040104020102
03040704030400020300070401020307
00010006040000010506000102040403
03020207000204070505050301030104
01050707060707070106070102070605
04000307040002070301030201070703
00040607000104030701060505040105
04040500020603050103050507050103
00020007060503060004050107020303
04040503050505050002040703050107
04000400020700000102020707060700
06040001040007050701060402010107
07060400070404020602040406010706
03040400070502030300070701000101
07010304000300040706060402030700
04060100030101040007040206040207
00070105070201010506050401030203
06030500040706050203040703040300
06000200010101040501010302010502
06020404010202050000030603010700
02040405010601010605020403050307
04040100050206020507030505040106
00050002050300050305050302030200
07070402050204040503070107000507
00060000040604000304060404040707
06040503070703050507020604060206
01000603050405020700040001020100
03040701050206020700070402030006
02050702040403040300050203000601
03070201070505040504060407010603
02060303020004020203010702040701
02010105050604000400040607010607
02050504070002020200050001010306
02030703030405030302040707060702
01020707000602000001050102060307
05000103070505010703050606040304
01030707030307000500030701030002
00000602000507020005040104030702
00060503020504010201070002020700
00030203000705070105070501030302
06070000030104020005070104000600
03020704000504010500050505070507
03040002040101050602070206040606
06010403040304060701020604000504
07060600010104070505060700040706
03040201000707030507030701040602
03070004000704000703040205040601
07050307020300020602060507010506
05010507050000030201020706050201
03000603070500000006060502040203
07000707040605020305060301040300
01040000070303040106040700000600
07070501020607030601070603040407
07020401040704020106060504050004
03030202010204030602070104010305
07060504040400020301070000050102
06010103060504000606070104050107
00060704060606070506070706070504
07040005070102050504060205000205
02060005010600020204040507020702
02030003060604020706000004060307
06000401010100030303010300030401
04010501060205040205050705050405
05050301070307010503070504070603
01010006050207010406050303060606
07010506020406030206070406040206
07030002050001070200010007060307
02020604040206050400010501020102
06020304020005030303060605060100
00020401040505070003000401030502
00070002030300050407000503040402
03050302010707000001030400040402
05070207010607040505060703070702
03050106060602010704010405050307
00030304030100050102000702040203
01070300020103030707040205070206
02020601010204010705050305070201
04040406030406030404000001050600
05030607020207000002020401060203
00000000030503030001070507000702
02070106050604050707060502030600
01040605060402030306040403000704
06070105010503070507010503060405
04060202050703030000060506050506
07030507050504010502020200010204
07020003040602040104000606070302
02020304020503000102020207030100
04030700030506070004020604010005
06030406060606040402070000070607
06020702060502050500050206030400
07040007020604030702070502030206
00010604010500010606060404030302
06050601050300040404020706020606
06070403060100030103030004040301
05010306010002020100030707030201
04010306030301030205010302000002
05020100020706010302000702010200
03050607010100000006050707010300
01060407040501050107030403040402
03000300000400020207020007000701
02030104020305000006010203020104
05070601010301020002050206070205
06070601010706010100070602030204
02020003070602040603050105020002
05000104010305000400030507010400
04070300070706040205040005050700
05050305000404060700030000070706
00020301000202030707020702070100
00050001000603060004030102010105
04060007010107040701010506000402
01030104040007000402010306060705
06040205010607070607060504010100
02020007070105040607010200070100
05000203050207070207040305040003
04020007050303020702070503070402
06050303070204040406040306060300
00040303050307020206070601030205
06050102040100040303060601000206
04000705030302060206030602050403
04050701010102040403040105050404
02010501030604020401020407050404
05030704020702040604020704060101
04030105040105070000030501050703
06040201000103050402070500030207
01060606000604010003040206070304
01060005060007010201040703060600
00000601030200050201010005010704
02040401060002010203060207020004
02040401040100000204070606070005
07040502050501060302070307000604
07060307070705050003020703060705
03000304000501040305000104070006
00060704050306000606060502000605
01040406020206020401000102010507
03040205030506050305000405040200
01050205040703070505060700050707
06040207020205070100070604050202
00000700040503000200040706030205
07030105030507050602040201050104
02050004000206020401060402050306
05060202070307070101060403030600
04050003030300060107010104000303
01020007030103000200060603040104
05040607050603070707070607060300
06020001010503040501040300050405
05040105030103030302000303050503
01040706000602060004060200070005
03070702040304060102060704040105
07030503020002050207050600040200
06050401050601050401040205020107
06020402050104000003020504060404
00070604010005070701000704050507
03070007070104000002000502070603
05040601020700040301060103000604
06000501050706020302040507020507
03000406060106060505010705050106
05030301010601050505000604060306
06020102010606050201050402020306
00070205000306010306070407060407
04070201000302040601050202060304
06030505000703060101030607010006
05070705030706050306000302020600
02030003070203000004000104020406
03000201010605030205030604070204
00070701020101010305010206050600
04050602030102070406030606060603
01030503050703000402000703030005
06050003000501070605070205040203
00020302050104040205060201070007
07050601060301040607070704010501
04030404040200040501060202020506
06050501000005050603010606070705
06060007020104010006030503020307
01010303000200020700070006030501
03040403070300020703060706060002
07060304070506050001070007060506
07060405000406010303070604050007
05020606020201030502000106050003
00000705010604010004000500000704
06030407040307060405030700000100
05000301020301070605010301040003
04020400040503000101010502040204
02060006060706070302030007050201
06030100030404070307030004030105
01040501070002030606020007030203
01070706070705000607010103030105
03000302050004070507020003000202
01070505060207040201070707060006
07050205070305040105040706040603
03070605010101050100060205020404
03030006000500070604060705010503
03060504030006050702000506040301
07050501050007050402050403020303
07060206010601070204020300030602
03010602070704050300070302060704
05010403050206000203020104020201
03060503000004010305020104050504
01070506070400040503070602020300
04030406050602060005020301020606
03060307060402070502000302000607
03030002060207010006040003030601
00010300030403060101040704000406
05000401040505040202060603060601
00000606000106040001010502020607
04040206010305040701000604000602
04020005060102030705040706060001
02000502070001010700040405030302
01070103030305040107060600050003
02050102000202040202010405050704
00050005020606020100060701020500
04070200050203000304030104020307
05020403040506070300040403030206
00050005000203060401040600030300
07000001020707030201050005010704
05040300000407010701010307040404
03020700060606040407030705060406
05020306030001000201040704000606
05070705060200060105030304000402
04020507010706030601030004060602
02050305030003030204060703050301
05070407040101000403070203050006
07050605040107060004000707030704
04000001060307050004030001060307
06010601070701020700030406050701
01070607050400010104030603020705
00060104020507020102010207050602
05010306070304000307030505050104
04000000040401040406010700070605
06020707000406000103020006050700
06030701050207040403070204050202
06000502030500010703070507040506
05020004000304070100060305010707
07000702050707060601030104000006
00020702040600050306070107070201
01030405020007020206070607010304
02070604000605020704060405010306
07000403010602000505010600060300
02030500040506060706060002020103
03010500070106020305030406010204
06020505050406070603010203070500
07060005020500070505000700010501
00060503060206050206050302010404
05040703010507070105010505020600
04030102060701000504040307020103
07040202020305060205010604060106
01040703040004010702010401000100
03000401000500050000000307010602
03010200060503060500010005000403
02040607060402010200060406060101
02000602010504040700020603050201
01070506060107050605060401030300
02060005040601040603040005040003
01060201040607040207000302020305
05030004030305000106050407050503
06050203060506060002010507020404
03010403050702010306030202060702
05040206000107070100020200070505
03000103040104030503070404060200
01000207070407060600070606010302
05070707010006020703040300040001
07070705020402020303050202040303
04040101020501020005070504070702
05030507040002040706030306030006
01060405020002030502030600070704
02050405030106030601070706040706
02060707030704010005030207050101
00000100000202070107070405060306
04010505070501050206000606020401
04070202040207050400000001070600
02010502070107010500030402050606
02040307070707050706030503030403
01070700040107040001030005070506
07010207040706060604070001060002
02050603050203000306060503040201
07040302070001070005030706070505
05070206010306030401060201060406
06030600000306060501050003040406
05030101040007070004060105000102
05050007070706050207020506030703
03030200000702040501060201070004
05010406030102000604070306020301
05050607010605010502040102010707
03020202000306000705020505030202
07040602070406050305010707020503
07000005010001030207000505040604
04070706000100050001050005040605
03030305060406030606070301060704
00050101020602020703030604070704
05000401020500050403070304070302
06030707050401020607000602070400
07050703050606030704070101050006
02050306010604040401030107050504
07070403020102070304070707040705
00050000000202030705050701010605
04040301050004050506030701050405
05030305060003030302010702060402
02070507070006010202060005070503
07070006060603030707000306070307
07000100020602070005040400000505
01040500030604050207020506020203
00070105040207030507070101070605
05030602070506030500030505070004
06050102010207060600030105000700
07030104020401020703050702000703
06010603040600030500030600030701
03070505050707060006050606030207
00010502000400050207070500010405
01040200000207050407050302070505
01010601000606010304070005010400
05040000000507040004030106060505
00050605030404060006000702020004
03000701050504020207040603030603
03050400000003060604040204010503
01030700070106000401050207060400
00050102010604030003010606010007
06030502010307050206060405040601
00000504070407050202060706070201
04010602040006010705010303070107
02050404060205010404000506010704
03030002060704000703010104050406
04060401040700060702040205060307
03010605050502040305030106020004
02050204050001050501040301020602
03060201070207000204000605000507
02030307020706020301070302000403
02040707060401050604070607070206
03050004060602070507060301030404
05000707010301060103000203070606
00040606010001050103030303000403
01070304050101030503010002060302
05060302060006060001050104030705
06020105020207040202060200060400
06000707050100040001020600050301
02060106030005060606020507000102
02000300030401070003070307000401
02070504070402000700060206050000
04050207020203020205010307020301
00070405040601030405070403040100
05040005050507030606030604020700
03010102070103000007070000050703
04010001000406060501030303040005
06010300060202060002050303010006
01000103020004010601030306060204
00000100050105000407050401070107
02050306070105050306020503070605
02000605060600010706020200030104
05070107050004010407070705030204
07010306010705010602050707020203
07060405040402010402040101010501
05000504050606000104070107030103
00030106000701060701010004030007
05060705030002070101030307020101
01010402070006020405010100000406
04020606040507040101040204030406
01050300060406010102040600030202
03030504060407010205060604030205
04030107030101040500060005040601
04000301000607050607000700010306
07060307050304030307040704040501
00070300040005070103050205060100
02070500050500020500040706050101
05010106010402030600060602070401
02050701020101030600000702060004
06050300050207070605020103030202
05030203070702040301040107020601
04070307000204000204010204070307
07050500030502050005020401070501
02010601030207050703070204060307
05030507000100030301010105030102
07000203020202030201040406040200
01020703070500070301030400070503
07010301050107030000060202060103
04000703030101030704070300030404
05050305000007070004050504020604
05020707040200050302000101040302
06000700030305010406050107030507
03050501010601010103030600070606
07030007010707030004030103070300
02060102070002050400000201060003
02050600050502030704060402040704
05030007050002070002010706030500
00020404070107050605040406010005
07060100020004070605050105000405
01000706000500040104030100000305
04060400000400000000040405060404
06040204000605020507040306070405
01020101010507000301000607050206
01070005010304000505010005020506
07010302030001030607070406010407
05040606040404060106040502000706
07020704040207030101020301040402
07040203060405060400000404040105
02040305000703070406070607030700
00060606070607040702060107010105
05000706070103050204060205030101
07070704040007060306050001050706
04040405050100050200070705000401
07050505040404070306050205070500
07020700030500050002040503030606
06060300060602040007050607020207
06010607000005030402040406070200
03060101040601070402040707070305
00070605010601000502050207000506
04070302000403030100000700030207
06040201010506010001040402060203
00020101050506040107020101030004
04050703030403020406060605000303
02070702000300050403070703060402
04020706020305050005020601030701
07070207060201040307070602070304
01040205060602060700040001060704
02010107000104000400020001030705
00050503060401070506020007030304
03010307060504050100010103050301
02000307000605070103040701000007
01020602040100010007030307030701
05020006060405060301060000040202
05010005040000010107040005030401
00060607070403060702000605010103
00040604020204000507050206050405
06010401010707020104050701060406
04000506070602000705050701000500
05010005000007060204020404010404
04010601040204000704060206070301
02070506030401060000070106070002
06070000050107010405000106060703
06070505040204070700000105070100
04010403020201020706060007070601
00040706030307050207020501020003
00020605020201000607040405000201
07030600020601000705020000010603
06020606010607060105010505050300
05020200020307060305020006030605
00010403010703070700040600000504
05030006040000030304040506060000
03050007040400050703040600070006
00000301050406070200070200070400
06000407020400030704050705010005
05010502050002030505020700050202
01050005070701010704020503010005
04000407000002010401050001040103
03070307040602060702030306050105
02010700060306050006000302050200
06030406060301050201040307030104
01050005010605040504010305060304
03020400030200030306070701030604
04000004000702000502000601030303
06070507020006020700070406060603
01000700030302000307030500060306
07060306000102060105070007070402
02050204000702010606000006060102
01030007070104020207010600050604
05060403030400070404050004030000
05000406060600010301020006020706
07060201070305020703000700030407
05070102040103070301070505010400
07050003070207010303040407040206
04070705010004060407000400020606
06050402040505020506050701020606
05010006000407060202070002020706
04050202060302030306030702030104
03040004070506050300010606020606
06020100000600050307020602040107
05050606010000010004010600060406
05000204070206040701000003040504
00010605060601020307000307050202
04060000050200040301070101060007
03050005060205060404030406070202
07050507030505020006010104070704
00030406010003020205050104000205
04070607050402030304040407070203
07060001040302070406040207070400
02020102040601030202040407000001
03040501070505000104020007050506
06000007000404030403020105060504
02020103070005040705030405030103
07070307040405010102040602010101
06070203060206000500070005000700
03070007040007000207050602030402
03010404050401060306030205070707
04070205050105060100020602020705
05070403010307010303030505010707
06070200000001020005060701060106
05000103060003050201050000070504
03050706020206040702070203060703
04040103070507000207030402050101
01070702000403040206050406010404
03000101050201050007000506030705
06060106060504040105070002070601
05050602000100040304000501000607
00010407070203070506060507040607
00070401020604000303020005060005
06010700020403050003070305060106
03000601060600010700050106000302
06040103060707070101040005000706
07070407000302020106040700060007
07000003020407020606060507030402
05010102070603030100050507040501
05060107030104060402020004010706
01010501010301070306050103020400
05010500040404060400070400000603
04010600060000060201010702040301
00070600020402070701010606060104
03000004020705070704000402050500
06070404020206050701060105010300
04030306020001000105020305040104
03040505030206020405000707070202
01050104060705050101000301020404
02050701030703000507030203050503
02060506070503010204030402030205
00040204000505040600000503030700
03070502060007030207050502060207
01000507060103020602020505000006
03060605070704010403000702030501
05060302020102030500000707030107
00020202060502010504040607030507
03060006010700030106020404060403
07020400060206010202030600010504
06000502060506050003060300010705
02040107000101000600020503020104
02030102070304040405000603000603
07070003040304000101030306070706
01010301020704070100010102040605
01070102010302000300060407050602
00030600020501010507020302040007
00000103050001010602070205060104
02000703010003020206030105020701
07020707000603010606040100040100
06010005030303050306000005040002
05010500030701060404000105020602
03010407000402000307060002030301
01030304070503060300030305060605
03060401000507060206010400000005
01000204060405050403000005060401
05070100060001050601000203020001
02020601060400050707060201050700
06030001070400020002070605060304
03050407010702040401040607040305
05030704050600020000000505050401
01000504020000010603040207020406
00060007010407000603020007040604
00020206070104030103050502050202
01020405000703060100040507010405
04060002010605060200010603030307
01000504000502060507040607060406
03040105050200010602000705020304
00030205000101050602030002050502
07070601000403000300030706000305
05040407050007010700050001010206
06050501030403070607030401060004
07030402030702030602060207050607
07000304030104010506060500010300
02040200070101050006010607020306
01040304010301000307030407030603
07000206070401010106020601070503
01030704060505040104050307070403
04010003030400000703060602050601
02060404020001040000060506010705
01030401030603070006040307010602
01010403000300050400030202070301
07020207030301060307020406070406
06010706030102000305020305050101
06020700040702000607070104030300
03050307030201070601030005000104
00020302060305030506040107020200
04010007060003020605010106040207
06030002010704040002010401000706
07070203070106070302060504070402
04060104070506000603010503060006
07070705030504010605070303060603
00060302040407030106030504020507
05020701020007060502000504040204
07030400030004020306070300010601
03070007010600010505060006020104
05060100050204050702000402030103
00060500070001020306040705050507
05010601060600000600010403070505
03040101070605040402000606070103
00060204030600060405050705070603
04010400050701000606060402030305
02000703010602010504070403060300
00000705050403010201030404000302
07030705060306000302070606050207
02030507060707070603010400010501
04000201070505070601070307060402
06060301040607060203040402000405
00040005030104010306070006060407
07020504040502070007020407040404
04010301050700040702070405000106
00070707050001060503000207030006
07010306040707060502030301000507
03010306030306010607060602060107
07070405060604000406040206020300
02060701020104050403040406030500
00050603050002000002040302010000
00040205010303020100000606060504
03030707020106060702040507050104
06010606070504040100020406050303
05060203070104010300010406000502
02070604030002010604050506040302
06050204050305030401020100040406
01040700040301050704030107000602
00060002010506040505000402050005
06040501030003050207030705010106
07000501030200000405000204040304
05000206020203040300000305000307
03040303030705060507040206050505
00030703020705000207070501050001
03000706050206050407000604050601
04000205070002000005070507010702
04020002030707040406000304070006
07060300020101000107010307000404
03070001070406060601060204060102
01060100000301030002050605070205
06000304060601040700000205010203
01070404060402030207060103020400
00010104010207070307060006000600
06070406050007010100070400020700
03000107040507060303000705070505
04000304030305040000030205060407
06030507040505070602000000070002
01020503000302070101050203060104
04000502010106000400000303060207
00010601070201010207070506000304
01010703070602050102050306060701
06040503070401040604060606000700
01050307070607070502050204070305
05010700050004010007030203000606
05050101060502070704000302030601
00030006060501020600020601040303
03070700060503060304030403010500
06000304070102060706010404020704
02060105020007040306020302040704
02010502010303070702060204050400
02020506070404070104000403060607
02050301070105070102060105060604
06060700050407050000050007040504
04050303070006070201030301040704
06070104030503000601040205040202
03020103070401000101010401060405
05060501070702010707020100040405
06000202000300000407040407010003
07050602050406070302000405060104
00010005000000060206050603020002
07000300020207060207030500000300
05010405010206060703020206010001
02040305030602040202070200070001
02070505050303020001050504070306
06020003050705050001060103060403
04050401070200020507060104000401
02060200000404070405040207010101
05030407010007050000000207000506
01050100000604000605050502020507
06000105020000070404020402060302
06070407070402070705000604040207
01040704030600000100020705030003
02060303070507050003020200020400
06060005060506050205050507050607
06040505020000000301070406020704
04010400070404040205070403030504
03010601010105060007030306050005
01070701040203030102020405050507
01070205000400060304070706010001
07010601060306070403040704060304
05000007010205060103040005040607
06070505040200040705050006020103
04050301030703070003010602010505
01070505040200050203020504030201
02000702030602040105030407020601
03040403060700060001020004070103
00070206010406050303060200060403
00050603020701050304010501020502
05000402020704050302000602050404
03020507020504000003010106000305
02010503060505050303060500070004
06020700030307050500000604070304
06060500050701000507040400040006
03040002040203020207060506000505
01010503060301070600010103060000
04020004010602030202010602000204
00000002030200030402020402020405
02030503010700050304020207020301
05070700040607060404020607010605
02000603030600000700030004010603
05040202060307010602070605010307
02020202020604010203040203070707
00040007020600050302020503010303
03000706050402020205040201040401
03030503050104070303020604000503
07050200050507050400030500010507
04070604040601060007000003020302
02000702020600050605030401020507
06060201040206050500010104050205
04020406030300070406050004000607
03000403040106020304050600020305
01030500030605010001030402050107
04040607060007070407040602050202
00040402010001000107000700030602
07000001040400000407010102040605
01020104000406000304000204010302
00050705010300050500010304000700
00060501050304010401050706000606
01050101060305010200070702040105
06010600010403050304010702060101
02020107030700010305050207040005
03050206000600040205040005020700
02010702010000040101030001000603
06060200050403040502040501040702
07020201050001010406060603070204
00070001070706030707070600030402
06030200020705010303010503000402
06060006060201050207010002060106
03060006030706070200030004000101
05000000050500060706060600050303
04010404060505000005020600030000
01010607000200050006010603040201
07010104070701020300040706030401
02050705010305070304000005050706
06050706040706030003000603000502
02010007020304070403050105030507
04030200020300010001070300000700
04060700010606010507050700000601
06020707020202060106040304000404
05010205050604020006020004050001
06070403020001030504070303040606
07030507050000060307030304040401
02050702040200000204030103060704
00010006000607060102010501060403
04000405030205060502040207050606
00060404010006060403030603000504
04000107000700030501030203050602
04050402020105040303000501000607
00020304070005020407040107030301
07050305000005050707060700000503
05010407040204010603030706030006
01050406030402040106060502030601
04070100060401060003070705070207
07030702060503060502000000040601
07030105040107040302000405060707
07020605070603020506050602020004
02040603050505070304030004050405
06070100030506070404050007040002
02000304040305010702050304000702
07000606040004020004020404050307
07030707050101070704020702040306
01030703010706030701020601060501
06070606040206010606060101030004
01070007060607040202070402020102
00000205030205070502070504010706
05050101070402040504030703010403
03060707060007000107010501010202
03000505020406030303050406010301
05040105070604050201000102030305
04010002030502060500070103000707
04040406030606030706030605040503
02040204000600020307060203060001
07030002070600050304070402010102
07040505000501000302030002010102
01000604050000040003000600060106
05010101020304070500060303040103
05060701040603010006010701020504
06030501010006010000060304050002
01000600000203070403050403040600
00070400040206050203050003050305
01040705000402030601050505040604
01020500070706060103000103050301
03000307050502000002040304000605
07000305040605000201030707030007
06030101000500040105000403010704
05040001040302010405040000000701
00070201040401060505020603050502
03040101010607010402050102030001
00000104060601020106020506000402
02030706050506070601000303020101
00040700020206040403040104060303
07070502060306010204000505000305
05050107050105000104070207000102
02030701020205030406020505040105
03010506020701020002000207040204
00030502060504010301070504000204
04040604010301010000030104020003
06020007070202050500070703040102
00050301010406060502070706070400
01010700000603030607020706040607
02020400070201010002020500050704
04070606010601030304010302030305
03020707050101010501010700070604
04020603020406020006050501070300
01010705000005070704010703060405
03070304040204040702000004040407
07070201060101010706040400060606
05010103030702050407060407070403
07000700070705050405030104050706
07020104010307010000030505040007
05020505050004020706050201020502
02040703040204060205060504070701
06020700060406000104000202000202
00000502070307060006070401000205
01060600050600050002030605010203
06000200000101040406030205040405
06010507010501020302060004000607
07000202040304010305060500060207
07060305040702020207070001030400
00030101010003070706070100060204
00040400050707030202050303020205
05060106020104000604060404020306
04000601060401020007030307020405
00070703040001040405060200010607
04060402070302060503000500070602
07060202030605060001010504000605
02020406010207020502010507010101
02070506070106070507010403050202
03070303000403030700060603050402
00030506050700000606060602050106
03000200070400060300050702020000
06020203070207040703010204010703
02070004020306030302060702040504
02070206030300040000000106010501
02020702030706020405070202050404
01050407020306010005020305050102
00060603030105040206000601050601
02070002030101010704060602050705
06070601050603060005050604010103
01050404060302020006070606010505
07010306020601040204030400070304
00010307010204020102020204040707
03030005030502000105070103070403
01030403060503010503050400010702
05020303040501070405030306010107
07050402000504020600020206070104
01050603050401030405020601010601
04050006010601060407060301060303
05060007040702010706030700070303
01040002070602070600040701020103
02010004070406050707060101030206
04030401060106040005050701030505
02040104000607050405070602070300
02030103020205050300060306050005
02020605030607070105050304030706
05060107010107020606030607030405
07000306040205060005040305050503
05010204010401030403070104050502
05000400040705020402060706000404
05070707000306060704050300070702
00050106040302070004010506000001
02000003010502000202020007010104
07030205050500020704070401010005
03030306020404060504070507040003
01000301040200030403000105060403
04030307070104030503000404060006
06010302030600060102010201070003
03050705020007060303020000010107
04020603060207040503010104040605
00000005040105070103000204030200
02030303070600010305030602070503
02050505030206060402000403050607
05000407000207040404040501000100
01030405020005070701020203000701
05020702000102070300010400020300
02000303060700000703060201050507
03010206040702010206060607010502
04040005020102060506050205050403
04060504060502070306070305070401
06070600050601050007070505060607
04060204000706050205000501010504
01040005020306000606040000050706
02000302010205020200020005070206
01050107040704010503060702060404
05050305060104050303050305040502
01010307040701010000020105070202
07010605040005000100060303060401
02040001020405040403050705000004
04050005050207070004050602010400
06010600060700070705070300010501
00070702050505060304020105030104
00010607020006000406050106020206
04040307050106050400020105030200
01010100070703010405070303060503
00070104020304010303020507030301
02000202030100070303060707020107
00010705040601070105030404040002
01030100070104020204020000050204
03070105020705000300040304070703
04050607020501000202060301050303
00040201020002060000070601010206
03010100050301020206030504060607
04050207040405040401020005060404
04000403060507010204040704000207
05020504010407050604040404010506
03010204070103040003000506040602
04050107020707070303040507060301
02020704020104030300050201040202
02030600000703050701040700020703
06020505070305000102050303070703
03070102040101010500010504010203
01070403030403050503030406000204
03070100000304020402030004000207
07000307040402070003040203030601
04020702010402000106070502010201
01050707010103020501060700020504
00060707020004040500000100050606
06060300000001050705020601030201
02000306010504010704030703040705
01030002010105020703060302010201
02020502040706000500070302060200
00050504010601030607040506040502
02060706060402070302040503050603
02040202050504000704070106070602
00060107030406000704050204060500
01020503050605010006010103070403
03000600070304000501000402040501
04050204070705070405040603050505
07060700050704060507020603040002
04020301010504070600050100030502
03060502000001070302050702010706
01000301060300020305000705070105
06000507060300010402070104060404
04010700070300030107010100040203
04070205070206010307030707000706
02030100070000040707060000010006
00000700000703050001060001060605
01010100010500030602010202020001
01010404010001070607060001040306
02070601060502040601050202020306
01020402000505060404050200070101
03060204020402000505070500040502
00020002030107070405070103020503
07020204040706070601030002030106
06020607060606000306040000030700
04040504050406010704000104060200
07020307020403050107030107070506
05040604040702040405060607020203
02030504050606030401020000030004
05070506020206060503030504030203
00070705010106070303010003000204
01020403050103020601050101010401
01020705000507030601000506070501
02030707020000030404000001000105
07060203060200030607020406050600
04010401070305070001030401010306
07060103030401060406000302040602
02070205070403040704050004050204
01000001020400040505040202070504
02060607050003050405070701010604
06050205030505020000030503030206
01010301000705040205020103070703
01050102040206030503030701050701
00010503050301070107070304040605
02010601030304060307020605020405
00020706030501050707020407060200
03040601040405060502010606000507
00060001020602000405060501010103
03010605060102020501050302030603
05040700000304040504040107030700
05020303060103010506040104070707
05020007000606070507050003060303
06060001060205000506000606060700
03040004020104010407040602030505
01030601070002010000000605030406
07010100050601020701030101070203
05010402060202050706000100060705
04070103010307070105060601020302
01010506070305050206070205030103
03040501070207010306010506060502
04070006040303000503010403010206
01020307010204040506040407050706
06040301050103000500040707050502
01040301070704040703060605060005
06050606070207050600010403030502
00010404070707060303030007060002
01070205030004030000020101070304
07040105060406060600010300020307
01060407010401010707050705040707
00020406060607020300010503020600
00020401010402050003000506020300
01060300060705040205030301050607
07060702010607060305040007020400
04030305010304010605040503010206
00070104020000040005000002010305
07040104020403010303070302040603
07020701000102020407070102060701
00040203010306070005070105010204
06000705040107020606010506010604
01030102010701070705070302060605
02050404020607020200000700070607
04060104050604060007030000030407
05050703000706060202030002030407
01000304060402000305060705040507
03040606020201040005070502020203
07040202060602040103070505040005
01040605040200000107000203000607
05020603060703030303030307060307
07070307000503020205060106030701
06000502040303000604060001020503
03070607070706070001020606020207
00040703050003030604070500010107
05060307070402030300010602040206
04020705030600040203010606010401
00050304020700000506020705030607
07050307040004010500050402060600
02070707070001060406030504030405
02000702000003030501060406020202
00060305040105000306070607000507
03050505010600000005070002010601
04040401020203020506050504040202
07000506050103000303060701050301
01000407020101060306000105060500
00030206070205040102030600030701
06020101030006050005010205000402
01070405060300040401040506050400
00000302060605000704070405000702
06060005030201000501060404000605
07030705060705050005000500060605
01000601020503000207030407040103
00010101020304020401070406070200
05040103000303010307070302060602
05060502040702030306040300070302
00050705010305050000000500060606
01050104010407070001070503040501
02060506000001070104050106060404
05050606070703060305050405060606
01040406060202060103020404030200
01050103030500050306030206040106
04040307040702000701010605030103
04050502020601060701030202070307
02070307000407040700040705030103
05020404030106000707050605070106
04030602050104020105050405000101
07030305040401040600070106010004
03070501040601060401060501000205
05010700000107010403010004060703
00060307030505040105040105040107
00030207020406010304000106060207
05040006000003000504040604000700
02020702030607020000030307010001
03070400050006020304000506030703
05040307030500030405060202050305
00040702070000060006020406050301
00040605060301010104060103040105
07050304030202020600000602040502
07070402050704070105020205040503
07050606070603030605020105050605
01020403050703030102020100010300
04050205020306030407050405030404
00060604030701050102050305030003
00030001000001060507050107040206
05020302030601020105050302010202
07030504040102060203060202040104
03010501010007070706010504000501
06030300060405050306020302040602
02050504050103020307010705000103
01060003000406050302000602060707
03020106040704010103060706070005
05030703060507010505010402000001
06010103040506060606020007020303
00010304050603070404010506000102
07060500060507020003000107070505
06050201020504040103020403040503
05000401040105010004000100020600
02020104060306020407040301000500
04020400060305040203040502070406
01000206070205060305020404070100
00070002000700020401060604020201
05020007010303050701010501050306
03050207050707030400060007070303
06050203000003030305010002070107
02040403060105010103030104070406
05010301040300000304050103060602
05040105030604060301070606030506
07050604030702050403050203020202
02010406000406000701020503030507
06010005070003070404020004050103
06030606020500010401040300070203
06070607060304050406020102070204
02070203030301000306060207060407
07040105010404010601070602000701
05070202060006020504030006010605
05000705020302050106060001040106
00030702000201010704030003000600
05030300030202070002020105050302
06070702070307070301010105030302
06040404010506060202040006030207
00020701040401060002060003040705
06070101010401030304000003010102
02010702030404000504070005000303
06010500040206030601060104040200
02060703000104070500070301030203
01070503060105030502050104050602
01020001000203010704060604040601
03050302000604010001010501010505
07060103060503020100040100020605
03030101070704070206010702000606
03010202000003070400010500070704
02040706040404000304010402040101
04000005040303060701000004030605
01060007010606070003000301010501
03020606010104020700020406040606
03060301020707040207050500040404
07010001030207010404000601000206
00070400040503050102070306060600
06060605060104060506050602010705
05030500010007000201010107050107
03030005010607050205050206020706
03050702020403040003060106000405
05060703000004000003030301000102
05000007070502000506050004010004
02060304060301010603060400070200
02040602050707010707060306010606
05000707020504020104010704050106
01000507060104040206050005050700
03040403010002040104070007030103
06030207050306070402060400040102
01020304060404050403000003030702
07060401000700030707010606040500
02060705020605030001010500070106
01040404000000050507050002000001
01020002020605070207050003060605
02070006070301000703050003020507
06060407070605070703020304020300
06040705070700060204040104020305
02060403070204020105040605070505
04030607070101050307020205060105
07010300010703060704070707040401
04070500050002040706060006070702
01030501050601050604030601020206
00060604010506060007020301040102
01040602020505010007060305000701
00020306010503070705020505060402
07040000040102000001030101070202
03010203010302020304030707050505
06050405070203070604000503040606
06060000050406040402000703010702
04040402070506040602060003070400
02020101000304070200020402010306
06010405000406030105020105010200
02020300000105070707000007030205
03040604040706020304070403070006
05050003070607030405030302030001
05050201020103040202060504060102
07000706000705020104010700030203
07060501030101070507040504040207
03050406040306050406020402000103
07020005070203060207050503000001
06060307000207030200010204060201
05030206050303040601000506000704
03050002020200000000070101010200
01000107010606040000060503000202
06000506060003070101050704020704
05040200050300060103070200060705
06040605040601040205000702030600
03010000000004020401060406070606
03050202030203070001070407030407
07070104050100050403030202060703
04020601010500000000010606070506
05050501030606020004010403030307
00070302030103010507050705070000
03020401040503010301000506040404
06000100070303070701000705040602
02060200010307020107040500060305
01060605000606010400060006050707
03050700030503040605070001020201
04030606050701060106020401030603
05030000030505020600020204060405
07020103040305000104040306050700
07070107060101020307000403070702
07050407010603070002000403000101
01020003030100000000000401070104
04020707020105010203010100040004
05060303050106040106050406070304
06050602030300020107040100070407
06060007070206010606060201060701
07000003070607070507070506040705
06020104070403030307030302060005
03070102050006040503070007050607
03060705050202000207050003030102
04040304050103020600010700070300
03060504020701010706040007040701
02060004020706020601040005060304
07010701010007060605010203010007
00060103010202000107000205040001
06040104070104030701010604030005
06050104060105050303020105040505
04040700000506040603030603000306
06060007040603050601010005020503
05010406040402050401040301070706
05060402030600040105030400000503
00070403040602010400000107020301
02030502060302030306010005000201
