03000303010000060101020303040001
01060101050302040506020004070306
01040300010305040106010700040505
07020302010403050502050704060103
06070305030104060500030005030406
02010001070203050606040302040207
07020604010504010004070606010602
04050100070500020502030401020400
04030306040207020201070101030003
03000100030300050103030107070506
01010306070307020307040301050001
02070303030105060001000706060506
07070602030100000107010307040206
03040302070604070406000602000603
03010603010102010002070000050000
00010507040206040305030405060100
04000407020405030105020403010107
01000407040305030404020101040201
05000201010006070204020500000406
02030206050103030500050400020602
07030307000601020403060502000602
01000506050401040506030003030405
00060004030601060505060100040204
06030204060506040401050501060503
02070307070705060304040006040206
06070107030000020303040301050401
07010300070203060100020306070603
07040307040304070702070607050702
06060103020603020201050504030401
03060604050007060006060300060705
01000600020702060506000706040307
04060406050507030506040002070206
07020302000303000001030500000701
01030606040001040201020504070301
05060107060005010506050001040103
07030704010305040607070402060207
01030004040504050307020507000506
07050403060304010007070703070603
03030201050301030404040705050605
04000004020004020503040301040407
06010107040002050707070400010702
06040707060306010301040202000107
07070600020102030201040303010004
02040203010603040301070404030004
06000107070406040701070404020001
01070602040707020004000301000405
05010700060407060502010505060507
02040300070705030006070006010504
02010701030106000402030001070704
05060401020306020703070706040407
06030305070605050707020704040004
07010701050200070206060705000603
01000705060501060504070102060200
05040005000004020701010601030403
04070302070306010202020603020605
06030407040604050701020407000407
05030407000004060004040506030107
02060504010205000704000102040303
05060302010701050407040204050203
03050007030105060405070104000601
07060203010107040000020106040701
01050307070305000406070106020605
03020305000003010701030406000505
00020001020402020400020503030301
07010507070101060200040200050305
02050101070701060607000007040003
05060307060301010607040605040201
06010101010702050405060501060607
02030105040400060506010500020501
05040402000400060304010505010307
05020507060603010002010602020005
03040607070607040100020200010504
02030403000006030004070401060501
06000601050306020206070001050404
01050702050006010406060605010700
05030101020503050406010606030106
05050707070201020203040201030205
05000007070401050004040707010702
01050107000207050307000706010104
05010500050606040505020707030002
05060401020604050201050204040601
01020203030705030204050005060102
07030506000702020202060205000104
02030206060407070503070403030704
07030106020704020104010105070004
02050105000305010603050600060005
04010602030400010007070207040002
00060402030007010107060300010403
05000405060007060001050102060305
07010202070702050500020501030501
00050403000407060405000300030400
06010405070702050607060605010405
07050702060704040501010504020601
03010200070200020506010004060500
03040506050201070505070200060505
01020103070403070404010607020001
02030103050202040401050501070207
02010606070604010102070505000703
05020204020100060202020507070105
00000502020201040204030401040503
00010704060307040407000603040001
05010502060505050205030707060702
05050203060604000102030704010703
00000503030706010007040707070203
03000600050605040206010004070704
06030205050506010201040706010405
07050406020505020207070502000000
06020700030407000406010505000704
02000706030602060507000301000302
03040403030704050507020506070503
00040205060601040405070507030404
03000303010204040303070407050104
05040307070602000201070506010003
04000004020706000206020003010004
00020407020501030407020707040501
00030507020201060105060602030405
02040701000305040004050407030604
03030706050702070203030504010406
07010703010705020203000101050701
06000103000406000407000706020700
06060706050602020604000701000105
03030606070400000302060201050201
00070001010303000600010304020507
03020403050503040200030307060003
06040206060506050007060200040406
05030403060206060007020403030702
04050307030301000604000301050701
04040507060405030603030701030300
06040002030006050503050701070705
02050207070704050703060305030204
07030002010302060000010000020702
01010206000404000006000007070005
00010403030706050106040504030302
03030001050607010200000706060601
03020401060203000502000401000407
04000506050103060100050102060506
06020401010304010602060605030707
06020102010405070400010105050602
02030106060400060501050100010607
01070406040602010207040404020206
05070506050600040201070307030405
04060503070405060205070305040206
03040207060104070307000203010506
02050301010500060607070106060204
05020706050703030401000106050600
07050703070504050201010604010700
05020203020105000100040105070701
03030006060703000606020206030706
05010606050704010703050502010104
06060205020104030105020104020705
00050007050202040702020702060602
00040300010207070607060706030207
03010603070005040101070702040304
03030202060503030107010504070004
03020204000602010404040502040500
07050406010107060604020706030502
05040504070306030601050701000507
02030600070702010007010000050702
01010603040600020501040501040204
03010702060105000007030201070300
05070200010202060204050501010106
04030205060506010201010307060203
07030106070300040603030400040301
03040001000107020506060205050001
05020301040104020106060604060000
00010204000701060103000306040106
01040605000104020502040507020002
00000301010402050207000507070104
04050603050306000202060507000300
00070105040407010600030200010501
05030006000203030705070304040305
03000104020007060303010406000500
06050404030206000106020101070506
06050707020102010203010304070505
01020503000402010104070407030501
01020107010307060002040400060503
01020703010001040105060302030000
02030502060600070606020007000105
06020604010007060704030002070404
00030500020406050507070506000303
02020506030004030301020305070004
03030001000702040703020500050503
01050102020000050205020305000700
06020305020507060202050405010605
03010502070103050200060002020404
00000104050103030400070501020505
00010702030701060506070602060706
06000705010102060205010104050004
06000103040404060303050100020602
01040203000103070401060005000207
00070205060502060104070706040107
06060003060501010200040304070704
00020303020207010200060104070307
06000704050606010105040203060106
02000707060406050401010102020601
04040500050407000305060006020604
07060307030106040507040203010704
00070003000303020002060401020005
05050702070705030001060705040305
00000604030303030200060004010402
04070304070506060404040300020207
03040404050405010701040405000106
05030006060604040700020506000302
05030105020402070104020204050703
06010307010007010704040505060403
02050701020502070605030202000604
07060606060201070202030407000005
01020405030300000305000503000006
02030507050206050704040001020406
01000004060005010200030203030006
04010604000302070401060706010000
02040605030403030701010401010602
04010101020701010000030507030700
00010106050504000201000704040703
04070606010205050104070505020200
00050602070706010200020102060706
03060105030005040100070601070702
04050305070102070702000002060507
00070105070701070707010306060300
07050703000505070304010000060601
06020702000105040505000301010705
07070100060105030703060103030401
04030606050601020202070600000702
02020504030303050406020207040506
04030000020600010006040607050105
00040306030107050003040002040402
02070403030503070304000005060606
02070500040202040406000601020201
01060602010203050105070400050200
00030307050100070304050505030305
01010503040007070500040406010605
01000507000201060301060303010002
01060005060607060604030104020001
02070006060704010404010501000100
03040106000001020005040204060203
01040107000201030403020202060305
05070705030104010302050507030104
07050205040603030500020605050204
00000101040302040102010704050707
00050601070204030605020704000306
05040103070300050702020207020203
06060204040105000007070605030003
01030207020007070505060306040105
02030707070105060301050202020304
04000602040200020002020200030006
03010705020402020603020707070301
02070101000702010206030001020606
03070402060105060703060005060600
02010506050306000100000304060401
05040407050207060306040506040406
02010006020005060301020703010206
07070200040606000105030401010607
05060401020003050002030003040300
04000607030304050504010100030606
07070503070607040401050401010602
01040304000506050303060104010700
04030303070302040305050702010506
07050507000007010101020503030303
01070206050007060002030604020704
05070403040204050501060300000507
04010302020704060505060306070205
04040705020706020007020203060603
05040505040507010704030002010600
02070406010707050504020305010600
07040604040505030502010106060502
01010106020301040302000202060705
02070403030406010204010106000007
05040607020207040707050500000202
07040502000004020406050407010307
02030606060305000304060004070700
04020201030604040403060104030606
02040401020000020005030704070701
05000705070406050307000201030007
07060301000604030207010604000201
04070401000205040607030107030003
00000306010402000506030103000503
07020102050000050107020301050207
03070407070004020506000307050503
02060007050404070201020407050502
01010105060504020703060105030500
03050004070600010307010300020200
01040100040005060500070107030001
02010607050106020303030603010103
04060303050606050505050702050602
00050303040004020004000006070705
06010404030305040202050700010204
06060505000106000401070207050103
01070600020305020500040006000301
02060601040600070105020206040603
06060101050604010303030607030702
05030300070207050204000505030505
03050007070401050004020300010102
07000403040002040006000207040303
02010705010603060400010504060100
03040505050002060705040300000703
03060306010206050203040006040004
05020206020402030203020705040602
02010302040704060605000205020101
07060205070207010500030303040002
07020103030306040006000303020207
03000707010006050600060603070507
02000406020704040607040300060006
01070307020007050606020201010707
05020006060206010507010101020504
04000302010204070404060002020202
04030001070607070303070007070700
02060100010504000200050002020003
07040106010605050401000507020402
05040506040701010003030605040102
06060301070001000304030207070702
05050100050404010404030003050500
06070507020702000707050503020006
02060206050004020105050300050400
01020403040705030701060400050401
02010205040705030207000701030005
04000401000705010004000106070003
01000104020204010705040403030503
07000200070504010203040204050503
02070103050405070206060100060100
05050206050402030307070407010701
01060102050402070705010701000707
06060305010607020303060607040105
06010106040207010507010701020305
05030307060407020200020301000705
04010500000500040206000105060404
05060302070203060606060506060300
07060201020607020001000202040206
05060403070006020305060706070206
04010703010107040201070105070000
00040400020404050605070707000500
04040402040401020107040004000207
02020105000207030402050702020100
07060702000104000503020703060607
01000506070400060204070606030704
00050205030307060401040405040605
00010000030404030507010106000100
06040701070404020102060201010103
07010702040400050606000401020405
04010100010407010306020107020603
06060707000605020406000002070007
07010505010006040505010706000301
00020307010705010604030600020304
06000500050000070704010607030003
02000203000700070200010302070301
05060506030103070101010207010400
07020502060204010105020003050201
07060401020000010700020601020003
00060504010702000203060704020302
02070702010300040307030501010303
00020200010007050406030405000002
06030103050103050306050703010107
07020506020703020600070701030603
05020607070102040000020503040503
03030600040707030706010302020403
07070107060600070000060002030605
00070204070001030405020306000103
03040604000506010007050206020707
02030102050500070506010005000501
07050501000406040505030307010305
01010402060101070301050704070107
00070605070206040003020702010402
02040204070707050506050300010304
02020204020207040502000405070304
05020505000302050407020500010302
04070405000205070207060001040207
05010507030600040102000701050702
06050005070306010701000304030300
07060703010704050504000506050602
06000106010507040302010206060204
03070704040007040602030207020604
07040100030702060401070404020000
02070502000204000501070406070501
05020102030104040005060504000205
01020506070504020002050105040405
02050405070002010107060103030203
06010203020403020203010004020507
04010004010700000103000607000101
01030205050402010005020303010100
05020107020507030100020403030001
01000405070201070105010603030606
05070103060406030704070406010705
03050102010606020101070601070002
02040706070506040407060301060305
06020007010001000203070704010107
06000005040707040307070101040205
04020607020402000007070605070601
00050405060704060002070707010706
03000506050506010605000505020000
04060607000500020501040101040303
04020507050301070105060605000700
04050101030604000404030107030605
02070406060305060404010503060701
06040203020705030006040703070200
00030201030603040204040603010506
00020404000204020300060607070403
04010103020601050601040501000007
07040302010203060306050501030107
04050705020403070605010507000406
04040600060703010504060403000000
06050607070104000605070203040301
03060002070200000705060501040201
04050204020707050602030201010504
02040307010300000306060205060103
03030107070600010205010204060600
00020602060304030306020607040403
06060306050207000107050307030404
05060406040000050703050000010104
05010402060501020705070204020002
07020705020605040404060504070200
07000701060702040700020300020300
00030402020403010501020107070705
00020501050601040005010703010602
00050400030205070005000407070701
02040606020300010603020406010601
06040706070703050105020406070401
07040107020307050001060602050601
06060100010004060304020204070106
04060100060202070100010405040701
01060000060104010203020504070705
01030002020104060504070607070200
00060702070401030603020703000300
01000500060403030700070707020201
04010506000003070706070004070606
03030705070304020006070507010706
03020207010403020705060604020705
00020205040500000303040706010702
00010204000505040703010301060501
01070704020503010201000101010707
04010204050703000607030102050502
02070005070606060203060203050605
06060400020006000602060505010100
00010403060507030706020400050504
01060403040000020504010304020605
04050303050700040701000105040500
00010106060201070503050103060204
02060707060704060605010703070206
01010601050200070703010207070202
00060202000704040504050102000405
06050704070600010501000702030404
07000506030606010502070707020207
04000201000703000301010400020104
06050006020605000700060501070303
05000206040201040202040201010104
03030001060405060205010604000002
04000306000701060705000401060703
00000706030205020301070604020301
04010200040305060404070000020407
03050503040704050503060402010601
07000101060706020000070002000507
04000300070305070100020605060501
01060300030704000507030304010305
07040003040304020102010203020704
06040003000507070104060605000600
04050203030106030001050306000507
03050005030701030405000607000101
04000700020105060000010107010701
06070607000306010606040000010106
07060504020301000101030507000501
05040702020405060402000002030207
07030501030303050600030002000504
07030300030700070102050604050507
02010005010005000206030605070303
02030502040302040303000005030704
05050307040305010602000104020003
04030003060505060303020201010602
07070506020107010307020400030502
03060307030303000604070707050502
05070003050704010201040502060604
01040307020006040507050606070706
04050305030005010101030401040105
03060207000606050404000402030404
00070703060603050105070703070303
00000504060606030505070004020205
01040705010703060106030606050202
07010403030406010302000700020102
02030601070602010206060502000500
03060107020003040703040207060403
06020306020604050704010007070705
05010607030104040203000601020607
06050607010007000304020706050101
02070301010707070502010400000603
07020400010206010402010002020407
03060000000704060100070300030205
02020103010305000006000103030503
02050501030301060603030505010600
04060301000504010307030600050600
07000501070502050206050104020107
04070502000103060304010003000306
03000406000504020507030003060203
03010701000702050603030003030505
06030302040706010303020102030200
06070702060605010704030704040302
04070407060402020401060600070206
06060607050000030203070205010706
05070504060302060100060104070605
02030402070402000500070303060600
01060406040406020603010606010100
04060601010007020004060304020501
02000302030701020703020205020206
03000501040106010401020107060403
05070704060003010000040000010707
06070001050500060605030505050506
05000500050003060707050304010002
07020002030406010706050106070307
02000601010203030307010702070401
06060501030501070201070403040605
06050205010305010101040104030306
02050700060103020505060603000400
04070307040104050002040207070304
06050600020406070200030302050006
02070400050201060304040106060507
00020606020105000303030204070702
07060301000306020605010002070501
03070101010100050704060701060204
00060201050102040607060201040700
02030200010507000202010301010706
02070400040300060205040101000401
04050302030402030003000103050507
04010302060401070602060404010602
01060101040103000606050206020503
02010106030601000403020405050105
02070605020605020001040405010704
07050702070603050004060202020004
00020103010101050604010403060404
03050600030006010707020600070401
01050206070600050205010203020700
07070004030600030404070404010305
06010005060205000105040507000500
05040506070304020007010602010307
04030103050006050202070701040206
05020707060104070302000506060200
06000605000300050202000101020606
03060304010403020203060107040407
03000602030400060201030203020107
04010400060007060503030406060001
04070403050000000200050306050405
05050505020001010405050704020601
04050101070303000102010106030403
06070106010705050406030200020307
06060607020107060300000402040200
03020104040304040700030200020304
05050500010303000402040200040300
06010004020403050000050406020401
01070205060307020603040503070304
01030602020400040207030202070207
00000100060601000201060703060102
04020707020301050100000204010302
03000206010401000001040003020705
04010301020701060304050206060300
04040206020506020200010501050105
01070706020502020001040507040105
05060706070505060202050102040601
03000503010306010603070706060302
03030306020704020505000102070500
05020002070101000506000602010200
00070506070402070202060001030102
02060304040706060002020000020104
06060507070102060300060302060104
01020403000505010101040306050002
01050000070001040300030304000301
00020106050102050605030604050004
02070502020303010107020204000706
01040200010702010303060006050405
04070201010505040102040205070107
05050507020606040500070102070407
03010602060401020003000004070601
05060306060102010107070705010706
00050302070200070401070307050501
01020102040406000300030706050006
03020405060100020403060704010604
02000505020103000605060207070605
06030300010702070004060105070207
06070701040400050500030305030602
06040606020205060702010506050506
03030604000701070106000101010104
04040403050006060705010703010607
06030602050505020000000600030604
06010201030602050602060206000603
07020006010002000600010103050204
01010002010400040603030403030205
00070106030507010102040402010107
01000200040202070506060301070106
00030105030200000301040200070505
06060707040501030704040201030205
05040607060703020401060403020403
00060504060400020701050503060601
05000105020505030103050206050201
06060104010303040601030507030500
06050207010106040007070003030505
01070100050000060204070000040003
05010707040600070501060505040406
00000503010203060501020000030001
05020107020204060504010400010004
05010404010307050407070301070602
03050107030607030003000701010303
06040103060307060503020102070405
05070700040207000301010702010402
00010504070005060602030605010104
01030103000106070402060304030606
03070403010606060304010103040000
02020105020304070201000404050302
00070500020104020005060700020705
07070504010102020304000001070307
06020004010705040500070504070405
02070401060301030506030007050203
01040507060105000304040606050504
03000700040104070402040207020700
01020405020400000506000407000104
04010606060305070003040106030204
07040104040306020403020506020404
00070606070605070505070201060602
07070006020600040205030402010600
07020300010005070401050104000100
03030101020001010307000404020302
06010704030207060401000607000701
06040507010404070703020302020002
00070004000601070400020606070106
05050202010605030502000407070205
01060505020402070607010604040207
01060602010303050707010103020000
03030206070105020005070100010400
00020003010001030602030304070704
06060701020505070303070205010605
05060404030005000307010104020101
04060500000407010006040301040201
07010601050001070300050302000503
03000000030407060503070001000402
03050501070102060602060600070006
02000100030000060300010303000605
03040101010706020403050500040207
04070605000105040304050407030507
07000107070300020501030403020301
03000706060007060400010406040400
06060500030405000500040006020603
01040400020307060204060704060100
07020405040100040405040006050403
07010504010006030705000700070007
05070200010300020203020704040402
03010107010105030005000404000300
04070506050505000204060106050503
06020006030505030100020400050200
05030503040304050707000106030101
06070307050105010506070301050703
03070206060101050504040206030203
02010200060002010704060102000702
06070501000105050104030602050606
04020705060705000201020207040607
06030002020506050406000507040301
01040402030707040401020405010504
06040305000700030000020301020403
01050104020104070607010104070207
00000305010600050107040502050103
03010302040702070207040303060203
03040207050306040600020307010600
06030507060401030104070506070704
03040400030607070206050105070201
05030704000406060706060504050006
05050106000002050103020306070400
00030306050502040306020305030001
06010400030300040402000706010000
06050403060102000006010101040206
07040603010604060704010307040400
07050703060003070105060700060304
00030706020103070302010102050401
03050707030400060500020504060407
01070302010200020601060101070705
05050404060104000606020702070600
06050007020205030707040503040202
01020700010507010303040001070202
01020103040605040604040300050305
01030300020307040506020104020403
03010405070607020001050007020202
04070706020402030105040507060606
03000205060303060507050002050601
00060704000400040501050400030507
02020200050001070207070700000404
00050205050003040105000700010601
00020603040007020104020301000606
00050201020101010701070501050404
04020406000402030403010705030002
05050701040704040203040303060502
04030104050304050603020600020705
05010500060505070207020100040703
07070002070204050201050507060200
04060601030004060705050403070606
06070502040100050202030402020006
02030106030302010404020302000702
02060103070607030607010502070005
05050302030007050106060405060205
02060501060403000307020301060005
05010701060202060400070604040206
04060400060607000706020502000601
03040500020106060201050507050701
04050604050005070701000407000607
03060005010004050700060504020400
05050100070307050406070202010102
03010601040200060604050106010200
04040206000402040603070500030404
03050003030105070404020600030600
07070207050505050007060506070401
07050404050301050701000604060203
01010602060307040006060502020007
01050504060305060602020401030306
02070500040602020704070706030605
07020305000601020300030606060601
01040205030702030507020306000501
00010703020501070203070307070300
05000604000707000104060106070600
03070302050605020104020101060706
00040407050704050403070701050104
02020407070402040405050300040202
05020706050400020403000304060402
03040305010006070207020706050502
05010600050303000707050301040203
04040002070303020403030700010401
03010500010707030303000402010301
07030701060004070301030701070107
07040405030404040705020704060400
02050701040601020207070500070201
06030205020304010705040403030103
05050402050407040304060705020202
03000407020506000600060606040705
03010104070303050606050005040403
05040500010006040307060007070502
05030701030402020605010207010407
05050703070502030705050102000404
00060005000007060606010200040403
07040601030701020101010105040705
03000006000406000607050201050207
01020403020302050307050304020605
03030406020403030305050105020000
03030607070006030700060107020005
05010303060505070103020102010106
04060104050501060606000007010407
07020202000203020005040007060103
00020105020202020602060504030000
00060200070005000005040506040307
02070607070101060103050001020206
02020302030707010505020407070400
05020407050402040303010406010103
00050602030002000203000600020506
04020505040107040703070603050707
01010703010200060501040501070705
02050300030203060201060704050204
04060004030602030201020502030500
02060001030404010004020507070606
06020403010503030606020603020702
01040703070104010005040207030201
01030407020607010406000405010207
01050406050404040100060607030501
01010100060607010406030703070100
00020300060600070705000606050301
07050007040305050504070006040105
01010405030505010702050605030204
00050202050705050704030602070506
06050502040601010301060204040301
03030700040203000703050104010602
06020603060707000304000203070303
01020305020105050305050604050406
00020106070707000407030503010507
03060206070004040105010207050007
02060101010500000502060305040407
02070606060601010501070002020303
05030306040201070406020504010205
06050000000201050000000401070501
02070205020105030207030201050004
05020307010202050104040100000702
00050006030703020503050101070607
06060606040307020504030605010107
04010300000407040607050107000701
01030005020600050306040000000502
03000401030600000307030105030207
06040304060403020200060503060205
01010302070006000407030406060600
06010104040404060402050201070201
01010206000301010707000203070103
02040502000005030300070207050603
07000705030203010402060600030705
02000505020006010100050202040301
06040607000100030106000006000301
04060204020305070207070504070307
06060305020603060700020406000502
03030303030206050505070607070706
03030006040701070206030405060705
06020306020402060300070206060205
05010500000001010100050702030705
02010404020507070505010403020305
06020001070201030407020601060202
01050105050700070207050002070607
05020600070501040503010206040202
04000506070404030002050700040304
06040006060703060400000200050107
05010701040407030405020506060505
05000001010302010502010301020001
03060001010201030200010105070201
00020700040702070307030506010003
06040602030502030101030204030201
00050701000102040400030504060304
04070507050705040105050100070106
02070707060507070605000203030507
03020202060005060206050200060602
03030404020607000305040207060001
07030204070501010500070206060707
05020505040201060405020400070603
03050504070503050303060507000107
07070105020601050007070303030502
07050500030307000502040306070104
00060603040300040103030507050402
07020607020705010600000402030404
07050001000502020407030407040105
02000005040005020605060006050205
01050601050505010302010202010107
00000303040102070301020606000607
07040006060505020203030000070300
03060205010500070303000300010600
04010604050305040302060504040002
05040304030301060001020306070007
07050607030502030004000304030007
07040004000000000101030407070206
01000400060401050603030500010206
04040703010100020700010307040204
00020607060700000606010302010700
07060000070303040004030704040100
02060505020505020707050105040003
07050502040106050607020405070506
00010001060106030202050205000207
07030106050306060505010705030204
00000301030406030401020701000302
05040006050601070401010203010400
06070400050507000700070604030506
07010301010407010700060007050601
01070002000106030704050007030506
06050400020407020701040006040702
05030204000602060003070703010201
01050006050707000202020101070307
01020306070504010101060604000706
03030001060201070405070302010200
07030502040004010000050006020402
01070102020201060201030707070303
06050300060500060006040305060302
02010106000601070403020607020307
05070206070704050405070406040500
03040503030505030404040401050701
04010207030505030402030604040605
04010402050704070603050702050303
07060004030604070704030100060601
04010401000005010202010506060701
04030303060404050100000003060102
01010704010200030602030500020305
07060604030001040302020703030603
05060703040006060207070601010303
05050303060206010205030706070005
06050506000701030007060304030406
02020704050403050406010607060700
02070401040001020103000506000303
07040200010301020406030204060204
02020205070102040101010300030206
05030202070002020600000402050003
07070400020601000203010207030704
01040501030002070206040605070606
04020702060300030705000504060606
06020703050707060704070300020306
00070504010606070500050401020300
00050300000402010002040305050107
02010006070701000504050507050607
00040000030604060103020204070506
01070400020100030406020603060302
03040205050407050507010107020703
03030201040400060704050407060003
05010702030104050606060501020703
06070703040105050007060206060600
00010101010605020502030403060603
00010505040200020700000201070602
01040401070602030000010001050402
07070205060004030701020407010204
00010002020703030504030606040405
04010606070305050401020207010201
07070206040000010503060205000703
02050701060402000205060502070506
01000505050500000602030407030200
05040007040700060306040502030307
06040300040407030503070607010600
04000604010006000603070300030004
07030501060003020506030104030700
04040105020306020604040204020100
07010701050701020401030001020101
02050202010100040306020501050104
07030107030203060106060500050703
00060505000500030700000305050607
06040305000105070702010102010705
07010501060504020604020400010004
05040101050102010205040000060404
04000601040401040400030103020105
01060507000701000101020004050106
00060302020307000102020501030204
04040606020504030603060003070304
00020301020204030601000704060103
05010600010300010403020601000303
05060302030704060605050102020703
04070000020706000400060407070303
03040507010700060204040204010603
03060703000207030702040607040307
03040403010100060404010405040102
04060401020307000506050002000702
05030705050005030307060105060304
07010106070300060302010100060307
05010307040106000400010503030302
01010506030700020407000304010103
03020203040001000207050506000403
05030100020307000704020303030200
02010106020005020006070201020604
02060703020705040203060106020103
03000201010706040603000304050407
04010501030100030203020002060701
01060107020103020307060002020504
01010205010000000000000504020705
02040404010605050200000507010703
07060007060500040202010704070201
01060602040501050506030400000000
00070000060204050005050304020603
04060100040001020200050706030306
02030406010306030307070204040001
03060502060300020406040204060201
06020004050502060406000701040401
03000404060406070100030402050503
03030400040005000702050402030501
01070701010102030601050403050303
01010006000305060203070301030300
01060501000003020000060701060507
05050603000601040407070506030002
02000507060303040104010104010002
04010106050504070301020302020306
01010006060607030500050006020400
01070206000106060503000300000602
06070701060206000505040302010305
02070304050307000403010004040302
04040105000007050100010503030006
03060502040107040606060204070002
06060204030201030203040004010502
03030403020700060701060207000600
06020005060201060500040002030505
02010607000301060506060104060205
07020000040403020604030401050503
00050301010306010001060606000003
06070302060700050104010400060100
02070002060407070700040403050002
06000401020006070701000502020606
01060503020505020103070303030104
05030603010600020101020300070107
05020004040401070303010605070702
06010403070300040406010004060200
04030102070102000102020707020107
03050006050201030306030707050206
05000206030706000707010606070007
07050005060102050503020201020600
04060304000706050201020102060401
04010105040204040603000500020200
00020307060706030205010700070705
03050202070602060707070101060407
07050606050004000503020600050007
02030607060204040505020402010000
05010402060501030306040203020405
01030105050303060202060502070502
03000304040705000506040700050506
03050100040305030002070701010104
06030502030103050501070405010406
02050001040102040000050706030107
02020605030205040007020007010607
04050507020204040707060500060605
00000200050601010402020405050605
05000301050501020301030305040200
03070207060604040401020603000705
02030103040502050200020604070706
06030100060001040002030201030201
07050202070106070200050703020704
03060701020500020602070405040507
00020307030307010207010702000601
02030203040105060102060302020205
04060203070707010604040503030505
02010702020007070201070404050003
02010002020302050703010707030500
02050503050707070400000203000605
05010701050106030404000300000603
03000304070304010005020200010302
02030102020006020101070301070600
00020201060601010101000207060701
03050606030400030303070502070001
00050206000401010204020104070200
02050300010605050300020604020205
02040605050506030402010703010007
07030702050106000702000201040003
05010402020306000606010700020004
05070706050001000300040300020405
04020107040302060405050705010406
06070103060003000101000001000607
00050100020107050100000602070104
05040001050307000301070600030107
06070505020600000301020603040704
06060407020603030500010300070406
01060606040000000702030105010206
01030400000401070707000101000504
01030706070400040002050103050004
00040703020106060104060601070703
04010007010403020605020303040707
04000200060101020700070300020602
04040601000400070101020705030101
06000400000200070507030507010202
02040702010106040106030201070507
05010601040103050004000706070206
04020607010506050304070203070006
00070102040704000604030606040600
03060403000204060305020206010502
03010401010006010702070604020600
00030205000607030301060302050301
06010104020704040502000506010504
00000402010707010606000404030005
04060602050301060407010401020706
02010100050405050104060407060306
06030006010701010500060305070002
00000007060005050401020603050603
05000607060604060604000204040204
03050407000507070506050400020406
01000405060202060604050302060003
06070204020201020206000003050506
05010104020101000601050206040707
07050201030207070607010000000604
03040300020102010602040602070400
01020402040502050700060506030507
03020507040504040600000405040503
02040303060707010704070203020101
04000306010000050701020603000207
01010000040305030402050306000305
00060404050404040205060104070706
06060407020103050001070307010503
01000306040207040107020705040002
00070102010303020703030204020406
00020302000100010202030002030206
03040100010607000001060607060100
03020604070001030504030004010605
05040500020607000300000105060405
05060001010406060606000005010706
03050000070406010507000403010104
07070106030007060206060204030606
01000203000607010705020605000501
05050701020500010400060207050602
04020101020604070201040707070105
04050400070105070202020406020601
00070502020002060500070504050102
02070402030207000406050306010000
01060201030704020207010000040502
01010702000501010005000107000506
06010700000302000703050001060205
05060306070203040504010407000005
04000103010403070201060107040402
05030407050304070102030605020005
02040304040303070600060406000602
05060004070700050500020604060305
07000105050000020302060501050507
06070405020001060701010103010004
07020201000201040503050600020200
07040502030501050100060200000505
03000505000702030701070004070005
03000205040001030004030406000001
02050503050502050301040101040006
07060100060600000706000001060500
06000003050404030302040703000407
05060307010005020300050502060707
05040303020200020407010402060204
01020003040600030500060000000101
02010205070507050400020307060601
01020505070200020603030006020406
06030200030205010107000200070704
05030601010601050007010501020102
06010307030500000601020707050105
03020000020702020100040504020702
01010203040704040104000202030204
07020203020400030002000200030506
06040600050601020003050301020507
02000102030106050707070305000003
06010403040001030200060407010601
07060605060500000706010301020206
07000404040400050506010206030600
02020307020604000506030304030606
01020405050206030402040101060206
04020305030304060104030206010700
07050101030003040303030500050207
05030504060705070406070504050006
05020102040306010606060407050603
04060605050206020501040500000504
04010602040105030204070003010207
07030607000304050401060203030400
05040107050101020205070100000103
00020307010007040407060204050302
00070303060506060207070703020506
07020000000505000107020500000401
06030103040006010307050204010202
07020002060205050603010300020701
04000203030702020203030505020503
00010607000501060603020305030705
06020107000100060302010706020007
02040705030706040406070102030501
05020202050204040100020202030302
04000101030703060005030502060006
03010002050104030507000301040706
05000704050106050703060400060206
00040605050101040601050102010405
06020400020007000205070705030601
07070606030301040201020107010002
00060702020103070706020103070006
00030405060101030403030506070507
04040607050005010102000201030205
04060706040406070602000000070407
03060000050400060506030601040707
02050101070702060406000307030505
06070202010505020007050003050306
05040306060405060504050103040603
03040704040303060104010404030404
03010403070206050003020200040604
04030504050700070102000207000102
01060406040400000300020207050506
03060506050703010201050200000302
06060504030405040103010600070505
03030002020603020403000503010103
00000606070304000103060402040704
04000304070104070701020006040205
05070205060604020200050302000503
00030301060502000200030202030302
06070005070601010707060403030003
07040302010003050402000305050702
02020701000107040200020403000302
01060405070701070406070005000402
00050202010502070207030506000402
01020102010703030703020404060605
03000407000701000605030007010001
04060702020201070105020504010502
04050602060102020405000202070303
04000507040007040404030300030306
06060204070703050105060500020007
00020502020507070702040306050203
06050101040202050002020105060106
00020402060207030603060505020003
03040000030103030105000405010606
07060602050104050102010202010102
02060000020404060004050101000406
04030206010406040606050503070707
04020400010400020301020206020102
00010302010406020707010107040103
06030502030500000002000606060300
00020602050003030402050005000103
06070303060302030306070206060700
02030100010406030107060206010501
07070600050701070205030102030302
01060707020103040100020506000106
06060506060200020705040306050107
07000604030505020403070502010502
00000706070104060602070407000204
04030706010403010406040504070407
05000602000504040004060106030507
04040200000406060007020602000102
03060501040703040705000300030105
00030501060605000300000005070200
02070100070007060407030401040605
00020404040403000105060301000006
05050102020600040205060605040706
00070403030500010202020605020706
03030102050603050504040607040704
02060300000201030505040201070005
05050505030406020707020307010102
01070105070501060105020502040202
03050307040407070401040500000500
00030404030704050107010407040205
00060203030101060301030300070305
02050105020604000307070205010207
03070605010100070305030506040701
02060303040106020607070107060404
05030003070500010000000504060604
05020705070404060402040406010102
07030402010707010202000102050507
01010602070603040105040405000701
02000005040107030101060503000302
07000501050303060602050500070701
02040702030001030101000602030500
04020005040001010500000603010505
06050301070206060307050106030703
05010307040501060505000003050303
03020006030406010105050207030606
06010204030500060606020007020707
05000406040503050701000106010404
01020603060702040003070200030001
00040607060006000305030107040404
04070107020705030105050407040202
07070307010304030004060101060003
05010000030104000707040603030305
01030201040002040502060202000603
02030104070000010404000207070500
06020700070402020104070001030504
02030400040202040701050202030604
02000700030601060604030000010106
06030501020606030500000200020706
07000005020307010000050707050000
06010700060301010202070003010703
00070102010701060405040001020207
06010205020204040302000603040407
00060207070404000201040302050200
04020004070106070203010505060203
04060602010501010102000601050505
00040704040000060703020606070406
06030600000406010204070001010703
04050603010200070406040403050302
03030005050002070302010200020206
04010100000103070604030600000000
00060007070307020302060100000601
01060303040000000306040706010405
03000204020504050105010101070301
04040605070006060403050305010004
03020201020004020001000207060604
05030702050407010500020602000407
01050201020104000007050302040603
00030207000001060400050502010601
02030201000107020302010000060604
04040305060607000504000201050106
00030501010006040306070202040006
05020206070106050304020704030705
01040202060506060600070602070201
01060000050300020107070404070607
01020606040004030405030202040704
01010404060002040502050406050102
01020405030403060003070201030701
04050201020001010500040606000604
01020703000604000601000302010403
03000004010100070103000203000006
04000502060100060701070103010704
00010205030507030101000505070401
01000601060107030007020700070207
06070003050703010707040603020207
03020304040200000705050004020001
07060007060407050606000601020206
01060204060100050102050301060105
04040203010304020400050303000700
01050102000305000106010400000301
00050001010403050303060406050706
02010505030705010607020406070401
00060204050501070503020105070701
00020707060405060404020006030207
07030704060501070003070001070105
02070504010407020003040507010300
06060700040207020606040502020006
02060706030503010702030607000204
03050500020306040006000706030205
03050004060705010603070200050004
04030001060204050507070700070605
01010702020200020307020603070202
04010502040002060107010607050701
00060200020203000601020500030604
01030007070100060001070406020401
04040207060203030400000500070306
00040506000300030607040207010306
03060102010207020702030301050502
05040207020506070606020006040005
02000605070600040600070005040703
03000404000304050102020002010000
05050200010503020002030303050202
02030303030406030005040503010005
02010404020103050000020602060304
07070103060703020100020506050700
02020105070301040206000102040504
06020507040602060305070103010706
04020504020000030701060002010604
01020304010500050503050101020300
01020204050207040207070700030401
03030306070600070704000201050403
03050500040604070502000501050602
03040502020706040002060207060502
04020605020100050202020206010505
00020401040302020100020403060207
03060500050400060602000702060600
02020305030301000103000004070102
05000707020006000006030101070402
05000005030406020607000601060406
01060303010302060701060403020703
07030104040506010302040601040400
06040002040403060006070506070702
04020002040203070100070105050701
04060305060504030207010404040703
06030207040006020603050405020007
05030406010204070505030500000104
04070304010607040006040107030000
03060207060406050701060600070304
05040001020707020000050104050106
04070303000500060605030400060700
06020202010706000307070600030306
03060307060005030506070001040706
06040007010202040005050006070204
02030700020601000203060600070601
04040600070107030305060201070201
06050401000405030103030002040602
03040304020405000307050102060007
01000501030406060007060107010200
00040602000701000703000501020406
05040402060202060207010000030007
01060106000601010407020502070000
03060200070103000200000206060702
02040002010007050402060503040404
07040200030507030201000603050204
05050004020506030402000706030006
07070501020406030004050701040603
04060706060006030203020606040503
00020602020602040002020704050201
06070503030206050302060701060606
01030400020403010400060502070707
06070004040100000006020201030305
07020507030001040301040003040102
05030200020500040202040605060002
07010002060500020604010606070003
04030400040207050601060607000305
07070000010605070301030502010407
03010502000201060300050701020307
07040004070404040204030007030307
00070101050607000105030206070006
00050100040306050401050203070105
07070006010305060404070501010505
01020203000401040504000300040000
05060200070004060503000206060300
07030003020605030303060406010502
01030401010002000700070600000404
02030602050005040501010606020301
04070700070305000202070400060101
04030501060401070103020007040405
06020003050006050302060206060706
03060005000606030007070502000401
03000100040601020005000603060600
05070302050400020502000300020100
05040705070200060000060201030507
05060100010103050404040500020404
05000707010205020206060504040305
02070400070006040206010603000606
07010003050100050501050302000606
04040202050007050006050107060103
00070501030504060004070405030301
05030301060506030604060601010705
00030401070703020007050006070407
06030203070203030307060500020201
07070204020607060203050202000404
03060100040100020302000205030203
05010505070002010704030204040203
04060000010303010605070006020504
00060103030707070702020602020303
02050500060300050300070007040606
02050706000407020004070001040204
04060503060300000206000502060706
00060401040703010307050407040106
01060403020203040606020304000505
06070201000004030504050101020102
03020201070706050202040704030202
07040605040301060006010405000707
01060302070003030604070605000604
06070505050601000206060106020000
00040607040201050705050506070504
05040506060105000402060507060000
00060603030200040701040404020201
06030204040003060300070100070503
07070106000403010400030005000200
07000504000406050301040205040207
00060200050004030705000407060503
02040307000405020501030002040402
04060104010505070604070707010300
05000602030302060104060502000302
03020606000307010304070607020406
02060006040505060204020701010501
06000007030202000701070302070203
03050507060701040507070400070405
06020605040007050105010703070001
02010603020106070002000306070403
01000606000700020106020101050001
03000704060403030602020703020700
03070700070505030306070507060005
03070102050007050005050501030201
02010007040104010103050400040404
02000707070001060501070603000503
00040606030004070604040605040403
02020705070501030703070502030601
04020303020405050102000306010307
07060404030700060603040501050601
05000701060104070104050501020604
04000607040403010401060101020200
00050602000303040602020004070703
02000106060606010707060603010206
06070301000403020202000204030605
04010604040205010707010005070603
00060204060506040701050303020004
07070202050506050103060207030601
04040301050502000503000004010406
06040504010303070400030202070604
02010305070704010105020304070501
00000500030106060707030405000400
02060706030401010501030401030701
06000705020406050600010701070001
03020000060003020405010303060200
06000204010104020205000505060200
02030306060100020504010501000706
00020605000202020305000004020202
06020502030301030304040301010001
04040602040302050406050403020301
07070603050002040306060402000607
01050506060205010605030702050403
03030507040104060600030502060704
03050206030503050606040704020506
03030607020107050104020706030402
03070402060106000306050604030405
03070003000107030601010305010601
03040602000706040100020700060207
04060202040502060704030604010201
06020101040603000402070103030605
06010001030503030600070601070406
03040403030301000403060100050201
00030706010001040004010403070607
06060200020400000104000601010401
00020404050403010204030001000601
07050100060301070107000601030503
04010200070402000401020301070101
04060705070603010702050407020101
01020302040106010407000103010306
06010602060600050305010301000405
07010704050200010407020502050504
03060507060501050000030406060504
00050605020606020701070202040505
04020606000301040401000007000604
06070002020701040006060000010700
04000402020202020302020501010302
05030107040001040000040503020507
01040600020202070503050005030101
04030504010400010002000307000705
00030102000204070607040401020501
00060304070301020107030007050306
05040006060002040004050705050505
07050407030307060506000106000602
03050200040106030106070205060100
04000502070704040406020607030400
05010402070104000004030204020302
02000607020600040705050501060305
05010302050405020303030007050204
04070102070102060602000400030602
03060602030501020706010400020202
02000504000203010300050203060007
00000107070305030303010001060002
05050107040605020206010605020000
01070706010302030504000302070004
07010103050401000703040704060504
05010200020106070205000506060607
07060007070601010302020001060007
05040602010205010703020203050306
03050703000000030402040101070306
07010407020306060506040203010302
02050600040101000203050105060703
03050504020702010503070602040606
04040202060407040607060506050703
02010506050602060005020604000105
01020404030700050302070607020600
07050400070704030202000506040102
03020704010203030007000401050207
03060306000706070601050400020703
03040602040400000202010100030602
04040500060301070602000607060303
00050301050402030100040605000206
01040400030000050701060405010100
04010305030105060605010304000400
07040605060100000300050507040703
01060107030601070200010004070701
01060203030507060701010606060501
02070506050105040305030500050007
00050707010206060204020303050305
02070203050200030003070606040501
01060405020502000501050403060607
01070707070203070002070003070003
00010201070000000306070205020401
01060107070705000307040403020402
04030306000406070606050605060107
01020203070305060204020205000004
01070501000603070405000700030401
03050602000000060206010001000501
06040102010705030405030307050704
06020701030002030406060306040107
02000000040207020405060402020506
01070203040500010500060401000600
00000000010003060306050303000306
03000205010405030200040001070103
06020201000206060301060607030400
00030305000101030500070407040501
00050607030602040101020407030706
00050603060302060707010706070601
06070300070606060202020607020601
07070505020105030407000202050601
01040100050005030004060705060207
04010107010506050201030705060107
03000705070702040402000005000006
00020407000601000502010100030200
07000002060001030603030202020506
05000407030507040206060204020003
04040503070600040706050604040107
05030403040305060606040105040305
07050707000203050406060307060206
05040005000506030404030602030400
00030204030700000207060402000500
05050206010003000504050207030707
02010305030401020005040002000501
02040005030201010103050703030407
03030705000105020606020407020506
05040701010503010006040105040505
04070303070601020702060007030505
04000602010406020605070501020106
06010503000306010306000002060701
03040302010307060202050005040007
02020005040603050200020401050400
04050101020706070505070204030103
07070200010305060304030103040400
01020307010506020701020600050101
07030705010603010202030700010206
00030501050407000707020500010706
00050403000703060200020000050404
04050706040300040003000607060502
03010500010207020301000106030201
00020305020301000202040100060403
04070006030701030006030601060103
07000700010401020500000002070607
01010105000703020105000504030601
06070201060505060207060504050404
06060201060503060206010707030107
03020200040703010703070505000307
01010400030306070206060404010604
04060306060103040205010204010607
03040000030603000706060506040007
04030506000702010202050103060307
03010704020202070101020600040001
02050007040704070507000607010100
07010600010105060506040101070102
01060207050507020103060103060503
07000301000206000301010703060406
05070103010603030601020305070601
03060503050504050207030004000004
01050201040701050502020304070201
01040504030601000603020102060704
06000506070003000306050103050403
01060601050307070102000402070504
02000403070102070007060307030301
00040506030203060003010402020204
04000503040200020404020404040101
05070401040004060501060101050607
01010602000105040204050007030103
06060606070302000202040506050300
04020403000301010401060303050202
03040303040303060403020606000402
02060203040204050600040606010507
06030007040502050005030407000505
00000301070400050607010503050406
06000704070606060604040307020405
05010704030001010704010006000701
04040706010006010500050606050706
07030606050005040005060503040302
02000401070502070106020402000405
00060304030601040602060705030005
00030105060702010001000305050306
03000206050603000706050707020504
03030201010303060604030404040306
06070705040407010307000701060705
04040507040707000507060306020602
07060706070300040707030502050403
01040305070401050706070002040004
02050605060004000000000303070501
00060602030205030506050305040403
05060101060504030001010007040000
01060707040401060604070305010101
05050605020500020606060704000706
07040500040607020200030302040100
07040006060103010500040102020603
03000204040704020507040103030704
07070406060105030703020001040405
05060403050502000301050301030104
05050602010400050507010205030501
04010300000104030103030205070601
05010201000307050102040202040306
03050505010303010604010104030702
06000101070700040400030003050100
06020102010405040306060705050405
00000106060106000101040600020504
06020605070102020602060102040202
02020705020305000001070403000206
01070304020705040700000202030007
00040006000602000500020504010502
01040000050607040704050600040202
06070703020605050601000304060605
00060301010002020600060301030605
04020305040105030003000107040704
07060105030207040305000704010104
05020206050606040007060203050003
06040605060003050302030100020202
01020507050404070305040600070607
04010104070407020505050701030503
05050604030504060701010507060206
01000205030000030607060104060501
07020403040202040202070501000306
05010004030300040001000604000606
03050006040405050107060605030703
01040603050002070206040706000602
07000303050501020005020706050201
04040706050304060206020102050507
04020105050707010101050700070006
07070407050302040601030502040104
07060304030404050500070005060506
03050104030607000400020206050107
03040403070704050101000001070705
07040503010406050705050202070401
05000505050203020503070505060104
03030206030104020006060105070407
04030707040107060401070004000704
06030007010006050407030005050501
06070004070600070100000507010001
06030503060706030501020601050502
03030104030202070007000605050307
06060304070204070003040100030105
05060503070000030004010706070503
01010606020104070306020502000602
04050207010106020502040102030202
01010104040505020305060404070506
04060703010300020500030706030105
04050303030401000202060401070401
07070406070003000603020702010100
01070607000502060703010607060000
02030003060104000604000207010206
06000305000601010407060406050406
03010501010007010502040300070004
05020603010305010204070007060206
05030302000405070006010202000602
06040504070105030705060001030403
07050501030302010004010200010503
00070605000300070107070107050300
06070303050304060105000604020104
03070504030406000006070706070104
00010504070507060402030300030701
00070204050006050101030704000404
04050704060707000101010607040507
00030004050403060202070207050605
07000706020301060206060006050604
01070207070306020603000705070707
02030402060002020602010503070001
03040600060006040403030200030303
07030502010402050607050302050600
05020400010103050704050404060000
07060700050502040607030500020405
06060501000701030102020300020006
07010206050402040103070207070203
00010500000700020303000601040406
04050405070100020200020105040702
05010005070206060400010207040601
00030304050700060300020404070602
02030207050401000600060303020705
02070706010005010007010504010706
04000702030302050201000201050200
02040107030601010505050102050703
05020602060307040204010407050700
04030404020707060307070402010301
02000304060501070506020707040503
06010004000000060704020400040300
00020405020206060204020607030705
02070101030702050100040100030603
05030302040100000605070401040602
02000305010707060605030202040704
06000000020300000506030704020602
02040004050503070702040401060704
00060304030304050706000207060103
00030301030307050307020502030504
07040202010406030200030305040307
02000601050005030300020703050004
02040004000705050501070001050203
07000305020105050201010406050402
05050705010701040403050005030101
01020601060003060402020306060107
05000204000501060700000205030605
01000100000006030304010707060506
01030601060400030107020300010604
02070602060506000500060501050706
06050307030207040100020702070000
06030405040105070600030003070004
01070501050706060600040706040107
03070001030403060505000605040601
03000307070703030506050502000002
04020100020704050106020107070601
07060703000004050000050504050200
00000003030403000306010604020703
06040506070104070003040205030401
00000605070205020206010503070206
01050201070706050004030200030202
02030201000606060105000201040005
04040506070205010603060007040407
01070307030103060402040202000204
00060301040106060200010103000504
03060704020605020101010704000106
05000401010101030104010403000104
00040006050007040400070105020301
07050406050401030001030704010706
07040407030300040700040705070202
03000600010406020104060301030300
06000100010306070500010305070602
04070400000406000603050201060405
07070000010603000701040406040706
07010101070003030405070307070100
07060505010404040102000400000601
05030300070103020505060403030304
07010307070106030506060204000003
07060702030506050302070402060403
01050500060007060701030403010401
06040503060005020601010207050307
07020403030007050504010007030604
01000000060200050002050502060601
03010201040403070106010605010001
04040001030302070600060403020000
06000202010202010605050603070701
06010406030200030106070104060103
02030103020300040607060105030603
02050202050407030602010706020205
06000303040101010606030404040406
00070702060005050501070705000004
00060602060102070306040002010502
05030703070705050200010405030203
00070603070101010407040201050507
00030302040502010106070605020603
07000102030702040202000306050000
01000207000202050405060307020103
02010506030607020601040702040007
02060202040401000105000001050505
03000302000503020207000603000003
01030606010002060103050703040204
06000104040504000303000407060606
06070105010005040400000704060601
01060600050005010104020002060204
04070703050002020302050502050103
05010101000503050206070400040503
03000407010300060207070206050502
05040505030202040106010700050400
04000307030101070705070605050002
05010007050006010105040702060705
03020106070403000006060303010202
03030006050107020703010106040700
03070000000306070304010605020507
02060206070001040404070504040407
00050305030400060105070403040506
00040304070601060507030705050607
06030700000503010607070107000307
03020005020506030300040503030202
00040207040105050307020305060201
05050503000506040107070403020203
05040406030104070106000002000705
06070005060007020103010201060704
05040003050604040605000302020201
03040707070006050306020005050505
06020606030200000604000306070203
00070600070106000505070002020200
01020706070004040303000002010501
07000305000102060201030303010206
05000702040707030202000006020201
00060201000202030600020207070504
07040600060006070402050506060404
00070004070704070703070502050402
00060204020702010600070707050604
00060107030500000701040601060202
01030702010507040606010300060605
00070004010100060104050305020402
00040700010707000205010706000701
01010500010604020706070506030304
04050200050002000507010007000000
06030507040705070200010002030207
01040601040002040602050204040705
06070606070307030301050004070305
04040106040500040701070505000601
03060005040407050004020605030000
06040105000101010107020503050402
00000403070003010605030102030506
02010702040505000207050204060202
04070107030204000604070404070401
06020205040005070207010604010207
00040301040704050404050707070607
00030604030105070206050006030201
02060605010106050603070404040201
02020006010305000405060007000302
05070404020601070207030003030407
05010606000702070003010201010306
02050202000104050605030606050504
02050007040202040604050006060201
04060606030002030201070203010300
00020300060702070205060206070702
03070505040303020600010704030707
03070505030504000007070203020605
05050200040204000705020203070200
04060501070601010400070703060405
02020303070604040400060506030706
02040504030206000007070505040201
01000303000201000305000607000406
05010000010500060503030206010703
05010702070702000706050304070303
03050500050505050705040705060506
02050205020503010405040107010206
05040407050401020101050601020700
05030004020003070406070200030002
02010400040306030200040402010203
02030201040704000005070502050001
03030107050403040301010100060405
02000201010204030702010606070206
05040606010002000404010003010301
03020701030605030301020001010302
05000407010103000107010400070606
07040107000605040403000203030100
06010306010302070502050707000506
07060600030603000705000101070300
01070000070303020306060604050000
06000304030203030600040107000005
05020502020700050703020304040705
03070603020403000601030105050405
06040507040603040000030203060307
07010306000201070306010407060406
04040101000405040100060707020505
06040101060601010603040102070501
02040506040505050006020101060300
05040504040300040107070304060306
06030207020206010100030000060605
00040300070500050306030701020407
07030404040300040603010100050601
06060404050204010505070206000007
01060100000205070206050701020405
06020303060105030205040704040307
01060705040201070007010000010704
02070303020505030204010404040003
01010707040605060200030107060507
06040101060101070001040007010205
02050307040204050700030101060404
01050203050201070000070704070703
03050602000606060007060202000102
07000007030000010206040601070503
06020404030007000203060600070300
02070506050404070005060206070407
03000005070704070102010405060706
05040602030003060206020002020504
05060105030600040700000303070502
03050000070305020105070607040202
03020605020204030306070203030606
04000007030300010305020207030207
05040301030303030400070300040302
06060701050107030704000705020106
04060207030705010204040505040600
07070300030204030506030702030500
05020001050506050102030005010303
06040107060704030706000606060600
05010202060702040205030001050203
04050503000405040306030407030605
02000102000003070007010305060506
04070403020203070605020306060307
02030700060604000001010006060103
07030000060701040505070307040406
07040406060403070504000105040601
07040703010506060500020500070303
05020600030506000504030407030107
05060405030403040206040600030200
06040503000001070300060501020102
01010607040704060703000400060604
04000001060505060300050102020106
00000505030100060602050303030501
00050101070504020100010003070502
01070603010105050005060301040106
01060107000502030204000007010706
07030000040002020504030102030302
06020101060600040702060505070701
00060101020107050601050600030002
02060002070505020003030302010101
02050005040006010600010605040103
00060404000104060100060300020101
05000600050404050604030004010701
01040204070005030606050407020600
01060607040305020607070504000204
02000506040701060207040601000305
04020403000606020606010106070206
05010200040707020605060100070606
00000605020503020402050201030207
03050305000205000501020701060405
00010202030204030500060504010301
07070304030700040104010304040201
00000101070301030206010102000402
02050407070505030607050602040206
01050305020204040502070302040306
04000207020305050403000500020701
07000201070504070200060606070607
04070001020602050103050603010305
05040602050404010600010003040401
02070403030305010107010303040407
01060505070404030403000001000706
07020306070304070205010200060701
07040007000405030202020103030004
06030007000407070704070603040103
03010202010202020607000006050606
02060504000303030406020704070206
04050304040302010305040006060600
07010703060001020402010506040101
03010204050505050601010406030400
07070607060702070506030603010307
04000305010407010403010605030507
01010100000501060700030302070602
00040102070406030204040004050103
07060003070501040007040601060001
04060207030200010600020706030706
02030705050107050402070605000203
05060006020307070104050101000707
04040603030407060503070500010606
06070504060506070607020306020007
00040200050407040305050107040406
05070300050403050604000207070305
06060301020306050303030500070004
02030600050104000307030700040004
07060403030607030506020001050004
02050104070307020303000606040604
04060105010700060702000100010400
05070503040401060003030307070704
06050706000702000602050005030704
07070302010301060302020101070007
06000107000500070607030301040504
03000304070403070007000406000105
03000002070204040004050603070504
03050004040405070601030406030701
03020501000602050006050700020300
00030004050605030200030306060200
05010305020100020307020004050107
00030001040002060002010302040000
01030505040203070707050307040405
05050205010502040602030207020105
01060704040506010003000505010607
00050300040604040200050104040005
04050707020200010505030505050607
03040207030201040502050407070707
06010407060404050504000700000707
06070200050305050201070605030206
04010305060702070202010406000407
05050403050504050000070104030105
04000500060607050303060102060505
07010205070505010701030400060001
03050500010005000601030006060303
06030303000004060200020305010101
07060107040403010207030002000703
07040606020402010403000204030606
05070306060702030704000404060204
03050306040401070604020404070701
06040600060200040302040606050501
03000202070604020302020201010606
00030705040706030106000407030307
02010505000006070506070506050504
04010605000702030603040404060706
01070407060102040000020404030506
05030301050605000501010503000205
02040007020306060702020304010005
05040102020500000701000600010303
03040101060502000702050005060407
02020001060003010507070004000305
01030400020307040107030504070601
06030302000605060606020103040702
02070602050505070402060005050601
06000706050000010507020007060300
03030503020307060101020101070500
01020304070007050601050404050003
01040002000105050604060204020003
03060303050604030300010500040501
07030406010400000703040507050003
07030302050201000704000701020007
00030307010500050706070106050701
04000704060307010303060105050001
00050607000705030502050405060004
06020006020107020206050700020604
00000701000401000603000100060101
02070401000707070705000206070203
06050503070700060406060501010206
00000502040703060503010500020201
04070701020105030706040706010507
05020107060503030405050307070407
03060101070602010604060003010002
03050702060500030703010300030503
02020101070407040200020602050503
05060707010302020203070105040306
01030407010707070505000507040300
07020005070501010305030504030402
06010303040206050705060300040002
04000100010404030406000505000706
02030106010100010204050304070702
05070403000705010101040305070503
02000206040505040206020406010006
03040307010700040302020604050301
05070001030006000007040500060604
05070104020200020104010205030601
06060303030104050104060500060106
05000207050107010506050105020005
01000401040104020401010102020402
07010002010002050602040103060503
01020702010405060606040400020004
01010001020305010404060105070603
02020004020403020605010302050003
06030204030502000203010706020604
07000407060607030204000607070007
00010500030300000402050700010207
07020306010405060204050207040207
00070006070203060302010302050306
05030102060101030501030705030204
03060404000507070007000500070403
04050404010505000301020606060705
03060104050105000303010505050202
05000506030603010504070600010105
03000707060204030202070307010400
02010102050704050301070102010302
03020600010303040101030703060507
00000105040603000103000004050600
07060106040200070100040104020102
03040704030400020300070401020307
00010006040000010506000102040403
03020207000204070505050301030104
01050707060707070106070102070605
04000307040002070301030201070703
00040607000104030701060505040105
04040500020603050103050507050103
00020007060503060004050107020303
04040503050505050002040703050107
04000400020700000102020707060700
06040001040007050701060402010107
07060400070404020602040406010706
03040400070502030300070701000101
07010304000300040706060402030700
04060100030101040007040206040207
00070105070201010506050401030203
06030500040706050203040703040300
06000200010101040501010302010502
06020404010202050000030603010700
02040405010601010605020403050307
04040100050206020507030505040106
00050002050300050305050302030200
07070402050204040503070107000507
00060000040604000304060404040707
06040503070703050507020604060206
01000603050405020700040001020100
03040701050206020700070402030006
02050702040403040300050203000601
03070201070505040504060407010603
02060303020004020203010702040701
02010105050604000400040607010607
02050504070002020200050001010306
02030703030405030302040707060702
01020707000602000001050102060307
05000103070505010703050606040304
01030707030307000500030701030002
00000602000507020005040104030702
00060503020504010201070002020700
00030203000705070105070501030302
06070000030104020005070104000600
03020704000504010500050505070507
03040002040101050602070206040606
06010403040304060701020604000504
07060600010104070505060700040706
03040201000707030507030701040602
03070004000704000703040205040601
07050307020300020602060507010506
05010507050000030201020706050201
03000603070500000006060502040203
07000707040605020305060301040300
01040000070303040106040700000600
07070501020607030601070603040407
07020401040704020106060504050004
03030202010204030602070104010305
07060504040400020301070000050102
06010103060504000606070104050107
00060704060606070506070706070504
07040005070102050504060205000205
02060005010600020204040507020702
02030003060604020706000004060307
06000401010100030303010300030401
04010501060205040205050705050405
05050301070307010503070504070603
01010006050207010406050303060606
07010506020406030206070406040206
07030002050001070200010007060307
02020604040206050400010501020102
06020304020005030303060605060100
00020401040505070003000401030502
00070002030300050407000503040402
03050302010707000001030400040402
05070207010607040505060703070702
03050106060602010704010405050307
00030304030100050102000702040203
01070300020103030707040205070206
02020601010204010705050305070201
04040406030406030404000001050600
05030607020207000002020401060203
00000000030503030001070507000702
02070106050604050707060502030600
01040605060402030306040403000704
06070105010503070507010503060405
04060202050703030000060506050506
07030507050504010502020200010204
07020003040602040104000606070302
02020304020503000102020207030100
04030700030506070004020604010005
06030406060606040402070000070607
06020702060502050500050206030400
07040007020604030702070502030206
00010604010500010606060404030302
06050601050300040404020706020606
06070403060100030103030004040301
05010306010002020100030707030201
04010306030301030205010302000002
05020100020706010302000702010200
03050607010100000006050707010300
01060407040501050107030403040402
03000300000400020207020007000701
02030104020305000006010203020104
05070601010301020002050206070205
06070601010706010100070602030204
02020003070602040603050105020002
05000104010305000400030507010400
04070300070706040205040005050700
05050305000404060700030000070706
00020301000202030707020702070100
00050001000603060004030102010105
04060007010107040701010506000402
01030104040007000402010306060705
06040205010607070607060504010100
02020007070105040607010200070100
05000203050207070207040305040003
04020007050303020702070503070402
06050303070204040406040306060300
00040303050307020206070601030205
06050102040100040303060601000206
04000705030302060206030602050403
04050701010102040403040105050404
02010501030604020401020407050404
05030704020702040604020704060101
04030105040105070000030501050703
06040201000103050402070500030207
01060606000604010003040206070304
01060005060007010201040703060600
00000601030200050201010005010704
02040401060002010203060207020004
02040401040100000204070606070005
07040502050501060302070307000604
07060307070705050003020703060705
03000304000501040305000104070006
00060704050306000606060502000605
01040406020206020401000102010507
03040205030506050305000405040200
01050205040703070505060700050707
06040207020205070100070604050202
00000700040503000200040706030205
07030105030507050602040201050104
02050004000206020401060402050306
05060202070307070101060403030600
04050003030300060107010104000303
01020007030103000200060603040104
05040607050603070707070607060300
06020001010503040501040300050405
05040105030103030302000303050503
01040706000602060004060200070005
03070702040304060102060704040105
07030503020002050207050600040200
06050401050601050401040205020107
06020402050104000003020504060404
00070604010005070701000704050507
03070007070104000002000502070603
05040601020700040301060103000604
06000501050706020302040507020507
03000406060106060505010705050106
05030301010601050505000604060306
06020102010606050201050402020306
00070205000306010306070407060407
04070201000302040601050202060304
06030505000703060101030607010006
05070705030706050306000302020600
02030003070203000004000104020406
03000201010605030205030604070204
00070701020101010305010206050600
04050602030102070406030606060603
01030503050703000402000703030005
06050003000501070605070205040203
00020302050104040205060201070007
07050601060301040607070704010501
04030404040200040501060202020506
06050501000005050603010606070705
06060007020104010006030503020307
01010303000200020700070006030501
03040403070300020703060706060002
07060304070506050001070007060506
07060405000406010303070604050007
05020606020201030502000106050003
00000705010604010004000500000704
06030407040307060405030700000100
05000301020301070605010301040003
04020400040503000101010502040204
02060006060706070302030007050201
06030100030404070307030004030105
01040501070002030606020007030203
01070706070705000607010103030105
03000302050004070507020003000202
01070505060207040201070707060006
07050205070305040105040706040603
03070605010101050100060205020404
03030006000500070604060705010503
03060504030006050702000506040301
07050501050007050402050403020303
07060206010601070204020300030602
03010602070704050300070302060704
05010403050206000203020104020201
03060503000004010305020104050504
01070506070400040503070602020300
04030406050602060005020301020606
03060307060402070502000302000607
03030002060207010006040003030601
00010300030403060101040704000406
05000401040505040202060603060601
00000606000106040001010502020607
04040206010305040701000604000602
04020005060102030705040706060001
02000502070001010700040405030302
01070103030305040107060600050003
02050102000202040202010405050704
00050005020606020100060701020500
04070200050203000304030104020307
05020403040506070300040403030206
00050005000203060401040600030300
07000001020707030201050005010704
05040300000407010701010307040404
03020700060606040407030705060406
05020306030001000201040704000606
05070705060200060105030304000402
04020507010706030601030004060602
02050305030003030204060703050301
05070407040101000403070203050006
07050605040107060004000707030704
04000001060307050004030001060307
06010601070701020700030406050701
01070607050400010104030603020705
00060104020507020102010207050602
05010306070304000307030505050104
04000000040401040406010700070605
06020707000406000103020006050700
06030701050207040403070204050202
06000502030500010703070507040506
05020004000304070100060305010707
07000702050707060601030104000006
00020702040600050306070107070201
01030405020007020206070607010304
02070604000605020704060405010306
07000403010602000505010600060300
02030500040506060706060002020103
03010500070106020305030406010204
06020505050406070603010203070500
07060005020500070505000700010501
00060503060206050206050302010404
05040703010507070105010505020600
04030102060701000504040307020103
07040202020305060205010604060106
01040703040004010702010401000100
03000401000500050000000307010602
03010200060503060500010005000403
02040607060402010200060406060101
02000602010504040700020603050201
01070506060107050605060401030300
02060005040601040603040005040003
01060201040607040207000302020305
05030004030305000106050407050503
06050203060506060002010507020404
03010403050702010306030202060702
05040206000107070100020200070505
03000103040104030503070404060200
01000207070407060600070606010302
05070707010006020703040300040001
07070705020402020303050202040303
04040101020501020005070504070702
05030507040002040706030306030006
01060405020002030502030600070704
02050405030106030601070706040706
02060707030704010005030207050101
00000100000202070107070405060306
04010505070501050206000606020401
04070202040207050400000001070600
02010502070107010500030402050606
02040307070707050706030503030403
01070700040107040001030005070506
07010207040706060604070001060002
02050603050203000306060503040201
07040302070001070005030706070505
05070206010306030401060201060406
06030600000306060501050003040406
05030101040007070004060105000102
05050007070706050207020506030703
03030200000702040501060201070004
05010406030102000604070306020301
05050607010605010502040102010707
03020202000306000705020505030202
07040602070406050305010707020503
07000005010001030207000505040604
04070706000100050001050005040605
03030305060406030606070301060704
00050101020602020703030604070704
05000401020500050403070304070302
06030707050401020607000602070400
07050703050606030704070101050006
02050306010604040401030107050504
07070403020102070304070707040705
00050000000202030705050701010605
04040301050004050506030701050405
05030305060003030302010702060402
02070507070006010202060005070503
07070006060603030707000306070307
07000100020602070005040400000505
01040500030604050207020506020203
00070105040207030507070101070605
05030602070506030500030505070004
06050102010207060600030105000700
07030104020401020703050702000703
06010603040600030500030600030701
03070505050707060006050606030207
00010502000400050207070500010405
01040200000207050407050302070505
01010601000606010304070005010400
05040000000507040004030106060505
00050605030404060006000702020004
03000701050504020207040603030603
03050400000003060604040204010503
01030700070106000401050207060400
00050102010604030003010606010007
06030502010307050206060405040601
00000504070407050202060706070201
04010602040006010705010303070107
02050404060205010404000506010704
03030002060704000703010104050406
04060401040700060702040205060307
03010605050502040305030106020004
02050204050001050501040301020602
03060201070207000204000605000507
02030307020706020301070302000403
02040707060401050604070607070206
03050004060602070507060301030404
05000707010301060103000203070606
00040606010001050103030303000403
01070304050101030503010002060302
05060302060006060001050104030705
06020105020207040202060200060400
06000707050100040001020600050301
02060106030005060606020507000102
02000300030401070003070307000401
02070504070402000700060206050000
04050207020203020205010307020301
00070405040601030405070403040100
05040005050507030606030604020700
03010102070103000007070000050703
04010001000406060501030303040005
06010300060202060002050303010006
01000103020004010601030306060204
00000100050105000407050401070107
02050306070105050306020503070605
02000605060600010706020200030104
05070107050004010407070705030204
07010306010705010602050707020203
07060405040402010402040101010501
05000504050606000104070107030103
00030106000701060701010004030007
05060705030002070101030307020101
01010402070006020405010100000406
04020606040507040101040204030406
01050300060406010102040600030202
03030504060407010205060604030205
04030107030101040500060005040601
04000301000607050607000700010306
07060307050304030307040704040501
00070300040005070103050205060100
02070500050500020500040706050101
05010106010402030600060602070401
02050701020101030600000702060004
06050300050207070605020103030202
05030203070702040301040107020601
04070307000204000204010204070307
07050500030502050005020401070501
02010601030207050703070204060307
05030507000100030301010105030102
07000203020202030201040406040200
01020703070500070301030400070503
07010301050107030000060202060103
04000703030101030704070300030404
05050305000007070004050504020604
05020707040200050302000101040302
06000700030305010406050107030507
03050501010601010103030600070606
07030007010707030004030103070300
02060102070002050400000201060003
02050600050502030704060402040704
05030007050002070002010706030500
00020404070107050605040406010005
07060100020004070605050105000405
01000706000500040104030100000305
04060400000400000000040405060404
06040204000605020507040306070405
01020101010507000301000607050206
01070005010304000505010005020506
07010302030001030607070406010407
05040606040404060106040502000706
07020704040207030101020301040402
07040203060405060400000404040105
02040305000703070406070607030700
00060606070607040702060107010105
05000706070103050204060205030101
07070704040007060306050001050706
04040405050100050200070705000401
07050505040404070306050205070500
07020700030500050002040503030606
06060300060602040007050607020207
06010607000005030402040406070200
03060101040601070402040707070305
00070605010601000502050207000506
04070302000403030100000700030207
06040201010506010001040402060203
00020101050506040107020101030004
04050703030403020406060605000303
02070702000300050403070703060402
04020706020305050005020601030701
07070207060201040307070602070304
01040205060602060700040001060704
02010107000104000400020001030705
00050503060401070506020007030304
03010307060504050100010103050301
02000307000605070103040701000007
01020602040100010007030307030701
05020006060405060301060000040202
05010005040000010107040005030401
00060607070403060702000605010103
00040604020204000507050206050405
06010401010707020104050701060406
04000506070602000705050701000500
05010005000007060204020404010404
04010601040204000704060206070301
02070506030401060000070106070002
06070000050107010405000106060703
06070505040204070700000105070100
04010403020201020706060007070601
00040706030307050207020501020003
00020605020201000607040405000201
07030600020601000705020000010603
06020606010607060105010505050300
05020200020307060305020006030605
00010403010703070700040600000504
05030006040000030304040506060000
03050007040400050703040600070006
00000301050406070200070200070400
06000407020400030704050705010005
05010502050002030505020700050202
01050005070701010704020503010005
04000407000002010401050001040103
03070307040602060702030306050105
02010700060306050006000302050200
06030406060301050201040307030104
01050005010605040504010305060304
03020400030200030306070701030604
04000004000702000502000601030303
06070507020006020700070406060603
01000700030302000307030500060306
07060306000102060105070007070402
02050204000702010606000006060102
01030007070104020207010600050604
05060403030400070404050004030000
05000406060600010301020006020706
07060201070305020703000700030407
05070102040103070301070505010400
07050003070207010303040407040206
04070705010004060407000400020606
06050402040505020506050701020606
05010006000407060202070002020706
04050202060302030306030702030104
03040004070506050300010606020606
06020100000600050307020602040107
05050606010000010004010600060406
05000204070206040701000003040504
00010605060601020307000307050202
04060000050200040301070101060007
03050005060205060404030406070202
07050507030505020006010104070704
00030406010003020205050104000205
04070607050402030304040407070203
07060001040302070406040207070400
02020102040601030202040407000001
03040501070505000104020007050506
06000007000404030403020105060504
02020103070005040705030405030103
07070307040405010102040602010101
06070203060206000500070005000700
03070007040007000207050602030402
03010404050401060306030205070707
04070205050105060100020602020705
05070403010307010303030505010707
06070200000001020005060701060106
05000103060003050201050000070504
03050706020206040702070203060703
04040103070507000207030402050101
01070702000403040206050406010404
03000101050201050007000506030705
06060106060504040105070002070601
05050602000100040304000501000607
00010407070203070506060507040607
00070401020604000303020005060005
06010700020403050003070305060106
03000601060600010700050106000302
06040103060707070101040005000706
07070407000302020106040700060007
07000003020407020606060507030402
05010102070603030100050507040501
05060107030104060402020004010706
01010501010301070306050103020400
05010500040404060400070400000603
04010600060000060201010702040301
00070600020402070701010606060104
03000004020705070704000402050500
06070404020206050701060105010300
04030306020001000105020305040104
03040505030206020405000707070202
01050104060705050101000301020404
02050701030703000507030203050503
02060506070503010204030402030205
00040204000505040600000503030700
03070502060007030207050502060207
01000507060103020602020505000006
03060605070704010403000702030501
05060302020102030500000707030107
00020202060502010504040607030507
03060006010700030106020404060403
07020400060206010202030600010504
06000502060506050003060300010705
02040107000101000600020503020104
02030102070304040405000603000603
07070003040304000101030306070706
01010301020704070100010102040605
01070102010302000300060407050602
00030600020501010507020302040007
00000103050001010602070205060104
02000703010003020206030105020701
07020707000603010606040100040100
06010005030303050306000005040002
05010500030701060404000105020602
03010407000402000307060002030301
01030304070503060300030305060605
03060401000507060206010400000005
01000204060405050403000005060401
05070100060001050601000203020001
02020601060400050707060201050700
06030001070400020002070605060304
03050407010702040401040607040305
05030704050600020000000505050401
01000504020000010603040207020406
00060007010407000603020007040604
00020206070104030103050502050202
01020405000703060100040507010405
04060002010605060200010603030307
01000504000502060507040607060406
03040105050200010602000705020304
00030205000101050602030002050502
07070601000403000300030706000305
05040407050007010700050001010206
06050501030403070607030401060004
07030402030702030602060207050607
07000304030104010506060500010300
02040200070101050006010607020306
01040304010301000307030407030603
07000206070401010106020601070503
01030704060505040104050307070403
04010003030400000703060602050601
02060404020001040000060506010705
01030401030603070006040307010602
01010403000300050400030202070301
07020207030301060307020406070406
06010706030102000305020305050101
06020700040702000607070104030300
03050307030201070601030005000104
00020302060305030506040107020200
04010007060003020605010106040207
06030002010704040002010401000706
07070203070106070302060504070402
04060104070506000603010503060006
07070705030504010605070303060603
00060302040407030106030504020507
05020701020007060502000504040204
07030400030004020306070300010601
03070007010600010505060006020104
05060100050204050702000402030103
00060500070001020306040705050507
05010601060600000600010403070505
03040101070605040402000606070103
00060204030600060405050705070603
04010400050701000606060402030305
02000703010602010504070403060300
00000705050403010201030404000302
07030705060306000302070606050207
02030507060707070603010400010501
04000201070505070601070307060402
06060301040607060203040402000405
00040005030104010306070006060407
07020504040502070007020407040404
04010301050700040702070405000106
00070707050001060503000207030006
07010306040707060502030301000507
03010306030306010607060602060107
07070405060604000406040206020300
02060701020104050403040406030500
00050603050002000002040302010000
00040205010303020100000606060504
03030707020106060702040507050104
06010606070504040100020406050303
05060203070104010300010406000502
02070604030002010604050506040302
06050204050305030401020100040406
01040700040301050704030107000602
00060002010506040505000402050005
06040501030003050207030705010106
07000501030200000405000204040304
05000206020203040300000305000307
03040303030705060507040206050505
00030703020705000207070501050001
03000706050206050407000604050601
04000205070002000005070507010702
04020002030707040406000304070006
07060300020101000107010307000404
03070001070406060601060204060102
01060100000301030002050605070205
06000304060601040700000205010203
01070404060402030207060103020400
00010104010207070307060006000600
06070406050007010100070400020700
03000107040507060303000705070505
04000304030305040000030205060407
06030507040505070602000000070002
01020503000302070101050203060104
04000502010106000400000303060207
00010601070201010207070506000304
01010703070602050102050306060701
06040503070401040604060606000700
01050307070607070502050204070305
05010700050004010007030203000606
05050101060502070704000302030601
00030006060501020600020601040303
03070700060503060304030403010500
06000304070102060706010404020704
02060105020007040306020302040704
02010502010303070702060204050400
02020506070404070104000403060607
02050301070105070102060105060604
06060700050407050000050007040504
04050303070006070201030301040704
06070104030503000601040205040202
03020103070401000101010401060405
05060501070702010707020100040405
06000202000300000407040407010003
07050602050406070302000405060104
00010005000000060206050603020002
07000300020207060207030500000300
05010405010206060703020206010001
02040305030602040202070200070001
02070505050303020001050504070306
06020003050705050001060103060403
04050401070200020507060104000401
02060200000404070405040207010101
05030407010007050000000207000506
01050100000604000605050502020507
06000105020000070404020402060302
06070407070402070705000604040207
01040704030600000100020705030003
02060303070507050003020200020400
06060005060506050205050507050607
06040505020000000301070406020704
04010400070404040205070403030504
03010601010105060007030306050005
01070701040203030102020405050507
01070205000400060304070706010001
07010601060306070403040704060304
05000007010205060103040005040607
06070505040200040705050006020103
04050301030703070003010602010505
01070505040200050203020504030201
02000702030602040105030407020601
03040403060700060001020004070103
00070206010406050303060200060403
00050603020701050304010501020502
05000402020704050302000602050404
03020507020504000003010106000305
02010503060505050303060500070004
06020700030307050500000604070304
06060500050701000507040400040006
03040002040203020207060506000505
01010503060301070600010103060000
04020004010602030202010602000204
00000002030200030402020402020405
02030503010700050304020207020301
05070700040607060404020607010605
02000603030600000700030004010603
05040202060307010602070605010307
02020202020604010203040203070707
00040007020600050302020503010303
03000706050402020205040201040401
03030503050104070303020604000503
07050200050507050400030500010507
04070604040601060007000003020302
02000702020600050605030401020507
06060201040206050500010104050205
04020406030300070406050004000607
03000403040106020304050600020305
01030500030605010001030402050107
04040607060007070407040602050202
00040402010001000107000700030602
07000001040400000407010102040605
01020104000406000304000204010302
00050705010300050500010304000700
00060501050304010401050706000606
01050101060305010200070702040105
06010600010403050304010702060101
02020107030700010305050207040005
03050206000600040205040005020700
02010702010000040101030001000603
06060200050403040502040501040702
07020201050001010406060603070204
00070001070706030707070600030402
06030200020705010303010503000402
06060006060201050207010002060106
03060006030706070200030004000101
05000000050500060706060600050303
04010404060505000005020600030000
01010607000200050006010603040201
07010104070701020300040706030401
02050705010305070304000005050706
06050706040706030003000603000502
02010007020304070403050105030507
04030200020300010001070300000700
04060700010606010507050700000601
06020707020202060106040304000404
05010205050604020006020004050001
06070403020001030504070303040606
07030507050000060307030304040401
02050702040200000204030103060704
00010006000607060102010501060403
04000405030205060502040207050606
00060404010006060403030603000504
04000107000700030501030203050602
04050402020105040303000501000607
00020304070005020407040107030301
07050305000005050707060700000503
05010407040204010603030706030006
01050406030402040106060502030601
04070100060401060003070705070207
07030702060503060502000000040601
07030105040107040302000405060707
07020605070603020506050602020004
02040603050505070304030004050405
06070100030506070404050007040002
02000304040305010702050304000702
07000606040004020004020404050307
07030707050101070704020702040306
01030703010706030701020601060501
06070606040206010606060101030004
01070007060607040202070402020102
00000205030205070502070504010706
05050101070402040504030703010403
03060707060007000107010501010202
03000505020406030303050406010301
05040105070604050201000102030305
04010002030502060500070103000707
04040406030606030706030605040503
02040204000600020307060203060001
07030002070600050304070402010102
07040505000501000302030002010102
01000604050000040003000600060106
05010101020304070500060303040103
05060701040603010006010701020504
06030501010006010000060304050002
01000600000203070403050403040600
00070400040206050203050003050305
01040705000402030601050505040604
01020500070706060103000103050301
03000307050502000002040304000605
07000305040605000201030707030007
06030101000500040105000403010704
05040001040302010405040000000701
00070201040401060505020603050502
03040101010607010402050102030001
00000104060601020106020506000402
02030706050506070601000303020101
00040700020206040403040104060303
07070502060306010204000505000305
05050107050105000104070207000102
02030701020205030406020505040105
03010506020701020002000207040204
00030502060504010301070504000204
04040604010301010000030104020003
06020007070202050500070703040102
00050301010406060502070706070400
01010700000603030607020706040607
02020400070201010002020500050704
04070606010601030304010302030305
03020707050101010501010700070604
04020603020406020006050501070300
01010705000005070704010703060405
03070304040204040702000004040407
07070201060101010706040400060606
05010103030702050407060407070403
07000700070705050405030104050706
07020104010307010000030505040007
05020505050004020706050201020502
02040703040204060205060504070701
06020700060406000104000202000202
00000502070307060006070401000205
01060600050600050002030605010203
06000200000101040406030205040405
06010507010501020302060004000607
07000202040304010305060500060207
07060305040702020207070001030400
00030101010003070706070100060204
00040400050707030202050303020205
05060106020104000604060404020306
04000601060401020007030307020405
00070703040001040405060200010607
04060402070302060503000500070602
07060202030605060001010504000605
02020406010207020502010507010101
02070506070106070507010403050202
03070303000403030700060603050402
00030506050700000606060602050106
03000200070400060300050702020000
06020203070207040703010204010703
02070004020306030302060702040504
02070206030300040000000106010501
02020702030706020405070202050404
01050407020306010005020305050102
00060603030105040206000601050601
02070002030101010704060602050705
06070601050603060005050604010103
01050404060302020006070606010505
07010306020601040204030400070304
00010307010204020102020204040707
03030005030502000105070103070403
01030403060503010503050400010702
05020303040501070405030306010107
07050402000504020600020206070104
01050603050401030405020601010601
04050006010601060407060301060303
05060007040702010706030700070303
01040002070602070600040701020103
02010004070406050707060101030206
04030401060106040005050701030505
02040104000607050405070602070300
02030103020205050300060306050005
02020605030607070105050304030706
05060107010107020606030607030405
07000306040205060005040305050503
05010204010401030403070104050502
05000400040705020402060706000404
05070707000306060704050300070702
00050106040302070004010506000001
02000003010502000202020007010104
07030205050500020704070401010005
03030306020404060504070507040003
01000301040200030403000105060403
04030307070104030503000404060006
06010302030600060102010201070003
03050705020007060303020000010107
04020603060207040503010104040605
00000005040105070103000204030200
02030303070600010305030602070503
02050505030206060402000403050607
05000407000207040404040501000100
01030405020005070701020203000701
05020702000102070300010400020300
02000303060700000703060201050507
03010206040702010206060607010502
04040005020102060506050205050403
04060504060502070306070305070401
06070600050601050007070505060607
04060204000706050205000501010504
01040005020306000606040000050706
02000302010205020200020005070206
01050107040704010503060702060404
05050305060104050303050305040502
01010307040701010000020105070202
07010605040005000100060303060401
02040001020405040403050705000004
04050005050207070004050602010400
06010600060700070705070300010501
00070702050505060304020105030104
00010607020006000406050106020206
04040307050106050400020105030200
01010100070703010405070303060503
00070104020304010303020507030301
02000202030100070303060707020107
00010705040601070105030404040002
01030100070104020204020000050204
03070105020705000300040304070703
04050607020501000202060301050303
00040201020002060000070601010206
03010100050301020206030504060607
04050207040405040401020005060404
04000403060507010204040704000207
05020504010407050604040404010506
03010204070103040003000506040602
04050107020707070303040507060301
02020704020104030300050201040202
02030600000703050701040700020703
06020505070305000102050303070703
03070102040101010500010504010203
01070403030403050503030406000204
03070100000304020402030004000207
07000307040402070003040203030601
04020702010402000106070502010201
01050707010103020501060700020504
00060707020004040500000100050606
06060300000001050705020601030201
02000306010504010704030703040705
01030002010105020703060302010201
02020502040706000500070302060200
00050504010601030607040506040502
02060706060402070302040503050603
02040202050504000704070106070602
00060107030406000704050204060500
01020503050605010006010103070403
03000600070304000501000402040501
04050204070705070405040603050505
07060700050704060507020603040002
04020301010504070600050100030502
03060502000001070302050702010706
01000301060300020305000705070105
06000507060300010402070104060404
04010700070300030107010100040203
04070205070206010307030707000706
02030100070000040707060000010006
00000700000703050001060001060605
01010100010500030602010202020001
01010404010001070607060001040306
02070601060502040601050202020306
01020402000505060404050200070101
03060204020402000505070500040502
00020002030107070405070103020503
07020204040706070601030002030106
06020607060606000306040000030700
04040504050406010704000104060200
07020307020403050107030107070506
05040604040702040405060607020203
02030504050606030401020000030004
05070506020206060503030504030203
00070705010106070303010003000204
01020403050103020601050101010401
01020705000507030601000506070501
02030707020000030404000001000105
07060203060200030607020406050600
04010401070305070001030401010306
07060103030401060406000302040602
02070205070403040704050004050204
01000001020400040505040202070504
02060607050003050405070701010604
06050205030505020000030503030206
01010301000705040205020103070703
01050102040206030503030701050701
00010503050301070107070304040605
02010601030304060307020605020405
00020706030501050707020407060200
03040601040405060502010606000507
00060001020602000405060501010103
03010605060102020501050302030603
05040700000304040504040107030700
05020303060103010506040104070707
05020007000606070507050003060303
06060001060205000506000606060700
03040004020104010407040602030505
01030601070002010000000605030406
07010100050601020701030101070203
05010402060202050706000100060705
04070103010307070105060601020302
01010506070305050206070205030103
03040501070207010306010506060502
04070006040303000503010403010206
01020307010204040506040407050706
06040301050103000500040707050502
01040301070704040703060605060005
06050606070207050600010403030502
00010404070707060303030007060002
01070205030004030000020101070304
07040105060406060600010300020307
01060407010401010707050705040707
00020406060607020300010503020600
00020401010402050003000506020300
01060300060705040205030301050607
07060702010607060305040007020400
04030305010304010605040503010206
00070104020000040005000002010305
07040104020403010303070302040603
07020701000102020407070102060701
00040203010306070005070105010204
06000705040107020606010506010604
01030102010701070705070302060605
02050404020607020200000700070607
04060104050604060007030000030407
05050703000706060202030002030407
01000304060402000305060705040507
03040606020201040005070502020203
07040202060602040103070505040005
01040605040200000107000203000607
05020603060703030303030307060307
07070307000503020205060106030701
06000502040303000604060001020503
03070607070706070001020606020207
00040703050003030604070500010107
05060307070402030300010602040206
04020705030600040203010606010401
00050304020700000506020705030607
07050307040004010500050402060600
02070707070001060406030504030405
02000702000003030501060406020202
00060305040105000306070607000507
03050505010600000005070002010601
04040401020203020506050504040202
07000506050103000303060701050301
01000407020101060306000105060500
00030206070205040102030600030701
06020101030006050005010205000402
01070405060300040401040506050400
00000302060605000704070405000702
06060005030201000501060404000605
07030705060705050005000500060605
01000601020503000207030407040103
00010101020304020401070406070200
05040103000303010307070302060602
05060502040702030306040300070302
00050705010305050000000500060606
01050104010407070001070503040501
02060506000001070104050106060404
05050606070703060305050405060606
01040406060202060103020404030200
01050103030500050306030206040106
04040307040702000701010605030103
04050502020601060701030202070307
02070307000407040700040705030103
05020404030106000707050605070106
04030602050104020105050405000101
07030305040401040600070106010004
03070501040601060401060501000205
05010700000107010403010004060703
00060307030505040105040105040107
00030207020406010304000106060207
05040006000003000504040604000700
02020702030607020000030307010001
03070400050006020304000506030703
05040307030500030405060202050305
00040702070000060006020406050301
00040605060301010104060103040105
07050304030202020600000602040502
07070402050704070105020205040503
07050606070603030605020105050605
01020403050703030102020100010300
04050205020306030407050405030404
00060604030701050102050305030003
00030001000001060507050107040206
05020302030601020105050302010202
07030504040102060203060202040104
03010501010007070706010504000501
06030300060405050306020302040602
02050504050103020307010705000103
01060003000406050302000602060707
03020106040704010103060706070005
05030703060507010505010402000001
06010103040506060606020007020303
00010304050603070404010506000102
07060500060507020003000107070505
06050201020504040103020403040503
05000401040105010004000100020600
02020104060306020407040301000500
04020400060305040203040502070406
01000206070205060305020404070100
00070002000700020401060604020201
05020007010303050701010501050306
03050207050707030400060007070303
06050203000003030305010002070107
02040403060105010103030104070406
05010301040300000304050103060602
05040105030604060301070606030506
07050604030702050403050203020202
02010406000406000701020503030507
06010005070003070404020004050103
06030606020500010401040300070203
06070607060304050406020102070204
02070203030301000306060207060407
07040105010404010601070602000701
05070202060006020504030006010605
05000705020302050106060001040106
00030702000201010704030003000600
05030300030202070002020105050302
06070702070307070301010105030302
06040404010506060202040006030207
00020701040401060002060003040705
06070101010401030304000003010102
02010702030404000504070005000303
06010500040206030601060104040200
02060703000104070500070301030203
01070503060105030502050104050602
01020001000203010704060604040601
03050302000604010001010501010505
07060103060503020100040100020605
03030101070704070206010702000606
03010202000003070400010500070704
02040706040404000304010402040101
04000005040303060701000004030605
01060007010606070003000301010501
03020606010104020700020406040606
03060301020707040207050500040404
07010001030207010404000601000206
00070400040503050102070306060600
06060605060104060506050602010705
05030500010007000201010107050107
03030005010607050205050206020706
03050702020403040003060106000405
05060703000004000003030301000102
05000007070502000506050004010004
02060304060301010603060400070200
02040602050707010707060306010606
05000707020504020104010704050106
01000507060104040206050005050700
03040403010002040104070007030103
06030207050306070402060400040102
01020304060404050403000003030702
07060401000700030707010606040500
02060705020605030001010500070106
01040404000000050507050002000001
01020002020605070207050003060605
02070006070301000703050003020507
06060407070605070703020304020300
06040705070700060204040104020305
02060403070204020105040605070505
04030607070101050307020205060105
07010300010703060704070707040401
04070500050002040706060006070702
01030501050601050604030601020206
00060604010506060007020301040102
01040602020505010007060305000701
00020306010503070705020505060402
07040000040102000001030101070202
03010203010302020304030707050505
06050405070203070604000503040606
06060000050406040402000703010702
04040402070506040602060003070400
02020101000304070200020402010306
06010405000406030105020105010200
02020300000105070707000007030205
03040604040706020304070403070006
05050003070607030405030302030001
05050201020103040202060504060102
07000706000705020104010700030203
07060501030101070507040504040207
03050406040306050406020402000103
07020005070203060207050503000001
06060307000207030200010204060201
05030206050303040601000506000704
03050002020200000000070101010200
01000107010606040000060503000202
06000506060003070101050704020704
05040200050300060103070200060705
06040605040601040205000702030600
03010000000004020401060406070606
03050202030203070001070407030407
07070104050100050403030202060703
04020601010500000000010606070506
05050501030606020004010403030307
00070302030103010507050705070000
03020401040503010301000506040404
06000100070303070701000705040602
02060200010307020107040500060305
01060605000606010400060006050707
03050700030503040605070001020201
04030606050701060106020401030603
05030000030505020600020204060405
07020103040305000104040306050700
07070107060101020307000403070702
07050407010603070002000403000101
01020003030100000000000401070104
04020707020105010203010100040004
05060303050106040106050406070304
06050602030300020107040100070407
06060007070206010606060201060701
07000003070607070507070506040705
06020104070403030307030302060005
03070102050006040503070007050607
03060705050202000207050003030102
04040304050103020600010700070300
03060504020701010706040007040701
02060004020706020601040005060304
07010701010007060605010203010007
00060103010202000107000205040001
06040104070104030701010604030005
06050104060105050303020105040505
04040700000506040603030603000306
06060007040603050601010005020503
05010406040402050401040301070706
05060402030600040105030400000503
00070403040602010400000107020301
02030502060302030306010005000201
01030206000003020104020101070506
01070006010607070107060105040203
05030501030503030105030302020701
06010707040104000400050402070206
03000702060306010206040402010202
06030703060204020203020203070406
07040400050704070205040104050201
05060004070500010404030406070104
00050501050403040404020302030502
01000502060600070501020704050707
02040402070404010707030400020206
02000700020000020605000302050106
00030107040503020400010205020002
03070502070202000001050200020702
00000707000004020203000602030405
00020500060402050600050107010703
07010104040700000606020201050105
06050201000502070307040603000501
01070505020405010706070203040304
05030603030503000101070000070704
04010306060505010500040302070102
06020104050101020405010106000703
07030103040104060606030307010505
02030404020203060001010001000004
06030405010701050507010105040506
05060000010000040400030405040300
07000300040606020706010303030106
06070100010706000100040600050005
03030505040407030506000205000105
06070001060201070403040506060501
05020302060701070003000701000203
02040407000105010607070201010105
05020107050607050204000006070604
05000004010004010601050704050404
06070003070305060102050206040404
06000707050103000204040205070606
00060005030603070700050402010105
07010006020503030206060107020201
00070204050301060203010505060207
00040706040003050200000203030201
05070206050304060501010303050107
01070504060205010204060303040103
01020100070006010202030003030606
07010004030301020105020104070505
01010706030502060606070505040401
03020506050701040705040300020107
03030304060601070302020402020000
07060003000702020501010102070105
06040001000100010307010100020406
03050300010506060605040002050000
06070004040203050200020307020207
02010306040102050304050607070506
02020201070400060101040704030504
02040105040406050404070404040403
03040103030107000602040102070501
03010502050405050302010604060702
02060604030300070003070706000207
05040307000503010203010103050700
06060507020604010105010600050005
01050605040401030402070206070102
05040505040303060404010003050704
03000305000201030104010202020100
02030600070606070104020002020200
05020604050307070000000407060602
03040305020100030505030102010005
01030004040605070600070306060406
01020305050500020705040101020204
02070006030500050406020005050506
03040405020506000100060602030402
04070207000703060104010603020500
05040001070703070004020005000002
04010704010400040704020405000501
04060100070301020206050105070700
02040205010401070400030306070400
06050706060407030506010407070607
01040205050601010106030406010703
00010502030403060502070407060107
01000201010001040104010302000101
02010200030204010607050104070407
06030407050702000700000704020504
06060604050106020007040204050204
04040303060007010302020702070002
02000404020006050300020005070305
01050704040007040104040602060307
07020000000203020006000602070305
02010202020200030505060402070600
02040403020702030202030503000601
06040202030302020404010300060104
01020507030301020306010001070106
02040407040000070202070404050504
00020304070300050407030003070502
01070705050706060307070003000600
06050004030200070303050303030705
02050004020607000201070201060704
01000701000207030701060507020402
07060001050307040707060505050701
03020402000300070706010700040404
00030003030005050107010403030000
05070104000502010307030103040503
00020600010306030200070202020307
06070007060401060103000306070604
05020702040501000105010104040406
07020200030204050207000100030705
01040304010103020702050102050702
06040107070702070507070602030606
06010706040306000407050604030500
00010100030500060307070102020604
02030007010407030602010307070000
04040504050404070202030301000502
06060600040701070704040207070207
05020106070302060703010600020407
05010503060201020102010007070003
04020605030301050202060200010706
02030400000205020100040202070304
07010300030706060607040201020100
07060104010406070301050703000402
06050004010503050604000201050401
07050202070702050700010004030504
05050404050207020201030502020005
07070603020707060405020507000300
00000407060206060003060105070003
04050401060300040607010202070307
03020204010404050005060501020004
00030603060407010105030202000605
02070103050701050304000700060405
00050602010607040103060504000106
07010105060006060107070305050507
00070704070504050707010203070404
01010405070203040605040305050006
05000106060206050100070702050605
06060006040601030604050000020702
05020304010303030305050703020304
00000107070403050606060002020504
04060007010606060203000000010200
02010005020402000506070702060104
06010606070107020507030503050102
06040407070100070001000303020402
01030302010307000507010406040300
04010507030001040701020607040305
06040200060702030703020606040601
05050305020504010102010005050503
02050401050404050007040506010003
02010204000603010700070300020001
04050604000001020507070604000001
00010701040405000202020606050502
05030207040600070006030203070605
07000304000007070400020507010503
02060203030407020305050203070206
04060401000302030703040306000502
00010703000205010405000300050706
00000600040300000500030304040001
07050607070205020204050506040607
02050203010005070702020404060505
04010302050006060102020204040706
04000402010307070705030002040107
07040307030305050701030206030603
07050106040506070205050600030607
07000106070603020404010507030003
06060104070001050505010106050005
01030602010007020701070100050101
05000607060101050006000204020605
01070203020001070401020602050304
05000403000302010205070502030700
00070601010306040001020701030406
05020103010103050404050005030701
04060700040500050301040307000704
07000403050401030106030402060107
00060707020202000405040504070002
01050404040307020502070606000102
07030404030600030001020407070600
07040305030703020405070502040001
06040707020200050305020203060402
02020205070705000703010704030300
04030703030002040302000400000201
03040606060303060501020000050305
06020305050404030105070104060506
03030606060106010302040507030707
04050007070402060104050101000204
00040706020105060704050600040101
06050403030206050403030105030507
05060706050006070400030202050105
05020306070604010404030304020106
04070606010103000205030703040102
02010404060101010700020307060704
04010104050004070305010007010706
05040004070202040106020407010105
01010304070503000100070305020201
01030602070405020100060402040000
04050300070502040007060600010005
02010404060106070405030202040600
05030207020600070305000604030201
04020601070500070301010603040602
06050304060401060406000007040507
03030507040203050707060506060100
03020407050106030006020301060300
01060407000506010701070300070306
03060306030606050605040506040002
04000207030001020400030202020301
01000507070307050303020100070307
05000407050400070303010002020202
03060203040606030202030101040700
04000401060307060303030300000301
02020406000101010501060504010607
02030207000100010002030507010302
02040404030001040401000307040702
03020007070405070104040204070305
04030207030400010107050100010302
04060206000103060500050204020001
02040002060207060701060607070104
05060003020502000001040100010507
04050006040000020501050206070101
00030704000204000701050400050006
00050303030104040202030602050707
00050302050303020000070703000102
01060104000602030007050104070206
03040604070505040201040304050304
06000503050501010500030004000303
06030201030303070304010400050202
05070207040305000002020005060505
01000201060401050301050604020301
01030001000601070700000403070004
07010305070303050501020306040307
01050703050200000004020201060205
05030204070507000407020200000503
07040403060104020401020406020001
03050400070501050500020306070207
07030304040706020501040403040003
04010101030001000003000200040103
05000304040403060102060705050700
01070301060102030200050507040403
06040204050503060401070203070005
03040400070202030302030002070306
03030200050402050505060200040702
00040703070203040105000405010001
03010604010206000402030101070404
01040306050505020007030307040503
02050606030202040700010707050104
05020506050407050407020001040105
01020107030503040603070303060700
03020306020400030500000700030604
03070606030404070407050506020001
06040303000407020004030006010205
07060206020405010206050305030704
02020307060601010603010007060201
03030504000207070404010405070701
00030600060304020607020601070607
07010102030605030707010303020700
06040403070500010503070706020601
07000206060106030207040704000005
03070205030606030607070603060602
01010003030104000400050507000006
06010605020106070700070002020507
06010606040402020200020002000406
03030304000705060206060605070105
02040707050406070106020100040302
06040602000207040500070004050307
00000103070006060101070407060205
02040603000002020000060607070701
02060504020104000202050503020203
02050405060301010400040502000201
07020602000504060306050607010505
04050203040106000304010300020705
01010700040400010703020106000007
05000707020103000507060006040603
00030307070300070204030501050703
00020302040001040406020304010400
04010102040301070403030206050600
07010605010401050203070507060407
00040701060704020701020304020103
06000403070207010406050000030503
00030202000501000306020301040507
04020700060300050400070303010202
05050207010502010504030702060003
01060506070403060702000601030706
06050106010305000101020505060002
03020400010202010104030107050706
06000504050500050405050607040205
00040500060200060004040407030400
02000305010003070707000200010205
02010403050207020500070706030303
07020601040004050203030502030107
06040200050404040501010201020204
01050003070707030107000106010001
04040004020300040002070307000604
00050504010603040306050701020100
06040605070706060602010304000201
01000700010305060104000203030603
06040103070604020307020007010604
02030707040606030402030200050204
04060106000402030301020204020703
06010602050605000504070206050006
07040701020605020005020103040301
06020605060204010402040004040006
00060607040207000003040604000601
02070707030606070407030703010305
02010602020106070201040702040204
04000106050702010600040104070704
06010704020600010406050203070600
06070002050104050002010506030605
00070206030302000206060100070704
02010503040503020605070301030506
01050400000500040205050306050400
02020305010304020500050006060600
05060401020200060606010102000705
06060303030501010603040501070106
06050407060204030003040704030404
06070705000406000601060505010106
07020004070003070401060207010006
06050407010205060406010003070207
05050705040104060003040406030405
03020003010605010207070605010307
04060506070607030704060103060702
05070101050701060004030507010107
06060602060100010200060004040306
03040206010307030602020303070207
04010605010706020707060000020106
05010700060406010405040302010007
05060705050400000305020506060000
00020404010407070506000002020202
07060604000701020706000204030001
05060400030201070601010206070100
00020202060603010506060100050603
01040307040306000500030102000106
07010404040304070004070402000604
07010005020302030102060106060605
01050007060207000506010203000106
02040003010207060105040000030301
02070605060701010307020500050100
02020205010001040300050602010402
06070002020205010606000404040204
04020701010203040105050203010604
05030107000701060000020105000605
02050506030007050002040203070403
03010207010106040002070207000705
04020200070207060107060106020007
01030401000203000300010206020001
02070301030700030201010305010403
07000000060703020400030107070207
04050301030502050700070702040607
04040303020404050105040407010301
03050407000107010200010505050200
01030507070704050207000604060501
07010206010001010704020305030607
04000700010406010501060103060404
04040701000106060003020406010504
05070003070406000301070604020502
04050601030303010505030402030503
07070703070601050503060402030203
05040605060601070204010703040002
06000404050406060704030004020305
01020701010000030603020305020406
00060106030207050605000002000303
04000401050005060004060301010601
05020203060104070401030005030707
01010207010205030200060603030605
06070401050001070200010500030102
06040304050607070400030302060500
04000300000303030703060405020504
00040102010003050204030206060107
06050604010407010700020502010100
05030401050703070304000700070306
04070000060607040202020604050503
00000405010401050105030106020100
05050707060504040506040006050604
05010004000202050100000403020106
03040002020701020100020402060700
07030104030707070501040200020204
05070407070106030107050307000302
06030401040501050505030505020503
04040104060006040003040207030400
06000005050100070507030306000502
07040007030506020500050405040503
05070200040403010500050306050006
04030603060303000502040100070405
04030506000604000405040001010200
03070705050006060104030606060003
00010201030103030206030405050400
06000706010707000003070703000101
04020702010303000506010303040606
05030403070406040303040500040100
02030000020604050305010005020703
05050505030701000606020100020003
03040402060602040106070101050005
05030104060200000001010400070706
00010707010305070205020406050407
01040304030703030605060502070305
06060006070702010002040200000000
02070102040402010104040707050502
06010601070603010704000401020407
03030700050504010407020306020104
04030704000702050204020300070003
00010103010506040704060403060404
02000606060302010505010102020501
00070504040502020503010105030203
01000307000704020301000106070103
03030701050405040705070302040104
05050606010501070506070405060100
02070401070100060301020406020701
04050001040406010506010305040202
01050607000106070002040003050000
05060107060104070501070007010103
07050205030002060105070606000706
07060101010105060005010405010004
04050601070507060604010500040307
07050301070506030602040301030200
00030703020004020201050406010000
05050202020602060004000607040103
06060002070207020305000102060703
00050407030507030003070500040507
01070204020706040007010402060003
00070703020200020704000007030601
02030200010304040204020501000707
01030007020405020000040706030001
02000504050003040107000304030001
06020302020407060404070105060507
00040506020407010704060400050204
01010402010006010100050402010606
07040601020602060001020607000601
05020304040200010401030600020002
03070207040207010602040606050004
07050404070300020604040006000701
01070004010102040102040307060101
04030107020403030007000204060603
00000406010705020202040600070402
01070306060406050403040104020504
07060507040705070503030600020100
04060104030104070606070606040605
01020404020305040601020204020300
01050603010500000503040000010604
03070500000703050607030105000604
06030105040503000500050700000104
05050102010300050500020204020004
01010006030505060601070104020505
01040401060303050203000203000701
01060207060401010104010506010207
06050503000504030501020007030701
06060604030402010301020103010307
06040100060004040305010206030102
04070000060303050704040405000201
07000001050701040603030305030301
00070503020106060304050502050605
07060606030605040207000003070005
02010100070405070303060206030103
06050605010202070204030305030401
05030301040600070704040702000400
00060303030406000503020404020207
06050405040707040201030203060206
02040504060201040702050606010300
01020707040406030104010105010707
05020701060103020007040100040401
01020105020105050400010702040402
00070400070301050603060507040407
03010503000201020600050201070302
05030207050500040205040206010507
04050505040502000707020202050501
07030503030706020102070405000202
02030607050501070100000302030600
00070407030604070605010206060105
00040507010706020006030606030003
06040702070106070202050506010305
04010701050300070205000104030000
03050201070004040600070000050407
05010002070200040205050501010604
03020205010506010103050300030101
00060000070606070301070006000504
04010004020301010500040600050006
01060402030701030503030400070004
06020602010401040301010402020505
04060504060006050603030702050305
00030404040302010506070501030007
05060401070700030200040407050407
00070301010001060703010100060200
07060502030504040404000704000101
05060102050602050400010105010102
07070304010406070000000206040105
03070001040503040103060505020202
03050200010103070707030001060702
06040700000404010501050503030507
07050505000607000102010107030207
06060405020307060607070305020400
06010201070500030207030702000700
04040506020400020403070206060206
07010204040003030101020305060006
04040004020604040005040605040305
00070303000000070104060601030601
02000605000500060600020102040704
02070700030507000204020700000701
05050000050100060504030706060602
06020501070201020706010506040104
04050406010002070306000706010701
03040000030104030601050203030107
00040206070105000303050106050206
06020301060105010600010001060604
04070300050701010005040106060305
02050104020101060204010502010603
07050702030006000003070303010201
04050207000205040001040605070703
05020205050400030301040406070300
06050502030603010401050202040405
02070301010103010605000303030301
03000101010102020503010200070603
01060200020006010301000303030700
07000607070500050302060503030401
00040406050302040406040402000706
06070401000402020405070002000702
05040403000401060605060501030603
01010007050403030602030706030504
00010705000405060604040106060507
05050600060503020200040101060007
07010106040400060304040005020205
03000307000006030602060705070504
05000700040303040706040707000506
03060407020701030403030301000505
02030602050501000106020004030501
01000204050002060407070507000103
04070704010100040306020702060601
04030607020204010301050107020101
05040703070405030601070503060403
03030201070001030704070207040107
04000707030703020405050102010706
02030600050302030406030106050401
06070507000102040000040405050707
02070007000603070203070606060100
02050103000402060301000103030700
06040500050202030605040407060406
03040302020000020407040505000407
06000402040207030100030402040107
05010207000202010507030503070506
07030301020300070402020200060500
02030700050505030204060004060000
00070505000106000301040402020000
04020202010105010406000406030104
05020301020302030200010005020301
01000106010401020200050307020401
01040105030401020407050001020305
00070601030405010101000306070107
02030000020605040600020400010401
07060506050002050207030205060307
05020705000301000404070201070601
00020106070606000307000704020303
01000504060601060200040004050202
04010702050400060001040502020605
03030501060201020701070406050007
00020001030307060200030403030504
05060505000404030005040605000205
05050405000204040400050304070105
07050203020204040407010103020104
06010406070400050504000306070204
01030206040101020105020500010203
00050303040000030603060505060601
05030706040104060505070004060501
05060605060106010407070502060302
00010107010605050603030600040607
05020603040403020604020306070606
06030303070104070704070302060501
01050300050403050006070607000100
04060705000607040604010600040506
01020107020206060204020306030006
07070207000600030706060506060307
04060107050606070401060705060302
07010404020705040403020106020200
00070003030107050001040106020406
06030105000303050007060605010303
03060507000300010106050402060600
05030600030106060106010404000400
00040507040705000004000106030504
05000504040405030702030107030402
06060504020705040106020501000307
03070103060703060102010500030603
03040300050100000705060306050303
01070503030403010206050302020601
00070207020600060301020407050002
06000007000607000103050406050402
06050106010705040305030404070600
03000302010302030100010600060303
04030005030006010003070406020706
01020306010105040204000502060002
02060607060604030307050706030401
00050304060407070300070307000003
01020407050302040505040400070502
05070000060100030407040500030400
04050603000702040000060706050303
07040007060107040306030500030304
05040700040104020502020504040500
05060104010604060607050001030102
02060203060605000104070701040107
07060606070503050607050200030604
04070405010605040201010203000603
00010703020002060702030601050104
03040202070203070400030302000605
07070401010501070605020601010507
02010101060702060003050103060107
05000405030407050300060200040403
06030507060507060702040504000204
04060203030703030104020305040106
01020105030702040002000404040100
01000007020500020106020404060705
03040402060502020102050604020600
07030007060605040506060002020607
07030407050203050705050001000700
06010501050701070101060501070101
00010206050107050107000407030302
00070300000506050600040107040000
06070307030204070200010306040106
06060202060500060201000704010302
02000306070401020403010002060302
06020503010503050601030001010206
03020701030301070105040207040703
00040405050007030104050702030202
04020007000603010402030505070405
04000006030507060707010700010401
05060203070307030507020407050405
06030401050602020107040404020703
07030500070200040305050201000002
02060703060207060407030100040600
05000500040704040001030500010604
05000106000702060503000600040501
07040004070701020703050107010000
06030203030406010504050101030507
00030207010705070206010407000007
02020300000301040506010607050507
00010401060302070606000206040600
02020105010300020406020003060202
03020106030603070502020707010506
07000302010101000006020502030500
00010001020506030402010202010003
01050005010701010000050002050407
00050702010100050202010400050101
01010703040107000307000300070602
03050001060507010604010401050400
03020500070402060305070201050304
05050004060306050307010005070403
02060607050707000701070705050101
06030503070003000204000106000107
07040305000006010607000007050102
06060206040403040404010407000505
02020505010404030303010105030602
01010301000006010605030107070707
00040502070700000302070701070703
02000600050006060604000502060000
01040200010400070004070307020505
01000303050000030707030207070106
07030103020005050400070406010502
04070000050107030005060501070404
07000206020501020002010002060203
03070600000502070601070507050706
03010307010001010501030204070506
00060703010506070106060300010705
06020701030405070005050201070106
07070001050502000403040404030004
00000203060103000705030606050701
02020702060201010007030405060307
02060001030100060707040301060704
00010702020506020107050101030504
07030001020400040506050606060406
04060704020102010706050406030704
07020200030603010103010207050501
04060603030005030101070002020706
01070504020307040407070603070204
07070102010400060702070406040505
00000704020306030204040406010701
00000601030700000201070405050204
05070103020305070607070302040206
07060403000101040604020401040500
07000703060001030704030601060000
04060405000403060106020200050102
03040005050701000004020507010005
03020703030501000707020104010705
02060203040700000407010103020102
04020404020706050300060703020304
00060203040303030207040602020207
03070104040305070106050702020203
02020507050306020104020402010100
04010507070603020000040703000203
03020306020703070204040404040505
01010303010507030705050703030403
07050007050706060504060201030506
01000505020605030303030105010701
02020002030703010104030001040503
00070003060606060006020203070100
03040200010105020106050703060406
01000203060406020305070203000503
01010406060101060302030305060003
00000602070506030205060404060105
04030103040000060202030007040000
06030202040400020103030500010307
01050100010201020302070001000601
01030606070700020400070407000600
01070203050603020204010305040000
04040005070203030206070005020704
00030607060106010006030407010304
01000701030603040507050202070307
02040302060503030202070502000103
05000302040401000104060202040302
04030407010502010600060707050606
02000606040606010300030304000102
07050607040201060607010105040706
02040604070702020005060206040606
06070301000002070404030607050405
02050305060400020402070301020503
00030002000003070706020705000701
04030203050102010000070700030304
04050103060001010702060005050500
01050601050600020604060706060004
03020501040102040007030704050602
03060705030600050405000000070707
06070300020600060303040503020103
07060103000606030703070007000200
04030401030505000006060400070006
07050505020206020702000501060104
06010004030603000606000005040104
03030400020504030603030301030601
01060205010604040601050404040602
02010006000701040700040706050105
07060007040107040202020006000705
06040007040607070102000000050605
02010506050206060402010605060100
07060407040202040106020002060105
07020000050306040400040106030105
06030104050002010201010401070102
03010205020107000604040301030602
07070405010103020401010302020205
05040203040503050006000201030400
02040607040104070001030407030201
01000402020306000701000200000307
07070005070102030700060100020601
02000004030505060500050606000102
06010304050305070702070106010706
02020404000003020501020401060101
02000100000705010106060106070604
03000207050501070505060607030700
00050207020703070607010506030104
06040202010000010501020103050306
04000201000107070005030001010301
02060601060405030504030605070305
00010501000705070306030703000003
05070505040604040106020603030707
01040107050702040706060200000103
05010004070404070305060102050502
03020004020302050405020702040606
01040302000100050107030402020100
05040203020104070701000400000204
07070704030601010402000706000101
07020102070102070003070604070206
07050306070504030702040604060000
04040605040706050204050301010103
04000203030206030106050102030103
07010707010004020700040706040006
03070005070205010107070205010400
07010206030202030600040002030106
07060701070601060603070003010101
00000705060206010401070606020601
07020600070105010201070201020307
00040701060706020402040307060103
04010007030706020106000201050405
06030701030305020107020501070704
07070202010001060201010501020406
07060602040602030706070303050605
01070004030407020503020401000307
01030104060500060407040606070206
00000605030105040207020006060600
02060203060300050506000106000401
02060407020006020203040500050703
00010700030200070504050703060004
00040205070605010407060000040605
01020306040406070507000505010407
06010105040506030400040204060104
04030402060602070605060202020000
06030101020604010605060004010701
01070404040007060702020104070507
04010705050302060000040003010406
04020305030505020102010103000702
04050200000606050600020606060201
02040505010602000501000201010101
04000006040607020504000104010707
01010207030104060405010500060205
05040505020006060306040401030202
00020304040206050000070506020507
00010501060301060503020600060101
07050707000006060002010204070300
07050401060406070403020605050501
05020606020300060500050001050005
07060402000303000700030501030001
07060207000100000104060007060607
01070104030403000705010505040202
05070407030404030305000705030000
02050101040306030602030506030600
06000405000303040600050601040605
02000003030605020702060204010506
04070103070603050501070701010402
05030700070006030602010205010102
07000302010405030606030001030105
03060502020406000707030504070605
05040103020404010102010300060105
02050502020406040501040702030004
02030702060401010404070002010702
00070603000004000606010201030504
03040500000004040704010501020701
03000504040207020302040602020201
02020407070305020302050406070403
00060206040504010503040406010706
05040407070403000105050505030505
06070106010201020300030101010305
01020506020103030200010307010502
06000003040004040500010704070000
06040603030302020603030501050606
07050203070005040500020506040405
06060002030205020602070700020601
02050700040000020100070005020702
05000403070705070103050402070202
03000207060703070300070706070603
04030202070503020100050604010706
04010404060305020602060004030007
06070002030000060301040504070707
00050205050201030502050507010404
01020303000707020006070307000300
03040006030407060502030003060305
01050600010704000600050701020603
04060306060407000307060204010103
03020505060701040707020107000106
03030303020605010401040007020601
01050104000704020703000002070601
00070500020503000002050504070003
04020406010703070003000306020203
05020003000601030302010705020106
07020004000003050102000401010306
03020204050403020303020107070106
00070506050607020401020601070701
00010204010200050306010401020607
02010400000205050406000104010106
03070302000703050604010601050404
00070105020403050007070603020302
03010700030402050505010201050301
06000001060201020101040001060100
03060103040300070706040706020001
01070701070407050004070505030403
05010103060604020203040604060505
04020400020602000304030602030006
07040203030701000103070102050100
04050102070601030003070605020501
07050706060403070500010304030700
05000002070705050007020204050100
01070607070100020305030406000603
06060307000702010003050101040402
07000504070600070404020702060002
01060705070505050602050203020601
03040700040003050505060500000201
04040302040205030305070007020703
03030601010703060001070100020302
00070500040300040201070504030405
03020600050105030302030701030104
00050303070703030303030500040403
04060407060505010505000401050205
04000704000704060306000003070202
04000307070303060704040201040002
05000707010104000607030003010007
07050502020603010702000001030707
07000606010603010102020203000104
00010603050405060104020705010400
03070001000302040704030500040305
06030305040706020700030105060504
02020703070202050107020007010502
05000107010503030106010701060306
07050301010204050307050300050402
02020501030407070500000404040106
00020003050600050506040700010107
07040202040002040002030205060600
02030005040207060301000504020400
01030406040406020301020507050000
00020607010705030506070002010200
07010006020407000402030403070702
07050106010300050704050707010005
00070100030000020100060004060603
00030102070300050004040505060704
02030403070002060400060204000104
04050103020502060703040306050102
04050600050303050507050502030407
02010202020002070203040407000301
06000205000006020007020203000703
07030603020305070707060001040001
01060304000202070507010204060307
07020505040701000101060003020407
01040602060303020001040000070305
05060300040603010303000707020601
05000405050100010001030207060107
02070004070407010701030007040407
00020607050003020603070303050203
06050305020601020505010306060207
06020602040300040304020204070403
03010006050405000104000304040403
00010705040307000606050706020707
01030202070406020005050600070107
01050706060705060700020002040604
06070306060603020607070404030403
02060005040004070607070504000201
04020603010702020506050501010105
03060206070200050303030707060400
01010002010401050703000503010401
05010106070407030205060307070600
00040201020500010100000403070405
03030703030305040606010607060607
03050307070700010300060704070001
00020702000705070201040401040603
04000007060405050700020105020503
06030601010403000700020100070507
06050000070205030501000300010001
05000604070404010402060104030600
02060503030305060705030102030207
07060706050607020103060701050104
06070403060102050606050006050703
00020200010406020401010500010004
06070203070206020503000705050305
05000101060207010005020600070600
01000405060307060302030203060006
07010306010202070200020101010307
02060405030605000403030702030104
06060204070003060602040206060203
04010300060007030200000202010303
05070405040103030302010603030701
03020203010706000502070503020501
03030501000304040604030103000007
05040603040102010000050602030305
06050600060006040301070600000300
07070600040302070602070407010201
01030001020403070007060603050702
05030700060605000204030507030206
00000106030003050002050605070602
06040602070000050100000105000604
02070501040503050002050706010702
01050604070501050204070402040703
02070104070402030006010306050604
00020502000304010302000202050306
07000706040305020700060204000200
06060206010701020103010601060005
04050701010604040403030202040706
05040106030501040404000701010705
00010605010400070601010203010301
00000406000406010506070006020700
04060601010204020702020105040405
03050703030105040705050203040207
02020605070604060107010302050403
06040501030105070705020700060704
02070404040206000603010206070603
06030303040101050706070505040207
05050404010707050107040401000603
03050004060201040104070700040106
04060102070500030706070202030205
01070202050403040701060106020305
05000206020003070600000704050500
03060202010702020607000406030306
04000206010407070004050207060001
07030407020407070103070702010203
03050005000506000401050702040207
04020307000403050704050007040601
03030004010202000107010202030605
07060004050405030706030305070704
06050303050704060706010103020301
02040003070707070600070202020306
02030603060400010603020007070005
01030706020201040102010604050100
05010302000200050101050602040104
00030705030401000204020106000102
02030605040506010003070207050600
05000405010605060006030500040504
04040107060403020202060207070102
00000407060607000304070203070106
04000402010700060503050606070401
04010300010704020206050002050607
07000507000006000602050400010703
01000301040707060600070102020507
05060505030101060303060204060306
06020003020607040104010702070207
00060401010406010707060106040007
07040301000702000202030603020104
07060703050601050706060307060002
03000305000507030304010407020300
02030007020101050107060401000603
03060607050504070304000603010402
07020207040507070204050702010004
03010107030306070505070604020100
01060703000701000506010700070105
07020405050403050406010204020503
02070302020401000207030507040402
01050605050601010006060005060605
07060500060600000105050503000501
02070303060000030400000603010207
01050601000306010102070700010603
07050300000705030501020704000006
02050000070100050505000002000701
04020102030204030304050502030204
00060702020301060300030305020003
07060607000700010100030704040704
00010100070304070503030403030504
03030005000600050703060301060303
03000305020603070504070306010105
02000702070206020203070200060204
06050600040302000101050700000402
02040402020300030107010504060507
05020400000003030102030304030102
02050700020002070500030200030006
03040103020600060103060505020000
00030607020605030500030703040407
01030104070607030702050203060700
03010004010304010406050703000204
00030605000402040107030305020407
06050501050406010400000201020502
04050302040005030007010203000704
04040202060306050301060006010200
07010505030207070501060505060206
05030701060404050007020704040702
00060201000407060007040406000603
06050203020004060001010700000702
06020204020101040506040404010000
03020706060102050207010203010600
01070505070703060405060706050706
06020704070703030600070104020701
02060700040603050106030106020307
01050402030104020605040700020200
03040105040502050102040104010302
05010403000105000206000005020304
01070700060007020503020404030204
03020204020300070106030204060704
00060504020500000701010207070104
01030400070200040002070107020100
06030605010605020607010701010205
07060305020600060605040005060406
01030301030405030603010107010204
03000107040003070405040600070201
04060007060702000501060107030300
00000602060004010607070500030004
04040404070105000407050306020405
06000303070306020505030205020301
00050500010306000001030400070701
01020303070006010706040004010607
03030704000506010204010100000200
02020302020303000600010600060406
07010005020500070207050507030503
03040003010707070607070506060002
06030407050606050203060600000207
01000304000401030000050701060007
05050204050403050305000005010305
01070502030100060703040701040106
00040005020400060306040205030506
05020403040705040402030401050301
02050602060001020302050602020105
01040400070502030100050307000001
04070303070505050502000304020204
05030503040105020602000505000602
03060307030706030007000207010605
05000704040101040703070702050100
01030705020705050200000004040102
00040303050004050307030002020003
01050506010703030006000507040601
02050106000202030104050604010200
02020600000704000507070701010005
04000603030200040701050707010005
03030702050607050006060007000704
05040404020601000701020205020101
05010305070400040300070301060601
02060004050405060101030304070200
02000303030005020700060507020500
07050704030102050403050002020600
05000206010102030001060602030205
00070704060204020600030105050200
01020407020505050102060504030007
07040506000405040001040507050106
00000407000007010106060600040202
06010205070706050501030002000106
05050107040506070005040404020503
00020102020407000502040105070703
04010203020302050401000006030703
06060401070003040305030701040002
05000603030103030300040105030000
02050603020607060501010307000207
04030602040703000300010601000306
00020101020203060501050507040500
07050706050701070702010007070101
04070506050104040407070102010606
04040505020100010203010402050703
04000103010401070004060205030705
00020103040504060504000407020506
00000703030602020704020105060203
01050204050106070202020103010105
00070507020301030501030202040701
07010407020603040504010107000403
01060201050604020406070205070103
01020001060103000002040702060507
02050004070307070400040007010101
05020601030601000703070002000701
04060006060104070607060107070001
05040603050406040005040204040405
04050205050103070606070205060201
05040306000506010602010102030701
02040204030602060504000107070605
05020702060301050205000007020503
07040501060204070400040101020106
01010600000203030705070206010201
05040503020503030200040702050603
01060505050106010407000604030306
05060405020402040001050704000603
07070400040403050607010705030303
00040604000004010707020002070702
04060102050402050705010603070107
04050102010102050405020001010002
06000707010006070204070103030306
06030401050603060301000703030500
02010706020001020504050006020604
00000604050307000300060704000405
04030305050204040605060700040707
01030506040607000202000006040506
03040302010403030204070206050507
03010601030507050606020507030007
02070101040306010606070203030604
03060006040203050104070502010502
03040700000603000600020405050001
04030101050700020302070701060005
03070100040202000203000106070506
00040000040706040201030405050102
00040306000603070501010401070304
03020107020305030207050000030105
02040401040507010602060107060103
07060407040203020006050102050303
04070007070503000703010505010702
03000200020705040306030307060701
06030103030301060401010400010205
02060701040001070304020503020403
01020607030004000406010003000105
02060002010102040101030400060001
06050705000501040606010005010404
02020203040103020305010304030101
05060103010704020602070403060503
05020000040603000402070003070702
02030507070207010506070604060004
05010000030401040406050506030201
05040406030403020200030004020300
04040606000404000506060000030606
04020403020000030207010705010506
00000004040703000202040700050504
01020204040604060300070706050001
03020207050306050403070706020606
01000001050705010407050006020501
02000004070307050402010507040405
05010005020203070106070007020300
02040507010006020302020202030705
05040106000304030204020100020306
04010707040403020003070507020706
00040702030100070301020003030706
05010506070501010403040704060103
06030607010501040102050406010200
03050505050305020300030004050001
03070502020002040600000605000207
03020203000301010006000107000706
06020006050603050407030304050302
02070302020605040203060102010407
07000501050001030700060006030404
05030200020305010505030506010001
05010604060000020501000504020403
06020100060306020406060402030707
01020204040402040607040500000306
01020702070207010606020105050203
02010005060103060202000606000603
07070703010700060701040300040004
03060704060600020400070400040603
01030405030501040602020100030405
04000402020305020601020200050007
04040702050203020601040303040700
05060101020300060702020303010200
00030500010306060201050503040600
07070305010307070005030604000607
06000503030402030305000405030305
04060600070201070405020003030404
03010100070201050506020607060504
01040501050605040505000703060006
04010502020301040005040106030204
00050406010204040005000101000100
06050504040306020701050503060001
01000500020207050405020607040205
02000201060707070604060200000601
07060603010304070505050707030607
07030701020603020205030502060101
03010700020605010301050702070305
03020101040303050407000405070704
00040704060002070606000502060406
07040007050500060100050703000505
06020406050607050307020703020107
04040706060104070701070405000305
00010503050304040000000601050106
04030700000305040300060700070600
01000304000303010201020407020501
05040706020000060201040703050700
06030502020002070402060002040106
07050105020003000403050002020505
07000501040400030207060405010601
05040506070405030604010503030101
07010200070307060403060002060704
04010505020207010406020304070106
01000003060200010001000201000505
02070107070006000300040304030700
07030406040402000205000504030007
03020305040102040003070705020204
06050302070602020603010003010203
05050302070206050704010603040101
06010704030605030400060404040103
02000005060004050606000107070100
04050001020401070700040104060503
07070000010202070403010703010503
02060704030300060607010202010505
00050300050006010005010601060406
00000704030007060700040101060700
06070407000502020604060407030602
05020107000704060100030503030102
07060507020403000404010701010507
05010602010702000606070100010103
05040303000001040303000106050004
03010705010105060102020407010303
07020701040206030600020703050706
01020101020403040005020501010301
05020102030304050007040504010202
04000500010700020203040402030405
01050307000105030603030207060100
07010604000405010407060503040305
06000003010501070100070306050504
07070501010603020602020106000403
03020505070400070005070302040607
03040201010000020302010005030300
06000500000101050102010202050104
06000602050401000004010605030506
06070404020205040700070404070102
02050100070506010406070000060103
06050404000305070601040503060005
07020101050005030304020306010507
01020305000606050002050602060104
06070106070200060502030605060407
03000005060302000407000200010301
07070002050600020204050207050001
03070207000601010703060502000604
07020106020205000404070707050502
06070104020207060206070506000602
07050104050104020706050207020400
01050505060705020207060602060701
03050103010203050003040103050604
05020407010107060003030405060500
06050700040205070107060605070601
06000005010404000005040704030301
03070506050106040306030407000300
00030300070700070301040306040004
04060707010206000600060201010401
02010000000000050002040705000706
03020400000007060001010002060006
05020407000400050406050403060602
02030503040607000205030102000202
02060601040407070501000703010605
06020605070106030601070404050401
07010004000007050401000505010401
00070505030103010602010105070303
07030502050305020405010601000601
05010202050000040405050600020400
01040305030301050207070300030604
04050507000704040503040603060200
06020304070500070100040302020305
04010301050001070006070507020207
05020603060302070504030603030206
05040700050006030705070504010104
03000003000000010701070402050101
00060307040402030602070105070205
01010007020701060401020505040200
04070404060606000603020701020703
04070207000402060002020303070103
04020005000204030407020306050503
02060200050307030005040300050000
02000007020201040501050701060205
02020105040407030203020301060301
07000700020404060700060607000607
04050006010105020103030205030107
06040706060404070502060201010302
00050204050204030401050705000505
05020403050604000507040405010105
07060705000407020006020300020204
02000306070001010607010002050303
03020604010207010705010503050606
00040000030706060403000105010505
03060605010101000006040702070201
07040100040201030307050504000101
01070205040100010501060404060606
01060001030005070301010304000307
01000406060102070707010705050307
05020703000207070405040305050206
03000702000104010005070306010605
04050703020702050001060705060406
05030604070006020501000707040503
02030005040404010506060107040703
04050605010502040702040104020103
05010402040306010400020703070205
03020004020607000706000600000400
07060200070502020503030702000003
03060305070103070705010705020102
05010603030202060304010603000607
07060501040406050003000003070107
00020307050102000301030305070204
04000200010103070407020206010603
01070605010007050206030301010601
06060307020300060602000306020506
03070605070103020104070301000206
02040700040201000307040002020005
03070401000107000207060503030104
02060407010501000005000202070204
02050302050104030406030706060002
03020707040701050105060601000200
04000503030005060407040606060304
05050700030006000506070205010006
07030304030607050401020203060306
00070106000707030106000306030201
02040207060505000104030606010701
04060507030107010702040700020407
00000700050701060304060304010706
00010104040303050200060102010502
02070007030202000601020301000202
04020102050203020000030302030306
04020406000006040701040202060000
06020002000504000607020002000607
01000407030504070303050207020702
04020103050600020304060500040602
02030104050403070504050600070203
04040303070100030205020601060603
07000307060205000204020504000205
06020002020000040503060701030106
02030003070200070500070201050607
03000102020000000101000300000000
04020601000405060207010401050107
03050002020405010700070305050502
06040204020306040405070501070302
01030401000000020204040207040006
03010402000304000706000700060100
03010105010407050303020405000005
07050501070305000307040105010204
03040206030106020206010104060702
06040505000404050203050307010104
07040400010606020600000702010203
00050205030303040706020607070006
03010305030501030005050205020604
06020103040701050705040102050301
06060502040506020705040103070102
04050205040700010006010106040100
04050106000300000101050500050106
07020401010301070300070705000107
05040501070203060006060603000001
06010000050702040205010505060006
00000300000302060103040406030501
06030604010103060005030200020504
07010202060007010102010404040607
05020405010200030000020300060204
02040402010007050001020101030204
02030201070102020307060502000603
06000300040106060304030004050500
03010607060505070300000003060506
02070204010704000304040303020204
02040201010106010401040503010500
02070703010502060602030206010605
04060404030001030400050505000607
06020201000702010607000204070003
05060003000205000204040206000105
04040006030100000403030507020107
06070504000107020405020401020407
05000506070102070007040502060202
00000700050306000407010304040003
06010303000001050307030307000407
07000100000103060606030604010503
07070107000604030701040105010203
03010000070704000606050700050405
06060604050007010102030101070705
00040502050303010406020307070401
01050606010304010204000305040500
01020602030307060102000406030004
06030102050105050102070405030000
04000204020106070006020701000302
06060201000404070207000206050104
00070502020000060506000407060302
03070607070006070104030505030403
04050104070707040306040002050106
02040304010200020100010404030306
07020205060500020705050100040700
07060003030007060000050700060201
02060301050102050302070107020303
05050403010304000707030200000107
00010101040507050001070203030601
01000403040107040102010100060601
00030505000700000605030300040501
00060206070701000306060107070206
00020600060206060507030504070204
00060607030000050303000305070104
03070103070600010704030005050200
01000301050705040001000103020706
07020005000101040306010003070002
05030702010603040501060207070502
03020603020607050002020403040205
00000706050205050402000503010601
02010202070301040500020207050306
00060101040600000506010304060107
03040407030207040502010202010002
01020407030107050301000502020006
01060205000604000102050007050104
03010005000403040401060704040001
05050207050503020504050705040106
03020200040501070001010402050500
06020705050405030405020702060604
06060207060207000302000005050403
03020001040304000206000400050201
06060604060303060203010100030100
00060304000102020103050104030706
00010102040406040404060304000605
00010701050106020300030500000706
07040401000402020306040604040004
00050702010306010405000503070500
00070104070600050000030501020600
04000701020100030105070303000303
05010601060002000104030101070504
02010502000706060700070600010603
06010402050001070506020307070107
01040500070706070605020505010306
06060602040205000403050101060601
04060703010400060102070000060607
07050501010103000104030300070400
02030400060504020004070003010007
03010705030004050303020200030100
05010503070506010201070207040403
04030402010704060607000606000604
06020305000007050105070405040306
03070205000102070100030600060307
05010506000106010105040306050203
02050006040305060302060202020301
04000406050105030107060205020400
01060005040501060607000701020107
07050306010002020105060301000007
05020201020406050502070406030106
02030603070602040100030401040503
00000103050400000304000103050105
01050503010701060704050704000502
01040207020107020107040207010604
02050503010607050506000303030307
05050002010000070701060702020002
05020500040503060101030304020701
05010005000002030406050006000406
03050005020202020603060005070207
04040401040002040405030201030506
01020301030702070705040204000206
06010203000207050304070003020001
07070207000106070303070605050105
01020005000705000604020307050607
05050402000701050206030500050201
01020703020202030404030604070602
05040000000404040002020307020003
03040207020701020702020604040403
05050202060703040404000207070403
07000003010406070505060507020404
05040604040201030601050302060001
00030105040206070002000606050606
05060204040104040705040307020106
01040407050104040507050007030504
00050506010106070501050202020005
02000006040000040705010607000401
02050704070407020403000402020706
04000205020703040206050105050102
05060402070507030602040006010003
04010102030507050705000500060705
06070003050005030102050604040500
04030701010204040200060204050002
02020403010007000504060304070206
02000002060001070500040400050503
05020200060400060502010400010100
02000702020701060205050101000200
00030107020004000607070205020106
05040301050300000405020504000001
06060406010601010602070704040607
05040504020607070201030606020306
05000402050404050705030602060601
02030003020704010204010303060104
00020304020104070200040405050007
04030607060301060602040007000205
05060702030100020103000502050205
00030500010200000707010102050605
04030700020401020007060104060003
00060003050001020005020707000100
03020407020701010403050301020304
04050506050101030603010605070103
06010305020601040306070505000701
00060201040705040003030703020004
07070702000701030502040500070703
05030201030000050602070207070102
00030503020301070603050206060304
05010500010501030302020505050102
01030000000500070100010202070700
02010604070303000600060300020301
03020001000606040403070002070006
02050302040107000006040400070301
00030404010005050007040003070200
03050305070001020105000706010101
04060202010405050703050603020405
00030307040505060401060504010402
01070005010102060204020702010601
05010003050706040101070102030206
02010706070200030401000705050007
04000104050000020402030204000404
06050203010303030602040607060702
02070702060105050004010407020102
07000207040604070106040306010601
00030501070304060400070507000205
02010201030407060104070103060703
04060104070103050704030706050207
02040106070501040507050100060507
02020403050302020607000202040302
05050704030006050203070706020301
01000707010504000401000203040403
06070006030206030500050404050107
07050102050604060506000407030602
00000700030703040604050606050402
00030107040201060202050006060604
01040503060600070101000406000205
07030303070601050501000401010200
07020301060300070702030605030400
02050707070304060205070607050205
05040403060205040601010701020405
00010001040101050400040507030500
05060606020307030107040500060207
05070007040502010307040300070301
07000601040706020000040706070401
00040202010606050502070400050103
06010404000700070406000407020702
00000005000203040705070200030700
06030302020405040507000605060304
01060502050102030602070403040600
02070405020104000406020104050007
06030400030400040504030003030604
07050600030106010704050007040606
06000404020702050702000003010700
02070103010202010107010701050305
00050407000405010000000203010603
02000401040603070705000706040303
03040302020001060404000206050602
00020700030507010501030101020707
04010203060005020201040002010604
06010501010400070604010306060504
07000700040604020101010203050506
02050102000102020202030003070700
05010707010705020203010701040403
07040107000603000203070701040600
01030104010306070607050404070300
05010706000500000007040302020302
05040002040307000100060506030606
02020705020605000306060203070500
00060400060103050402040401000703
03050400050702020602070700030301
00010502070305060705020005040202
04030504030505010505020701040606
04070505000101010604010205030205
05010506030206020402030104030202
01040603070106060503000605040506
06050203000002010407070007050607
07010706060201000706010200070306
03030105010702000301070703030203
06000204070206070306030701000602
03040206070404060104020101020000
07040103000205010407040407010302
03010704060603030704070106000405
00060505050603050502070406050404
02020103060003010601050203030205
05010501070600070005030104030005
01010101020301070000070102060502
02050002050605040307020500040702
05070505030307000306010300050504
00020400010402020406070305020201
04040607050700010303060501000107
00040001030203020407000303020203
02020501060603010207030600040406
01040505070106010706050203060402
04010105000100000301010501000303
03060604050301060501040402040304
00040004020101010605060507030700
04070103030702000507010402070201
07060102030707070705070206050405
06010504000002070306050602070303
02040102000503030702070105010505
02040403020204020207030201020701
02030207000003050200030202010700
04050500070407030105000404040404
01020303020003040402050207050000
05040602060106010002030302020305
02020004000704030101020707000006
03070501030603050502030000030407
03060006030303000602070705030007
05030500010005070103020007060005
01070404060101020205060202060102
01060305020600060601020101040303
00020303000001010707070607040103
05010601050206050601030705020607
07030307020005070606030000010002
02030705060504070506030501030707
01010302040104030207030304040705
07070600020704060507030101020606
01000300010000040506020102040302
04070205030702000303060404020102
05010500000406000302030102030300
03000303010002040300030105030306
06040400050605020304020105020204
04070501030504050603030006050504
04000602030307020304060507070403
00050607030400070102010106000203
07010607020700040701040207030304
02040707070105070304070002040601
05070704070601010707050601000105
03000405010505060600070702060103
01060402000606060305070402060202
07050102030505050701010504050504
04040505000302070605020604060500
07060104030607000704070304040603
04060206010503030600040206070501
03020000020707010606070603000707
04040402060100050401000002000301
05000304020402070402020703000000
05030604020706000003020005000606
00010100070507010006020204060505
07020002010502040501050004070400
02030103070506000506010401010502
03020001070706060204070205050105
07010205000207040700070007020603
00040201010304060707020306000507
06050305010104000705060603040006
05070001060403060102040601030204
03040206020705000402010306070006
00030705010503000401060006010507
06000504010103040304020506040700
06040605030100040206050403030504
05020206030203040704020202050004
01070407060000000406000401010505
00010406050500020206010101000201
07010201060500010202040007000703
02010502070404050307000704050205
04050003040100070000050506000201
03000402010603010501040403060107
02000402000607010007020702010006
06060102060000010205050706050306
00070100000403000502070302030007
01060203000600060103000004060704
00070403070206060504070303040402
07060005050002060607050206040207
00070702060103030205030006030202
05060003020107010301030202040702
07040107060406040604070105030305
07070403050004020701060105030401
07060406050403040106030303010302
06040006010403030003070503050101
05030602050507020401000500070002
01070504030402030603010007050004
03010701060106040005020401060605
01060600060003060501010704010702
03020106010503060604070201020103
03020205060000030303060201010604
00040106010605050601040306040000
05070605060306030702000300020102
05060404000507020205000204050606
01040401040506010405020601000706
04020300030005040307050205000606
04070003020304010202040501000004
05030705020004070001000403050407
04060105020304060407060604000207
05060606000705030207010007020407
00000400030706060403000305040205
02010607060202070307060506030500
05070700060200060303050204010404
06040705030502040306040405030707
01000002050506050307020506060002
07050205070003060501070606060607
05060207030103070200000006060707
00010102000403020502070505050201
03000500020407070404070706030406
04060600010707060101020603070201
00030006070205070107020302000307
01000703010601070601070201050400
00010702010504070205050307000101
07040600070706050104070704030305
01070701070106040303020706050206
03070107040704010104060703000200
01030105050601070604020306070406
01020106030400050102050103070702
01010701000301050201050403060105
02010706010407060003040304020705
07060304020703040207070607030103
03010605030307000107030605030205
07010207070003050305010704020500
02010305030104070304070504030601
00010001070402010007030702060403
06060702050404070702010103030303
06000301030703060607030202040206
02040504060303030406070302010706
02020602000107040106060104050307
05050205020306050501020704000504
03010307000400040103020004020102
07050504050603040306000605020103
04010406030705040703050702070100
06070001020000020100010100040602
02050201020203000105000200060603
06070505020303020503010200020505
03060400000000000605030200030607
01000705030302050607000501040205
07020100070205010506000200050601
01070607040504020406070602010004
02020106070005020301020207040202
01020703020101020106060305060007
04000402010404070407050302020004
02050402000702050101050303020403
01000704010101020303060404030205
05070302060700010001030603020701
02010200030407060100030201070605
04060406020304050307060203060600
07070103030202030605000306060201
07050705050701060405030304060307
02060306060507000506000606060600
05030006060504000507010001040303
05020306040701070505050200030206
02040001060507030200070407060401
04000603050407040706010402060404
04040306070106000504010101020103
02020701000307020202070402000600
07030005050007070707020305050003
07050704030500050606070402060101
03020605040505050405010001050404
07010601070503040601000401070102
06020706040505040200020702070200
01060003020705070104030404020401
03020403020703070105050604040602
02040702060703060604050605020302
02060607040400050101050307030405
05070303060102020503060402070307
04010004020607030506020304010603
02020406020103040300070405020201
01060102010102030706050404040701
06040400020201070202000100000207
01040107040202010604000507000507
01010604010607060005040603070601
06030702050307030001010306060707
03030402040407040005040003010407
05050301060001050603010700000307
07000105050503020700010704040604
02020607040102020702000705040502
03050602050701060400010300020402
03060401000501070207060601020507
04020601010202030306010705000005
05050606060003000506030001010003
02020306060600000401030204010507
02050405000504070703020200060105
01050707020505000202040706040202
01000602020004010207020307030003
07030107000405060606000505030604
07050206060503020702030101070500
02030301000205050605040406010203
07070702010700020004010703070500
05060207020102020006040601000101
00030202000303070607020302050507
02000204040601020600060101010504
01020602070103050404020502030107
05010701040404020100020107060505
02070304030205010307000106030404
02040005040703050500020301010506
00000002070401000306030302040607
06000303070605000102070307050201
06050305030403050500070605020506
04040004070505040305010706020005
07060506010400070007030001010702
05010203050003050201000004060503
02050404010701050402000400060306
03050702020205000100060303050103
03000502020306030404070605070504
04010107050602020307010707060402
02060304070506020407070704030701
00060207030100030204010101070100
06060306030706030200070103060403
04070102020303050407010000070701
00010101000503000304060103020200
05070604040002010305020005000102
06040405050001020505040506060305
07020504000100060005020301070403
05030402040104030407020402000106
03070403040205010306030504010400
06000001060505030600030707050207
07020206070502060207070705020403
06020000020402070305050402010402
05030702020505010107070007000205
03030700070604030405060105050206
03060002050003010001000101020101
00020707010200040004040304020705
03020207010103040607020207040407
06010602070703050504000702010507
04040702060704010104050707060107
07050100000306070200010701060107
06040705070304030101030205040003
07000700050406060600020405060607
04040706010000020001020404010103
05030103050600040205030503010603
03030502000707010200070402060402
01040701050205060002020001070706
06030205010105000604030502050504
05060305020105040204030507070301
05030007070002030504010103030406
03000304050401040006010503060004
07060607000401020102010505060006
00030600060106030304020700040003
01010606040303060004020606030502
05020103030404060707060703050407
04010402020607030700000006050704
00020005030307030507000502000101
03040107060706060401070203020706
01040200060705060402010307070406
00040701000406060106050200060402
07060401070600020303070200030100
04020502050704010203010602010300
04000705070005000701020202030603
06060602030500070702040602010407
07040102020206070401010606010007
04050307070600030305060602050101
06010505010707020405020605050704
06070605030004060504040100000707
06030502020204030705000406050101
01060301060002000003040103070101
02030402000004020703070301070402
04020707030101000301010400050004
01010200010001050405060202040701
04030507020306060204010700040303
02040606030203060707050503050507
06030507070603050701040402020407
06050704020007000105030702000102
02040100050504070401020007070007
07060007010304050705040103070403
00030502000306020706060006070603
00040202020400040007060103040500
00030606070206040600040600060606
03050707060707000705070301030300
05030101060304060205050702010301
06070100050502060104050004030405
03050305030001010500060307020707
06010303060000010306000000050205
07050106000003000100050307030506
01070402020204030201040402010003
02000601010705040502050105010505
04000201070205070403010106060301
03070303040406010106040702000402
03060004000104000301020600000000
05010106040601000003070607040103
01020603020504010306040706000305
06020306020104040304050601060300
02020503050306020605040306070302
04050205040506000606060700040707
01060704030702030402040607010504
05020701030107000600070204050000
00060705060302000604060002000200
04060404000507060601030304000501
07030500030702020007000207070003
00060407030500010504000306070407
05030407070005050006010502040500
03070500070205060200050304010100
00000104050705000301000107070700
04020401050601030203010206060103
04020504030305040600040202040203
05010302030305020107050307010407
06000004070604070007070405010201
00050101010203020001030605030401
04010407050505030601040101060402
04030601070607050705050307040705
05040003050705070101030307070704
02010602060304010301070407000703
04010407000705070400050700030702
05070107050103050501010005040701
04070001020607030404050704040601
07060107070400010503010400020405
00040301050104020302060206050003
01000501040502010406030107040701
07020502050307010506070307070406
07070501070703070107050604000704
02030505030602030002010006000302
06010601040604040201020200070705
02020405040103010407000304050406
03000603010701010602060704030407
05000603070605060104020206060102
03030303020602060507010206000106
05040304000007030707060706040201
03000203040504020102020301060501
07070205050105000304040106030502
06020302020306040005060604000403
06040706070701070205010306060006
00000505070604040006060503000206
02010602060106070705020602060704
06020200060506050102060701070001
06020607070103060301010401070403
06000504010007000701040705030100
01040606060602050505070506040005
04000103040701050407000100070505
05010407010202030504040306050000
01020603040603010306050701060601
04010204010507020702030300040607
06060700020600020505060601070405
00010206070507040100000007010204
07000404000606020600020006030601
05010703040002060601050106000705
03020700060507050205060200010401
03050705070107050004030704000404
01050202000502000205010304030604
03020100000104060607020706010206
07070305000007030001030700020404
07060707040600040504040205060105
04050306050100000005010403020300
04060206060302050505060300020301
07010206020703000703070501070703
00060207050203060704070404010302
02050305020000030002020502000404
05060506020707070404020107040403
05040604020403040400030402050005
06020703040501030305000403000202
06070607050705040102050305040502
07030004050002030401010004040200
04070006020605000501040407070102
01000207040203020204050507060205
04070302060502040305020505070207
06070407030706010105030102010101
03040507040303020404050102000202
05050105070202000206000702000407
00010703060604020401050400030205
02040701020101010106050402010406
01000003000606040302070101010406
01020704030103060300010701070103
05010401070600060501070107020300
02010206000103050503070001000203
06010103000200050603060400040601
05050504020605000506060606010000
07020707030105050605020400000103
06060407020504030200030401050405
03060701070500060705050507060102
01030605040600050401020004060200
05050005000605000601050302070107
04050100030507050105020201070401
00040502060302070001010400010200
06050302070200000602030703030004
00000005060306020002060405060605
03070103030601010506010405060104
03000205010502040007070703060003
05060307010504010407050406050600
02000204030102000205040304050501
07010104030503070200020303030604
01030304070502060507050407010703
00030304070006030500010607040601
05010206040007050103030400050700
03010606010406000601010003060303
05040700060103010207010103060705
03000507060207070405030607010503
07060704070507050502030305000505
04020007030200050404020002020400
06060104010706060205070701040200
05000406020502040101000105050100
07000206040102050507010102050701
05020203000207000004060607070105
06040005050705010201070502020705
07070607070102060102040005070400
01050404040707010600000305070107
01000304050101030307060300030007
04010402050304070202040704030103
03060702010004040700040001000403
03040102050401040204000502020607
01060506010505070406030600040000
04070502030500000600040405030004
01040307030707050306000102010706
02050200010107000307050403000702
06040005000207010403030703070506
03010004020103010702060606040705
03030205070300050703030703050602
06030404030301000507060002040505
07030204010506050306070203050105
05030101060603040301030105050400
05010101010000050702000507070504
07000707000107000102000305020500
03060003000003020703070403060504
07070207010204070202020006010603
03000303010201050502030100050001
04070100000402040602020604030303
02060700070603030303070404010502
02000001070704000404020500060500
06060304020004060101070706070507
01030705070207020700030607060305
02020206040702070006030301030102
03060607010606020306030604040502
07060107040407060404050104020003
00040600050501000003040605040605
02070504010505050004060206050303
01070706010706020500060500060102
02000500060507040201040103070607
02060305000104020002070501050600
04050606050206030500060503060306
00060304060701010207000701010001
01070502070201070005070402050706
04020104070605000002040507020203
07070506000003070103040400050003
02060605010203040204070501040007
05070605040307000703030700030702
01030505000702070507030407000004
01070701010606040404030400050606
07050207020002030102040200030206
01000302020501030405050206020205
00060604020104050005040105060701
00020304010007070304010306050100
07070002070100010102050503060404
02030705060503030305070207070500
07060207040303060205040201000604
03070005070601030303070007020700
03030507020205060604050301050506
06060401070607020605020001000606
03000404030005050500040507070203
01020106020007020704040405050206
03060502050005060705020303050501
01000006020104070001030000000000
06060202060407040402070002010300
07040505050403060103060306070004
07010100070201070004050007000600
03020501030300050401030705010206
01000001030407020100020203050205
06020507070604040302070100040201
07010104000601020302040501060200
01020704030404070007070105010000
06040402000204060500050504010307
04050204000002040202050205050204
03060401040402020707000703010203
07050205050706000500030504070203
06010006040606000004060705020402
07010500010505010401000703020404
01010006020606070503020106070507
03010007000306070305020603020306
07010406050406010302030300070601
04020705000100060401070003000500
04010601050001030003070301010104
02030402040103060203040607000106
05070004020001040305010502040402
07070306000301010304050606000602
06000003030400020205020204010004
04030705040307070207040005000302
06060703070701010503040706020506
03050104040705040207070305020600
06030706040105010004040006000606
01030005050706010304030101060504
02020601000706030707030605020300
00040404040004030502010102040103
03030101060507060605020101010207
06070707070507050303060301000305
04000006000001040204010506070201
01010002000106060600020606030101
00060001010001030707040301050407
01050505040201060007030705000300
06050007010000050606020202030105
04000002010503040107040705040004
00030404070605060506030402050105
00040500020105010605040701010702
00060401020301040502060705040304
07040500050607040705030304010707
04070206030207060301030504040706
03020203070507010701050004070302
02060300040307020000020401030106
02050407060203020402020502060507
04020100060101030701050700060200
05070405070501070200060300060300
03030103020505030603010300010205
01000100060404000503000506020605
01030307000603010204000000020306
03040200040102060002040106060502
02050104020103020205010107010204
05050704050204020305020505060707
06020007010202050701060204020607
06040300020706010304020205050402
00050204060600040105060202060001
01050102060104030305050702060505
06070205060307040305070604030505
07000704000506050106070103010106
02000605000405040607060001000402
04030500030500000506050203070100
02040500030007000300040203000506
07070405060307000605030607030403
01050705030601000304000101000604
01040403000405000003050200000604
03050204040503000504070701000405
05050703000004060201050503010500
07020005070307060003040606060006
06010104050504070701040102060307
00050103040101020204070403070106
03010600050204030200020001070007
03010306020700000402030102060300
03050403030601050202000001010402
07020500030001030101050500010204
00040505070003040004040104040300
03020700050604060205040406050505
04010305070503040402060101040301
02000003010602030303020602000100
01010404070100000503070406000700
04050307010206060604000302070007
01050003010200060300050607010403
03020506020402050604040001010702
05030001060502050203060004000304
02030002010005010507040405010402
03020403010405060100070403060101
04000101010401000307010607010306
01020400040106070004060507060500
07030303010303060601000403030601
04020103050404070503040407010603
01040100000406040007040601050701
07070501030601020602070400070303
06010003040603010505030407050106
01070204010007040304020706020504
03040603060400060600020407060200
00000706000607050107070607040400
04030305020000010103040200000201
07060505060302060102000704050603
06030300050202050404070506040107
06050207020707070505030702020007
03030502070305050004030606040703
01060005010707030700060300040301
04000400030303070002000004060003
05070503030302050603020106010407
03040002070703020407050205040407
00050301070706040105030003050403
02070606000203010506060303040503
06000005050704030407050605020601
03040506050106040205060207050001
05050602020307060605060001050001
05060601050000030205010302010303
02060404060104070506040103040302
05020604010104030006050304010304
06040000040305050003040002010405
07050105030305070504010104000407
02070003050604020103000706000604
06050505070401030207050102050502
02050302000206050006050702030104
07040107010405010307060605070607
06030005030002050105060700010506
00000702050301010406040407060006
04040604020607000504020002010206
00020007010200040304070701050501
06030102050104030604030203040306
04060504030107000504040107010407
01050104040003030304040206010605
03000400070006000006070307060302
03010706030607070105020103060203
04050103070202010004020405000500
00020504040200070506000705020102
02050005060105000005000405010401
06040705020200020703070001040503
00070004030200060404030600040405
07000700050401030001000602070602
00070404060406010101040404010402
05010005030700000000050405060406
02000701070000000307040102040403
07070304010101000702030301000200
00040006000102060505040107060503
03030507060405030206060503050703
05050200060703070500040705020707
05040400050202010401060402000002
03060706050104070207060505000101
07000304040402070506020302060102
01040406070407040005040102040407
04060107020502060602030505070005
05040301010604070503060704020404
00050206050002070300030002000301
07060406060001020407040102050705
05020202000204060006070006070306
06070001000407040704060104030205
01010603020404010605030001000301
02000701010403030103070704070706
02000507070107060203070505030207
02020507070302050501060002010304
07060001040507020105010505060503
02000601010101040005020604030505
00020602040403040005020405050201
06000303040305070404000004010704
00050002020302060302050400060606
01060600040703050003060402000502
01020107050302050305060604060406
05020303070307050302010100070202
01070305000103000706010702020100
03040704020103050707030305000200
01020407000504040406060102050103
02040603050705020507050000030707
05030506020102070000030600010606
03040704010203040204060001010203
03000700060706070705070001040405
00030207070007070103020607020405
04010307050105010300020601040606
06030105030005000500060106050003
06050506000002030202020100000400
06020202040201060302070105040204
00040205040403050006060303070601
05040305070503050107030203010405
06030301030506030704050105010205
03010304050002010604050300020506
06030704050401000100000605050202
01050306010106020302060204070304
04010004010200040201030400070402
00040202000405010100010701040102
00070306020000020303060400020406
06000501010603010001030504030700
03070406070001010603010606050704
01000006040504010600040106030004
04060501060207070002030005060401
04010003060403030604060704010303
00030103040502010304020502000504
04020502020706000003020704020503
06070102040307070203010103030204
07020405050407050002020504000707
06020705050102030100030601050003
03060402020707020105000607070607
02070100060705060505000102030505
03020701060107050601050501050602
02060200070301040503050104000401
00050604010104040705030002050000
04020701010207050604000501040107
04070700060601010506050300070503
07060204000500050203050500010300
04020607050206040704040206060602
04070004000201020602050300040506
00000400020103050103000001070304
01030203010504000605010306070306
07060201000703060003040301070301
00020604040103040202040104070007
07050704030505060000040700010004
03000700010203010301000603010506
06040104040306040202010702070402
06060305030707060401000502000503
04020700010105070702000701060606
05060506050707030001000706010503
01070005040606070102020503070604
05000606050206040200000705040600
01030506020106070704050207040101
01070105000603070607030200000004
01060402010507040603020504040603
03000605020401030103020605050502
05040005010600060401030307030105
04060604060004010002000003040704
04070104010700030405070201040402
06070101060603020704060407050107
04020701010106040004070200070401
00020100000402010604030506040107
04000403020103070602070104050502
06000401070602000605040701010207
00000606030401070406070103060002
05070502000403000303010000000706
01050506020605000405010003010001
00050103060501040006070405030507
07020702040203010402020600070503
02050600010307000002000401010506
00010403040001070103060706070706
04020704010106070103020704060206
01010501050406030406020406050104
01000302060401050501070401030106
04070003050602050606070203010703
06060604020006040406060304010004
04020503020704010303010702000504
02010206060105010204010306010700
06020405010103040203070501000304
05020507000701070006020702070504
04050304030504030703010700020301
07060106020304000504030107070207
05000403060706070506040706050406
04010704050307020203060400070002
00070307000704060600010004030505
02040005050600020000050704030407
01060301070002070705030601050601
01070204020501010601020306050406
00060702020401070305070000000300
06020407050507020303040406020603
07000506010300060302000307070702
04040407010707010500020307010505
02030605070101030700040101010302
02020704050604030607060504000706
03000200060706050007030500030003
04030007000100070202010303020704
05060503050603050403030707000404
00040605060706060602050005000306
04040402030600000407030003000006
07070105020402040707030303010300
00060306040506010106040506050605
01060702050406000701050705040205
02060701050602040606020203050506
06060707010500070500050306060201
01010703070206050303020303020403
03010100030206000405040006000201
06040107050104030702010505060204
07070100050600070205050300000703
05060303010301010607020303030702
00010401060607030504060103070204
07020204010706010107050204070301
01070606000204050605070500010405
03030407000600020405040304040402
03070707070203020603020101020402
03060703000503030407050300050301
03060407060301030606010407000400
04000706000607020007060404030003
07060104060505030006000304030300
01000103060203000102020106000002
07060602020101030202060602060003
05010306040307070503070303050505
05020704050300030306030507040102
00020001040007010605050401010204
05000700000101030402070004010101
02020304010600040107030307070307
01030607070207030100040405020300
04030301070600030105060603010501
07030206000402010607040103060403
05060401040200020307070704000405
01030701010201060304060603010704
06020204030201030702060501020500
05000307070005010003000506060704
06040002010501070106030401070705
06040306060407030104070206040404
04030101030604020700020507050004
06000506020607000601000203010303
02010302070502020706000406030004
07040600060105020702040602070001
01010705000406040304050305060107
05030203070302020306070007070107
01030203060004020304040503020401
06000006030102000506000702060206
06020404030601040407020407010300
03020001060705060505010104000502
02050205030306050405050600000604
03000606000502060500010602050106
02040302030703050306010506020006
00000307000602050406060704000000
05020205010604050401030603030205
01020400040601060707050706010505
01030703060306050302010206000000
01060200070504060606020504040004
06050005040303070201040500040004
01070006020202060302060704030503
04050704030105060503040606070503
00000303070205010703070707060403
06020107040605030101070207070206
06000004070004010303070005060307
05000201060000030201020002060203
01040200030506030503030605060003
07010005070600030004060302070506
05020506050003060607040004050505
06060707050700020403040005030602
02040103070706050100060003000301
02050201030405050002060003070402
05050204050300060201040200000304
06040700070403070404060203010005
01000405020606030702050502010305
01070003060707010400070407010300
01010503030705030401030307050600
06020200030505020707050104020505
03050001070505020304040103020506
05000006040605030502020201050703
02070406040107050606040001040106
07070306020107030706010201000306
07060701050007000500040100030702
00010301060303050707020001060105
01020300070507000201060706030207
03020207030004070100070304010104
01070506030202070000030405010204
04050207010204000602020406050604
01060206030500030107020106040100
00040202060604050600030503010707
01010407000407010106050603070005
01000700050304060307050100030505
00030400050601000106060005000502
03050602060300020105010204040005
05050204050700020406030406050603
00000605020700060501040203040302
05040103010105000105000100050307
07000200070705050202020501010400
06060603010505020605020500060501
05050102020102050505040207000001
06020605070704060504000404010306
01030505070607060001070202020401
05060101050406030203040302010001
05030003000301060604070000060701
00060705000207040600050301020206
02070303050105010705000303010201
01030705030206040507030603030105
06020506020003030500040303070502
02020707010306010000030703000506
05020704070300010101030203000100
03020001060002070003010704060406
05020106000302010304060106000604
06000602020106000702050200010107
02040301030205040104060504020401
04070407040305070307070003030307
03020402010201040505000302000406
01060706030300040100060001060405
02060005070601030300000107050302
07070505050601030401050706000700
06030606050102070107000601040405
00070200010704060004000304050702
01060301000404040707010104060304
05020007030201000000010105070006
04050000050304000206050302000206
02030202010005000201070506010301
05010103060201060604000002030107
04070605040102070602060107010706
07010704030106010605010602000507
05060206070307050404070607030106
06050200040303020701010306070101
04070703070001020307020600030602
00030702060004070004060503040402
04040604020206040303070304060705
06040201050000040003010302020702
02030007020503000406030504000503
00020104020403030602060301060300
00000005000102020602050301040500
01010107010300050001040705060701
05070607040607040505030202070007
06070004070204040400070404030600
00020202010400020106000104040406
02010302020106040102040307060703
03070606020200040305060004010504
02040507010304040703040005070601
07050101030504020500070100020703
03050104040006000102030104010700
04070501070303050406060401010005
02000406040105020101040304030303
05030403040702070400020200030402
04050506000701070001040103010206
06050507010603010502040302030701
02050403040106000206020403070105
00000304070404020104050007040500
07070502040404020305030503070005
06040206050202020403000006020106
06010102070103000306060601050707
03000400000006070106060102040402
03000107030505000602060606060603
07040004070104030707070305040505
04000002030400070503010201020501
07010700040504030307060506000006
04060502050000020005030607040205
00000405010607040301060504020602
07070600030504020104030401000201
02010001030202040506000303040202
02040202000300000700070303020105
05010407040100010402030606010307
03060701000703040201030002050302
03050407020703030201040702000401
01010003030607040002040206000505
02010001070507070204040401050002
00070001050005070601050406070307
02070201040702070206000005010301
02060201000700030202030204030202
00070203020206030407030204030301
02060403070202040207030402060600
03030506030401070507070202050700
03040506050604040004020300070704
02010705070001020106050400020706
05060400000305030603010007010606
01020601070204050305070002070202
07050403010403040103060601050303
03050504070407030304030507070100
03040704030605000003010607020500
04000705010400050505040507050202
00050002010302030404020706000600
06020707070407040304000400040604
00070207040107010004010305040206
00050707060202060303050304050303
03020605040104000405050203070306
01000701070604010403040707060301
04060304030301000205030702050406
05070607070100040000050404050406
04000404060202050101040403000002
04070705060405000300040207060001
03020201010307020306020301050607
05070605020306000706070306010400
02020207010401070206030407010304
04030206040103070305020706040003
02040206020403010706060406010200
04010705030205010107020203040202
06010400040107020500040500020001
05060205020505040000040003060500
00030606000504030306020706000604
00000303010704060703000505070605
06070705030600050001010602060407
01040007060703050004060106010306
01040307050006000205020106000105
03070006050006050705040105040102
00020203050201050002040201010707
00020004010204040107030701040106
07030405070705050306040302000102
05060603070601010102050201040502
03050006010406020506030400000004
06060605060506050603010405000000
05070607060103070304050200000303
07010002040001050206000604060401
01030201000307040602060606040504
01020604060006030505070602060605
07020707030301010502010006050607
01060503060307050106000406010400
04010300060101050600000603020600
00020700040004060201060205070301
02010700020406020706000501030306
01070403050107030007020107030101
07050202050504030107050703000403
00010704030202040104040700000506
02010407000404050102030701040705
05020605060001070401060205000106
00030101070707010306060205060401
05000006060103020403060201020106
07000406060300020001010305040407
05070203010101070701030707030104
02000602000402060201060206000102
03030002000305060005040207040206
01040503000707030005030301040501
06000006070305040404000401050705
03010602010206050506060003030707
07000000070503070402030004060107
06040103070401060701040701060101
01070100030401030507050704000100
01050505070202070702050305060001
00060404040706040300070404040202
01070707020400070500020606030603
05050701000301060103010601070201
04020303010002010700000207050606
07000106030504030301000604050201
00070300050201070401070604070607
06000402060405070703050601010100
01070004050207050707060302030601
04000104010302030205010206010104
05050501070606000202010605010706
02070500060500050506070604000506
02060401070607000200030407040603
01070702050105040402020201010503
03050301050503020706070105010301
04010507070003000401050302050702
03040706030600070406060302050305
02020701000404010302020406050503
07010605040603020601070207030005
00060303060002020606030100040705
05000703030502040504050702000606
00030504040700030207070506010003
06010102050107000703060002020105
06060004070501040604070502050707
01070407030001060305030504060103
00040601030305000002000605040406
03030407010001050607040105060700
05020400000707070007040007050707
02030003040407000104030505060702
05000605030202040601040100040100
02040306020107040204050704020603
00020103060602000401070304020706
00000300050205010004010004040501
02070605040005030103070104060406
06040600040701050401040001010106
05050301030305040001000401010503
07030307020302030505060304070107
03010406020205060602020005020001
02020301040406050604000304020201
01060005010402050605020400010700
01030701040607040406020401020202
02050403040205040106040307000104
03050004000007070300070100060304
02060700060405060401050705070102
06040401050202000101060705040103
07020406050203070107060203010404
02020101050606030403060100070501
01030702050102060004070103070407
02020401060205070107050405060505
02040305000700020207000307020700
00010201040105000700060403060200
02020003000305010601030305050103
00070107030200020103040406070703
05010006070004060103010700040503
03040007020301040106020503040000
06050201070300010103020300030701
06060507020603020103020705030605
04070100060703020604070404010704
03060202010302070004000703030403
06010201030404030605020400020105
06050206070000070206000603070000
03060507060401050204010602040102
03070300060604020303030103030306
03000601000205070600050501000202
02070202050600060404050604040102
05040406060505040102010401030400
02050204050504000005000000020707
06010606060307040204020203050103
05010605070501040500050407000100
03050304050607060602000407010207
05000501060702050602030403030500
06050307020700020506070700020000
02010703010003000501060500020407
01040405030703060307020000000703
04070200050202020104040502070304
01070607060303000703070600060004
00070500050700030002020307030202
00040006010201070002000700060602
01070403040306050103000005060201
06020002060106040702050301050301
03020101070402060004010705010703
03010306070304040207050503070105
07070104040506070104000605050001
06010006020007040605060103020507
01040503060405000604060304070400
06040102030502070703060305000305
02000407030304060003070602010506
03060705040402030503000004020505
06060703070606030707000606010503
07020207070602030200020301070107
07050501010605070002030203020706
02000300010206010001060607040407
07020202060106030007060400000504
04060005020304030506060106020000
00030506020700060601050501000006
07050307060506070005060104060603
03050000010401040202050401070105
07030005030607010104040400000400
06070003060002070303020605060000
06010306030202040304060000020706
04010606040503070306070205000703
07050607030305020505050204050502
05050006060303050501040300040205
04070405070206010700050501020703
01060602070604020502040507050002
06030505020400050303000500030201
03050605030605070305030001010503
01030106030207070202040605050301
00000004040607030402040002040304
02020502060605040103060202030006
07070400040403010003050604060105
06010200030502050206060502050105
03000404030100030707060704000307
02020701060005050202000403000100
06020106060102030706030300030503
06050404040705050203020304020101
01010606070706020300010405030503
06070306000604000104040404010003
05000103010003070305060004040106
02060507040407060605010304060107
07020505040202000705060004050701
04030301050501000106070500030107
07060407040707070303000501030201
02010707010306060002030000000603
04030505020700060601040204040002
03030304040307070202040306050705
03070401060703000100000004020603
05050403000104030503030600020203
07000002020000030700030504010005
06030002020604040005050506070307
06020301020002000201020003050705
00050505010003070202060601010004
07000002060701000005050003010607
02060604060003060405020500000702
06010202050504050502040301040304
05050703060307050702000403020207
06060307010603010607060606040203
01030400030201020407060503000405
06050202070100000505010201000301
04060005060004060004020407010406
07020604010107040203020507050403
01060606000103050503040700000207
05020102070503060002030104060102
02020104070502050102050003000601
02060503070205070701010604030501
01050204040103000702000001060203
03020207010600070305000000010100
07010307000700020201060407030202
06070306060507060703020607050701
05000105010100040207040503030703
06060700020503010503050505010606
02020604040302060604050702040607
04030403010001000705000701060707
00020406010201050102010304060602
05030001000107050002070607000000
04070007040601070307060704040003
06040102030200030301020005030202
06050004050102060000060001030307
06000201060400060105060303060501
05000705060301060105030101020205
05010603030306010005030704020204
07050606020605020601070606020700
02010001020004020200050407050601
03010205060207050101060602000703
01060506000004060503040304020506
06000005070603040201040105030405
01020304070002000102010707020206
05020101040405040601070100060500
05060101030702020005070104030701
01020700000402030000020203050302
06040705050400020007020405070102
03050702050707000206010303040003
00050407030301070201040301060002
01030406060704070501010305040102
01050403000405020005050401060203
05020204070206030602050007050102
06070407000705050302000503060305
03040304010106070402030403060205
05000407010706040404070600050303
07010100070102030506070107000205
00070505070401020405060406040607
06010502050505020006030406020004
04020007030403050507010004050201
07010407030000030306050302050001
07020105010002000600070704010702
06020306030602040200000203070400
01040305030102010703060006070401
07070306040001050103060001030702
06060206020005000001020000070200
05060701070603050300050204000605
00030107040001040102050303070403
07060500040500070407020101000103
04070501060707040604040501020600
04020103050101050402000502060603
05060701040207050000010401010303
06010100060300050501020702040003
02060505030700020204060004070102
07010700070404010301050404020200
07050405060704030100060501020003
03070301060600010600020500010206
02070400070704030200010107050304
00010202030607010207030301030200
03060404010207020406000300040401
02070003030604050204010707020604
02040106050604010606060502010307
05010603000003030002030305000606
07000100020206040101020403040407
05020002030703030704060101070202
01040700060506070200040506030503
00050701030305050104060403010106
04030107030403040301000401060500
05070504060405030507060305010304
03050501040002000607030301020602
00000103030201020103060406010100
05020301000000010200040201050206
03010501030000070207040002010103
04020005050505060403000305000502
05040000060004070300010104000603
04050200010607030404070406060201
02010201070501040301040107020504
00010201050700000101070601070406
03020507010304030607010702060304
04030705030606060402000602050300
00040203030507010402060102030206
06010104060506030303000503020403
02040202070000010607000702000302
03060201010502030203070706030600
04070105060001010701000304070103
04010305050003070204060104070005
00070601000005070502010102000602
02070601000407070201030206050307
07040403070206020606030106050407
02000602010005070102010102010206
06000506020007040105000404020305
01040203010602070503010607030204
02000500040006010504000606060101
03000704000003050403060602070702
00070604020405030304040406010401
04000101060502010703070304000504
04050301070100070604020103050407
07050706050700050104060201010203
05010606020202040305030100020106
07020706070202060301020705040502
06030603030206040701030301040500
03060407040002010404010307000500
06030700000300060102030606040205
01020401000507040407020303010105
02020100000407050307030401000700
05000505000002020002010000030306
00020601020203010602060405070106
05020604030107020000030701020601
03000602000104000205060603040403
01000701050303020700000506070003
04020602050204060201020202010304
05030001000001050605010707030604
01060507020503030004020501020706
02060502010400070702070607030107
01050200000703060502070503010704
03070707040305060303060206010302
03050704060006060205020403020603
00050502050603070004020307050502
05050204000107060007030306000205
01070505030000030202060102030707
03050405040006060604060302010204
04050007050104050107040705030402
02070506060503030504000305040301
05000100060502060505060206050206
02030404060701060104030504000007
07060005040504070704040205060700
03050106000105040205040406040401
04020400010700010201070606030304
05000302050206060502020506040701
02020606040502070007020301050003
05070503030301070005020501060003
07050707000701040103050607050302
06050200070101000204020006030004
00070407050006030603060004060302
06070702010101050000010300070607
05050402010505060503030207060301
07000101040307070600030503060500
05000306030301070101040604020403
01040203030201060102020102020502
01010400050707050101050700000604
03020706060302020602010307000500
04020302020500000302000607010306
07000401060602060704070306050201
00070205030104070106010107030700
04050704030206010700040203000700
07000601000600060207060401020000
01070100000401010002050007030202
01030103000103020101060706020100
03030700070705010302010407050300
00040003060103000103010207020100
06050700040403060505040603000306
02010004050300030602010302010301
06050106050007030303000606010603
01040401000507070501040302010305
04020005070201020302010707000306
03050000050501000707020207030704
07020406000002070706010003010607
00030204030305000603010602070601
03010606040107060103030706040706
02050405020406020507030102060203
04070105030207030606010601040205
07030601040403030706020301040105
03030103000203010707020504050602
01060103040301010603030703030001
03060707020501010005050203030307
01010304060203010006070700030502
06030500070603020307060400060004
04010505020207000403010501050001
03050207010303010603030501060006
00060000060404030303020200010703
00060501020402070204060306000003
06050003010205060502060002040401
06070002020404000706020704010507
04050406010503000107010303000104
01010502000103070300060103030506
04050505000204020107070703050307
03070300070304050700010104000505
07020301070303030003070300000102
02050401000001040003050202030300
04010207040502070702040600060003
06070200050506020705020200070201
04010105050406020701040005060107
05050003070001070101020203030103
02040703010204060401070103010405
02020207020303040307000702020504
03000202070104040502070607000300
06060106000407050704020605040105
00010502070002060403040605070702
01060407020400000606050406040304
02030603070600050400040000070303
06070506010002040107060603000204
06010702040601040301030707070502
04070103060507020304040203010705
06050700050202000204010001060702
07010403040505020403060601050105
00020304020102060401000307020500
00000302020206070202020003070103
06010607060401020405060200010103
04070107000004060204030305020704
02060001030003060306050205070002
06030100070403060002020606000301
02030107000304060204060707020503
06000404000500010603070503030507
00050600020105050306000105030404
06050403050206050006060205050100
00050606070300050003040207030606
04050201070300030403030403040307
03030400010202000204070301030405
04020607020507000101030102030102
05030102000602070102040506050107
02010701060506060407000103020201
00070701030703010407070203070203
04020101020504050400040106050706
07000600010407010206000004050304
04060103070503060100050605040006
03050306020503070302000504010007
00060403010100000307010305060502
05010607060200060204050501060300
01030105060407040304000103030101
04040705040504020004010602010306
05050507070106000404040502000307
05000404040405000004000204070706
07000003010302010701070105050506
07070200040506020200070707020501
05060707000402010102060200040302
04060000060107060405050406030603
07000302000005050103010202040207
06030305070004000602040601040005
07040503060307010004020203040605
01020604060602030202030600000400
02010607010506020004070005040402
07020103020606060003020000030401
05040007060301040104020003040507
05060702040704070601030703040604
01060102060005060404020106040105
07000407030304050105020406020503
02070706020701050403040106000007
02030004060207070206060703040401
05040203010104020203010602040302
05050604040704060700040206050602
03030204040101010301070506000003
05020706010003010403050100050506
07000703020605010506030103030700
00050100050602070404020206030300
05070300020206030505020504050305
02030304070002040502070500010401
01020104000501000203010302060506
01060602020402010504010204060005
07020403000505060202050004060206
01020100040407020702070007060401
01010202040600040505060006000106
07020504020603020100070500010403
02070404030300000207000506000106
06050202030001060304060305030302
01050402010600040601070304060304
06050605010502050705070701050500
02010303030706030307000102020201
07010701070000010101070206040202
00050706070707070200070603050700
03050306030005040702050305070605
03040503000703060101070504030402
01040302070201010200070603020402
07010306060003040002000607020604
01070607060601010504010300070107
02040300060001070302020206050203
00060604040107000002030700010305
00030204070400060706050004020106
02040102050502050700060306040506
03070104020700010700000502010507
07050700060400000304020305000206
07060402030103040007060701060601
01040103050207040504050407010506
01040101070302070605040707040201
03050607060700050306000401050101
07000607060300030303050007050505
00030702060106040306030004020603
04010602030702050401070600020103
04020600070205040304030603020101
01020604010506020003030305060303
02040303000306050505060102060303
02050703070503070500000402050406
05030707000302000702050105070007
05010506020706010006070507070604
05040606070704010107030005030500
01050704070304040401020207070204
07040202050401020302010704050206
06000000070105010406070104000601
02020207060100010404000505060206
02040606050105060406070405060601
05020503050700070405020206050007
04030606000304010205050206060007
05010206070206010502070702040701
01030105070204040703070504070401
05030101030103060107000001000100
06030007020400020303010107070706
05060202060502050002060602030306
05020106060601050106000207030501
07040105020400040202060004020005
05020502050407030503050704030604
01010606030306070101070007040006
01000003050505020104020704050105
01010006010505040500000607030603
05070107040505050107020302030407
06000703030400000001010701000704
01060706030307070407010202070701
02010701070501070606070601060701
07020200010605040507050703070100
03010206030603010501050407060403
04030603060505050307070101030607
06070301060200070603030300040407
03000100070207000103030205030001
06020206010001000106030703000403
05040301050407060607060105050100
06040102060602030607070302030702
05040707060602070502000506000101
03030205070304030605030300060506
06020707010705030300050407010706
05070300050106050002020604060106
02050701030406020001010303000302
03040700020502000004010102020205
02050003070703060502040601040604
03020302070402000105060605060005
01000701050502030102060003060707
05010400000700050007030406010305
02050105020001020001030601020207
00050207010207020407060405010703
05030301000403070305010002030507
05040005000305000205060305060407
02010201050505070500030200070400
01000700050103000002040502000206
02040102020300040103010406010605
06040001030601050204060400010707
04050301010405040504020302040605
00010505030402030106020702020405
01020703070506020706040101070701
07010006060604060304000505030707
04010501070206040302020606060004
00010607010601030000060707010003
04010204000201030206010404050406
00040702030102010603030407010000
06070503040305070407030604000307
04010403030403050300050100040500
07010307050605010504070007030605
06010601050606020201020607040105
02000102040003000603060003010006
05010002030006000705070702010603
02020203050503020006040605050102
03040104000506060403010401040406
00040300050304070203000304060006
05040404050206050004000003000300
07000005040404030501050500010305
07000404010101040006060105040702
07030000000301050207050202050004
02010703020602030507020505040205
01060507060503060104050603010507
07030407000307040202000100000105
00060506050307010704020300010607
05070403070705020007060105030202
01060700020503030107030207010601
03000202040201060702050600070407
06070205040607010104010601000102
07070105040601010004000005060003
03010402040103020106000401040202
06000405070000050602010307070300
02070103060207010105050502020103
02000206030603070401050506000207
03000504000701030205020706030106
03030304050704030306070403000407
07060000000702050002030005060601
00010106000101010505020406030406
00030404070705020601000307000305
05010502040007030103020504050507
01010506020004010503020207070007
04060400000303000705010305040002
06070207030003000406040507070605
07050004000704060002030405070306
07060104010001020002010504070307
07050406060104040000020202040705
03070604020207040505010207060604
07050601020604020005070407060507
01050507010302020702030101030000
07030600070007010406070607020403
02000500040301070606030207000406
02040600020501060606030207010406
02030300060406000606010100010203
00060204000007040300070207040302
00010102060500030302040304030002
04060303010406030106000300010302
02010302060200000107050200020200
01040702010605040704020603050706
02030701010002040505030606000607
00030501030204030103010101060401
04050307040100020103020304000106
06050304010701050100040705020604
01050401000306050300040501050202
05040105020600070406040706070406
01060302000700010102040204010003
01040103040200050405040603030605
04070702020104000105020601050406
02050102010101000101020200040401
01070704040306040506050601000000
03060703050706000107020706070702
04050407070306070002020604060106
00040301060706040705060302070002
03070500000603010102000001040202
00050607040002070004000407020005
04070300060207060406000606000502
01040703030401050403030505040701
04020306070407070406020201020705
03040302010001030607020304070402
01070303060406040602050504020405
07000704010506060105030106010103
06030107060403040700040505050001
01060601010706020206070206010403
02020600060203030400010407010103
04020500000603060100010000070706
03010001050206050102030000050303
02050401070007000702030705050102
05050100010700000500030007030302
00060405020004010207030007050105
07070200050501020505070303010406
03030600030104030105040107060301
00070306050501060404000306030306
04070401060702050103050200070702
03020106030006030005000507020106
02010201020707000201000506070100
01040003070602040201050204060702
03000601070606040701060402020103
02020104010502020604050106060605
06000503030100070501010705060507
02040107070706050301050302040607
05040403060602040705010700030707
04030601050501000103010500010603
06010202040602020403020105050501
04050302070005010407000500060105
02040103000107000204000302050702
05040403000605050103000305060001
01060504000005070601050305050007
00000005020302040203040307040606
07060002030607050401070603060400
03030505020202060206010400050107
05020602040002010306070700000501
04020001020105020606040605070307
04000102030501070203040206010500
06050707010504010302000702000606
05050302010302030206010302000705
02050307050005070005070701010002
02020705030500040301020706010404
07010400020505000507060302040705
00040506040102050001010006070507
06050205060502010007030401060102
05010705010304010407060106070103
07060404070001030000040406000602
02050003030200060401070704010605
07050201020407070700020203050701
07060003050703060407010005060200
03060503020201030202040606010402
01010303070106000306000705050700
04040002030202010306030204020303
03010706020203060604040704040300
00000706030302020403020404040104
04060105020705000500060204000603
00020306050600070502060401030704
00020305010007040100020504070300
07020503020302020404020701070202
03020003060505000003030500000601
07010205020600070605000100020005
00070105020300070703000202040307
03060501020304000707050507070607
01030602070006020606020103070302
06040607030205040404040405010600
00040404030506050601050201070103
04020401070000030007020301000302
00060404020506050400070701060704
04070400070403030102040003000602
00020301070602040704070407010403
02070205000101040204030107050104
06060201000300040607060605060004
00000200050401050203000404030100
07000702010401000700010304020405
04040306000307020300020600000102
02070004060702010101040300020603
03010604040104050103030505010500
01060300070306030006000300000100
00020000040703020606030503020206
02070200070207010704060504050205
02040102040307060502020605070104
04020500030707050001010704070706
01050705060304050203060105050003
03010202000204060202060206050700
03040305020703020007020707050006
06010602020705040403060704000202
06050507070100060405020702070607
01030500050001040706040107010202
00060306010105070507010401020604
07010305040107020307010603060607
03000406070006000604050401050203
04050301020405040007000704040107
04010202050505020106040305030507
02030005030103050206010107020306
02030404060407000106060105030203
05050707070502070506040001010600
07040403020304000505020001010700
04000701060100070007060505050702
00050303010003040005070605040006
06000406040200010402030101040507
03010404020001010502000104000403
05030402030700020707060207060106
02030307030101070303070106010106
06020701060300060003070703060706
00040700050002020507020307070400
06040504020504030501010700070005
07060002000304010102000102050707
07020203050305070602010006010101
06010401050607060303010702050600
07000507030705060401070705010104
03030605060400030205070102070000
02010304070401060002070007040201
07070000070001060201000603070406
00060204030607060105070100010504
05060202030002050104010001010503
01060604070400040400030102060107
05060705000702070706070302010500
00040607040600060407030405000205
04060006020501020603030004040005
01070704050304060403000202060104
06040201040504040503070500040006
05050301010300020002070200070501
07040404040602040502030000030001
02010507000704030705050204010606
02020501000300020005040204070104
00000706060306070205010704020005
02020206030506070002070403000504
00050205030105070603000706020307
03000704000704030500000505050607
00060002000702050401010402050004
01020506010700030103010206060306
05070401000006020503070605000605
05030203030703030605070401010404
02010202060504060207000107000106
02070406040007020607030406000102
07070702060003060302050605030707
02000506050601010302060502010302
05020101070406040601070106070602
