Copyright 1986-2022 Xilinx, Inc. All Rights Reserved. Copyright 2022-2023 Advanced Micro Devices, Inc. All Rights Reserved.
---------------------------------------------------------------------------------------------------------------------------------------------
| Tool Version : Vivado v.2023.1 (win64) Build 3865809 Sun May  7 15:05:29 MDT 2023
| Date         : Fri May  8 16:55:42 2026
| Host         : DESKTOP-73784OM running 64-bit major release  (build 9200)
| Command      : report_timing_summary -file C:/_Project/FLUX_CNN/Syn/reports_smc/timing_summary.rpt -max_paths 10
| Design       : multicore_top_smc
| Device       : 7k325t-ffg900
| Speed File   : -2  PRODUCTION 1.12 2017-02-17
| Design State : Routed
---------------------------------------------------------------------------------------------------------------------------------------------

Timing Summary Report

------------------------------------------------------------------------------------------------
| Timer Settings
| --------------
------------------------------------------------------------------------------------------------

  Enable Multi Corner Analysis               :  Yes
  Enable Pessimism Removal                   :  Yes
  Pessimism Removal Resolution               :  Nearest Common Node
  Enable Input Delay Default Clock           :  No
  Enable Preset / Clear Arcs                 :  No
  Disable Flight Delays                      :  No
  Ignore I/O Paths                           :  No
  Timing Early Launch at Borrowing Latches   :  No
  Borrow Time for Max Delay Exceptions       :  Yes
  Merge Timing Exceptions                    :  Yes

  Corner  Analyze    Analyze    
  Name    Max Paths  Min Paths  
  ------  ---------  ---------  
  Slow    Yes        Yes        
  Fast    Yes        Yes        


------------------------------------------------------------------------------------------------
| Report Methodology
| ------------------
------------------------------------------------------------------------------------------------

No report available as report_methodology has not been run prior. Run report_methodology on the current design for the summary of methodology violations.



check_timing report

Table of Contents
-----------------
1. checking no_clock (0)
2. checking constant_clock (0)
3. checking pulse_width_clock (0)
4. checking unconstrained_internal_endpoints (0)
5. checking no_input_delay (650)
6. checking no_output_delay (999)
7. checking multiple_clock (0)
8. checking generated_clocks (0)
9. checking loops (0)
10. checking partial_input_delay (0)
11. checking partial_output_delay (0)
12. checking latch_loops (0)

1. checking no_clock (0)
------------------------
 There are 0 register/latch pins with no clock.


2. checking constant_clock (0)
------------------------------
 There are 0 register/latch pins with constant_clock.


3. checking pulse_width_clock (0)
---------------------------------
 There are 0 register/latch pins which need pulse_width check


4. checking unconstrained_internal_endpoints (0)
------------------------------------------------
 There are 0 pins that are not constrained for maximum delay.

 There are 0 pins that are not constrained for maximum delay due to constant clock.


5. checking no_input_delay (650)
--------------------------------
 There are 650 input ports with no input delay specified. (HIGH)

 There are 0 input ports with no input delay but user has a false path constraint.


6. checking no_output_delay (999)
---------------------------------
 There are 999 ports with no output delay specified. (HIGH)

 There are 0 ports with no output delay but user has a false path constraint

 There are 0 ports with no output delay but with a timing clock defined on it or propagating through it


7. checking multiple_clock (0)
------------------------------
 There are 0 register/latch pins with multiple clocks.


8. checking generated_clocks (0)
--------------------------------
 There are 0 generated clocks that are not connected to a clock source.


9. checking loops (0)
---------------------
 There are 0 combinational loops in the design.


10. checking partial_input_delay (0)
------------------------------------
 There are 0 input ports with partial input delay specified.


11. checking partial_output_delay (0)
-------------------------------------
 There are 0 ports with partial output delay specified.


12. checking latch_loops (0)
----------------------------
 There are 0 combinational latch loops in the design through latch input



------------------------------------------------------------------------------------------------
| Design Timing Summary
| ---------------------
------------------------------------------------------------------------------------------------

    WNS(ns)      TNS(ns)  TNS Failing Endpoints  TNS Total Endpoints      WHS(ns)      THS(ns)  THS Failing Endpoints  THS Total Endpoints     WPWS(ns)     TPWS(ns)  TPWS Failing Endpoints  TPWS Total Endpoints  
    -------      -------  ---------------------  -------------------      -------      -------  ---------------------  -------------------     --------     --------  ----------------------  --------------------  
     -0.303     -126.935                   1781               305432        0.054        0.000                      0               305432        2.832        0.000                       0                 84805  


Timing constraints are not met.


------------------------------------------------------------------------------------------------
| Clock Summary
| -------------
------------------------------------------------------------------------------------------------

Clock  Waveform(ns)         Period(ns)      Frequency(MHz)
-----  ------------         ----------      --------------
clk    {0.000 3.600}        7.200           138.889         


------------------------------------------------------------------------------------------------
| Intra Clock Table
| -----------------
------------------------------------------------------------------------------------------------

Clock             WNS(ns)      TNS(ns)  TNS Failing Endpoints  TNS Total Endpoints      WHS(ns)      THS(ns)  THS Failing Endpoints  THS Total Endpoints     WPWS(ns)     TPWS(ns)  TPWS Failing Endpoints  TPWS Total Endpoints  
-----             -------      -------  ---------------------  -------------------      -------      -------  ---------------------  -------------------     --------     --------  ----------------------  --------------------  
clk                -0.303     -126.935                   1781               305432        0.054        0.000                      0               305432        2.832        0.000                       0                 84805  


------------------------------------------------------------------------------------------------
| Inter Clock Table
| -----------------
------------------------------------------------------------------------------------------------

From Clock    To Clock          WNS(ns)      TNS(ns)  TNS Failing Endpoints  TNS Total Endpoints      WHS(ns)      THS(ns)  THS Failing Endpoints  THS Total Endpoints  
----------    --------          -------      -------  ---------------------  -------------------      -------      -------  ---------------------  -------------------  


------------------------------------------------------------------------------------------------
| Other Path Groups Table
| -----------------------
------------------------------------------------------------------------------------------------

Path Group    From Clock    To Clock          WNS(ns)      TNS(ns)  TNS Failing Endpoints  TNS Total Endpoints      WHS(ns)      THS(ns)  THS Failing Endpoints  THS Total Endpoints  
----------    ----------    --------          -------      -------  ---------------------  -------------------      -------      -------  ---------------------  -------------------  


------------------------------------------------------------------------------------------------
| Timing Details
| --------------
------------------------------------------------------------------------------------------------


---------------------------------------------------------------------------------------------------
From Clock:  clk
  To Clock:  clk

Setup :         1781  Failing Endpoints,  Worst Slack       -0.303ns,  Total Violation     -126.935ns
Hold  :            0  Failing Endpoints,  Worst Slack        0.054ns,  Total Violation        0.000ns
PW    :            0  Failing Endpoints,  Worst Slack        2.832ns,  Total Violation        0.000ns
---------------------------------------------------------------------------------------------------


Max Delay Paths
--------------------------------------------------------------------------------------
Slack (VIOLATED) :        -0.303ns  (required time - arrival time)
  Source:                 gen_core[1].u_core/u_parf_accum/fill_tile_cnt_reg[0]/C
                            (rising edge-triggered cell FDRE clocked by clk  {rise@0.000ns fall@3.600ns period=7.200ns})
  Destination:            gen_core[1].u_core/u_wb/mem_reg_56/ADDRBWRADDR[14]
                            (rising edge-triggered cell RAMB36E1 clocked by clk  {rise@0.000ns fall@3.600ns period=7.200ns})
  Path Group:             clk
  Path Type:              Setup (Max at Slow Process Corner)
  Requirement:            7.200ns  (clk rise@7.200ns - clk rise@0.000ns)
  Data Path Delay:        6.943ns  (logic 1.300ns (18.724%)  route 5.643ns (81.276%))
  Logic Levels:           17  (CARRY4=3 LUT3=2 LUT4=1 LUT5=2 LUT6=9)
  Clock Path Skew:        -0.027ns (DCD - SCD + CPR)
    Destination Clock Delay (DCD):    0.510ns = ( 7.710 - 7.200 ) 
    Source Clock Delay      (SCD):    0.537ns
    Clock Pessimism Removal (CPR):    0.000ns
  Clock Uncertainty:      0.035ns  ((TSJ^2 + TIJ^2)^1/2 + DJ) / 2 + PE
    Total System Jitter     (TSJ):    0.071ns
    Total Input Jitter      (TIJ):    0.000ns
    Discrete Jitter          (DJ):    0.000ns
    Phase Error              (PE):    0.000ns

    Location             Delay type                Incr(ns)  Path(ns)    Netlist Resource(s)
  -------------------------------------------------------------------    -------------------
                         (clock clk rise edge)        0.000     0.000 r  
                                                      0.000     0.000 r  clk (IN)
                         net (fo=84998, unset)        0.537     0.537    gen_core[1].u_core/u_parf_accum/clk
    SLICE_X139Y86        FDRE                                         r  gen_core[1].u_core/u_parf_accum/fill_tile_cnt_reg[0]/C
  -------------------------------------------------------------------    -------------------
    SLICE_X139Y86        FDRE (Prop_fdre_C_Q)         0.223     0.760 r  gen_core[1].u_core/u_parf_accum/fill_tile_cnt_reg[0]/Q
                         net (fo=9, routed)           0.470     1.230    gen_core[1].u_core/u_parf_accum/g_col[15].u_col/fill_tile_cnt[7]_i_8__0[0]
    SLICE_X137Y87        LUT6 (Prop_lut6_I0_O)        0.043     1.273 r  gen_core[1].u_core/u_parf_accum/g_col[15].u_col/fill_tile_cnt[7]_i_9__0/O
                         net (fo=1, routed)           0.233     1.506    gen_core[1].u_core/u_cfg/fill_tile_cnt[7]_i_7__0_0
    SLICE_X137Y86        LUT6 (Prop_lut6_I0_O)        0.043     1.549 r  gen_core[1].u_core/u_cfg/fill_tile_cnt[7]_i_8__0/O
                         net (fo=1, routed)           0.099     1.648    gen_core[1].u_core/u_cfg/fill_tile_cnt[7]_i_8__0_n_0
    SLICE_X137Y86        LUT6 (Prop_lut6_I2_O)        0.043     1.691 f  gen_core[1].u_core/u_cfg/fill_tile_cnt[7]_i_7__0/O
                         net (fo=1, routed)           0.101     1.792    gen_core[1].u_core/u_cfg/fill_tile_cnt[7]_i_7__0_n_0
    SLICE_X137Y86        LUT6 (Prop_lut6_I5_O)        0.043     1.835 r  gen_core[1].u_core/u_cfg/fill_tile_cnt[7]_i_4__0/O
                         net (fo=11, routed)          0.354     2.189    gen_core[1].u_core/u_cfg/fill_tile_cnt[7]_i_4__0_n_0
    SLICE_X136Y93        LUT3 (Prop_lut3_I1_O)        0.043     2.232 r  gen_core[1].u_core/u_cfg/kk_cnt[9]_i_13__0/O
                         net (fo=1, routed)           0.329     2.561    gen_core[1].u_core/u_parf_accum/g_col[15].u_col/kk_cnt[9]_i_5__0
    SLICE_X136Y94        LUT6 (Prop_lut6_I1_O)        0.043     2.604 f  gen_core[1].u_core/u_parf_accum/g_col[15].u_col/kk_cnt[9]_i_8__0/O
                         net (fo=1, routed)           0.349     2.953    gen_core[1].u_core/u_cfg/kk_cnt_reg[9]
    SLICE_X137Y93        LUT6 (Prop_lut6_I0_O)        0.043     2.996 r  gen_core[1].u_core/u_cfg/kk_cnt[9]_i_5__0/O
                         net (fo=3, routed)           0.467     3.462    gen_core[1].u_core/u_parf_accum/kk_cnt_reg[9]_2
    SLICE_X133Y89        LUT6 (Prop_lut6_I3_O)        0.043     3.505 r  gen_core[1].u_core/u_parf_accum/w0_nonzero_pipe_i_3__0/O
                         net (fo=3, routed)           0.112     3.617    gen_core[1].u_core/u_parf_accum/psum_in_ready
    SLICE_X133Y89        LUT3 (Prop_lut3_I0_O)        0.043     3.660 r  gen_core[1].u_core/u_parf_accum/x_cnt[5]_i_3__1/O
                         net (fo=2, routed)           0.182     3.842    gen_core[1].u_core/u_wgt_buffer/wgt_ready
    SLICE_X133Y88        LUT4 (Prop_lut4_I0_O)        0.043     3.885 r  gen_core[1].u_core/u_wgt_buffer/load_caught_up_i_3__0/O
                         net (fo=2, routed)           0.107     3.993    gen_core[1].u_core/u_cfg/load_caught_up_reg_1
    SLICE_X133Y88        LUT6 (Prop_lut6_I4_O)        0.043     4.036 f  gen_core[1].u_core/u_cfg/wgt_bubble_i_9/O
                         net (fo=2, routed)           0.334     4.370    gen_core[1].u_core/u_cfg/wgt_bubble_i_9_n_0
    SLICE_X132Y87        LUT5 (Prop_lut5_I3_O)        0.043     4.413 f  gen_core[1].u_core/u_cfg/wgt_bubble_i_2__0/O
                         net (fo=10, routed)          0.122     4.535    gen_core[1].u_core/u_wgt_buffer/pos_cnt_reg[2]_rep__8_0
    SLICE_X132Y87        LUT6 (Prop_lut6_I1_O)        0.043     4.578 r  gen_core[1].u_core/u_wgt_buffer/mem_reg_0_i_52__5/O
                         net (fo=25, routed)          0.987     5.565    gen_core[1].u_core/u_wgt_buffer/evt_ld
    SLICE_X114Y68        LUT5 (Prop_lut5_I3_O)        0.043     5.608 r  gen_core[1].u_core/u_wgt_buffer/mem_reg_0_i_71__3/O
                         net (fo=1, routed)           0.000     5.608    gen_core[1].u_core/u_wgt_buffer/mem_reg_0_i_71__3_n_0
    SLICE_X114Y68        CARRY4 (Prop_carry4_S[1]_CO[3])
                                                      0.256     5.864 r  gen_core[1].u_core/u_wgt_buffer/mem_reg_0_i_15__6/CO[3]
                         net (fo=1, routed)           0.000     5.864    gen_core[1].u_core/u_wgt_buffer/mem_reg_0_i_15__6_n_0
    SLICE_X114Y69        CARRY4 (Prop_carry4_CI_CO[3])
                                                      0.054     5.918 r  gen_core[1].u_core/u_wgt_buffer/mem_reg_0_i_14__5/CO[3]
                         net (fo=1, routed)           0.000     5.918    gen_core[1].u_core/u_wgt_buffer/mem_reg_0_i_14__5_n_0
    SLICE_X114Y70        CARRY4 (Prop_carry4_CI_O[1])
                                                      0.165     6.083 r  gen_core[1].u_core/u_wgt_buffer/mem_reg_0_i_13__5/O[1]
                         net (fo=57, routed)          1.397     7.480    gen_core[1].u_core/u_wb/ADDRBWRADDR[9]
    RAMB36_X2Y15         RAMB36E1                                     r  gen_core[1].u_core/u_wb/mem_reg_56/ADDRBWRADDR[14]
  -------------------------------------------------------------------    -------------------

                         (clock clk rise edge)        7.200     7.200 r  
                                                      0.000     7.200 r  clk (IN)
                         net (fo=84998, unset)        0.510     7.710    gen_core[1].u_core/u_wb/clk
    RAMB36_X2Y15         RAMB36E1                                     r  gen_core[1].u_core/u_wb/mem_reg_56/CLKBWRCLK
                         clock pessimism              0.000     7.710    
                         clock uncertainty           -0.035     7.675    
    RAMB36_X2Y15         RAMB36E1 (Setup_ramb36e1_CLKBWRCLK_ADDRBWRADDR[14])
                                                     -0.498     7.177    gen_core[1].u_core/u_wb/mem_reg_56
  -------------------------------------------------------------------
                         required time                          7.177    
                         arrival time                          -7.480    
  -------------------------------------------------------------------
                         slack                                 -0.303    

Slack (VIOLATED) :        -0.300ns  (required time - arrival time)
  Source:                 gen_core[1].u_core/u_parf_accum/fill_tile_cnt_reg[0]/C
                            (rising edge-triggered cell FDRE clocked by clk  {rise@0.000ns fall@3.600ns period=7.200ns})
  Destination:            gen_core[1].u_core/u_wb/mem_reg_56/ADDRBWRADDR[12]
                            (rising edge-triggered cell RAMB36E1 clocked by clk  {rise@0.000ns fall@3.600ns period=7.200ns})
  Path Group:             clk
  Path Type:              Setup (Max at Slow Process Corner)
  Requirement:            7.200ns  (clk rise@7.200ns - clk rise@0.000ns)
  Data Path Delay:        6.945ns  (logic 1.232ns (17.739%)  route 5.713ns (82.261%))
  Logic Levels:           16  (CARRY4=2 LUT3=2 LUT4=1 LUT5=2 LUT6=9)
  Clock Path Skew:        -0.027ns (DCD - SCD + CPR)
    Destination Clock Delay (DCD):    0.510ns = ( 7.710 - 7.200 ) 
    Source Clock Delay      (SCD):    0.537ns
    Clock Pessimism Removal (CPR):    0.000ns
  Clock Uncertainty:      0.035ns  ((TSJ^2 + TIJ^2)^1/2 + DJ) / 2 + PE
    Total System Jitter     (TSJ):    0.071ns
    Total Input Jitter      (TIJ):    0.000ns
    Discrete Jitter          (DJ):    0.000ns
    Phase Error              (PE):    0.000ns

    Location             Delay type                Incr(ns)  Path(ns)    Netlist Resource(s)
  -------------------------------------------------------------------    -------------------
                         (clock clk rise edge)        0.000     0.000 r  
                                                      0.000     0.000 r  clk (IN)
                         net (fo=84998, unset)        0.537     0.537    gen_core[1].u_core/u_parf_accum/clk
    SLICE_X139Y86        FDRE                                         r  gen_core[1].u_core/u_parf_accum/fill_tile_cnt_reg[0]/C
  -------------------------------------------------------------------    -------------------
    SLICE_X139Y86        FDRE (Prop_fdre_C_Q)         0.223     0.760 r  gen_core[1].u_core/u_parf_accum/fill_tile_cnt_reg[0]/Q
                         net (fo=9, routed)           0.470     1.230    gen_core[1].u_core/u_parf_accum/g_col[15].u_col/fill_tile_cnt[7]_i_8__0[0]
    SLICE_X137Y87        LUT6 (Prop_lut6_I0_O)        0.043     1.273 r  gen_core[1].u_core/u_parf_accum/g_col[15].u_col/fill_tile_cnt[7]_i_9__0/O
                         net (fo=1, routed)           0.233     1.506    gen_core[1].u_core/u_cfg/fill_tile_cnt[7]_i_7__0_0
    SLICE_X137Y86        LUT6 (Prop_lut6_I0_O)        0.043     1.549 r  gen_core[1].u_core/u_cfg/fill_tile_cnt[7]_i_8__0/O
                         net (fo=1, routed)           0.099     1.648    gen_core[1].u_core/u_cfg/fill_tile_cnt[7]_i_8__0_n_0
    SLICE_X137Y86        LUT6 (Prop_lut6_I2_O)        0.043     1.691 f  gen_core[1].u_core/u_cfg/fill_tile_cnt[7]_i_7__0/O
                         net (fo=1, routed)           0.101     1.792    gen_core[1].u_core/u_cfg/fill_tile_cnt[7]_i_7__0_n_0
    SLICE_X137Y86        LUT6 (Prop_lut6_I5_O)        0.043     1.835 r  gen_core[1].u_core/u_cfg/fill_tile_cnt[7]_i_4__0/O
                         net (fo=11, routed)          0.354     2.189    gen_core[1].u_core/u_cfg/fill_tile_cnt[7]_i_4__0_n_0
    SLICE_X136Y93        LUT3 (Prop_lut3_I1_O)        0.043     2.232 r  gen_core[1].u_core/u_cfg/kk_cnt[9]_i_13__0/O
                         net (fo=1, routed)           0.329     2.561    gen_core[1].u_core/u_parf_accum/g_col[15].u_col/kk_cnt[9]_i_5__0
    SLICE_X136Y94        LUT6 (Prop_lut6_I1_O)        0.043     2.604 f  gen_core[1].u_core/u_parf_accum/g_col[15].u_col/kk_cnt[9]_i_8__0/O
                         net (fo=1, routed)           0.349     2.953    gen_core[1].u_core/u_cfg/kk_cnt_reg[9]
    SLICE_X137Y93        LUT6 (Prop_lut6_I0_O)        0.043     2.996 r  gen_core[1].u_core/u_cfg/kk_cnt[9]_i_5__0/O
                         net (fo=3, routed)           0.467     3.462    gen_core[1].u_core/u_parf_accum/kk_cnt_reg[9]_2
    SLICE_X133Y89        LUT6 (Prop_lut6_I3_O)        0.043     3.505 r  gen_core[1].u_core/u_parf_accum/w0_nonzero_pipe_i_3__0/O
                         net (fo=3, routed)           0.112     3.617    gen_core[1].u_core/u_parf_accum/psum_in_ready
    SLICE_X133Y89        LUT3 (Prop_lut3_I0_O)        0.043     3.660 r  gen_core[1].u_core/u_parf_accum/x_cnt[5]_i_3__1/O
                         net (fo=2, routed)           0.182     3.842    gen_core[1].u_core/u_wgt_buffer/wgt_ready
    SLICE_X133Y88        LUT4 (Prop_lut4_I0_O)        0.043     3.885 r  gen_core[1].u_core/u_wgt_buffer/load_caught_up_i_3__0/O
                         net (fo=2, routed)           0.107     3.993    gen_core[1].u_core/u_cfg/load_caught_up_reg_1
    SLICE_X133Y88        LUT6 (Prop_lut6_I4_O)        0.043     4.036 f  gen_core[1].u_core/u_cfg/wgt_bubble_i_9/O
                         net (fo=2, routed)           0.334     4.370    gen_core[1].u_core/u_cfg/wgt_bubble_i_9_n_0
    SLICE_X132Y87        LUT5 (Prop_lut5_I3_O)        0.043     4.413 f  gen_core[1].u_core/u_cfg/wgt_bubble_i_2__0/O
                         net (fo=10, routed)          0.122     4.535    gen_core[1].u_core/u_wgt_buffer/pos_cnt_reg[2]_rep__8_0
    SLICE_X132Y87        LUT6 (Prop_lut6_I1_O)        0.043     4.578 r  gen_core[1].u_core/u_wgt_buffer/mem_reg_0_i_52__5/O
                         net (fo=25, routed)          0.987     5.565    gen_core[1].u_core/u_wgt_buffer/evt_ld
    SLICE_X114Y68        LUT5 (Prop_lut5_I3_O)        0.043     5.608 r  gen_core[1].u_core/u_wgt_buffer/mem_reg_0_i_71__3/O
                         net (fo=1, routed)           0.000     5.608    gen_core[1].u_core/u_wgt_buffer/mem_reg_0_i_71__3_n_0
    SLICE_X114Y68        CARRY4 (Prop_carry4_S[1]_CO[3])
                                                      0.256     5.864 r  gen_core[1].u_core/u_wgt_buffer/mem_reg_0_i_15__6/CO[3]
                         net (fo=1, routed)           0.000     5.864    gen_core[1].u_core/u_wgt_buffer/mem_reg_0_i_15__6_n_0
    SLICE_X114Y69        CARRY4 (Prop_carry4_CI_O[3])
                                                      0.151     6.015 r  gen_core[1].u_core/u_wgt_buffer/mem_reg_0_i_14__5/O[3]
                         net (fo=57, routed)          1.467     7.482    gen_core[1].u_core/u_wb/ADDRBWRADDR[7]
    RAMB36_X2Y15         RAMB36E1                                     r  gen_core[1].u_core/u_wb/mem_reg_56/ADDRBWRADDR[12]
  -------------------------------------------------------------------    -------------------

                         (clock clk rise edge)        7.200     7.200 r  
                                                      0.000     7.200 r  clk (IN)
                         net (fo=84998, unset)        0.510     7.710    gen_core[1].u_core/u_wb/clk
    RAMB36_X2Y15         RAMB36E1                                     r  gen_core[1].u_core/u_wb/mem_reg_56/CLKBWRCLK
                         clock pessimism              0.000     7.710    
                         clock uncertainty           -0.035     7.675    
    RAMB36_X2Y15         RAMB36E1 (Setup_ramb36e1_CLKBWRCLK_ADDRBWRADDR[12])
                                                     -0.493     7.182    gen_core[1].u_core/u_wb/mem_reg_56
  -------------------------------------------------------------------
                         required time                          7.182    
                         arrival time                          -7.482    
  -------------------------------------------------------------------
                         slack                                 -0.300    

Slack (VIOLATED) :        -0.300ns  (required time - arrival time)
  Source:                 gen_core[1].u_core/u_parf_accum/fill_tile_cnt_reg[0]/C
                            (rising edge-triggered cell FDRE clocked by clk  {rise@0.000ns fall@3.600ns period=7.200ns})
  Destination:            gen_core[1].u_core/u_wb/mem_reg_29/ADDRBWRADDR[14]
                            (rising edge-triggered cell RAMB36E1 clocked by clk  {rise@0.000ns fall@3.600ns period=7.200ns})
  Path Group:             clk
  Path Type:              Setup (Max at Slow Process Corner)
  Requirement:            7.200ns  (clk rise@7.200ns - clk rise@0.000ns)
  Data Path Delay:        6.940ns  (logic 1.300ns (18.733%)  route 5.640ns (81.267%))
  Logic Levels:           17  (CARRY4=3 LUT3=2 LUT4=1 LUT5=2 LUT6=9)
  Clock Path Skew:        -0.027ns (DCD - SCD + CPR)
    Destination Clock Delay (DCD):    0.510ns = ( 7.710 - 7.200 ) 
    Source Clock Delay      (SCD):    0.537ns
    Clock Pessimism Removal (CPR):    0.000ns
  Clock Uncertainty:      0.035ns  ((TSJ^2 + TIJ^2)^1/2 + DJ) / 2 + PE
    Total System Jitter     (TSJ):    0.071ns
    Total Input Jitter      (TIJ):    0.000ns
    Discrete Jitter          (DJ):    0.000ns
    Phase Error              (PE):    0.000ns

    Location             Delay type                Incr(ns)  Path(ns)    Netlist Resource(s)
  -------------------------------------------------------------------    -------------------
                         (clock clk rise edge)        0.000     0.000 r  
                                                      0.000     0.000 r  clk (IN)
                         net (fo=84998, unset)        0.537     0.537    gen_core[1].u_core/u_parf_accum/clk
    SLICE_X139Y86        FDRE                                         r  gen_core[1].u_core/u_parf_accum/fill_tile_cnt_reg[0]/C
  -------------------------------------------------------------------    -------------------
    SLICE_X139Y86        FDRE (Prop_fdre_C_Q)         0.223     0.760 r  gen_core[1].u_core/u_parf_accum/fill_tile_cnt_reg[0]/Q
                         net (fo=9, routed)           0.470     1.230    gen_core[1].u_core/u_parf_accum/g_col[15].u_col/fill_tile_cnt[7]_i_8__0[0]
    SLICE_X137Y87        LUT6 (Prop_lut6_I0_O)        0.043     1.273 r  gen_core[1].u_core/u_parf_accum/g_col[15].u_col/fill_tile_cnt[7]_i_9__0/O
                         net (fo=1, routed)           0.233     1.506    gen_core[1].u_core/u_cfg/fill_tile_cnt[7]_i_7__0_0
    SLICE_X137Y86        LUT6 (Prop_lut6_I0_O)        0.043     1.549 r  gen_core[1].u_core/u_cfg/fill_tile_cnt[7]_i_8__0/O
                         net (fo=1, routed)           0.099     1.648    gen_core[1].u_core/u_cfg/fill_tile_cnt[7]_i_8__0_n_0
    SLICE_X137Y86        LUT6 (Prop_lut6_I2_O)        0.043     1.691 f  gen_core[1].u_core/u_cfg/fill_tile_cnt[7]_i_7__0/O
                         net (fo=1, routed)           0.101     1.792    gen_core[1].u_core/u_cfg/fill_tile_cnt[7]_i_7__0_n_0
    SLICE_X137Y86        LUT6 (Prop_lut6_I5_O)        0.043     1.835 r  gen_core[1].u_core/u_cfg/fill_tile_cnt[7]_i_4__0/O
                         net (fo=11, routed)          0.354     2.189    gen_core[1].u_core/u_cfg/fill_tile_cnt[7]_i_4__0_n_0
    SLICE_X136Y93        LUT3 (Prop_lut3_I1_O)        0.043     2.232 r  gen_core[1].u_core/u_cfg/kk_cnt[9]_i_13__0/O
                         net (fo=1, routed)           0.329     2.561    gen_core[1].u_core/u_parf_accum/g_col[15].u_col/kk_cnt[9]_i_5__0
    SLICE_X136Y94        LUT6 (Prop_lut6_I1_O)        0.043     2.604 f  gen_core[1].u_core/u_parf_accum/g_col[15].u_col/kk_cnt[9]_i_8__0/O
                         net (fo=1, routed)           0.349     2.953    gen_core[1].u_core/u_cfg/kk_cnt_reg[9]
    SLICE_X137Y93        LUT6 (Prop_lut6_I0_O)        0.043     2.996 r  gen_core[1].u_core/u_cfg/kk_cnt[9]_i_5__0/O
                         net (fo=3, routed)           0.467     3.462    gen_core[1].u_core/u_parf_accum/kk_cnt_reg[9]_2
    SLICE_X133Y89        LUT6 (Prop_lut6_I3_O)        0.043     3.505 r  gen_core[1].u_core/u_parf_accum/w0_nonzero_pipe_i_3__0/O
                         net (fo=3, routed)           0.112     3.617    gen_core[1].u_core/u_parf_accum/psum_in_ready
    SLICE_X133Y89        LUT3 (Prop_lut3_I0_O)        0.043     3.660 r  gen_core[1].u_core/u_parf_accum/x_cnt[5]_i_3__1/O
                         net (fo=2, routed)           0.182     3.842    gen_core[1].u_core/u_wgt_buffer/wgt_ready
    SLICE_X133Y88        LUT4 (Prop_lut4_I0_O)        0.043     3.885 r  gen_core[1].u_core/u_wgt_buffer/load_caught_up_i_3__0/O
                         net (fo=2, routed)           0.107     3.993    gen_core[1].u_core/u_cfg/load_caught_up_reg_1
    SLICE_X133Y88        LUT6 (Prop_lut6_I4_O)        0.043     4.036 f  gen_core[1].u_core/u_cfg/wgt_bubble_i_9/O
                         net (fo=2, routed)           0.334     4.370    gen_core[1].u_core/u_cfg/wgt_bubble_i_9_n_0
    SLICE_X132Y87        LUT5 (Prop_lut5_I3_O)        0.043     4.413 f  gen_core[1].u_core/u_cfg/wgt_bubble_i_2__0/O
                         net (fo=10, routed)          0.122     4.535    gen_core[1].u_core/u_wgt_buffer/pos_cnt_reg[2]_rep__8_0
    SLICE_X132Y87        LUT6 (Prop_lut6_I1_O)        0.043     4.578 r  gen_core[1].u_core/u_wgt_buffer/mem_reg_0_i_52__5/O
                         net (fo=25, routed)          0.987     5.565    gen_core[1].u_core/u_wgt_buffer/evt_ld
    SLICE_X114Y68        LUT5 (Prop_lut5_I3_O)        0.043     5.608 r  gen_core[1].u_core/u_wgt_buffer/mem_reg_0_i_71__3/O
                         net (fo=1, routed)           0.000     5.608    gen_core[1].u_core/u_wgt_buffer/mem_reg_0_i_71__3_n_0
    SLICE_X114Y68        CARRY4 (Prop_carry4_S[1]_CO[3])
                                                      0.256     5.864 r  gen_core[1].u_core/u_wgt_buffer/mem_reg_0_i_15__6/CO[3]
                         net (fo=1, routed)           0.000     5.864    gen_core[1].u_core/u_wgt_buffer/mem_reg_0_i_15__6_n_0
    SLICE_X114Y69        CARRY4 (Prop_carry4_CI_CO[3])
                                                      0.054     5.918 r  gen_core[1].u_core/u_wgt_buffer/mem_reg_0_i_14__5/CO[3]
                         net (fo=1, routed)           0.000     5.918    gen_core[1].u_core/u_wgt_buffer/mem_reg_0_i_14__5_n_0
    SLICE_X114Y70        CARRY4 (Prop_carry4_CI_O[1])
                                                      0.165     6.083 r  gen_core[1].u_core/u_wgt_buffer/mem_reg_0_i_13__5/O[1]
                         net (fo=57, routed)          1.394     7.477    gen_core[1].u_core/u_wb/ADDRBWRADDR[9]
    RAMB36_X5Y20         RAMB36E1                                     r  gen_core[1].u_core/u_wb/mem_reg_29/ADDRBWRADDR[14]
  -------------------------------------------------------------------    -------------------

                         (clock clk rise edge)        7.200     7.200 r  
                                                      0.000     7.200 r  clk (IN)
                         net (fo=84998, unset)        0.510     7.710    gen_core[1].u_core/u_wb/clk
    RAMB36_X5Y20         RAMB36E1                                     r  gen_core[1].u_core/u_wb/mem_reg_29/CLKBWRCLK
                         clock pessimism              0.000     7.710    
                         clock uncertainty           -0.035     7.675    
    RAMB36_X5Y20         RAMB36E1 (Setup_ramb36e1_CLKBWRCLK_ADDRBWRADDR[14])
                                                     -0.498     7.177    gen_core[1].u_core/u_wb/mem_reg_29
  -------------------------------------------------------------------
                         required time                          7.177    
                         arrival time                          -7.477    
  -------------------------------------------------------------------
                         slack                                 -0.300    

Slack (VIOLATED) :        -0.243ns  (required time - arrival time)
  Source:                 gen_core[1].u_core/u_parf_accum/fill_tile_cnt_reg[0]/C
                            (rising edge-triggered cell FDRE clocked by clk  {rise@0.000ns fall@3.600ns period=7.200ns})
  Destination:            gen_core[1].u_core/u_wb/mem_reg_56/ADDRBWRADDR[8]
                            (rising edge-triggered cell RAMB36E1 clocked by clk  {rise@0.000ns fall@3.600ns period=7.200ns})
  Path Group:             clk
  Path Type:              Setup (Max at Slow Process Corner)
  Requirement:            7.200ns  (clk rise@7.200ns - clk rise@0.000ns)
  Data Path Delay:        6.888ns  (logic 1.133ns (16.449%)  route 5.755ns (83.551%))
  Logic Levels:           15  (CARRY4=1 LUT3=2 LUT4=1 LUT5=2 LUT6=9)
  Clock Path Skew:        -0.027ns (DCD - SCD + CPR)
    Destination Clock Delay (DCD):    0.510ns = ( 7.710 - 7.200 ) 
    Source Clock Delay      (SCD):    0.537ns
    Clock Pessimism Removal (CPR):    0.000ns
  Clock Uncertainty:      0.035ns  ((TSJ^2 + TIJ^2)^1/2 + DJ) / 2 + PE
    Total System Jitter     (TSJ):    0.071ns
    Total Input Jitter      (TIJ):    0.000ns
    Discrete Jitter          (DJ):    0.000ns
    Phase Error              (PE):    0.000ns

    Location             Delay type                Incr(ns)  Path(ns)    Netlist Resource(s)
  -------------------------------------------------------------------    -------------------
                         (clock clk rise edge)        0.000     0.000 r  
                                                      0.000     0.000 r  clk (IN)
                         net (fo=84998, unset)        0.537     0.537    gen_core[1].u_core/u_parf_accum/clk
    SLICE_X139Y86        FDRE                                         r  gen_core[1].u_core/u_parf_accum/fill_tile_cnt_reg[0]/C
  -------------------------------------------------------------------    -------------------
    SLICE_X139Y86        FDRE (Prop_fdre_C_Q)         0.223     0.760 r  gen_core[1].u_core/u_parf_accum/fill_tile_cnt_reg[0]/Q
                         net (fo=9, routed)           0.470     1.230    gen_core[1].u_core/u_parf_accum/g_col[15].u_col/fill_tile_cnt[7]_i_8__0[0]
    SLICE_X137Y87        LUT6 (Prop_lut6_I0_O)        0.043     1.273 r  gen_core[1].u_core/u_parf_accum/g_col[15].u_col/fill_tile_cnt[7]_i_9__0/O
                         net (fo=1, routed)           0.233     1.506    gen_core[1].u_core/u_cfg/fill_tile_cnt[7]_i_7__0_0
    SLICE_X137Y86        LUT6 (Prop_lut6_I0_O)        0.043     1.549 r  gen_core[1].u_core/u_cfg/fill_tile_cnt[7]_i_8__0/O
                         net (fo=1, routed)           0.099     1.648    gen_core[1].u_core/u_cfg/fill_tile_cnt[7]_i_8__0_n_0
    SLICE_X137Y86        LUT6 (Prop_lut6_I2_O)        0.043     1.691 f  gen_core[1].u_core/u_cfg/fill_tile_cnt[7]_i_7__0/O
                         net (fo=1, routed)           0.101     1.792    gen_core[1].u_core/u_cfg/fill_tile_cnt[7]_i_7__0_n_0
    SLICE_X137Y86        LUT6 (Prop_lut6_I5_O)        0.043     1.835 r  gen_core[1].u_core/u_cfg/fill_tile_cnt[7]_i_4__0/O
                         net (fo=11, routed)          0.354     2.189    gen_core[1].u_core/u_cfg/fill_tile_cnt[7]_i_4__0_n_0
    SLICE_X136Y93        LUT3 (Prop_lut3_I1_O)        0.043     2.232 r  gen_core[1].u_core/u_cfg/kk_cnt[9]_i_13__0/O
                         net (fo=1, routed)           0.329     2.561    gen_core[1].u_core/u_parf_accum/g_col[15].u_col/kk_cnt[9]_i_5__0
    SLICE_X136Y94        LUT6 (Prop_lut6_I1_O)        0.043     2.604 f  gen_core[1].u_core/u_parf_accum/g_col[15].u_col/kk_cnt[9]_i_8__0/O
                         net (fo=1, routed)           0.349     2.953    gen_core[1].u_core/u_cfg/kk_cnt_reg[9]
    SLICE_X137Y93        LUT6 (Prop_lut6_I0_O)        0.043     2.996 r  gen_core[1].u_core/u_cfg/kk_cnt[9]_i_5__0/O
                         net (fo=3, routed)           0.467     3.462    gen_core[1].u_core/u_parf_accum/kk_cnt_reg[9]_2
    SLICE_X133Y89        LUT6 (Prop_lut6_I3_O)        0.043     3.505 r  gen_core[1].u_core/u_parf_accum/w0_nonzero_pipe_i_3__0/O
                         net (fo=3, routed)           0.112     3.617    gen_core[1].u_core/u_parf_accum/psum_in_ready
    SLICE_X133Y89        LUT3 (Prop_lut3_I0_O)        0.043     3.660 r  gen_core[1].u_core/u_parf_accum/x_cnt[5]_i_3__1/O
                         net (fo=2, routed)           0.182     3.842    gen_core[1].u_core/u_wgt_buffer/wgt_ready
    SLICE_X133Y88        LUT4 (Prop_lut4_I0_O)        0.043     3.885 r  gen_core[1].u_core/u_wgt_buffer/load_caught_up_i_3__0/O
                         net (fo=2, routed)           0.107     3.993    gen_core[1].u_core/u_cfg/load_caught_up_reg_1
    SLICE_X133Y88        LUT6 (Prop_lut6_I4_O)        0.043     4.036 f  gen_core[1].u_core/u_cfg/wgt_bubble_i_9/O
                         net (fo=2, routed)           0.334     4.370    gen_core[1].u_core/u_cfg/wgt_bubble_i_9_n_0
    SLICE_X132Y87        LUT5 (Prop_lut5_I3_O)        0.043     4.413 f  gen_core[1].u_core/u_cfg/wgt_bubble_i_2__0/O
                         net (fo=10, routed)          0.122     4.535    gen_core[1].u_core/u_wgt_buffer/pos_cnt_reg[2]_rep__8_0
    SLICE_X132Y87        LUT6 (Prop_lut6_I1_O)        0.043     4.578 r  gen_core[1].u_core/u_wgt_buffer/mem_reg_0_i_52__5/O
                         net (fo=25, routed)          0.987     5.565    gen_core[1].u_core/u_wgt_buffer/evt_ld
    SLICE_X114Y68        LUT5 (Prop_lut5_I3_O)        0.043     5.608 r  gen_core[1].u_core/u_wgt_buffer/mem_reg_0_i_71__3/O
                         net (fo=1, routed)           0.000     5.608    gen_core[1].u_core/u_wgt_buffer/mem_reg_0_i_71__3_n_0
    SLICE_X114Y68        CARRY4 (Prop_carry4_S[1]_O[3])
                                                      0.308     5.916 r  gen_core[1].u_core/u_wgt_buffer/mem_reg_0_i_15__6/O[3]
                         net (fo=57, routed)          1.509     7.425    gen_core[1].u_core/u_wb/ADDRBWRADDR[3]
    RAMB36_X2Y15         RAMB36E1                                     r  gen_core[1].u_core/u_wb/mem_reg_56/ADDRBWRADDR[8]
  -------------------------------------------------------------------    -------------------

                         (clock clk rise edge)        7.200     7.200 r  
                                                      0.000     7.200 r  clk (IN)
                         net (fo=84998, unset)        0.510     7.710    gen_core[1].u_core/u_wb/clk
    RAMB36_X2Y15         RAMB36E1                                     r  gen_core[1].u_core/u_wb/mem_reg_56/CLKBWRCLK
                         clock pessimism              0.000     7.710    
                         clock uncertainty           -0.035     7.675    
    RAMB36_X2Y15         RAMB36E1 (Setup_ramb36e1_CLKBWRCLK_ADDRBWRADDR[8])
                                                     -0.493     7.182    gen_core[1].u_core/u_wb/mem_reg_56
  -------------------------------------------------------------------
                         required time                          7.182    
                         arrival time                          -7.425    
  -------------------------------------------------------------------
                         slack                                 -0.243    

Slack (VIOLATED) :        -0.231ns  (required time - arrival time)
  Source:                 gen_core[3].u_core/u_cfg/r_num_tiles_reg[5]/C
                            (rising edge-triggered cell FDRE clocked by clk  {rise@0.000ns fall@3.600ns period=7.200ns})
  Destination:            gen_core[3].u_core/u_wb/mem_reg_36/ADDRBWRADDR[12]
                            (rising edge-triggered cell RAMB36E1 clocked by clk  {rise@0.000ns fall@3.600ns period=7.200ns})
  Path Group:             clk
  Path Type:              Setup (Max at Slow Process Corner)
  Requirement:            7.200ns  (clk rise@7.200ns - clk rise@0.000ns)
  Data Path Delay:        6.876ns  (logic 1.335ns (19.415%)  route 5.541ns (80.585%))
  Logic Levels:           16  (CARRY4=2 LUT2=1 LUT3=2 LUT4=1 LUT5=4 LUT6=6)
  Clock Path Skew:        -0.027ns (DCD - SCD + CPR)
    Destination Clock Delay (DCD):    0.510ns = ( 7.710 - 7.200 ) 
    Source Clock Delay      (SCD):    0.537ns
    Clock Pessimism Removal (CPR):    0.000ns
  Clock Uncertainty:      0.035ns  ((TSJ^2 + TIJ^2)^1/2 + DJ) / 2 + PE
    Total System Jitter     (TSJ):    0.071ns
    Total Input Jitter      (TIJ):    0.000ns
    Discrete Jitter          (DJ):    0.000ns
    Phase Error              (PE):    0.000ns

    Location             Delay type                Incr(ns)  Path(ns)    Netlist Resource(s)
  -------------------------------------------------------------------    -------------------
                         (clock clk rise edge)        0.000     0.000 r  
                                                      0.000     0.000 r  clk (IN)
                         net (fo=84998, unset)        0.537     0.537    gen_core[3].u_core/u_cfg/clk
    SLICE_X62Y54         FDRE                                         r  gen_core[3].u_core/u_cfg/r_num_tiles_reg[5]/C
  -------------------------------------------------------------------    -------------------
    SLICE_X62Y54         FDRE (Prop_fdre_C_Q)         0.236     0.773 r  gen_core[3].u_core/u_cfg/r_num_tiles_reg[5]/Q
                         net (fo=14, routed)          0.399     1.172    gen_core[3].u_core/u_cfg/r_num_tiles_reg[5]_0[5]
    SLICE_X62Y54         LUT6 (Prop_lut6_I0_O)        0.124     1.296 r  gen_core[3].u_core/u_cfg/fill_tile_cnt[7]_i_6__2/O
                         net (fo=3, routed)           0.258     1.555    gen_core[3].u_core/u_cfg/fill_tile_cnt[7]_i_6__2_n_0
    SLICE_X62Y53         LUT5 (Prop_lut5_I3_O)        0.043     1.598 r  gen_core[3].u_core/u_cfg/drain_tile_cnt[7]_i_19__0/O
                         net (fo=1, routed)           0.326     1.924    gen_core[3].u_core/u_cfg/drain_tile_cnt[7]_i_19__0_n_0
    SLICE_X62Y54         LUT5 (Prop_lut5_I4_O)        0.043     1.967 r  gen_core[3].u_core/u_cfg/drain_tile_cnt[7]_i_7__2/O
                         net (fo=10, routed)          0.290     2.256    gen_core[3].u_core/u_cfg/drain_tile_cnt[7]_i_7__2_n_0
    SLICE_X65Y55         LUT3 (Prop_lut3_I1_O)        0.043     2.299 r  gen_core[3].u_core/u_cfg/drain_tile_cnt[7]_i_33__0/O
                         net (fo=1, routed)           0.349     2.649    gen_core[3].u_core/u_parf_accum/g_col[15].u_col/drain_tile_cnt[7]_i_9__2_1
    SLICE_X65Y56         LUT6 (Prop_lut6_I3_O)        0.043     2.692 f  gen_core[3].u_core/u_parf_accum/g_col[15].u_col/drain_tile_cnt[7]_i_20__0/O
                         net (fo=1, routed)           0.098     2.790    gen_core[3].u_core/u_parf_accum/g_col[15].u_col/drain_tile_cnt[7]_i_20__0_n_0
    SLICE_X65Y56         LUT6 (Prop_lut6_I1_O)        0.043     2.833 f  gen_core[3].u_core/u_parf_accum/g_col[15].u_col/drain_tile_cnt[7]_i_9__2/O
                         net (fo=1, routed)           0.236     3.069    gen_core[3].u_core/u_parf_accum/g_col[15].u_col/drain_tile_cnt[7]_i_9__2_n_0
    SLICE_X65Y56         LUT2 (Prop_lut2_I0_O)        0.043     3.112 f  gen_core[3].u_core/u_parf_accum/g_col[15].u_col/drain_tile_cnt[7]_i_4__2/O
                         net (fo=7, routed)           0.356     3.468    gen_core[3].u_core/u_parf_accum/rd_addr_reg[2]_rep_0
    SLICE_X65Y57         LUT6 (Prop_lut6_I5_O)        0.043     3.511 r  gen_core[3].u_core/u_parf_accum/w0_nonzero_pipe_i_3__2/O
                         net (fo=3, routed)           0.113     3.624    gen_core[3].u_core/u_parf_accum/psum_in_ready
    SLICE_X65Y57         LUT3 (Prop_lut3_I0_O)        0.043     3.667 r  gen_core[3].u_core/u_parf_accum/x_cnt[5]_i_3__4/O
                         net (fo=2, routed)           0.196     3.863    gen_core[3].u_core/u_wgt_buffer/wgt_ready
    SLICE_X67Y57         LUT4 (Prop_lut4_I0_O)        0.043     3.906 r  gen_core[3].u_core/u_wgt_buffer/load_caught_up_i_3__2/O
                         net (fo=2, routed)           0.107     4.013    gen_core[3].u_core/u_cfg/load_caught_up_reg_1
    SLICE_X67Y57         LUT6 (Prop_lut6_I4_O)        0.043     4.056 f  gen_core[3].u_core/u_cfg/wgt_bubble_i_9__0/O
                         net (fo=2, routed)           0.194     4.250    gen_core[3].u_core/u_cfg/wgt_bubble_i_9__0_n_0
    SLICE_X66Y56         LUT5 (Prop_lut5_I3_O)        0.043     4.293 f  gen_core[3].u_core/u_cfg/wgt_bubble_i_2__2/O
                         net (fo=10, routed)          0.207     4.500    gen_core[3].u_core/u_wgt_buffer/pos_cnt_reg[4]_rep__7_0
    SLICE_X64Y56         LUT6 (Prop_lut6_I1_O)        0.043     4.543 r  gen_core[3].u_core/u_wgt_buffer/mem_reg_0_i_52__13/O
                         net (fo=25, routed)          0.532     5.075    gen_core[3].u_core/u_wgt_buffer/evt_ld
    SLICE_X65Y49         LUT5 (Prop_lut5_I3_O)        0.043     5.118 r  gen_core[3].u_core/u_wgt_buffer/mem_reg_0_i_71__8/O
                         net (fo=1, routed)           0.000     5.118    gen_core[3].u_core/u_wgt_buffer/mem_reg_0_i_71__8_n_0
    SLICE_X65Y49         CARRY4 (Prop_carry4_S[1]_CO[3])
                                                      0.267     5.385 r  gen_core[3].u_core/u_wgt_buffer/mem_reg_0_i_15__14/CO[3]
                         net (fo=1, routed)           0.001     5.385    gen_core[3].u_core/u_wgt_buffer/mem_reg_0_i_15__14_n_0
    SLICE_X65Y50         CARRY4 (Prop_carry4_CI_O[3])
                                                      0.149     5.534 r  gen_core[3].u_core/u_wgt_buffer/mem_reg_0_i_14__13/O[3]
                         net (fo=57, routed)          1.879     7.413    gen_core[3].u_core/u_wb/ADDRBWRADDR[7]
    RAMB36_X4Y0          RAMB36E1                                     r  gen_core[3].u_core/u_wb/mem_reg_36/ADDRBWRADDR[12]
  -------------------------------------------------------------------    -------------------

                         (clock clk rise edge)        7.200     7.200 r  
                                                      0.000     7.200 r  clk (IN)
                         net (fo=84998, unset)        0.510     7.710    gen_core[3].u_core/u_wb/clk
    RAMB36_X4Y0          RAMB36E1                                     r  gen_core[3].u_core/u_wb/mem_reg_36/CLKBWRCLK
                         clock pessimism              0.000     7.710    
                         clock uncertainty           -0.035     7.675    
    RAMB36_X4Y0          RAMB36E1 (Setup_ramb36e1_CLKBWRCLK_ADDRBWRADDR[12])
                                                     -0.493     7.182    gen_core[3].u_core/u_wb/mem_reg_36
  -------------------------------------------------------------------
                         required time                          7.182    
                         arrival time                          -7.413    
  -------------------------------------------------------------------
                         slack                                 -0.231    

Slack (VIOLATED) :        -0.225ns  (required time - arrival time)
  Source:                 gen_core[1].u_core/u_parf_accum/fill_tile_cnt_reg[0]/C
                            (rising edge-triggered cell FDRE clocked by clk  {rise@0.000ns fall@3.600ns period=7.200ns})
  Destination:            gen_core[1].u_core/u_wb/mem_reg_56/ADDRBWRADDR[10]
                            (rising edge-triggered cell RAMB36E1 clocked by clk  {rise@0.000ns fall@3.600ns period=7.200ns})
  Path Group:             clk
  Path Type:              Setup (Max at Slow Process Corner)
  Requirement:            7.200ns  (clk rise@7.200ns - clk rise@0.000ns)
  Data Path Delay:        6.864ns  (logic 1.246ns (18.151%)  route 5.618ns (81.849%))
  Logic Levels:           16  (CARRY4=2 LUT3=2 LUT4=1 LUT5=2 LUT6=9)
  Clock Path Skew:        -0.027ns (DCD - SCD + CPR)
    Destination Clock Delay (DCD):    0.510ns = ( 7.710 - 7.200 ) 
    Source Clock Delay      (SCD):    0.537ns
    Clock Pessimism Removal (CPR):    0.000ns
  Clock Uncertainty:      0.035ns  ((TSJ^2 + TIJ^2)^1/2 + DJ) / 2 + PE
    Total System Jitter     (TSJ):    0.071ns
    Total Input Jitter      (TIJ):    0.000ns
    Discrete Jitter          (DJ):    0.000ns
    Phase Error              (PE):    0.000ns

    Location             Delay type                Incr(ns)  Path(ns)    Netlist Resource(s)
  -------------------------------------------------------------------    -------------------
                         (clock clk rise edge)        0.000     0.000 r  
                                                      0.000     0.000 r  clk (IN)
                         net (fo=84998, unset)        0.537     0.537    gen_core[1].u_core/u_parf_accum/clk
    SLICE_X139Y86        FDRE                                         r  gen_core[1].u_core/u_parf_accum/fill_tile_cnt_reg[0]/C
  -------------------------------------------------------------------    -------------------
    SLICE_X139Y86        FDRE (Prop_fdre_C_Q)         0.223     0.760 r  gen_core[1].u_core/u_parf_accum/fill_tile_cnt_reg[0]/Q
                         net (fo=9, routed)           0.470     1.230    gen_core[1].u_core/u_parf_accum/g_col[15].u_col/fill_tile_cnt[7]_i_8__0[0]
    SLICE_X137Y87        LUT6 (Prop_lut6_I0_O)        0.043     1.273 r  gen_core[1].u_core/u_parf_accum/g_col[15].u_col/fill_tile_cnt[7]_i_9__0/O
                         net (fo=1, routed)           0.233     1.506    gen_core[1].u_core/u_cfg/fill_tile_cnt[7]_i_7__0_0
    SLICE_X137Y86        LUT6 (Prop_lut6_I0_O)        0.043     1.549 r  gen_core[1].u_core/u_cfg/fill_tile_cnt[7]_i_8__0/O
                         net (fo=1, routed)           0.099     1.648    gen_core[1].u_core/u_cfg/fill_tile_cnt[7]_i_8__0_n_0
    SLICE_X137Y86        LUT6 (Prop_lut6_I2_O)        0.043     1.691 f  gen_core[1].u_core/u_cfg/fill_tile_cnt[7]_i_7__0/O
                         net (fo=1, routed)           0.101     1.792    gen_core[1].u_core/u_cfg/fill_tile_cnt[7]_i_7__0_n_0
    SLICE_X137Y86        LUT6 (Prop_lut6_I5_O)        0.043     1.835 r  gen_core[1].u_core/u_cfg/fill_tile_cnt[7]_i_4__0/O
                         net (fo=11, routed)          0.354     2.189    gen_core[1].u_core/u_cfg/fill_tile_cnt[7]_i_4__0_n_0
    SLICE_X136Y93        LUT3 (Prop_lut3_I1_O)        0.043     2.232 r  gen_core[1].u_core/u_cfg/kk_cnt[9]_i_13__0/O
                         net (fo=1, routed)           0.329     2.561    gen_core[1].u_core/u_parf_accum/g_col[15].u_col/kk_cnt[9]_i_5__0
    SLICE_X136Y94        LUT6 (Prop_lut6_I1_O)        0.043     2.604 f  gen_core[1].u_core/u_parf_accum/g_col[15].u_col/kk_cnt[9]_i_8__0/O
                         net (fo=1, routed)           0.349     2.953    gen_core[1].u_core/u_cfg/kk_cnt_reg[9]
    SLICE_X137Y93        LUT6 (Prop_lut6_I0_O)        0.043     2.996 r  gen_core[1].u_core/u_cfg/kk_cnt[9]_i_5__0/O
                         net (fo=3, routed)           0.467     3.462    gen_core[1].u_core/u_parf_accum/kk_cnt_reg[9]_2
    SLICE_X133Y89        LUT6 (Prop_lut6_I3_O)        0.043     3.505 r  gen_core[1].u_core/u_parf_accum/w0_nonzero_pipe_i_3__0/O
                         net (fo=3, routed)           0.112     3.617    gen_core[1].u_core/u_parf_accum/psum_in_ready
    SLICE_X133Y89        LUT3 (Prop_lut3_I0_O)        0.043     3.660 r  gen_core[1].u_core/u_parf_accum/x_cnt[5]_i_3__1/O
                         net (fo=2, routed)           0.182     3.842    gen_core[1].u_core/u_wgt_buffer/wgt_ready
    SLICE_X133Y88        LUT4 (Prop_lut4_I0_O)        0.043     3.885 r  gen_core[1].u_core/u_wgt_buffer/load_caught_up_i_3__0/O
                         net (fo=2, routed)           0.107     3.993    gen_core[1].u_core/u_cfg/load_caught_up_reg_1
    SLICE_X133Y88        LUT6 (Prop_lut6_I4_O)        0.043     4.036 f  gen_core[1].u_core/u_cfg/wgt_bubble_i_9/O
                         net (fo=2, routed)           0.334     4.370    gen_core[1].u_core/u_cfg/wgt_bubble_i_9_n_0
    SLICE_X132Y87        LUT5 (Prop_lut5_I3_O)        0.043     4.413 f  gen_core[1].u_core/u_cfg/wgt_bubble_i_2__0/O
                         net (fo=10, routed)          0.122     4.535    gen_core[1].u_core/u_wgt_buffer/pos_cnt_reg[2]_rep__8_0
    SLICE_X132Y87        LUT6 (Prop_lut6_I1_O)        0.043     4.578 r  gen_core[1].u_core/u_wgt_buffer/mem_reg_0_i_52__5/O
                         net (fo=25, routed)          0.987     5.565    gen_core[1].u_core/u_wgt_buffer/evt_ld
    SLICE_X114Y68        LUT5 (Prop_lut5_I3_O)        0.043     5.608 r  gen_core[1].u_core/u_wgt_buffer/mem_reg_0_i_71__3/O
                         net (fo=1, routed)           0.000     5.608    gen_core[1].u_core/u_wgt_buffer/mem_reg_0_i_71__3_n_0
    SLICE_X114Y68        CARRY4 (Prop_carry4_S[1]_CO[3])
                                                      0.256     5.864 r  gen_core[1].u_core/u_wgt_buffer/mem_reg_0_i_15__6/CO[3]
                         net (fo=1, routed)           0.000     5.864    gen_core[1].u_core/u_wgt_buffer/mem_reg_0_i_15__6_n_0
    SLICE_X114Y69        CARRY4 (Prop_carry4_CI_O[1])
                                                      0.165     6.029 r  gen_core[1].u_core/u_wgt_buffer/mem_reg_0_i_14__5/O[1]
                         net (fo=57, routed)          1.373     7.401    gen_core[1].u_core/u_wb/ADDRBWRADDR[5]
    RAMB36_X2Y15         RAMB36E1                                     r  gen_core[1].u_core/u_wb/mem_reg_56/ADDRBWRADDR[10]
  -------------------------------------------------------------------    -------------------

                         (clock clk rise edge)        7.200     7.200 r  
                                                      0.000     7.200 r  clk (IN)
                         net (fo=84998, unset)        0.510     7.710    gen_core[1].u_core/u_wb/clk
    RAMB36_X2Y15         RAMB36E1                                     r  gen_core[1].u_core/u_wb/mem_reg_56/CLKBWRCLK
                         clock pessimism              0.000     7.710    
                         clock uncertainty           -0.035     7.675    
    RAMB36_X2Y15         RAMB36E1 (Setup_ramb36e1_CLKBWRCLK_ADDRBWRADDR[10])
                                                     -0.498     7.177    gen_core[1].u_core/u_wb/mem_reg_56
  -------------------------------------------------------------------
                         required time                          7.177    
                         arrival time                          -7.401    
  -------------------------------------------------------------------
                         slack                                 -0.225    

Slack (VIOLATED) :        -0.218ns  (required time - arrival time)
  Source:                 gen_core[1].u_core/u_parf_accum/fill_tile_cnt_reg[0]/C
                            (rising edge-triggered cell FDRE clocked by clk  {rise@0.000ns fall@3.600ns period=7.200ns})
  Destination:            gen_core[1].u_core/u_wb/mem_reg_56/ADDRBWRADDR[9]
                            (rising edge-triggered cell RAMB36E1 clocked by clk  {rise@0.000ns fall@3.600ns period=7.200ns})
  Path Group:             clk
  Path Type:              Setup (Max at Slow Process Corner)
  Requirement:            7.200ns  (clk rise@7.200ns - clk rise@0.000ns)
  Data Path Delay:        6.860ns  (logic 1.189ns (17.332%)  route 5.671ns (82.668%))
  Logic Levels:           16  (CARRY4=2 LUT3=2 LUT4=1 LUT5=2 LUT6=9)
  Clock Path Skew:        -0.027ns (DCD - SCD + CPR)
    Destination Clock Delay (DCD):    0.510ns = ( 7.710 - 7.200 ) 
    Source Clock Delay      (SCD):    0.537ns
    Clock Pessimism Removal (CPR):    0.000ns
  Clock Uncertainty:      0.035ns  ((TSJ^2 + TIJ^2)^1/2 + DJ) / 2 + PE
    Total System Jitter     (TSJ):    0.071ns
    Total Input Jitter      (TIJ):    0.000ns
    Discrete Jitter          (DJ):    0.000ns
    Phase Error              (PE):    0.000ns

    Location             Delay type                Incr(ns)  Path(ns)    Netlist Resource(s)
  -------------------------------------------------------------------    -------------------
                         (clock clk rise edge)        0.000     0.000 r  
                                                      0.000     0.000 r  clk (IN)
                         net (fo=84998, unset)        0.537     0.537    gen_core[1].u_core/u_parf_accum/clk
    SLICE_X139Y86        FDRE                                         r  gen_core[1].u_core/u_parf_accum/fill_tile_cnt_reg[0]/C
  -------------------------------------------------------------------    -------------------
    SLICE_X139Y86        FDRE (Prop_fdre_C_Q)         0.223     0.760 r  gen_core[1].u_core/u_parf_accum/fill_tile_cnt_reg[0]/Q
                         net (fo=9, routed)           0.470     1.230    gen_core[1].u_core/u_parf_accum/g_col[15].u_col/fill_tile_cnt[7]_i_8__0[0]
    SLICE_X137Y87        LUT6 (Prop_lut6_I0_O)        0.043     1.273 r  gen_core[1].u_core/u_parf_accum/g_col[15].u_col/fill_tile_cnt[7]_i_9__0/O
                         net (fo=1, routed)           0.233     1.506    gen_core[1].u_core/u_cfg/fill_tile_cnt[7]_i_7__0_0
    SLICE_X137Y86        LUT6 (Prop_lut6_I0_O)        0.043     1.549 r  gen_core[1].u_core/u_cfg/fill_tile_cnt[7]_i_8__0/O
                         net (fo=1, routed)           0.099     1.648    gen_core[1].u_core/u_cfg/fill_tile_cnt[7]_i_8__0_n_0
    SLICE_X137Y86        LUT6 (Prop_lut6_I2_O)        0.043     1.691 f  gen_core[1].u_core/u_cfg/fill_tile_cnt[7]_i_7__0/O
                         net (fo=1, routed)           0.101     1.792    gen_core[1].u_core/u_cfg/fill_tile_cnt[7]_i_7__0_n_0
    SLICE_X137Y86        LUT6 (Prop_lut6_I5_O)        0.043     1.835 r  gen_core[1].u_core/u_cfg/fill_tile_cnt[7]_i_4__0/O
                         net (fo=11, routed)          0.354     2.189    gen_core[1].u_core/u_cfg/fill_tile_cnt[7]_i_4__0_n_0
    SLICE_X136Y93        LUT3 (Prop_lut3_I1_O)        0.043     2.232 r  gen_core[1].u_core/u_cfg/kk_cnt[9]_i_13__0/O
                         net (fo=1, routed)           0.329     2.561    gen_core[1].u_core/u_parf_accum/g_col[15].u_col/kk_cnt[9]_i_5__0
    SLICE_X136Y94        LUT6 (Prop_lut6_I1_O)        0.043     2.604 f  gen_core[1].u_core/u_parf_accum/g_col[15].u_col/kk_cnt[9]_i_8__0/O
                         net (fo=1, routed)           0.349     2.953    gen_core[1].u_core/u_cfg/kk_cnt_reg[9]
    SLICE_X137Y93        LUT6 (Prop_lut6_I0_O)        0.043     2.996 r  gen_core[1].u_core/u_cfg/kk_cnt[9]_i_5__0/O
                         net (fo=3, routed)           0.467     3.462    gen_core[1].u_core/u_parf_accum/kk_cnt_reg[9]_2
    SLICE_X133Y89        LUT6 (Prop_lut6_I3_O)        0.043     3.505 r  gen_core[1].u_core/u_parf_accum/w0_nonzero_pipe_i_3__0/O
                         net (fo=3, routed)           0.112     3.617    gen_core[1].u_core/u_parf_accum/psum_in_ready
    SLICE_X133Y89        LUT3 (Prop_lut3_I0_O)        0.043     3.660 r  gen_core[1].u_core/u_parf_accum/x_cnt[5]_i_3__1/O
                         net (fo=2, routed)           0.182     3.842    gen_core[1].u_core/u_wgt_buffer/wgt_ready
    SLICE_X133Y88        LUT4 (Prop_lut4_I0_O)        0.043     3.885 r  gen_core[1].u_core/u_wgt_buffer/load_caught_up_i_3__0/O
                         net (fo=2, routed)           0.107     3.993    gen_core[1].u_core/u_cfg/load_caught_up_reg_1
    SLICE_X133Y88        LUT6 (Prop_lut6_I4_O)        0.043     4.036 f  gen_core[1].u_core/u_cfg/wgt_bubble_i_9/O
                         net (fo=2, routed)           0.334     4.370    gen_core[1].u_core/u_cfg/wgt_bubble_i_9_n_0
    SLICE_X132Y87        LUT5 (Prop_lut5_I3_O)        0.043     4.413 f  gen_core[1].u_core/u_cfg/wgt_bubble_i_2__0/O
                         net (fo=10, routed)          0.122     4.535    gen_core[1].u_core/u_wgt_buffer/pos_cnt_reg[2]_rep__8_0
    SLICE_X132Y87        LUT6 (Prop_lut6_I1_O)        0.043     4.578 r  gen_core[1].u_core/u_wgt_buffer/mem_reg_0_i_52__5/O
                         net (fo=25, routed)          0.987     5.565    gen_core[1].u_core/u_wgt_buffer/evt_ld
    SLICE_X114Y68        LUT5 (Prop_lut5_I3_O)        0.043     5.608 r  gen_core[1].u_core/u_wgt_buffer/mem_reg_0_i_71__3/O
                         net (fo=1, routed)           0.000     5.608    gen_core[1].u_core/u_wgt_buffer/mem_reg_0_i_71__3_n_0
    SLICE_X114Y68        CARRY4 (Prop_carry4_S[1]_CO[3])
                                                      0.256     5.864 r  gen_core[1].u_core/u_wgt_buffer/mem_reg_0_i_15__6/CO[3]
                         net (fo=1, routed)           0.000     5.864    gen_core[1].u_core/u_wgt_buffer/mem_reg_0_i_15__6_n_0
    SLICE_X114Y69        CARRY4 (Prop_carry4_CI_O[0])
                                                      0.108     5.972 r  gen_core[1].u_core/u_wgt_buffer/mem_reg_0_i_14__5/O[0]
                         net (fo=57, routed)          1.425     7.397    gen_core[1].u_core/u_wb/ADDRBWRADDR[4]
    RAMB36_X2Y15         RAMB36E1                                     r  gen_core[1].u_core/u_wb/mem_reg_56/ADDRBWRADDR[9]
  -------------------------------------------------------------------    -------------------

                         (clock clk rise edge)        7.200     7.200 r  
                                                      0.000     7.200 r  clk (IN)
                         net (fo=84998, unset)        0.510     7.710    gen_core[1].u_core/u_wb/clk
    RAMB36_X2Y15         RAMB36E1                                     r  gen_core[1].u_core/u_wb/mem_reg_56/CLKBWRCLK
                         clock pessimism              0.000     7.710    
                         clock uncertainty           -0.035     7.675    
    RAMB36_X2Y15         RAMB36E1 (Setup_ramb36e1_CLKBWRCLK_ADDRBWRADDR[9])
                                                     -0.496     7.179    gen_core[1].u_core/u_wb/mem_reg_56
  -------------------------------------------------------------------
                         required time                          7.179    
                         arrival time                          -7.397    
  -------------------------------------------------------------------
                         slack                                 -0.218    

Slack (VIOLATED) :        -0.216ns  (required time - arrival time)
  Source:                 gen_core[1].u_core/u_parf_accum/fill_tile_cnt_reg[0]/C
                            (rising edge-triggered cell FDRE clocked by clk  {rise@0.000ns fall@3.600ns period=7.200ns})
  Destination:            gen_core[1].u_core/u_wb/mem_reg_56/ADDRBWRADDR[13]
                            (rising edge-triggered cell RAMB36E1 clocked by clk  {rise@0.000ns fall@3.600ns period=7.200ns})
  Path Group:             clk
  Path Type:              Setup (Max at Slow Process Corner)
  Requirement:            7.200ns  (clk rise@7.200ns - clk rise@0.000ns)
  Data Path Delay:        6.858ns  (logic 1.243ns (18.126%)  route 5.615ns (81.874%))
  Logic Levels:           17  (CARRY4=3 LUT3=2 LUT4=1 LUT5=2 LUT6=9)
  Clock Path Skew:        -0.027ns (DCD - SCD + CPR)
    Destination Clock Delay (DCD):    0.510ns = ( 7.710 - 7.200 ) 
    Source Clock Delay      (SCD):    0.537ns
    Clock Pessimism Removal (CPR):    0.000ns
  Clock Uncertainty:      0.035ns  ((TSJ^2 + TIJ^2)^1/2 + DJ) / 2 + PE
    Total System Jitter     (TSJ):    0.071ns
    Total Input Jitter      (TIJ):    0.000ns
    Discrete Jitter          (DJ):    0.000ns
    Phase Error              (PE):    0.000ns

    Location             Delay type                Incr(ns)  Path(ns)    Netlist Resource(s)
  -------------------------------------------------------------------    -------------------
                         (clock clk rise edge)        0.000     0.000 r  
                                                      0.000     0.000 r  clk (IN)
                         net (fo=84998, unset)        0.537     0.537    gen_core[1].u_core/u_parf_accum/clk
    SLICE_X139Y86        FDRE                                         r  gen_core[1].u_core/u_parf_accum/fill_tile_cnt_reg[0]/C
  -------------------------------------------------------------------    -------------------
    SLICE_X139Y86        FDRE (Prop_fdre_C_Q)         0.223     0.760 r  gen_core[1].u_core/u_parf_accum/fill_tile_cnt_reg[0]/Q
                         net (fo=9, routed)           0.470     1.230    gen_core[1].u_core/u_parf_accum/g_col[15].u_col/fill_tile_cnt[7]_i_8__0[0]
    SLICE_X137Y87        LUT6 (Prop_lut6_I0_O)        0.043     1.273 r  gen_core[1].u_core/u_parf_accum/g_col[15].u_col/fill_tile_cnt[7]_i_9__0/O
                         net (fo=1, routed)           0.233     1.506    gen_core[1].u_core/u_cfg/fill_tile_cnt[7]_i_7__0_0
    SLICE_X137Y86        LUT6 (Prop_lut6_I0_O)        0.043     1.549 r  gen_core[1].u_core/u_cfg/fill_tile_cnt[7]_i_8__0/O
                         net (fo=1, routed)           0.099     1.648    gen_core[1].u_core/u_cfg/fill_tile_cnt[7]_i_8__0_n_0
    SLICE_X137Y86        LUT6 (Prop_lut6_I2_O)        0.043     1.691 f  gen_core[1].u_core/u_cfg/fill_tile_cnt[7]_i_7__0/O
                         net (fo=1, routed)           0.101     1.792    gen_core[1].u_core/u_cfg/fill_tile_cnt[7]_i_7__0_n_0
    SLICE_X137Y86        LUT6 (Prop_lut6_I5_O)        0.043     1.835 r  gen_core[1].u_core/u_cfg/fill_tile_cnt[7]_i_4__0/O
                         net (fo=11, routed)          0.354     2.189    gen_core[1].u_core/u_cfg/fill_tile_cnt[7]_i_4__0_n_0
    SLICE_X136Y93        LUT3 (Prop_lut3_I1_O)        0.043     2.232 r  gen_core[1].u_core/u_cfg/kk_cnt[9]_i_13__0/O
                         net (fo=1, routed)           0.329     2.561    gen_core[1].u_core/u_parf_accum/g_col[15].u_col/kk_cnt[9]_i_5__0
    SLICE_X136Y94        LUT6 (Prop_lut6_I1_O)        0.043     2.604 f  gen_core[1].u_core/u_parf_accum/g_col[15].u_col/kk_cnt[9]_i_8__0/O
                         net (fo=1, routed)           0.349     2.953    gen_core[1].u_core/u_cfg/kk_cnt_reg[9]
    SLICE_X137Y93        LUT6 (Prop_lut6_I0_O)        0.043     2.996 r  gen_core[1].u_core/u_cfg/kk_cnt[9]_i_5__0/O
                         net (fo=3, routed)           0.467     3.462    gen_core[1].u_core/u_parf_accum/kk_cnt_reg[9]_2
    SLICE_X133Y89        LUT6 (Prop_lut6_I3_O)        0.043     3.505 r  gen_core[1].u_core/u_parf_accum/w0_nonzero_pipe_i_3__0/O
                         net (fo=3, routed)           0.112     3.617    gen_core[1].u_core/u_parf_accum/psum_in_ready
    SLICE_X133Y89        LUT3 (Prop_lut3_I0_O)        0.043     3.660 r  gen_core[1].u_core/u_parf_accum/x_cnt[5]_i_3__1/O
                         net (fo=2, routed)           0.182     3.842    gen_core[1].u_core/u_wgt_buffer/wgt_ready
    SLICE_X133Y88        LUT4 (Prop_lut4_I0_O)        0.043     3.885 r  gen_core[1].u_core/u_wgt_buffer/load_caught_up_i_3__0/O
                         net (fo=2, routed)           0.107     3.993    gen_core[1].u_core/u_cfg/load_caught_up_reg_1
    SLICE_X133Y88        LUT6 (Prop_lut6_I4_O)        0.043     4.036 f  gen_core[1].u_core/u_cfg/wgt_bubble_i_9/O
                         net (fo=2, routed)           0.334     4.370    gen_core[1].u_core/u_cfg/wgt_bubble_i_9_n_0
    SLICE_X132Y87        LUT5 (Prop_lut5_I3_O)        0.043     4.413 f  gen_core[1].u_core/u_cfg/wgt_bubble_i_2__0/O
                         net (fo=10, routed)          0.122     4.535    gen_core[1].u_core/u_wgt_buffer/pos_cnt_reg[2]_rep__8_0
    SLICE_X132Y87        LUT6 (Prop_lut6_I1_O)        0.043     4.578 r  gen_core[1].u_core/u_wgt_buffer/mem_reg_0_i_52__5/O
                         net (fo=25, routed)          0.987     5.565    gen_core[1].u_core/u_wgt_buffer/evt_ld
    SLICE_X114Y68        LUT5 (Prop_lut5_I3_O)        0.043     5.608 r  gen_core[1].u_core/u_wgt_buffer/mem_reg_0_i_71__3/O
                         net (fo=1, routed)           0.000     5.608    gen_core[1].u_core/u_wgt_buffer/mem_reg_0_i_71__3_n_0
    SLICE_X114Y68        CARRY4 (Prop_carry4_S[1]_CO[3])
                                                      0.256     5.864 r  gen_core[1].u_core/u_wgt_buffer/mem_reg_0_i_15__6/CO[3]
                         net (fo=1, routed)           0.000     5.864    gen_core[1].u_core/u_wgt_buffer/mem_reg_0_i_15__6_n_0
    SLICE_X114Y69        CARRY4 (Prop_carry4_CI_CO[3])
                                                      0.054     5.918 r  gen_core[1].u_core/u_wgt_buffer/mem_reg_0_i_14__5/CO[3]
                         net (fo=1, routed)           0.000     5.918    gen_core[1].u_core/u_wgt_buffer/mem_reg_0_i_14__5_n_0
    SLICE_X114Y70        CARRY4 (Prop_carry4_CI_O[0])
                                                      0.108     6.026 r  gen_core[1].u_core/u_wgt_buffer/mem_reg_0_i_13__5/O[0]
                         net (fo=57, routed)          1.369     7.395    gen_core[1].u_core/u_wb/ADDRBWRADDR[8]
    RAMB36_X2Y15         RAMB36E1                                     r  gen_core[1].u_core/u_wb/mem_reg_56/ADDRBWRADDR[13]
  -------------------------------------------------------------------    -------------------

                         (clock clk rise edge)        7.200     7.200 r  
                                                      0.000     7.200 r  clk (IN)
                         net (fo=84998, unset)        0.510     7.710    gen_core[1].u_core/u_wb/clk
    RAMB36_X2Y15         RAMB36E1                                     r  gen_core[1].u_core/u_wb/mem_reg_56/CLKBWRCLK
                         clock pessimism              0.000     7.710    
                         clock uncertainty           -0.035     7.675    
    RAMB36_X2Y15         RAMB36E1 (Setup_ramb36e1_CLKBWRCLK_ADDRBWRADDR[13])
                                                     -0.496     7.179    gen_core[1].u_core/u_wb/mem_reg_56
  -------------------------------------------------------------------
                         required time                          7.179    
                         arrival time                          -7.395    
  -------------------------------------------------------------------
                         slack                                 -0.216    

Slack (VIOLATED) :        -0.214ns  (required time - arrival time)
  Source:                 gen_core[1].u_core/u_parf_accum/fill_tile_cnt_reg[0]/C
                            (rising edge-triggered cell FDRE clocked by clk  {rise@0.000ns fall@3.600ns period=7.200ns})
  Destination:            gen_core[1].u_core/u_wb/mem_reg_25/ADDRBWRADDR[14]
                            (rising edge-triggered cell RAMB36E1 clocked by clk  {rise@0.000ns fall@3.600ns period=7.200ns})
  Path Group:             clk
  Path Type:              Setup (Max at Slow Process Corner)
  Requirement:            7.200ns  (clk rise@7.200ns - clk rise@0.000ns)
  Data Path Delay:        6.854ns  (logic 1.300ns (18.968%)  route 5.554ns (81.032%))
  Logic Levels:           17  (CARRY4=3 LUT3=2 LUT4=1 LUT5=2 LUT6=9)
  Clock Path Skew:        -0.027ns (DCD - SCD + CPR)
    Destination Clock Delay (DCD):    0.510ns = ( 7.710 - 7.200 ) 
    Source Clock Delay      (SCD):    0.537ns
    Clock Pessimism Removal (CPR):    0.000ns
  Clock Uncertainty:      0.035ns  ((TSJ^2 + TIJ^2)^1/2 + DJ) / 2 + PE
    Total System Jitter     (TSJ):    0.071ns
    Total Input Jitter      (TIJ):    0.000ns
    Discrete Jitter          (DJ):    0.000ns
    Phase Error              (PE):    0.000ns

    Location             Delay type                Incr(ns)  Path(ns)    Netlist Resource(s)
  -------------------------------------------------------------------    -------------------
                         (clock clk rise edge)        0.000     0.000 r  
                                                      0.000     0.000 r  clk (IN)
                         net (fo=84998, unset)        0.537     0.537    gen_core[1].u_core/u_parf_accum/clk
    SLICE_X139Y86        FDRE                                         r  gen_core[1].u_core/u_parf_accum/fill_tile_cnt_reg[0]/C
  -------------------------------------------------------------------    -------------------
    SLICE_X139Y86        FDRE (Prop_fdre_C_Q)         0.223     0.760 r  gen_core[1].u_core/u_parf_accum/fill_tile_cnt_reg[0]/Q
                         net (fo=9, routed)           0.470     1.230    gen_core[1].u_core/u_parf_accum/g_col[15].u_col/fill_tile_cnt[7]_i_8__0[0]
    SLICE_X137Y87        LUT6 (Prop_lut6_I0_O)        0.043     1.273 r  gen_core[1].u_core/u_parf_accum/g_col[15].u_col/fill_tile_cnt[7]_i_9__0/O
                         net (fo=1, routed)           0.233     1.506    gen_core[1].u_core/u_cfg/fill_tile_cnt[7]_i_7__0_0
    SLICE_X137Y86        LUT6 (Prop_lut6_I0_O)        0.043     1.549 r  gen_core[1].u_core/u_cfg/fill_tile_cnt[7]_i_8__0/O
                         net (fo=1, routed)           0.099     1.648    gen_core[1].u_core/u_cfg/fill_tile_cnt[7]_i_8__0_n_0
    SLICE_X137Y86        LUT6 (Prop_lut6_I2_O)        0.043     1.691 f  gen_core[1].u_core/u_cfg/fill_tile_cnt[7]_i_7__0/O
                         net (fo=1, routed)           0.101     1.792    gen_core[1].u_core/u_cfg/fill_tile_cnt[7]_i_7__0_n_0
    SLICE_X137Y86        LUT6 (Prop_lut6_I5_O)        0.043     1.835 r  gen_core[1].u_core/u_cfg/fill_tile_cnt[7]_i_4__0/O
                         net (fo=11, routed)          0.354     2.189    gen_core[1].u_core/u_cfg/fill_tile_cnt[7]_i_4__0_n_0
    SLICE_X136Y93        LUT3 (Prop_lut3_I1_O)        0.043     2.232 r  gen_core[1].u_core/u_cfg/kk_cnt[9]_i_13__0/O
                         net (fo=1, routed)           0.329     2.561    gen_core[1].u_core/u_parf_accum/g_col[15].u_col/kk_cnt[9]_i_5__0
    SLICE_X136Y94        LUT6 (Prop_lut6_I1_O)        0.043     2.604 f  gen_core[1].u_core/u_parf_accum/g_col[15].u_col/kk_cnt[9]_i_8__0/O
                         net (fo=1, routed)           0.349     2.953    gen_core[1].u_core/u_cfg/kk_cnt_reg[9]
    SLICE_X137Y93        LUT6 (Prop_lut6_I0_O)        0.043     2.996 r  gen_core[1].u_core/u_cfg/kk_cnt[9]_i_5__0/O
                         net (fo=3, routed)           0.467     3.462    gen_core[1].u_core/u_parf_accum/kk_cnt_reg[9]_2
    SLICE_X133Y89        LUT6 (Prop_lut6_I3_O)        0.043     3.505 r  gen_core[1].u_core/u_parf_accum/w0_nonzero_pipe_i_3__0/O
                         net (fo=3, routed)           0.112     3.617    gen_core[1].u_core/u_parf_accum/psum_in_ready
    SLICE_X133Y89        LUT3 (Prop_lut3_I0_O)        0.043     3.660 r  gen_core[1].u_core/u_parf_accum/x_cnt[5]_i_3__1/O
                         net (fo=2, routed)           0.182     3.842    gen_core[1].u_core/u_wgt_buffer/wgt_ready
    SLICE_X133Y88        LUT4 (Prop_lut4_I0_O)        0.043     3.885 r  gen_core[1].u_core/u_wgt_buffer/load_caught_up_i_3__0/O
                         net (fo=2, routed)           0.107     3.993    gen_core[1].u_core/u_cfg/load_caught_up_reg_1
    SLICE_X133Y88        LUT6 (Prop_lut6_I4_O)        0.043     4.036 f  gen_core[1].u_core/u_cfg/wgt_bubble_i_9/O
                         net (fo=2, routed)           0.334     4.370    gen_core[1].u_core/u_cfg/wgt_bubble_i_9_n_0
    SLICE_X132Y87        LUT5 (Prop_lut5_I3_O)        0.043     4.413 f  gen_core[1].u_core/u_cfg/wgt_bubble_i_2__0/O
                         net (fo=10, routed)          0.122     4.535    gen_core[1].u_core/u_wgt_buffer/pos_cnt_reg[2]_rep__8_0
    SLICE_X132Y87        LUT6 (Prop_lut6_I1_O)        0.043     4.578 r  gen_core[1].u_core/u_wgt_buffer/mem_reg_0_i_52__5/O
                         net (fo=25, routed)          0.987     5.565    gen_core[1].u_core/u_wgt_buffer/evt_ld
    SLICE_X114Y68        LUT5 (Prop_lut5_I3_O)        0.043     5.608 r  gen_core[1].u_core/u_wgt_buffer/mem_reg_0_i_71__3/O
                         net (fo=1, routed)           0.000     5.608    gen_core[1].u_core/u_wgt_buffer/mem_reg_0_i_71__3_n_0
    SLICE_X114Y68        CARRY4 (Prop_carry4_S[1]_CO[3])
                                                      0.256     5.864 r  gen_core[1].u_core/u_wgt_buffer/mem_reg_0_i_15__6/CO[3]
                         net (fo=1, routed)           0.000     5.864    gen_core[1].u_core/u_wgt_buffer/mem_reg_0_i_15__6_n_0
    SLICE_X114Y69        CARRY4 (Prop_carry4_CI_CO[3])
                                                      0.054     5.918 r  gen_core[1].u_core/u_wgt_buffer/mem_reg_0_i_14__5/CO[3]
                         net (fo=1, routed)           0.000     5.918    gen_core[1].u_core/u_wgt_buffer/mem_reg_0_i_14__5_n_0
    SLICE_X114Y70        CARRY4 (Prop_carry4_CI_O[1])
                                                      0.165     6.083 r  gen_core[1].u_core/u_wgt_buffer/mem_reg_0_i_13__5/O[1]
                         net (fo=57, routed)          1.308     7.391    gen_core[1].u_core/u_wb/ADDRBWRADDR[9]
    RAMB36_X2Y13         RAMB36E1                                     r  gen_core[1].u_core/u_wb/mem_reg_25/ADDRBWRADDR[14]
  -------------------------------------------------------------------    -------------------

                         (clock clk rise edge)        7.200     7.200 r  
                                                      0.000     7.200 r  clk (IN)
                         net (fo=84998, unset)        0.510     7.710    gen_core[1].u_core/u_wb/clk
    RAMB36_X2Y13         RAMB36E1                                     r  gen_core[1].u_core/u_wb/mem_reg_25/CLKBWRCLK
                         clock pessimism              0.000     7.710    
                         clock uncertainty           -0.035     7.675    
    RAMB36_X2Y13         RAMB36E1 (Setup_ramb36e1_CLKBWRCLK_ADDRBWRADDR[14])
                                                     -0.498     7.177    gen_core[1].u_core/u_wb/mem_reg_25
  -------------------------------------------------------------------
                         required time                          7.177    
                         arrival time                          -7.391    
  -------------------------------------------------------------------
                         slack                                 -0.214    

Slack (VIOLATED) :        -0.205ns  (required time - arrival time)
  Source:                 gen_core[0].u_core/u_line_buffer/iss_pos_reg[0]/C
                            (rising edge-triggered cell FDRE clocked by clk  {rise@0.000ns fall@3.600ns period=7.200ns})
  Destination:            gen_core[0].u_core/u_mac_array/gen_pair[6].gen_row[11].u_simd/dsp_p_reg/B[2]
                            (rising edge-triggered cell DSP48E1 clocked by clk  {rise@0.000ns fall@3.600ns period=7.200ns})
  Path Group:             clk
  Path Type:              Setup (Max at Slow Process Corner)
  Requirement:            7.200ns  (clk rise@7.200ns - clk rise@0.000ns)
  Data Path Delay:        4.727ns  (logic 0.396ns (8.378%)  route 4.331ns (91.622%))
  Logic Levels:           3  (LUT5=1 LUT6=1 RAMD32=1)
  Clock Path Skew:        -0.027ns (DCD - SCD + CPR)
    Destination Clock Delay (DCD):    0.510ns = ( 7.710 - 7.200 ) 
    Source Clock Delay      (SCD):    0.537ns
    Clock Pessimism Removal (CPR):    0.000ns
  Clock Uncertainty:      0.035ns  ((TSJ^2 + TIJ^2)^1/2 + DJ) / 2 + PE
    Total System Jitter     (TSJ):    0.071ns
    Total Input Jitter      (TIJ):    0.000ns
    Discrete Jitter          (DJ):    0.000ns
    Phase Error              (PE):    0.000ns

    Location             Delay type                Incr(ns)  Path(ns)    Netlist Resource(s)
  -------------------------------------------------------------------    -------------------
                         (clock clk rise edge)        0.000     0.000 r  
                                                      0.000     0.000 r  clk (IN)
                         net (fo=84998, unset)        0.537     0.537    gen_core[0].u_core/u_line_buffer/clk
    SLICE_X94Y224        FDRE                                         r  gen_core[0].u_core/u_line_buffer/iss_pos_reg[0]/C
  -------------------------------------------------------------------    -------------------
    SLICE_X94Y224        FDRE (Prop_fdre_C_Q)         0.259     0.796 f  gen_core[0].u_core/u_line_buffer/iss_pos_reg[0]/Q
                         net (fo=16, routed)          0.764     1.560    gen_core[0].u_core/u_line_buffer/Q[0]
    SLICE_X97Y212        LUT6 (Prop_lut6_I3_O)        0.043     1.603 r  gen_core[0].u_core/u_line_buffer/i___9_i_1/O
                         net (fo=6, routed)           0.608     2.211    gen_core[0].u_core/u_line_buffer/i___9_i_1_n_0
    SLICE_X95Y196        LUT5 (Prop_lut5_I0_O)        0.043     2.254 r  gen_core[0].u_core/u_line_buffer/act_buf_reg_0_31_0_5_i_8/O
                         net (fo=128, routed)         0.989     3.243    gen_core[0].u_core/u_line_buffer/act_buf_reg_0_31_90_95/ADDRA3
    SLICE_X94Y174        RAMD32 (Prop_ramd32_RADR3_O)
                                                      0.051     3.294 r  gen_core[0].u_core/u_line_buffer/act_buf_reg_0_31_90_95/RAMA/O
                         net (fo=9, routed)           1.970     5.264    gen_core[0].u_core/u_mac_array/gen_pair[6].gen_row[11].u_simd/act_vec[2]
    DSP48_X5Y98          DSP48E1                                      r  gen_core[0].u_core/u_mac_array/gen_pair[6].gen_row[11].u_simd/dsp_p_reg/B[2]
  -------------------------------------------------------------------    -------------------

                         (clock clk rise edge)        7.200     7.200 r  
                                                      0.000     7.200 r  clk (IN)
                         net (fo=84998, unset)        0.510     7.710    gen_core[0].u_core/u_mac_array/gen_pair[6].gen_row[11].u_simd/clk
    DSP48_X5Y98          DSP48E1                                      r  gen_core[0].u_core/u_mac_array/gen_pair[6].gen_row[11].u_simd/dsp_p_reg/CLK
                         clock pessimism              0.000     7.710    
                         clock uncertainty           -0.035     7.675    
    DSP48_X5Y98          DSP48E1 (Setup_dsp48e1_CLK_B[2])
                                                     -2.616     5.059    gen_core[0].u_core/u_mac_array/gen_pair[6].gen_row[11].u_simd/dsp_p_reg
  -------------------------------------------------------------------
                         required time                          5.059    
                         arrival time                          -5.264    
  -------------------------------------------------------------------
                         slack                                 -0.205    





Min Delay Paths
--------------------------------------------------------------------------------------
Slack (MET) :             0.054ns  (arrival time - required time)
  Source:                 gen_core[2].u_core/u_dfe/r_low_latch_reg[61]/C
                            (rising edge-triggered cell FDRE clocked by clk  {rise@0.000ns fall@3.600ns period=7.200ns})
  Destination:            gen_core[2].u_core/u_desc_fifo/mem_reg_0_63_60_62/RAMB/I
                            (rising edge-triggered cell RAMD64E clocked by clk  {rise@0.000ns fall@3.600ns period=7.200ns})
  Path Group:             clk
  Path Type:              Hold (Min at Fast Process Corner)
  Requirement:            0.000ns  (clk rise@0.000ns - clk rise@0.000ns)
  Data Path Delay:        0.200ns  (logic 0.100ns (50.043%)  route 0.100ns (49.957%))
  Logic Levels:           0  
  Clock Path Skew:        0.014ns (DCD - SCD - CPR)
    Destination Clock Delay (DCD):    0.280ns
    Source Clock Delay      (SCD):    0.266ns
    Clock Pessimism Removal (CPR):    -0.000ns

    Location             Delay type                Incr(ns)  Path(ns)    Netlist Resource(s)
  -------------------------------------------------------------------    -------------------
                         (clock clk rise edge)        0.000     0.000 r  
                                                      0.000     0.000 r  clk (IN)
                         net (fo=84998, unset)        0.266     0.266    gen_core[2].u_core/u_dfe/clk
    SLICE_X91Y250        FDRE                                         r  gen_core[2].u_core/u_dfe/r_low_latch_reg[61]/C
  -------------------------------------------------------------------    -------------------
    SLICE_X91Y250        FDRE (Prop_fdre_C_Q)         0.100     0.366 r  gen_core[2].u_core/u_dfe/r_low_latch_reg[61]/Q
                         net (fo=2, routed)           0.100     0.466    gen_core[2].u_core/u_desc_fifo/mem_reg_0_63_60_62/DIB
    SLICE_X90Y251        RAMD64E                                      r  gen_core[2].u_core/u_desc_fifo/mem_reg_0_63_60_62/RAMB/I
  -------------------------------------------------------------------    -------------------

                         (clock clk rise edge)        0.000     0.000 r  
                                                      0.000     0.000 r  clk (IN)
                         net (fo=84998, unset)        0.280     0.280    gen_core[2].u_core/u_desc_fifo/mem_reg_0_63_60_62/WCLK
    SLICE_X90Y251        RAMD64E                                      r  gen_core[2].u_core/u_desc_fifo/mem_reg_0_63_60_62/RAMB/CLK
                         clock pessimism              0.000     0.280    
    SLICE_X90Y251        RAMD64E (Hold_ramd64e_CLK_I)
                                                      0.132     0.412    gen_core[2].u_core/u_desc_fifo/mem_reg_0_63_60_62/RAMB
  -------------------------------------------------------------------
                         required time                         -0.412    
                         arrival time                           0.466    
  -------------------------------------------------------------------
                         slack                                  0.054    

Slack (MET) :             0.060ns  (arrival time - required time)
  Source:                 gen_core[0].u_core/u_dfe/r_low_latch_reg[49]/C
                            (rising edge-triggered cell FDRE clocked by clk  {rise@0.000ns fall@3.600ns period=7.200ns})
  Destination:            gen_core[0].u_core/u_desc_fifo/mem_reg_64_127_48_50/RAMB/I
                            (rising edge-triggered cell RAMD64E clocked by clk  {rise@0.000ns fall@3.600ns period=7.200ns})
  Path Group:             clk
  Path Type:              Hold (Min at Fast Process Corner)
  Requirement:            0.000ns  (clk rise@0.000ns - clk rise@0.000ns)
  Data Path Delay:        0.206ns  (logic 0.100ns (48.434%)  route 0.106ns (51.566%))
  Logic Levels:           0  
  Clock Path Skew:        0.014ns (DCD - SCD - CPR)
    Destination Clock Delay (DCD):    0.280ns
    Source Clock Delay      (SCD):    0.266ns
    Clock Pessimism Removal (CPR):    -0.000ns

    Location             Delay type                Incr(ns)  Path(ns)    Netlist Resource(s)
  -------------------------------------------------------------------    -------------------
                         (clock clk rise edge)        0.000     0.000 r  
                                                      0.000     0.000 r  clk (IN)
                         net (fo=84998, unset)        0.266     0.266    gen_core[0].u_core/u_dfe/clk
    SLICE_X57Y165        FDRE                                         r  gen_core[0].u_core/u_dfe/r_low_latch_reg[49]/C
  -------------------------------------------------------------------    -------------------
    SLICE_X57Y165        FDRE (Prop_fdre_C_Q)         0.100     0.366 r  gen_core[0].u_core/u_dfe/r_low_latch_reg[49]/Q
                         net (fo=2, routed)           0.106     0.473    gen_core[0].u_core/u_desc_fifo/mem_reg_64_127_48_50/DIB
    SLICE_X56Y167        RAMD64E                                      r  gen_core[0].u_core/u_desc_fifo/mem_reg_64_127_48_50/RAMB/I
  -------------------------------------------------------------------    -------------------

                         (clock clk rise edge)        0.000     0.000 r  
                                                      0.000     0.000 r  clk (IN)
                         net (fo=84998, unset)        0.280     0.280    gen_core[0].u_core/u_desc_fifo/mem_reg_64_127_48_50/WCLK
    SLICE_X56Y167        RAMD64E                                      r  gen_core[0].u_core/u_desc_fifo/mem_reg_64_127_48_50/RAMB/CLK
                         clock pessimism              0.000     0.280    
    SLICE_X56Y167        RAMD64E (Hold_ramd64e_CLK_I)
                                                      0.132     0.412    gen_core[0].u_core/u_desc_fifo/mem_reg_64_127_48_50/RAMB
  -------------------------------------------------------------------
                         required time                         -0.412    
                         arrival time                           0.473    
  -------------------------------------------------------------------
                         slack                                  0.060    

Slack (MET) :             0.062ns  (arrival time - required time)
  Source:                 gen_core[0].u_core/u_dfe/r_low_latch_reg[20]/C
                            (rising edge-triggered cell FDRE clocked by clk  {rise@0.000ns fall@3.600ns period=7.200ns})
  Destination:            gen_core[0].u_core/u_desc_fifo/mem_reg_64_127_18_20/RAMC/I
                            (rising edge-triggered cell RAMD64E clocked by clk  {rise@0.000ns fall@3.600ns period=7.200ns})
  Path Group:             clk
  Path Type:              Hold (Min at Fast Process Corner)
  Requirement:            0.000ns  (clk rise@0.000ns - clk rise@0.000ns)
  Data Path Delay:        0.205ns  (logic 0.100ns (48.720%)  route 0.105ns (51.280%))
  Logic Levels:           0  
  Clock Path Skew:        0.014ns (DCD - SCD - CPR)
    Destination Clock Delay (DCD):    0.280ns
    Source Clock Delay      (SCD):    0.266ns
    Clock Pessimism Removal (CPR):    -0.000ns

    Location             Delay type                Incr(ns)  Path(ns)    Netlist Resource(s)
  -------------------------------------------------------------------    -------------------
                         (clock clk rise edge)        0.000     0.000 r  
                                                      0.000     0.000 r  clk (IN)
                         net (fo=84998, unset)        0.266     0.266    gen_core[0].u_core/u_dfe/clk
    SLICE_X68Y172        FDRE                                         r  gen_core[0].u_core/u_dfe/r_low_latch_reg[20]/C
  -------------------------------------------------------------------    -------------------
    SLICE_X68Y172        FDRE (Prop_fdre_C_Q)         0.100     0.366 r  gen_core[0].u_core/u_dfe/r_low_latch_reg[20]/Q
                         net (fo=2, routed)           0.105     0.472    gen_core[0].u_core/u_desc_fifo/mem_reg_64_127_18_20/DIC
    SLICE_X66Y171        RAMD64E                                      r  gen_core[0].u_core/u_desc_fifo/mem_reg_64_127_18_20/RAMC/I
  -------------------------------------------------------------------    -------------------

                         (clock clk rise edge)        0.000     0.000 r  
                                                      0.000     0.000 r  clk (IN)
                         net (fo=84998, unset)        0.280     0.280    gen_core[0].u_core/u_desc_fifo/mem_reg_64_127_18_20/WCLK
    SLICE_X66Y171        RAMD64E                                      r  gen_core[0].u_core/u_desc_fifo/mem_reg_64_127_18_20/RAMC/CLK
                         clock pessimism              0.000     0.280    
    SLICE_X66Y171        RAMD64E (Hold_ramd64e_CLK_I)
                                                      0.129     0.409    gen_core[0].u_core/u_desc_fifo/mem_reg_64_127_18_20/RAMC
  -------------------------------------------------------------------
                         required time                         -0.409    
                         arrival time                           0.472    
  -------------------------------------------------------------------
                         slack                                  0.062    

Slack (MET) :             0.067ns  (arrival time - required time)
  Source:                 gen_core[2].u_core/g_odma_sg.u_odma_sg/r_dst_addr_reg[0]/C
                            (rising edge-triggered cell FDRE clocked by clk  {rise@0.000ns fall@3.600ns period=7.200ns})
  Destination:            gen_core[2].u_core/u_axi_dm/U0/GEN_S2MM_FULL.I_S2MM_FULL_WRAPPER/I_CMD_STATUS/I_CMD_FIFO/USE_SRL_FIFO.I_SYNC_FIFO/I_SRL_FIFO_RBU_F/DYNSHREG_F_I/INFERRED_GEN.data_reg[3][35]_srl4/D
                            (rising edge-triggered cell SRL16E clocked by clk  {rise@0.000ns fall@3.600ns period=7.200ns})
  Path Group:             clk
  Path Type:              Hold (Min at Fast Process Corner)
  Requirement:            0.000ns  (clk rise@0.000ns - clk rise@0.000ns)
  Data Path Delay:        0.235ns  (logic 0.100ns (42.626%)  route 0.135ns (57.374%))
  Logic Levels:           0  
  Clock Path Skew:        0.014ns (DCD - SCD - CPR)
    Destination Clock Delay (DCD):    0.280ns
    Source Clock Delay      (SCD):    0.266ns
    Clock Pessimism Removal (CPR):    -0.000ns

    Location             Delay type                Incr(ns)  Path(ns)    Netlist Resource(s)
  -------------------------------------------------------------------    -------------------
                         (clock clk rise edge)        0.000     0.000 r  
                                                      0.000     0.000 r  clk (IN)
                         net (fo=84998, unset)        0.266     0.266    gen_core[2].u_core/g_odma_sg.u_odma_sg/clk
    SLICE_X51Y214        FDRE                                         r  gen_core[2].u_core/g_odma_sg.u_odma_sg/r_dst_addr_reg[0]/C
  -------------------------------------------------------------------    -------------------
    SLICE_X51Y214        FDRE (Prop_fdre_C_Q)         0.100     0.366 r  gen_core[2].u_core/g_odma_sg.u_odma_sg/r_dst_addr_reg[0]/Q
                         net (fo=1, routed)           0.135     0.501    gen_core[2].u_core/u_axi_dm/U0/GEN_S2MM_FULL.I_S2MM_FULL_WRAPPER/I_CMD_STATUS/I_CMD_FIFO/USE_SRL_FIFO.I_SYNC_FIFO/I_SRL_FIFO_RBU_F/DYNSHREG_F_I/s_axis_s2mm_cmd_tdata[25]
    SLICE_X50Y214        SRL16E                                       r  gen_core[2].u_core/u_axi_dm/U0/GEN_S2MM_FULL.I_S2MM_FULL_WRAPPER/I_CMD_STATUS/I_CMD_FIFO/USE_SRL_FIFO.I_SYNC_FIFO/I_SRL_FIFO_RBU_F/DYNSHREG_F_I/INFERRED_GEN.data_reg[3][35]_srl4/D
  -------------------------------------------------------------------    -------------------

                         (clock clk rise edge)        0.000     0.000 r  
                                                      0.000     0.000 r  clk (IN)
                         net (fo=84998, unset)        0.280     0.280    gen_core[2].u_core/u_axi_dm/U0/GEN_S2MM_FULL.I_S2MM_FULL_WRAPPER/I_CMD_STATUS/I_CMD_FIFO/USE_SRL_FIFO.I_SYNC_FIFO/I_SRL_FIFO_RBU_F/DYNSHREG_F_I/m_axi_s2mm_aclk
    SLICE_X50Y214        SRL16E                                       r  gen_core[2].u_core/u_axi_dm/U0/GEN_S2MM_FULL.I_S2MM_FULL_WRAPPER/I_CMD_STATUS/I_CMD_FIFO/USE_SRL_FIFO.I_SYNC_FIFO/I_SRL_FIFO_RBU_F/DYNSHREG_F_I/INFERRED_GEN.data_reg[3][35]_srl4/CLK
                         clock pessimism              0.000     0.280    
    SLICE_X50Y214        SRL16E (Hold_srl16e_CLK_D)
                                                      0.154     0.434    gen_core[2].u_core/u_axi_dm/U0/GEN_S2MM_FULL.I_S2MM_FULL_WRAPPER/I_CMD_STATUS/I_CMD_FIFO/USE_SRL_FIFO.I_SYNC_FIFO/I_SRL_FIFO_RBU_F/DYNSHREG_F_I/INFERRED_GEN.data_reg[3][35]_srl4
  -------------------------------------------------------------------
                         required time                         -0.434    
                         arrival time                           0.501    
  -------------------------------------------------------------------
                         slack                                  0.067    

Slack (MET) :             0.067ns  (arrival time - required time)
  Source:                 gen_core[2].u_core/u_axi_dm/U0/GEN_S2MM_FULL.I_S2MM_FULL_WRAPPER/GEN_INCLUDE_REALIGNER.I_S2MM_REALIGNER/GEN_INCLUDE_SCATTER.I_S2MM_SCATTER/SLICE_INSERTION/storage_data_reg[9]/C
                            (rising edge-triggered cell FDRE clocked by clk  {rise@0.000ns fall@3.600ns period=7.200ns})
  Destination:            gen_core[2].u_core/u_axi_dm/U0/GEN_S2MM_FULL.I_S2MM_FULL_WRAPPER/GEN_INCLUDE_REALIGNER.I_S2MM_REALIGNER/GEN_INCLUDE_SCATTER.I_S2MM_SCATTER/I_TSTRB_FIFO/USE_SYNC_FIFO.I_SYNC_FIFO/NON_BLK_MEM.I_SYNC_FIFOGEN_FIFO/xpm_fifo_instance.xpm_fifo_sync_inst/xpm_fifo_base_inst/gen_sdpram.xpm_memory_base_inst/gen_wr_a.gen_word_narrow.mem_reg_0_15_6_11/RAMB_D1/I
                            (rising edge-triggered cell RAMD32 clocked by clk  {rise@0.000ns fall@3.600ns period=7.200ns})
  Path Group:             clk
  Path Type:              Hold (Min at Fast Process Corner)
  Requirement:            0.000ns  (clk rise@0.000ns - clk rise@0.000ns)
  Data Path Delay:        0.196ns  (logic 0.100ns (51.054%)  route 0.096ns (48.946%))
  Logic Levels:           0  
  Clock Path Skew:        0.014ns (DCD - SCD - CPR)
    Destination Clock Delay (DCD):    0.280ns
    Source Clock Delay      (SCD):    0.266ns
    Clock Pessimism Removal (CPR):    -0.000ns

    Location             Delay type                Incr(ns)  Path(ns)    Netlist Resource(s)
  -------------------------------------------------------------------    -------------------
                         (clock clk rise edge)        0.000     0.000 r  
                                                      0.000     0.000 r  clk (IN)
                         net (fo=84998, unset)        0.266     0.266    gen_core[2].u_core/u_axi_dm/U0/GEN_S2MM_FULL.I_S2MM_FULL_WRAPPER/GEN_INCLUDE_REALIGNER.I_S2MM_REALIGNER/GEN_INCLUDE_SCATTER.I_S2MM_SCATTER/SLICE_INSERTION/m_axi_s2mm_aclk
    SLICE_X55Y225        FDRE                                         r  gen_core[2].u_core/u_axi_dm/U0/GEN_S2MM_FULL.I_S2MM_FULL_WRAPPER/GEN_INCLUDE_REALIGNER.I_S2MM_REALIGNER/GEN_INCLUDE_SCATTER.I_S2MM_SCATTER/SLICE_INSERTION/storage_data_reg[9]/C
  -------------------------------------------------------------------    -------------------
    SLICE_X55Y225        FDRE (Prop_fdre_C_Q)         0.100     0.366 r  gen_core[2].u_core/u_axi_dm/U0/GEN_S2MM_FULL.I_S2MM_FULL_WRAPPER/GEN_INCLUDE_REALIGNER.I_S2MM_REALIGNER/GEN_INCLUDE_SCATTER.I_S2MM_SCATTER/SLICE_INSERTION/storage_data_reg[9]/Q
                         net (fo=1, routed)           0.096     0.462    gen_core[2].u_core/u_axi_dm/U0/GEN_S2MM_FULL.I_S2MM_FULL_WRAPPER/GEN_INCLUDE_REALIGNER.I_S2MM_REALIGNER/GEN_INCLUDE_SCATTER.I_S2MM_SCATTER/I_TSTRB_FIFO/USE_SYNC_FIFO.I_SYNC_FIFO/NON_BLK_MEM.I_SYNC_FIFOGEN_FIFO/xpm_fifo_instance.xpm_fifo_sync_inst/xpm_fifo_base_inst/gen_sdpram.xpm_memory_base_inst/gen_wr_a.gen_word_narrow.mem_reg_0_15_6_11/DIB1
    SLICE_X54Y225        RAMD32                                       r  gen_core[2].u_core/u_axi_dm/U0/GEN_S2MM_FULL.I_S2MM_FULL_WRAPPER/GEN_INCLUDE_REALIGNER.I_S2MM_REALIGNER/GEN_INCLUDE_SCATTER.I_S2MM_SCATTER/I_TSTRB_FIFO/USE_SYNC_FIFO.I_SYNC_FIFO/NON_BLK_MEM.I_SYNC_FIFOGEN_FIFO/xpm_fifo_instance.xpm_fifo_sync_inst/xpm_fifo_base_inst/gen_sdpram.xpm_memory_base_inst/gen_wr_a.gen_word_narrow.mem_reg_0_15_6_11/RAMB_D1/I
  -------------------------------------------------------------------    -------------------

                         (clock clk rise edge)        0.000     0.000 r  
                                                      0.000     0.000 r  clk (IN)
                         net (fo=84998, unset)        0.280     0.280    gen_core[2].u_core/u_axi_dm/U0/GEN_S2MM_FULL.I_S2MM_FULL_WRAPPER/GEN_INCLUDE_REALIGNER.I_S2MM_REALIGNER/GEN_INCLUDE_SCATTER.I_S2MM_SCATTER/I_TSTRB_FIFO/USE_SYNC_FIFO.I_SYNC_FIFO/NON_BLK_MEM.I_SYNC_FIFOGEN_FIFO/xpm_fifo_instance.xpm_fifo_sync_inst/xpm_fifo_base_inst/gen_sdpram.xpm_memory_base_inst/gen_wr_a.gen_word_narrow.mem_reg_0_15_6_11/WCLK
    SLICE_X54Y225        RAMD32                                       r  gen_core[2].u_core/u_axi_dm/U0/GEN_S2MM_FULL.I_S2MM_FULL_WRAPPER/GEN_INCLUDE_REALIGNER.I_S2MM_REALIGNER/GEN_INCLUDE_SCATTER.I_S2MM_SCATTER/I_TSTRB_FIFO/USE_SYNC_FIFO.I_SYNC_FIFO/NON_BLK_MEM.I_SYNC_FIFOGEN_FIFO/xpm_fifo_instance.xpm_fifo_sync_inst/xpm_fifo_base_inst/gen_sdpram.xpm_memory_base_inst/gen_wr_a.gen_word_narrow.mem_reg_0_15_6_11/RAMB_D1/CLK
                         clock pessimism              0.000     0.280    
    SLICE_X54Y225        RAMD32 (Hold_ramd32_CLK_I)
                                                      0.115     0.395    gen_core[2].u_core/u_axi_dm/U0/GEN_S2MM_FULL.I_S2MM_FULL_WRAPPER/GEN_INCLUDE_REALIGNER.I_S2MM_REALIGNER/GEN_INCLUDE_SCATTER.I_S2MM_SCATTER/I_TSTRB_FIFO/USE_SYNC_FIFO.I_SYNC_FIFO/NON_BLK_MEM.I_SYNC_FIFOGEN_FIFO/xpm_fifo_instance.xpm_fifo_sync_inst/xpm_fifo_base_inst/gen_sdpram.xpm_memory_base_inst/gen_wr_a.gen_word_narrow.mem_reg_0_15_6_11/RAMB_D1
  -------------------------------------------------------------------
                         required time                         -0.395    
                         arrival time                           0.462    
  -------------------------------------------------------------------
                         slack                                  0.067    

Slack (MET) :             0.068ns  (arrival time - required time)
  Source:                 gen_core[2].u_core/u_mm2s_arb/data_wr_reg[2]/C
                            (rising edge-triggered cell FDRE clocked by clk  {rise@0.000ns fall@3.600ns period=7.200ns})
  Destination:            gen_core[2].u_core/u_mm2s_arb/data_mem_reg_0_7_0_0/DP/WADR2
                            (rising edge-triggered cell RAMD32 clocked by clk  {rise@0.000ns fall@3.600ns period=7.200ns})
  Path Group:             clk
  Path Type:              Hold (Min at Fast Process Corner)
  Requirement:            0.000ns  (clk rise@0.000ns - clk rise@0.000ns)
  Data Path Delay:        0.285ns  (logic 0.091ns (31.942%)  route 0.194ns (68.058%))
  Logic Levels:           0  
  Clock Path Skew:        0.014ns (DCD - SCD - CPR)
    Destination Clock Delay (DCD):    0.280ns
    Source Clock Delay      (SCD):    0.266ns
    Clock Pessimism Removal (CPR):    -0.000ns

    Location             Delay type                Incr(ns)  Path(ns)    Netlist Resource(s)
  -------------------------------------------------------------------    -------------------
                         (clock clk rise edge)        0.000     0.000 r  
                                                      0.000     0.000 r  clk (IN)
                         net (fo=84998, unset)        0.266     0.266    gen_core[2].u_core/u_mm2s_arb/clk
    SLICE_X92Y264        FDRE                                         r  gen_core[2].u_core/u_mm2s_arb/data_wr_reg[2]/C
  -------------------------------------------------------------------    -------------------
    SLICE_X92Y264        FDRE (Prop_fdre_C_Q)         0.091     0.357 r  gen_core[2].u_core/u_mm2s_arb/data_wr_reg[2]/Q
                         net (fo=7, routed)           0.194     0.551    gen_core[2].u_core/u_mm2s_arb/data_mem_reg_0_7_0_0/A2
    SLICE_X90Y264        RAMD32                                       r  gen_core[2].u_core/u_mm2s_arb/data_mem_reg_0_7_0_0/DP/WADR2
  -------------------------------------------------------------------    -------------------

                         (clock clk rise edge)        0.000     0.000 r  
                                                      0.000     0.000 r  clk (IN)
                         net (fo=84998, unset)        0.280     0.280    gen_core[2].u_core/u_mm2s_arb/data_mem_reg_0_7_0_0/WCLK
    SLICE_X90Y264        RAMD32                                       r  gen_core[2].u_core/u_mm2s_arb/data_mem_reg_0_7_0_0/DP/CLK
                         clock pessimism              0.000     0.280    
    SLICE_X90Y264        RAMD32 (Hold_ramd32_CLK_WADR2)
                                                      0.203     0.483    gen_core[2].u_core/u_mm2s_arb/data_mem_reg_0_7_0_0/DP
  -------------------------------------------------------------------
                         required time                         -0.483    
                         arrival time                           0.551    
  -------------------------------------------------------------------
                         slack                                  0.068    

Slack (MET) :             0.068ns  (arrival time - required time)
  Source:                 gen_core[2].u_core/u_mm2s_arb/data_wr_reg[2]/C
                            (rising edge-triggered cell FDRE clocked by clk  {rise@0.000ns fall@3.600ns period=7.200ns})
  Destination:            gen_core[2].u_core/u_mm2s_arb/data_mem_reg_0_7_0_0/SP/WADR2
                            (rising edge-triggered cell RAMD32 clocked by clk  {rise@0.000ns fall@3.600ns period=7.200ns})
  Path Group:             clk
  Path Type:              Hold (Min at Fast Process Corner)
  Requirement:            0.000ns  (clk rise@0.000ns - clk rise@0.000ns)
  Data Path Delay:        0.285ns  (logic 0.091ns (31.942%)  route 0.194ns (68.058%))
  Logic Levels:           0  
  Clock Path Skew:        0.014ns (DCD - SCD - CPR)
    Destination Clock Delay (DCD):    0.280ns
    Source Clock Delay      (SCD):    0.266ns
    Clock Pessimism Removal (CPR):    -0.000ns

    Location             Delay type                Incr(ns)  Path(ns)    Netlist Resource(s)
  -------------------------------------------------------------------    -------------------
                         (clock clk rise edge)        0.000     0.000 r  
                                                      0.000     0.000 r  clk (IN)
                         net (fo=84998, unset)        0.266     0.266    gen_core[2].u_core/u_mm2s_arb/clk
    SLICE_X92Y264        FDRE                                         r  gen_core[2].u_core/u_mm2s_arb/data_wr_reg[2]/C
  -------------------------------------------------------------------    -------------------
    SLICE_X92Y264        FDRE (Prop_fdre_C_Q)         0.091     0.357 r  gen_core[2].u_core/u_mm2s_arb/data_wr_reg[2]/Q
                         net (fo=7, routed)           0.194     0.551    gen_core[2].u_core/u_mm2s_arb/data_mem_reg_0_7_0_0/A2
    SLICE_X90Y264        RAMD32                                       r  gen_core[2].u_core/u_mm2s_arb/data_mem_reg_0_7_0_0/SP/WADR2
  -------------------------------------------------------------------    -------------------

                         (clock clk rise edge)        0.000     0.000 r  
                                                      0.000     0.000 r  clk (IN)
                         net (fo=84998, unset)        0.280     0.280    gen_core[2].u_core/u_mm2s_arb/data_mem_reg_0_7_0_0/WCLK
    SLICE_X90Y264        RAMD32                                       r  gen_core[2].u_core/u_mm2s_arb/data_mem_reg_0_7_0_0/SP/CLK
                         clock pessimism              0.000     0.280    
    SLICE_X90Y264        RAMD32 (Hold_ramd32_CLK_WADR2)
                                                      0.203     0.483    gen_core[2].u_core/u_mm2s_arb/data_mem_reg_0_7_0_0/SP
  -------------------------------------------------------------------
                         required time                         -0.483    
                         arrival time                           0.551    
  -------------------------------------------------------------------
                         slack                                  0.068    

Slack (MET) :             0.068ns  (arrival time - required time)
  Source:                 gen_core[2].u_core/u_mm2s_arb/data_wr_reg[2]/C
                            (rising edge-triggered cell FDRE clocked by clk  {rise@0.000ns fall@3.600ns period=7.200ns})
  Destination:            gen_core[2].u_core/u_mm2s_arb/data_mem_reg_0_7_1_1/DP/WADR2
                            (rising edge-triggered cell RAMD32 clocked by clk  {rise@0.000ns fall@3.600ns period=7.200ns})
  Path Group:             clk
  Path Type:              Hold (Min at Fast Process Corner)
  Requirement:            0.000ns  (clk rise@0.000ns - clk rise@0.000ns)
  Data Path Delay:        0.285ns  (logic 0.091ns (31.942%)  route 0.194ns (68.058%))
  Logic Levels:           0  
  Clock Path Skew:        0.014ns (DCD - SCD - CPR)
    Destination Clock Delay (DCD):    0.280ns
    Source Clock Delay      (SCD):    0.266ns
    Clock Pessimism Removal (CPR):    -0.000ns

    Location             Delay type                Incr(ns)  Path(ns)    Netlist Resource(s)
  -------------------------------------------------------------------    -------------------
                         (clock clk rise edge)        0.000     0.000 r  
                                                      0.000     0.000 r  clk (IN)
                         net (fo=84998, unset)        0.266     0.266    gen_core[2].u_core/u_mm2s_arb/clk
    SLICE_X92Y264        FDRE                                         r  gen_core[2].u_core/u_mm2s_arb/data_wr_reg[2]/C
  -------------------------------------------------------------------    -------------------
    SLICE_X92Y264        FDRE (Prop_fdre_C_Q)         0.091     0.357 r  gen_core[2].u_core/u_mm2s_arb/data_wr_reg[2]/Q
                         net (fo=7, routed)           0.194     0.551    gen_core[2].u_core/u_mm2s_arb/data_mem_reg_0_7_1_1/A2
    SLICE_X90Y264        RAMD32                                       r  gen_core[2].u_core/u_mm2s_arb/data_mem_reg_0_7_1_1/DP/WADR2
  -------------------------------------------------------------------    -------------------

                         (clock clk rise edge)        0.000     0.000 r  
                                                      0.000     0.000 r  clk (IN)
                         net (fo=84998, unset)        0.280     0.280    gen_core[2].u_core/u_mm2s_arb/data_mem_reg_0_7_1_1/WCLK
    SLICE_X90Y264        RAMD32                                       r  gen_core[2].u_core/u_mm2s_arb/data_mem_reg_0_7_1_1/DP/CLK
                         clock pessimism              0.000     0.280    
    SLICE_X90Y264        RAMD32 (Hold_ramd32_CLK_WADR2)
                                                      0.203     0.483    gen_core[2].u_core/u_mm2s_arb/data_mem_reg_0_7_1_1/DP
  -------------------------------------------------------------------
                         required time                         -0.483    
                         arrival time                           0.551    
  -------------------------------------------------------------------
                         slack                                  0.068    

Slack (MET) :             0.068ns  (arrival time - required time)
  Source:                 gen_core[2].u_core/u_mm2s_arb/data_wr_reg[2]/C
                            (rising edge-triggered cell FDRE clocked by clk  {rise@0.000ns fall@3.600ns period=7.200ns})
  Destination:            gen_core[2].u_core/u_mm2s_arb/data_mem_reg_0_7_1_1/SP/WADR2
                            (rising edge-triggered cell RAMD32 clocked by clk  {rise@0.000ns fall@3.600ns period=7.200ns})
  Path Group:             clk
  Path Type:              Hold (Min at Fast Process Corner)
  Requirement:            0.000ns  (clk rise@0.000ns - clk rise@0.000ns)
  Data Path Delay:        0.285ns  (logic 0.091ns (31.942%)  route 0.194ns (68.058%))
  Logic Levels:           0  
  Clock Path Skew:        0.014ns (DCD - SCD - CPR)
    Destination Clock Delay (DCD):    0.280ns
    Source Clock Delay      (SCD):    0.266ns
    Clock Pessimism Removal (CPR):    -0.000ns

    Location             Delay type                Incr(ns)  Path(ns)    Netlist Resource(s)
  -------------------------------------------------------------------    -------------------
                         (clock clk rise edge)        0.000     0.000 r  
                                                      0.000     0.000 r  clk (IN)
                         net (fo=84998, unset)        0.266     0.266    gen_core[2].u_core/u_mm2s_arb/clk
    SLICE_X92Y264        FDRE                                         r  gen_core[2].u_core/u_mm2s_arb/data_wr_reg[2]/C
  -------------------------------------------------------------------    -------------------
    SLICE_X92Y264        FDRE (Prop_fdre_C_Q)         0.091     0.357 r  gen_core[2].u_core/u_mm2s_arb/data_wr_reg[2]/Q
                         net (fo=7, routed)           0.194     0.551    gen_core[2].u_core/u_mm2s_arb/data_mem_reg_0_7_1_1/A2
    SLICE_X90Y264        RAMD32                                       r  gen_core[2].u_core/u_mm2s_arb/data_mem_reg_0_7_1_1/SP/WADR2
  -------------------------------------------------------------------    -------------------

                         (clock clk rise edge)        0.000     0.000 r  
                                                      0.000     0.000 r  clk (IN)
                         net (fo=84998, unset)        0.280     0.280    gen_core[2].u_core/u_mm2s_arb/data_mem_reg_0_7_1_1/WCLK
    SLICE_X90Y264        RAMD32                                       r  gen_core[2].u_core/u_mm2s_arb/data_mem_reg_0_7_1_1/SP/CLK
                         clock pessimism              0.000     0.280    
    SLICE_X90Y264        RAMD32 (Hold_ramd32_CLK_WADR2)
                                                      0.203     0.483    gen_core[2].u_core/u_mm2s_arb/data_mem_reg_0_7_1_1/SP
  -------------------------------------------------------------------
                         required time                         -0.483    
                         arrival time                           0.551    
  -------------------------------------------------------------------
                         slack                                  0.068    

Slack (MET) :             0.069ns  (arrival time - required time)
  Source:                 gen_core[1].u_core/u_dfe/r_low_latch_reg[31]/C
                            (rising edge-triggered cell FDRE clocked by clk  {rise@0.000ns fall@3.600ns period=7.200ns})
  Destination:            gen_core[1].u_core/u_desc_fifo/mem_reg_64_127_30_32/RAMB/I
                            (rising edge-triggered cell RAMD64E clocked by clk  {rise@0.000ns fall@3.600ns period=7.200ns})
  Path Group:             clk
  Path Type:              Hold (Min at Fast Process Corner)
  Requirement:            0.000ns  (clk rise@0.000ns - clk rise@0.000ns)
  Data Path Delay:        0.215ns  (logic 0.100ns (46.547%)  route 0.115ns (53.453%))
  Logic Levels:           0  
  Clock Path Skew:        0.014ns (DCD - SCD - CPR)
    Destination Clock Delay (DCD):    0.280ns
    Source Clock Delay      (SCD):    0.266ns
    Clock Pessimism Removal (CPR):    -0.000ns

    Location             Delay type                Incr(ns)  Path(ns)    Netlist Resource(s)
  -------------------------------------------------------------------    -------------------
                         (clock clk rise edge)        0.000     0.000 r  
                                                      0.000     0.000 r  clk (IN)
                         net (fo=84998, unset)        0.266     0.266    gen_core[1].u_core/u_dfe/clk
    SLICE_X103Y152       FDRE                                         r  gen_core[1].u_core/u_dfe/r_low_latch_reg[31]/C
  -------------------------------------------------------------------    -------------------
    SLICE_X103Y152       FDRE (Prop_fdre_C_Q)         0.100     0.366 r  gen_core[1].u_core/u_dfe/r_low_latch_reg[31]/Q
                         net (fo=2, routed)           0.115     0.481    gen_core[1].u_core/u_desc_fifo/mem_reg_64_127_30_32/DIB
    SLICE_X102Y152       RAMD64E                                      r  gen_core[1].u_core/u_desc_fifo/mem_reg_64_127_30_32/RAMB/I
  -------------------------------------------------------------------    -------------------

                         (clock clk rise edge)        0.000     0.000 r  
                                                      0.000     0.000 r  clk (IN)
                         net (fo=84998, unset)        0.280     0.280    gen_core[1].u_core/u_desc_fifo/mem_reg_64_127_30_32/WCLK
    SLICE_X102Y152       RAMD64E                                      r  gen_core[1].u_core/u_desc_fifo/mem_reg_64_127_30_32/RAMB/CLK
                         clock pessimism              0.000     0.280    
    SLICE_X102Y152       RAMD64E (Hold_ramd64e_CLK_I)
                                                      0.132     0.412    gen_core[1].u_core/u_desc_fifo/mem_reg_64_127_30_32/RAMB
  -------------------------------------------------------------------
                         required time                         -0.412    
                         arrival time                           0.481    
  -------------------------------------------------------------------
                         slack                                  0.069    





Pulse Width Checks
--------------------------------------------------------------------------------------
Clock Name:         clk
Waveform(ns):       { 0.000 3.600 }
Period(ns):         7.200
Sources:            { clk }

Check Type        Corner  Lib Pin      Reference Pin  Required(ns)  Actual(ns)  Slack(ns)  Location       Pin
Min Period        n/a     DSP48E1/CLK  n/a            2.634         7.200       4.566      DSP48_X0Y100   gen_core[0].u_core/u_ofb_writer/u_sdp/prod_d_reg[0]/CLK
Min Period        n/a     DSP48E1/CLK  n/a            2.634         7.200       4.566      DSP48_X0Y104   gen_core[0].u_core/u_ofb_writer/u_sdp/prod_d_reg[0]__0/CLK
Min Period        n/a     DSP48E1/CLK  n/a            2.634         7.200       4.566      DSP48_X1Y91    gen_core[0].u_core/u_ofb_writer/u_sdp/prod_d_reg[10]/CLK
Min Period        n/a     DSP48E1/CLK  n/a            2.634         7.200       4.566      DSP48_X1Y87    gen_core[0].u_core/u_ofb_writer/u_sdp/prod_d_reg[10]__0/CLK
Min Period        n/a     DSP48E1/CLK  n/a            2.634         7.200       4.566      DSP48_X0Y81    gen_core[0].u_core/u_ofb_writer/u_sdp/prod_d_reg[11]/CLK
Min Period        n/a     DSP48E1/CLK  n/a            2.634         7.200       4.566      DSP48_X1Y82    gen_core[0].u_core/u_ofb_writer/u_sdp/prod_d_reg[11]__0/CLK
Min Period        n/a     DSP48E1/CLK  n/a            2.634         7.200       4.566      DSP48_X0Y98    gen_core[0].u_core/u_ofb_writer/u_sdp/prod_d_reg[12]/CLK
Min Period        n/a     DSP48E1/CLK  n/a            2.634         7.200       4.566      DSP48_X1Y100   gen_core[0].u_core/u_ofb_writer/u_sdp/prod_d_reg[12]__0/CLK
Min Period        n/a     DSP48E1/CLK  n/a            2.634         7.200       4.566      DSP48_X2Y104   gen_core[0].u_core/u_ofb_writer/u_sdp/prod_d_reg[13]/CLK
Min Period        n/a     DSP48E1/CLK  n/a            2.634         7.200       4.566      DSP48_X4Y100   gen_core[0].u_core/u_ofb_writer/u_sdp/prod_d_reg[13]__0/CLK
Low Pulse Width   Slow    RAMD32/CLK   n/a            0.768         3.600       2.832      SLICE_X22Y203  gen_core[0].u_core/u_axi_dm/U0/GEN_S2MM_FULL.I_S2MM_FULL_WRAPPER/GEN_INCLUDE_REALIGNER.I_S2MM_REALIGNER/GEN_INCLUDE_SCATTER.I_S2MM_SCATTER/I_TSTRB_FIFO/USE_SYNC_FIFO.I_SYNC_FIFO/NON_BLK_MEM.I_SYNC_FIFOGEN_FIFO/xpm_fifo_instance.xpm_fifo_sync_inst/xpm_fifo_base_inst/gen_sdpram.xpm_memory_base_inst/gen_wr_a.gen_word_narrow.mem_reg_0_15_0_5/RAMA/CLK
Low Pulse Width   Fast    RAMD32/CLK   n/a            0.768         3.600       2.832      SLICE_X22Y203  gen_core[0].u_core/u_axi_dm/U0/GEN_S2MM_FULL.I_S2MM_FULL_WRAPPER/GEN_INCLUDE_REALIGNER.I_S2MM_REALIGNER/GEN_INCLUDE_SCATTER.I_S2MM_SCATTER/I_TSTRB_FIFO/USE_SYNC_FIFO.I_SYNC_FIFO/NON_BLK_MEM.I_SYNC_FIFOGEN_FIFO/xpm_fifo_instance.xpm_fifo_sync_inst/xpm_fifo_base_inst/gen_sdpram.xpm_memory_base_inst/gen_wr_a.gen_word_narrow.mem_reg_0_15_0_5/RAMA/CLK
Low Pulse Width   Slow    RAMD32/CLK   n/a            0.768         3.600       2.832      SLICE_X22Y203  gen_core[0].u_core/u_axi_dm/U0/GEN_S2MM_FULL.I_S2MM_FULL_WRAPPER/GEN_INCLUDE_REALIGNER.I_S2MM_REALIGNER/GEN_INCLUDE_SCATTER.I_S2MM_SCATTER/I_TSTRB_FIFO/USE_SYNC_FIFO.I_SYNC_FIFO/NON_BLK_MEM.I_SYNC_FIFOGEN_FIFO/xpm_fifo_instance.xpm_fifo_sync_inst/xpm_fifo_base_inst/gen_sdpram.xpm_memory_base_inst/gen_wr_a.gen_word_narrow.mem_reg_0_15_0_5/RAMA_D1/CLK
Low Pulse Width   Fast    RAMD32/CLK   n/a            0.768         3.600       2.832      SLICE_X22Y203  gen_core[0].u_core/u_axi_dm/U0/GEN_S2MM_FULL.I_S2MM_FULL_WRAPPER/GEN_INCLUDE_REALIGNER.I_S2MM_REALIGNER/GEN_INCLUDE_SCATTER.I_S2MM_SCATTER/I_TSTRB_FIFO/USE_SYNC_FIFO.I_SYNC_FIFO/NON_BLK_MEM.I_SYNC_FIFOGEN_FIFO/xpm_fifo_instance.xpm_fifo_sync_inst/xpm_fifo_base_inst/gen_sdpram.xpm_memory_base_inst/gen_wr_a.gen_word_narrow.mem_reg_0_15_0_5/RAMA_D1/CLK
Low Pulse Width   Slow    RAMD32/CLK   n/a            0.768         3.600       2.832      SLICE_X22Y203  gen_core[0].u_core/u_axi_dm/U0/GEN_S2MM_FULL.I_S2MM_FULL_WRAPPER/GEN_INCLUDE_REALIGNER.I_S2MM_REALIGNER/GEN_INCLUDE_SCATTER.I_S2MM_SCATTER/I_TSTRB_FIFO/USE_SYNC_FIFO.I_SYNC_FIFO/NON_BLK_MEM.I_SYNC_FIFOGEN_FIFO/xpm_fifo_instance.xpm_fifo_sync_inst/xpm_fifo_base_inst/gen_sdpram.xpm_memory_base_inst/gen_wr_a.gen_word_narrow.mem_reg_0_15_0_5/RAMB/CLK
Low Pulse Width   Fast    RAMD32/CLK   n/a            0.768         3.600       2.832      SLICE_X22Y203  gen_core[0].u_core/u_axi_dm/U0/GEN_S2MM_FULL.I_S2MM_FULL_WRAPPER/GEN_INCLUDE_REALIGNER.I_S2MM_REALIGNER/GEN_INCLUDE_SCATTER.I_S2MM_SCATTER/I_TSTRB_FIFO/USE_SYNC_FIFO.I_SYNC_FIFO/NON_BLK_MEM.I_SYNC_FIFOGEN_FIFO/xpm_fifo_instance.xpm_fifo_sync_inst/xpm_fifo_base_inst/gen_sdpram.xpm_memory_base_inst/gen_wr_a.gen_word_narrow.mem_reg_0_15_0_5/RAMB/CLK
Low Pulse Width   Slow    RAMD32/CLK   n/a            0.768         3.600       2.832      SLICE_X22Y203  gen_core[0].u_core/u_axi_dm/U0/GEN_S2MM_FULL.I_S2MM_FULL_WRAPPER/GEN_INCLUDE_REALIGNER.I_S2MM_REALIGNER/GEN_INCLUDE_SCATTER.I_S2MM_SCATTER/I_TSTRB_FIFO/USE_SYNC_FIFO.I_SYNC_FIFO/NON_BLK_MEM.I_SYNC_FIFOGEN_FIFO/xpm_fifo_instance.xpm_fifo_sync_inst/xpm_fifo_base_inst/gen_sdpram.xpm_memory_base_inst/gen_wr_a.gen_word_narrow.mem_reg_0_15_0_5/RAMB_D1/CLK
Low Pulse Width   Fast    RAMD32/CLK   n/a            0.768         3.600       2.832      SLICE_X22Y203  gen_core[0].u_core/u_axi_dm/U0/GEN_S2MM_FULL.I_S2MM_FULL_WRAPPER/GEN_INCLUDE_REALIGNER.I_S2MM_REALIGNER/GEN_INCLUDE_SCATTER.I_S2MM_SCATTER/I_TSTRB_FIFO/USE_SYNC_FIFO.I_SYNC_FIFO/NON_BLK_MEM.I_SYNC_FIFOGEN_FIFO/xpm_fifo_instance.xpm_fifo_sync_inst/xpm_fifo_base_inst/gen_sdpram.xpm_memory_base_inst/gen_wr_a.gen_word_narrow.mem_reg_0_15_0_5/RAMB_D1/CLK
Low Pulse Width   Slow    RAMD32/CLK   n/a            0.768         3.600       2.832      SLICE_X22Y203  gen_core[0].u_core/u_axi_dm/U0/GEN_S2MM_FULL.I_S2MM_FULL_WRAPPER/GEN_INCLUDE_REALIGNER.I_S2MM_REALIGNER/GEN_INCLUDE_SCATTER.I_S2MM_SCATTER/I_TSTRB_FIFO/USE_SYNC_FIFO.I_SYNC_FIFO/NON_BLK_MEM.I_SYNC_FIFOGEN_FIFO/xpm_fifo_instance.xpm_fifo_sync_inst/xpm_fifo_base_inst/gen_sdpram.xpm_memory_base_inst/gen_wr_a.gen_word_narrow.mem_reg_0_15_0_5/RAMC/CLK
Low Pulse Width   Fast    RAMD32/CLK   n/a            0.768         3.600       2.832      SLICE_X22Y203  gen_core[0].u_core/u_axi_dm/U0/GEN_S2MM_FULL.I_S2MM_FULL_WRAPPER/GEN_INCLUDE_REALIGNER.I_S2MM_REALIGNER/GEN_INCLUDE_SCATTER.I_S2MM_SCATTER/I_TSTRB_FIFO/USE_SYNC_FIFO.I_SYNC_FIFO/NON_BLK_MEM.I_SYNC_FIFOGEN_FIFO/xpm_fifo_instance.xpm_fifo_sync_inst/xpm_fifo_base_inst/gen_sdpram.xpm_memory_base_inst/gen_wr_a.gen_word_narrow.mem_reg_0_15_0_5/RAMC/CLK
High Pulse Width  Slow    RAMD32/CLK   n/a            0.768         3.600       2.832      SLICE_X22Y203  gen_core[0].u_core/u_axi_dm/U0/GEN_S2MM_FULL.I_S2MM_FULL_WRAPPER/GEN_INCLUDE_REALIGNER.I_S2MM_REALIGNER/GEN_INCLUDE_SCATTER.I_S2MM_SCATTER/I_TSTRB_FIFO/USE_SYNC_FIFO.I_SYNC_FIFO/NON_BLK_MEM.I_SYNC_FIFOGEN_FIFO/xpm_fifo_instance.xpm_fifo_sync_inst/xpm_fifo_base_inst/gen_sdpram.xpm_memory_base_inst/gen_wr_a.gen_word_narrow.mem_reg_0_15_0_5/RAMA/CLK
High Pulse Width  Fast    RAMD32/CLK   n/a            0.768         3.600       2.832      SLICE_X22Y203  gen_core[0].u_core/u_axi_dm/U0/GEN_S2MM_FULL.I_S2MM_FULL_WRAPPER/GEN_INCLUDE_REALIGNER.I_S2MM_REALIGNER/GEN_INCLUDE_SCATTER.I_S2MM_SCATTER/I_TSTRB_FIFO/USE_SYNC_FIFO.I_SYNC_FIFO/NON_BLK_MEM.I_SYNC_FIFOGEN_FIFO/xpm_fifo_instance.xpm_fifo_sync_inst/xpm_fifo_base_inst/gen_sdpram.xpm_memory_base_inst/gen_wr_a.gen_word_narrow.mem_reg_0_15_0_5/RAMA/CLK
High Pulse Width  Slow    RAMD32/CLK   n/a            0.768         3.600       2.832      SLICE_X22Y203  gen_core[0].u_core/u_axi_dm/U0/GEN_S2MM_FULL.I_S2MM_FULL_WRAPPER/GEN_INCLUDE_REALIGNER.I_S2MM_REALIGNER/GEN_INCLUDE_SCATTER.I_S2MM_SCATTER/I_TSTRB_FIFO/USE_SYNC_FIFO.I_SYNC_FIFO/NON_BLK_MEM.I_SYNC_FIFOGEN_FIFO/xpm_fifo_instance.xpm_fifo_sync_inst/xpm_fifo_base_inst/gen_sdpram.xpm_memory_base_inst/gen_wr_a.gen_word_narrow.mem_reg_0_15_0_5/RAMA_D1/CLK
High Pulse Width  Fast    RAMD32/CLK   n/a            0.768         3.600       2.832      SLICE_X22Y203  gen_core[0].u_core/u_axi_dm/U0/GEN_S2MM_FULL.I_S2MM_FULL_WRAPPER/GEN_INCLUDE_REALIGNER.I_S2MM_REALIGNER/GEN_INCLUDE_SCATTER.I_S2MM_SCATTER/I_TSTRB_FIFO/USE_SYNC_FIFO.I_SYNC_FIFO/NON_BLK_MEM.I_SYNC_FIFOGEN_FIFO/xpm_fifo_instance.xpm_fifo_sync_inst/xpm_fifo_base_inst/gen_sdpram.xpm_memory_base_inst/gen_wr_a.gen_word_narrow.mem_reg_0_15_0_5/RAMA_D1/CLK
High Pulse Width  Slow    RAMD32/CLK   n/a            0.768         3.600       2.832      SLICE_X22Y203  gen_core[0].u_core/u_axi_dm/U0/GEN_S2MM_FULL.I_S2MM_FULL_WRAPPER/GEN_INCLUDE_REALIGNER.I_S2MM_REALIGNER/GEN_INCLUDE_SCATTER.I_S2MM_SCATTER/I_TSTRB_FIFO/USE_SYNC_FIFO.I_SYNC_FIFO/NON_BLK_MEM.I_SYNC_FIFOGEN_FIFO/xpm_fifo_instance.xpm_fifo_sync_inst/xpm_fifo_base_inst/gen_sdpram.xpm_memory_base_inst/gen_wr_a.gen_word_narrow.mem_reg_0_15_0_5/RAMB/CLK
High Pulse Width  Fast    RAMD32/CLK   n/a            0.768         3.600       2.832      SLICE_X22Y203  gen_core[0].u_core/u_axi_dm/U0/GEN_S2MM_FULL.I_S2MM_FULL_WRAPPER/GEN_INCLUDE_REALIGNER.I_S2MM_REALIGNER/GEN_INCLUDE_SCATTER.I_S2MM_SCATTER/I_TSTRB_FIFO/USE_SYNC_FIFO.I_SYNC_FIFO/NON_BLK_MEM.I_SYNC_FIFOGEN_FIFO/xpm_fifo_instance.xpm_fifo_sync_inst/xpm_fifo_base_inst/gen_sdpram.xpm_memory_base_inst/gen_wr_a.gen_word_narrow.mem_reg_0_15_0_5/RAMB/CLK
High Pulse Width  Slow    RAMD32/CLK   n/a            0.768         3.600       2.832      SLICE_X22Y203  gen_core[0].u_core/u_axi_dm/U0/GEN_S2MM_FULL.I_S2MM_FULL_WRAPPER/GEN_INCLUDE_REALIGNER.I_S2MM_REALIGNER/GEN_INCLUDE_SCATTER.I_S2MM_SCATTER/I_TSTRB_FIFO/USE_SYNC_FIFO.I_SYNC_FIFO/NON_BLK_MEM.I_SYNC_FIFOGEN_FIFO/xpm_fifo_instance.xpm_fifo_sync_inst/xpm_fifo_base_inst/gen_sdpram.xpm_memory_base_inst/gen_wr_a.gen_word_narrow.mem_reg_0_15_0_5/RAMB_D1/CLK
High Pulse Width  Fast    RAMD32/CLK   n/a            0.768         3.600       2.832      SLICE_X22Y203  gen_core[0].u_core/u_axi_dm/U0/GEN_S2MM_FULL.I_S2MM_FULL_WRAPPER/GEN_INCLUDE_REALIGNER.I_S2MM_REALIGNER/GEN_INCLUDE_SCATTER.I_S2MM_SCATTER/I_TSTRB_FIFO/USE_SYNC_FIFO.I_SYNC_FIFO/NON_BLK_MEM.I_SYNC_FIFOGEN_FIFO/xpm_fifo_instance.xpm_fifo_sync_inst/xpm_fifo_base_inst/gen_sdpram.xpm_memory_base_inst/gen_wr_a.gen_word_narrow.mem_reg_0_15_0_5/RAMB_D1/CLK
High Pulse Width  Slow    RAMD32/CLK   n/a            0.768         3.600       2.832      SLICE_X22Y203  gen_core[0].u_core/u_axi_dm/U0/GEN_S2MM_FULL.I_S2MM_FULL_WRAPPER/GEN_INCLUDE_REALIGNER.I_S2MM_REALIGNER/GEN_INCLUDE_SCATTER.I_S2MM_SCATTER/I_TSTRB_FIFO/USE_SYNC_FIFO.I_SYNC_FIFO/NON_BLK_MEM.I_SYNC_FIFOGEN_FIFO/xpm_fifo_instance.xpm_fifo_sync_inst/xpm_fifo_base_inst/gen_sdpram.xpm_memory_base_inst/gen_wr_a.gen_word_narrow.mem_reg_0_15_0_5/RAMC/CLK
High Pulse Width  Fast    RAMD32/CLK   n/a            0.768         3.600       2.832      SLICE_X22Y203  gen_core[0].u_core/u_axi_dm/U0/GEN_S2MM_FULL.I_S2MM_FULL_WRAPPER/GEN_INCLUDE_REALIGNER.I_S2MM_REALIGNER/GEN_INCLUDE_SCATTER.I_S2MM_SCATTER/I_TSTRB_FIFO/USE_SYNC_FIFO.I_SYNC_FIFO/NON_BLK_MEM.I_SYNC_FIFOGEN_FIFO/xpm_fifo_instance.xpm_fifo_sync_inst/xpm_fifo_base_inst/gen_sdpram.xpm_memory_base_inst/gen_wr_a.gen_word_narrow.mem_reg_0_15_0_5/RAMC/CLK



