Copyright 1986-2022 Xilinx, Inc. All Rights Reserved. Copyright 2022-2023 Advanced Micro Devices, Inc. All Rights Reserved.
---------------------------------------------------------------------------------------------------------------------------------------------
| Tool Version : Vivado v.2023.1 (win64) Build 3865809 Sun May  7 15:05:29 MDT 2023
| Date         : Wed May  6 21:13:57 2026
| Host         : DESKTOP-73784OM running 64-bit major release  (build 9200)
| Command      : report_timing_summary -file C:/_Project/FLUX_CNN/Syn/reports_smc/timing_synth.rpt -max_paths 10
| Design       : multicore_top_smc
| Device       : 7k325t-ffg900
| Speed File   : -2  PRODUCTION 1.12 2017-02-17
| Design State : Synthesized
---------------------------------------------------------------------------------------------------------------------------------------------

Timing Summary Report

------------------------------------------------------------------------------------------------
| Timer Settings
| --------------
------------------------------------------------------------------------------------------------

  Enable Multi Corner Analysis               :  Yes
  Enable Pessimism Removal                   :  Yes
  Pessimism Removal Resolution               :  Nearest Common Node
  Enable Input Delay Default Clock           :  No
  Enable Preset / Clear Arcs                 :  No
  Disable Flight Delays                      :  No
  Ignore I/O Paths                           :  No
  Timing Early Launch at Borrowing Latches   :  No
  Borrow Time for Max Delay Exceptions       :  Yes
  Merge Timing Exceptions                    :  Yes

  Corner  Analyze    Analyze    
  Name    Max Paths  Min Paths  
  ------  ---------  ---------  
  Slow    Yes        Yes        
  Fast    Yes        Yes        


------------------------------------------------------------------------------------------------
| Report Methodology
| ------------------
------------------------------------------------------------------------------------------------

No report available as report_methodology has not been run prior. Run report_methodology on the current design for the summary of methodology violations.



check_timing report

Table of Contents
-----------------
1. checking no_clock (0)
2. checking constant_clock (0)
3. checking pulse_width_clock (0)
4. checking unconstrained_internal_endpoints (0)
5. checking no_input_delay (666)
6. checking no_output_delay (1027)
7. checking multiple_clock (0)
8. checking generated_clocks (0)
9. checking loops (0)
10. checking partial_input_delay (0)
11. checking partial_output_delay (0)
12. checking latch_loops (0)

1. checking no_clock (0)
------------------------
 There are 0 register/latch pins with no clock.


2. checking constant_clock (0)
------------------------------
 There are 0 register/latch pins with constant_clock.


3. checking pulse_width_clock (0)
---------------------------------
 There are 0 register/latch pins which need pulse_width check


4. checking unconstrained_internal_endpoints (0)
------------------------------------------------
 There are 0 pins that are not constrained for maximum delay.

 There are 0 pins that are not constrained for maximum delay due to constant clock.


5. checking no_input_delay (666)
--------------------------------
 There are 666 input ports with no input delay specified. (HIGH)

 There are 0 input ports with no input delay but user has a false path constraint.


6. checking no_output_delay (1027)
----------------------------------
 There are 1027 ports with no output delay specified. (HIGH)

 There are 0 ports with no output delay but user has a false path constraint

 There are 0 ports with no output delay but with a timing clock defined on it or propagating through it


7. checking multiple_clock (0)
------------------------------
 There are 0 register/latch pins with multiple clocks.


8. checking generated_clocks (0)
--------------------------------
 There are 0 generated clocks that are not connected to a clock source.


9. checking loops (0)
---------------------
 There are 0 combinational loops in the design.


10. checking partial_input_delay (0)
------------------------------------
 There are 0 input ports with partial input delay specified.


11. checking partial_output_delay (0)
-------------------------------------
 There are 0 ports with partial output delay specified.


12. checking latch_loops (0)
----------------------------
 There are 0 combinational latch loops in the design through latch input



------------------------------------------------------------------------------------------------
| Design Timing Summary
| ---------------------
------------------------------------------------------------------------------------------------

    WNS(ns)      TNS(ns)  TNS Failing Endpoints  TNS Total Endpoints      WHS(ns)      THS(ns)  THS Failing Endpoints  THS Total Endpoints     WPWS(ns)     TPWS(ns)  TPWS Failing Endpoints  TPWS Total Endpoints  
    -------      -------  ---------------------  -------------------      -------      -------  ---------------------  -------------------     --------     --------  ----------------------  --------------------  
     -1.076     -276.559                    352               275207        0.112        0.000                      0               275207        4.232        0.000                       0                 78002  


Timing constraints are not met.


------------------------------------------------------------------------------------------------
| Clock Summary
| -------------
------------------------------------------------------------------------------------------------

Clock  Waveform(ns)       Period(ns)      Frequency(MHz)
-----  ------------       ----------      --------------
clk    {0.000 5.000}      10.000          100.000         


------------------------------------------------------------------------------------------------
| Intra Clock Table
| -----------------
------------------------------------------------------------------------------------------------

Clock             WNS(ns)      TNS(ns)  TNS Failing Endpoints  TNS Total Endpoints      WHS(ns)      THS(ns)  THS Failing Endpoints  THS Total Endpoints     WPWS(ns)     TPWS(ns)  TPWS Failing Endpoints  TPWS Total Endpoints  
-----             -------      -------  ---------------------  -------------------      -------      -------  ---------------------  -------------------     --------     --------  ----------------------  --------------------  
clk                -1.076     -276.559                    352               275207        0.112        0.000                      0               275207        4.232        0.000                       0                 78002  


------------------------------------------------------------------------------------------------
| Inter Clock Table
| -----------------
------------------------------------------------------------------------------------------------

From Clock    To Clock          WNS(ns)      TNS(ns)  TNS Failing Endpoints  TNS Total Endpoints      WHS(ns)      THS(ns)  THS Failing Endpoints  THS Total Endpoints  
----------    --------          -------      -------  ---------------------  -------------------      -------      -------  ---------------------  -------------------  


------------------------------------------------------------------------------------------------
| Other Path Groups Table
| -----------------------
------------------------------------------------------------------------------------------------

Path Group    From Clock    To Clock          WNS(ns)      TNS(ns)  TNS Failing Endpoints  TNS Total Endpoints      WHS(ns)      THS(ns)  THS Failing Endpoints  THS Total Endpoints  
----------    ----------    --------          -------      -------  ---------------------  -------------------      -------      -------  ---------------------  -------------------  


------------------------------------------------------------------------------------------------
| Timing Details
| --------------
------------------------------------------------------------------------------------------------


---------------------------------------------------------------------------------------------------
From Clock:  clk
  To Clock:  clk

Setup :          352  Failing Endpoints,  Worst Slack       -1.076ns,  Total Violation     -276.559ns
Hold  :            0  Failing Endpoints,  Worst Slack        0.112ns,  Total Violation        0.000ns
PW    :            0  Failing Endpoints,  Worst Slack        4.232ns,  Total Violation        0.000ns
---------------------------------------------------------------------------------------------------


Max Delay Paths
--------------------------------------------------------------------------------------
Slack (VIOLATED) :        -1.076ns  (required time - arrival time)
  Source:                 gen_core[1].u_core/u_ofb_writer/tile_cnt_reg[3]/C
                            (rising edge-triggered cell FDRE clocked by clk  {rise@0.000ns fall@5.000ns period=10.000ns})
  Destination:            gen_core[1].u_core/u_shortcut_bank/mem_reg_0/ADDRBWRADDR[11]
                            (rising edge-triggered cell RAMB36E1 clocked by clk  {rise@0.000ns fall@5.000ns period=10.000ns})
  Path Group:             clk
  Path Type:              Setup (Max at Slow Process Corner)
  Requirement:            10.000ns  (clk rise@10.000ns - clk rise@0.000ns)
  Data Path Delay:        10.598ns  (logic 6.486ns (61.201%)  route 4.112ns (38.799%))
  Logic Levels:           12  (CARRY4=5 DSP48E1=2 LUT2=1 LUT4=1 LUT5=1 LUT6=2)
  Clock Path Skew:        -0.027ns (DCD - SCD + CPR)
    Destination Clock Delay (DCD):    0.510ns = ( 10.510 - 10.000 ) 
    Source Clock Delay      (SCD):    0.537ns
    Clock Pessimism Removal (CPR):    0.000ns
  Clock Uncertainty:      0.035ns  ((TSJ^2 + TIJ^2)^1/2 + DJ) / 2 + PE
    Total System Jitter     (TSJ):    0.071ns
    Total Input Jitter      (TIJ):    0.000ns
    Discrete Jitter          (DJ):    0.000ns
    Phase Error              (PE):    0.000ns

    Location             Delay type                Incr(ns)  Path(ns)    Netlist Resource(s)
  -------------------------------------------------------------------    -------------------
                         (clock clk rise edge)        0.000     0.000 r  
                                                      0.000     0.000 r  clk (IN)
                         net (fo=78201, unset)        0.537     0.537    gen_core[1].u_core/u_ofb_writer/clk
                         FDRE                                         r  gen_core[1].u_core/u_ofb_writer/tile_cnt_reg[3]/C
  -------------------------------------------------------------------    -------------------
                         FDRE (Prop_fdre_C_Q)         0.223     0.760 r  gen_core[1].u_core/u_ofb_writer/tile_cnt_reg[3]/Q
                         net (fo=19, unplaced)        0.586     1.346    gen_core[1].u_core/u_ofb_writer/tile_cnt_reg[7]_0[3]
                         LUT6 (Prop_lut6_I0_O)        0.123     1.469 r  gen_core[1].u_core/u_ofb_writer/sb_x_off_i_57__0/O
                         net (fo=2, unplaced)         0.508     1.977    gen_core[1].u_core/u_ofb_writer/sb_x_off_i_57__0_n_0
                         CARRY4 (Prop_carry4_DI[1]_O[2])
                                                      0.268     2.245 r  gen_core[1].u_core/u_ofb_writer/sb_x_off_i_47__0/O[2]
                         net (fo=2, unplaced)         0.281     2.526    gen_core[1].u_core/u_ofb_writer/sb_x_off_i_47__0_n_5
                         LUT5 (Prop_lut5_I2_O)        0.127     2.653 r  gen_core[1].u_core/u_ofb_writer/sb_x_off_i_48__0/O
                         net (fo=2, unplaced)         0.281     2.934    gen_core[1].u_core/u_ofb_writer/sb_x_off_i_48__0_n_0
                         LUT6 (Prop_lut6_I5_O)        0.043     2.977 r  gen_core[1].u_core/u_ofb_writer/sb_x_off_i_18__0/O
                         net (fo=2, unplaced)         0.508     3.485    gen_core[1].u_core/u_ofb_writer/sb_x_off_i_18__0_n_0
                         CARRY4 (Prop_carry4_DI[1]_CO[3])
                                                      0.250     3.735 r  gen_core[1].u_core/u_ofb_writer/sb_x_off_i_4__0/CO[3]
                         net (fo=1, unplaced)         0.000     3.735    gen_core[1].u_core/u_ofb_writer/sb_x_off_i_4__0_n_0
                         CARRY4 (Prop_carry4_CI_O[0])
                                                      0.117     3.852 r  gen_core[1].u_core/u_ofb_writer/sb_x_off_i_3__0/O[0]
                         net (fo=1, unplaced)         0.466     4.318    gen_core[1].u_core/u_ofb_writer/x_abs0[10]
                         DSP48E1 (Prop_dsp48e1_D[10]_PCOUT[47])
                                                      3.673     7.991 r  gen_core[1].u_core/u_ofb_writer/sb_x_off/PCOUT[47]
                         net (fo=1, unplaced)         0.050     8.041    gen_core[1].u_core/u_ofb_writer/sb_x_off_n_106
                         DSP48E1 (Prop_dsp48e1_PCIN[47]_P[1])
                                                      1.077     9.118 r  gen_core[1].u_core/u_ofb_writer/sb_raddr_full/P[1]
                         net (fo=1, unplaced)         0.466     9.583    gen_core[1].u_core/u_ofb_writer/sb_raddr_full_n_104
                         LUT2 (Prop_lut2_I1_O)        0.043     9.626 r  gen_core[1].u_core/u_ofb_writer/mem_reg_0_i_37__4/O
                         net (fo=1, unplaced)         0.000     9.626    gen_core[1].u_core/u_ofb_writer/mem_reg_0_i_37__4_n_0
                         CARRY4 (Prop_carry4_S[1]_CO[3])
                                                      0.267     9.893 r  gen_core[1].u_core/u_ofb_writer/mem_reg_0_i_19__4/CO[3]
                         net (fo=1, unplaced)         0.007     9.900    gen_core[1].u_core/u_ofb_writer/mem_reg_0_i_19__4_n_0
                         CARRY4 (Prop_carry4_CI_O[3])
                                                      0.155    10.055 r  gen_core[1].u_core/u_ofb_writer/mem_reg_0_i_17__4/O[3]
                         net (fo=1, unplaced)         0.494    10.549    gen_core[1].u_core/u_bias_rf/sb_raddr[7]
                         LUT4 (Prop_lut4_I1_O)        0.120    10.669 r  gen_core[1].u_core/u_bias_rf/mem_reg_0_i_6__4/O
                         net (fo=8, unplaced)         0.466    11.135    gen_core[1].u_core/u_shortcut_bank/ADDRBWRADDR[7]
                         RAMB36E1                                     r  gen_core[1].u_core/u_shortcut_bank/mem_reg_0/ADDRBWRADDR[11]
  -------------------------------------------------------------------    -------------------

                         (clock clk rise edge)       10.000    10.000 r  
                                                      0.000    10.000 r  clk (IN)
                         net (fo=78201, unset)        0.510    10.510    gen_core[1].u_core/u_shortcut_bank/clk
                         RAMB36E1                                     r  gen_core[1].u_core/u_shortcut_bank/mem_reg_0/CLKBWRCLK
                         clock pessimism              0.000    10.510    
                         clock uncertainty           -0.035    10.475    
                         RAMB36E1 (Setup_ramb36e1_CLKBWRCLK_ADDRBWRADDR[11])
                                                     -0.416    10.059    gen_core[1].u_core/u_shortcut_bank/mem_reg_0
  -------------------------------------------------------------------
                         required time                         10.059    
                         arrival time                         -11.135    
  -------------------------------------------------------------------
                         slack                                 -1.076    

Slack (VIOLATED) :        -1.076ns  (required time - arrival time)
  Source:                 gen_core[1].u_core/u_ofb_writer/tile_cnt_reg[3]/C
                            (rising edge-triggered cell FDRE clocked by clk  {rise@0.000ns fall@5.000ns period=10.000ns})
  Destination:            gen_core[1].u_core/u_shortcut_bank/mem_reg_1/ADDRBWRADDR[11]
                            (rising edge-triggered cell RAMB36E1 clocked by clk  {rise@0.000ns fall@5.000ns period=10.000ns})
  Path Group:             clk
  Path Type:              Setup (Max at Slow Process Corner)
  Requirement:            10.000ns  (clk rise@10.000ns - clk rise@0.000ns)
  Data Path Delay:        10.598ns  (logic 6.486ns (61.201%)  route 4.112ns (38.799%))
  Logic Levels:           12  (CARRY4=5 DSP48E1=2 LUT2=1 LUT4=1 LUT5=1 LUT6=2)
  Clock Path Skew:        -0.027ns (DCD - SCD + CPR)
    Destination Clock Delay (DCD):    0.510ns = ( 10.510 - 10.000 ) 
    Source Clock Delay      (SCD):    0.537ns
    Clock Pessimism Removal (CPR):    0.000ns
  Clock Uncertainty:      0.035ns  ((TSJ^2 + TIJ^2)^1/2 + DJ) / 2 + PE
    Total System Jitter     (TSJ):    0.071ns
    Total Input Jitter      (TIJ):    0.000ns
    Discrete Jitter          (DJ):    0.000ns
    Phase Error              (PE):    0.000ns

    Location             Delay type                Incr(ns)  Path(ns)    Netlist Resource(s)
  -------------------------------------------------------------------    -------------------
                         (clock clk rise edge)        0.000     0.000 r  
                                                      0.000     0.000 r  clk (IN)
                         net (fo=78201, unset)        0.537     0.537    gen_core[1].u_core/u_ofb_writer/clk
                         FDRE                                         r  gen_core[1].u_core/u_ofb_writer/tile_cnt_reg[3]/C
  -------------------------------------------------------------------    -------------------
                         FDRE (Prop_fdre_C_Q)         0.223     0.760 r  gen_core[1].u_core/u_ofb_writer/tile_cnt_reg[3]/Q
                         net (fo=19, unplaced)        0.586     1.346    gen_core[1].u_core/u_ofb_writer/tile_cnt_reg[7]_0[3]
                         LUT6 (Prop_lut6_I0_O)        0.123     1.469 r  gen_core[1].u_core/u_ofb_writer/sb_x_off_i_57__0/O
                         net (fo=2, unplaced)         0.508     1.977    gen_core[1].u_core/u_ofb_writer/sb_x_off_i_57__0_n_0
                         CARRY4 (Prop_carry4_DI[1]_O[2])
                                                      0.268     2.245 r  gen_core[1].u_core/u_ofb_writer/sb_x_off_i_47__0/O[2]
                         net (fo=2, unplaced)         0.281     2.526    gen_core[1].u_core/u_ofb_writer/sb_x_off_i_47__0_n_5
                         LUT5 (Prop_lut5_I2_O)        0.127     2.653 r  gen_core[1].u_core/u_ofb_writer/sb_x_off_i_48__0/O
                         net (fo=2, unplaced)         0.281     2.934    gen_core[1].u_core/u_ofb_writer/sb_x_off_i_48__0_n_0
                         LUT6 (Prop_lut6_I5_O)        0.043     2.977 r  gen_core[1].u_core/u_ofb_writer/sb_x_off_i_18__0/O
                         net (fo=2, unplaced)         0.508     3.485    gen_core[1].u_core/u_ofb_writer/sb_x_off_i_18__0_n_0
                         CARRY4 (Prop_carry4_DI[1]_CO[3])
                                                      0.250     3.735 r  gen_core[1].u_core/u_ofb_writer/sb_x_off_i_4__0/CO[3]
                         net (fo=1, unplaced)         0.000     3.735    gen_core[1].u_core/u_ofb_writer/sb_x_off_i_4__0_n_0
                         CARRY4 (Prop_carry4_CI_O[0])
                                                      0.117     3.852 r  gen_core[1].u_core/u_ofb_writer/sb_x_off_i_3__0/O[0]
                         net (fo=1, unplaced)         0.466     4.318    gen_core[1].u_core/u_ofb_writer/x_abs0[10]
                         DSP48E1 (Prop_dsp48e1_D[10]_PCOUT[47])
                                                      3.673     7.991 r  gen_core[1].u_core/u_ofb_writer/sb_x_off/PCOUT[47]
                         net (fo=1, unplaced)         0.050     8.041    gen_core[1].u_core/u_ofb_writer/sb_x_off_n_106
                         DSP48E1 (Prop_dsp48e1_PCIN[47]_P[1])
                                                      1.077     9.118 r  gen_core[1].u_core/u_ofb_writer/sb_raddr_full/P[1]
                         net (fo=1, unplaced)         0.466     9.583    gen_core[1].u_core/u_ofb_writer/sb_raddr_full_n_104
                         LUT2 (Prop_lut2_I1_O)        0.043     9.626 r  gen_core[1].u_core/u_ofb_writer/mem_reg_0_i_37__4/O
                         net (fo=1, unplaced)         0.000     9.626    gen_core[1].u_core/u_ofb_writer/mem_reg_0_i_37__4_n_0
                         CARRY4 (Prop_carry4_S[1]_CO[3])
                                                      0.267     9.893 r  gen_core[1].u_core/u_ofb_writer/mem_reg_0_i_19__4/CO[3]
                         net (fo=1, unplaced)         0.007     9.900    gen_core[1].u_core/u_ofb_writer/mem_reg_0_i_19__4_n_0
                         CARRY4 (Prop_carry4_CI_O[3])
                                                      0.155    10.055 r  gen_core[1].u_core/u_ofb_writer/mem_reg_0_i_17__4/O[3]
                         net (fo=1, unplaced)         0.494    10.549    gen_core[1].u_core/u_bias_rf/sb_raddr[7]
                         LUT4 (Prop_lut4_I1_O)        0.120    10.669 r  gen_core[1].u_core/u_bias_rf/mem_reg_0_i_6__4/O
                         net (fo=8, unplaced)         0.466    11.135    gen_core[1].u_core/u_shortcut_bank/ADDRBWRADDR[7]
                         RAMB36E1                                     r  gen_core[1].u_core/u_shortcut_bank/mem_reg_1/ADDRBWRADDR[11]
  -------------------------------------------------------------------    -------------------

                         (clock clk rise edge)       10.000    10.000 r  
                                                      0.000    10.000 r  clk (IN)
                         net (fo=78201, unset)        0.510    10.510    gen_core[1].u_core/u_shortcut_bank/clk
                         RAMB36E1                                     r  gen_core[1].u_core/u_shortcut_bank/mem_reg_1/CLKBWRCLK
                         clock pessimism              0.000    10.510    
                         clock uncertainty           -0.035    10.475    
                         RAMB36E1 (Setup_ramb36e1_CLKBWRCLK_ADDRBWRADDR[11])
                                                     -0.416    10.059    gen_core[1].u_core/u_shortcut_bank/mem_reg_1
  -------------------------------------------------------------------
                         required time                         10.059    
                         arrival time                         -11.135    
  -------------------------------------------------------------------
                         slack                                 -1.076    

Slack (VIOLATED) :        -1.076ns  (required time - arrival time)
  Source:                 gen_core[1].u_core/u_ofb_writer/tile_cnt_reg[3]/C
                            (rising edge-triggered cell FDRE clocked by clk  {rise@0.000ns fall@5.000ns period=10.000ns})
  Destination:            gen_core[1].u_core/u_shortcut_bank/mem_reg_2/ADDRBWRADDR[11]
                            (rising edge-triggered cell RAMB36E1 clocked by clk  {rise@0.000ns fall@5.000ns period=10.000ns})
  Path Group:             clk
  Path Type:              Setup (Max at Slow Process Corner)
  Requirement:            10.000ns  (clk rise@10.000ns - clk rise@0.000ns)
  Data Path Delay:        10.598ns  (logic 6.486ns (61.201%)  route 4.112ns (38.799%))
  Logic Levels:           12  (CARRY4=5 DSP48E1=2 LUT2=1 LUT4=1 LUT5=1 LUT6=2)
  Clock Path Skew:        -0.027ns (DCD - SCD + CPR)
    Destination Clock Delay (DCD):    0.510ns = ( 10.510 - 10.000 ) 
    Source Clock Delay      (SCD):    0.537ns
    Clock Pessimism Removal (CPR):    0.000ns
  Clock Uncertainty:      0.035ns  ((TSJ^2 + TIJ^2)^1/2 + DJ) / 2 + PE
    Total System Jitter     (TSJ):    0.071ns
    Total Input Jitter      (TIJ):    0.000ns
    Discrete Jitter          (DJ):    0.000ns
    Phase Error              (PE):    0.000ns

    Location             Delay type                Incr(ns)  Path(ns)    Netlist Resource(s)
  -------------------------------------------------------------------    -------------------
                         (clock clk rise edge)        0.000     0.000 r  
                                                      0.000     0.000 r  clk (IN)
                         net (fo=78201, unset)        0.537     0.537    gen_core[1].u_core/u_ofb_writer/clk
                         FDRE                                         r  gen_core[1].u_core/u_ofb_writer/tile_cnt_reg[3]/C
  -------------------------------------------------------------------    -------------------
                         FDRE (Prop_fdre_C_Q)         0.223     0.760 r  gen_core[1].u_core/u_ofb_writer/tile_cnt_reg[3]/Q
                         net (fo=19, unplaced)        0.586     1.346    gen_core[1].u_core/u_ofb_writer/tile_cnt_reg[7]_0[3]
                         LUT6 (Prop_lut6_I0_O)        0.123     1.469 r  gen_core[1].u_core/u_ofb_writer/sb_x_off_i_57__0/O
                         net (fo=2, unplaced)         0.508     1.977    gen_core[1].u_core/u_ofb_writer/sb_x_off_i_57__0_n_0
                         CARRY4 (Prop_carry4_DI[1]_O[2])
                                                      0.268     2.245 r  gen_core[1].u_core/u_ofb_writer/sb_x_off_i_47__0/O[2]
                         net (fo=2, unplaced)         0.281     2.526    gen_core[1].u_core/u_ofb_writer/sb_x_off_i_47__0_n_5
                         LUT5 (Prop_lut5_I2_O)        0.127     2.653 r  gen_core[1].u_core/u_ofb_writer/sb_x_off_i_48__0/O
                         net (fo=2, unplaced)         0.281     2.934    gen_core[1].u_core/u_ofb_writer/sb_x_off_i_48__0_n_0
                         LUT6 (Prop_lut6_I5_O)        0.043     2.977 r  gen_core[1].u_core/u_ofb_writer/sb_x_off_i_18__0/O
                         net (fo=2, unplaced)         0.508     3.485    gen_core[1].u_core/u_ofb_writer/sb_x_off_i_18__0_n_0
                         CARRY4 (Prop_carry4_DI[1]_CO[3])
                                                      0.250     3.735 r  gen_core[1].u_core/u_ofb_writer/sb_x_off_i_4__0/CO[3]
                         net (fo=1, unplaced)         0.000     3.735    gen_core[1].u_core/u_ofb_writer/sb_x_off_i_4__0_n_0
                         CARRY4 (Prop_carry4_CI_O[0])
                                                      0.117     3.852 r  gen_core[1].u_core/u_ofb_writer/sb_x_off_i_3__0/O[0]
                         net (fo=1, unplaced)         0.466     4.318    gen_core[1].u_core/u_ofb_writer/x_abs0[10]
                         DSP48E1 (Prop_dsp48e1_D[10]_PCOUT[47])
                                                      3.673     7.991 r  gen_core[1].u_core/u_ofb_writer/sb_x_off/PCOUT[47]
                         net (fo=1, unplaced)         0.050     8.041    gen_core[1].u_core/u_ofb_writer/sb_x_off_n_106
                         DSP48E1 (Prop_dsp48e1_PCIN[47]_P[1])
                                                      1.077     9.118 r  gen_core[1].u_core/u_ofb_writer/sb_raddr_full/P[1]
                         net (fo=1, unplaced)         0.466     9.583    gen_core[1].u_core/u_ofb_writer/sb_raddr_full_n_104
                         LUT2 (Prop_lut2_I1_O)        0.043     9.626 r  gen_core[1].u_core/u_ofb_writer/mem_reg_0_i_37__4/O
                         net (fo=1, unplaced)         0.000     9.626    gen_core[1].u_core/u_ofb_writer/mem_reg_0_i_37__4_n_0
                         CARRY4 (Prop_carry4_S[1]_CO[3])
                                                      0.267     9.893 r  gen_core[1].u_core/u_ofb_writer/mem_reg_0_i_19__4/CO[3]
                         net (fo=1, unplaced)         0.007     9.900    gen_core[1].u_core/u_ofb_writer/mem_reg_0_i_19__4_n_0
                         CARRY4 (Prop_carry4_CI_O[3])
                                                      0.155    10.055 r  gen_core[1].u_core/u_ofb_writer/mem_reg_0_i_17__4/O[3]
                         net (fo=1, unplaced)         0.494    10.549    gen_core[1].u_core/u_bias_rf/sb_raddr[7]
                         LUT4 (Prop_lut4_I1_O)        0.120    10.669 r  gen_core[1].u_core/u_bias_rf/mem_reg_0_i_6__4/O
                         net (fo=8, unplaced)         0.466    11.135    gen_core[1].u_core/u_shortcut_bank/ADDRBWRADDR[7]
                         RAMB36E1                                     r  gen_core[1].u_core/u_shortcut_bank/mem_reg_2/ADDRBWRADDR[11]
  -------------------------------------------------------------------    -------------------

                         (clock clk rise edge)       10.000    10.000 r  
                                                      0.000    10.000 r  clk (IN)
                         net (fo=78201, unset)        0.510    10.510    gen_core[1].u_core/u_shortcut_bank/clk
                         RAMB36E1                                     r  gen_core[1].u_core/u_shortcut_bank/mem_reg_2/CLKBWRCLK
                         clock pessimism              0.000    10.510    
                         clock uncertainty           -0.035    10.475    
                         RAMB36E1 (Setup_ramb36e1_CLKBWRCLK_ADDRBWRADDR[11])
                                                     -0.416    10.059    gen_core[1].u_core/u_shortcut_bank/mem_reg_2
  -------------------------------------------------------------------
                         required time                         10.059    
                         arrival time                         -11.135    
  -------------------------------------------------------------------
                         slack                                 -1.076    

Slack (VIOLATED) :        -1.076ns  (required time - arrival time)
  Source:                 gen_core[1].u_core/u_ofb_writer/tile_cnt_reg[3]/C
                            (rising edge-triggered cell FDRE clocked by clk  {rise@0.000ns fall@5.000ns period=10.000ns})
  Destination:            gen_core[1].u_core/u_shortcut_bank/mem_reg_3/ADDRBWRADDR[11]
                            (rising edge-triggered cell RAMB36E1 clocked by clk  {rise@0.000ns fall@5.000ns period=10.000ns})
  Path Group:             clk
  Path Type:              Setup (Max at Slow Process Corner)
  Requirement:            10.000ns  (clk rise@10.000ns - clk rise@0.000ns)
  Data Path Delay:        10.598ns  (logic 6.486ns (61.201%)  route 4.112ns (38.799%))
  Logic Levels:           12  (CARRY4=5 DSP48E1=2 LUT2=1 LUT4=1 LUT5=1 LUT6=2)
  Clock Path Skew:        -0.027ns (DCD - SCD + CPR)
    Destination Clock Delay (DCD):    0.510ns = ( 10.510 - 10.000 ) 
    Source Clock Delay      (SCD):    0.537ns
    Clock Pessimism Removal (CPR):    0.000ns
  Clock Uncertainty:      0.035ns  ((TSJ^2 + TIJ^2)^1/2 + DJ) / 2 + PE
    Total System Jitter     (TSJ):    0.071ns
    Total Input Jitter      (TIJ):    0.000ns
    Discrete Jitter          (DJ):    0.000ns
    Phase Error              (PE):    0.000ns

    Location             Delay type                Incr(ns)  Path(ns)    Netlist Resource(s)
  -------------------------------------------------------------------    -------------------
                         (clock clk rise edge)        0.000     0.000 r  
                                                      0.000     0.000 r  clk (IN)
                         net (fo=78201, unset)        0.537     0.537    gen_core[1].u_core/u_ofb_writer/clk
                         FDRE                                         r  gen_core[1].u_core/u_ofb_writer/tile_cnt_reg[3]/C
  -------------------------------------------------------------------    -------------------
                         FDRE (Prop_fdre_C_Q)         0.223     0.760 r  gen_core[1].u_core/u_ofb_writer/tile_cnt_reg[3]/Q
                         net (fo=19, unplaced)        0.586     1.346    gen_core[1].u_core/u_ofb_writer/tile_cnt_reg[7]_0[3]
                         LUT6 (Prop_lut6_I0_O)        0.123     1.469 r  gen_core[1].u_core/u_ofb_writer/sb_x_off_i_57__0/O
                         net (fo=2, unplaced)         0.508     1.977    gen_core[1].u_core/u_ofb_writer/sb_x_off_i_57__0_n_0
                         CARRY4 (Prop_carry4_DI[1]_O[2])
                                                      0.268     2.245 r  gen_core[1].u_core/u_ofb_writer/sb_x_off_i_47__0/O[2]
                         net (fo=2, unplaced)         0.281     2.526    gen_core[1].u_core/u_ofb_writer/sb_x_off_i_47__0_n_5
                         LUT5 (Prop_lut5_I2_O)        0.127     2.653 r  gen_core[1].u_core/u_ofb_writer/sb_x_off_i_48__0/O
                         net (fo=2, unplaced)         0.281     2.934    gen_core[1].u_core/u_ofb_writer/sb_x_off_i_48__0_n_0
                         LUT6 (Prop_lut6_I5_O)        0.043     2.977 r  gen_core[1].u_core/u_ofb_writer/sb_x_off_i_18__0/O
                         net (fo=2, unplaced)         0.508     3.485    gen_core[1].u_core/u_ofb_writer/sb_x_off_i_18__0_n_0
                         CARRY4 (Prop_carry4_DI[1]_CO[3])
                                                      0.250     3.735 r  gen_core[1].u_core/u_ofb_writer/sb_x_off_i_4__0/CO[3]
                         net (fo=1, unplaced)         0.000     3.735    gen_core[1].u_core/u_ofb_writer/sb_x_off_i_4__0_n_0
                         CARRY4 (Prop_carry4_CI_O[0])
                                                      0.117     3.852 r  gen_core[1].u_core/u_ofb_writer/sb_x_off_i_3__0/O[0]
                         net (fo=1, unplaced)         0.466     4.318    gen_core[1].u_core/u_ofb_writer/x_abs0[10]
                         DSP48E1 (Prop_dsp48e1_D[10]_PCOUT[47])
                                                      3.673     7.991 r  gen_core[1].u_core/u_ofb_writer/sb_x_off/PCOUT[47]
                         net (fo=1, unplaced)         0.050     8.041    gen_core[1].u_core/u_ofb_writer/sb_x_off_n_106
                         DSP48E1 (Prop_dsp48e1_PCIN[47]_P[1])
                                                      1.077     9.118 r  gen_core[1].u_core/u_ofb_writer/sb_raddr_full/P[1]
                         net (fo=1, unplaced)         0.466     9.583    gen_core[1].u_core/u_ofb_writer/sb_raddr_full_n_104
                         LUT2 (Prop_lut2_I1_O)        0.043     9.626 r  gen_core[1].u_core/u_ofb_writer/mem_reg_0_i_37__4/O
                         net (fo=1, unplaced)         0.000     9.626    gen_core[1].u_core/u_ofb_writer/mem_reg_0_i_37__4_n_0
                         CARRY4 (Prop_carry4_S[1]_CO[3])
                                                      0.267     9.893 r  gen_core[1].u_core/u_ofb_writer/mem_reg_0_i_19__4/CO[3]
                         net (fo=1, unplaced)         0.007     9.900    gen_core[1].u_core/u_ofb_writer/mem_reg_0_i_19__4_n_0
                         CARRY4 (Prop_carry4_CI_O[3])
                                                      0.155    10.055 r  gen_core[1].u_core/u_ofb_writer/mem_reg_0_i_17__4/O[3]
                         net (fo=1, unplaced)         0.494    10.549    gen_core[1].u_core/u_bias_rf/sb_raddr[7]
                         LUT4 (Prop_lut4_I1_O)        0.120    10.669 r  gen_core[1].u_core/u_bias_rf/mem_reg_0_i_6__4/O
                         net (fo=8, unplaced)         0.466    11.135    gen_core[1].u_core/u_shortcut_bank/ADDRBWRADDR[7]
                         RAMB36E1                                     r  gen_core[1].u_core/u_shortcut_bank/mem_reg_3/ADDRBWRADDR[11]
  -------------------------------------------------------------------    -------------------

                         (clock clk rise edge)       10.000    10.000 r  
                                                      0.000    10.000 r  clk (IN)
                         net (fo=78201, unset)        0.510    10.510    gen_core[1].u_core/u_shortcut_bank/clk
                         RAMB36E1                                     r  gen_core[1].u_core/u_shortcut_bank/mem_reg_3/CLKBWRCLK
                         clock pessimism              0.000    10.510    
                         clock uncertainty           -0.035    10.475    
                         RAMB36E1 (Setup_ramb36e1_CLKBWRCLK_ADDRBWRADDR[11])
                                                     -0.416    10.059    gen_core[1].u_core/u_shortcut_bank/mem_reg_3
  -------------------------------------------------------------------
                         required time                         10.059    
                         arrival time                         -11.135    
  -------------------------------------------------------------------
                         slack                                 -1.076    

Slack (VIOLATED) :        -1.076ns  (required time - arrival time)
  Source:                 gen_core[1].u_core/u_ofb_writer/tile_cnt_reg[3]/C
                            (rising edge-triggered cell FDRE clocked by clk  {rise@0.000ns fall@5.000ns period=10.000ns})
  Destination:            gen_core[1].u_core/u_shortcut_bank/mem_reg_4/ADDRBWRADDR[11]
                            (rising edge-triggered cell RAMB36E1 clocked by clk  {rise@0.000ns fall@5.000ns period=10.000ns})
  Path Group:             clk
  Path Type:              Setup (Max at Slow Process Corner)
  Requirement:            10.000ns  (clk rise@10.000ns - clk rise@0.000ns)
  Data Path Delay:        10.598ns  (logic 6.486ns (61.201%)  route 4.112ns (38.799%))
  Logic Levels:           12  (CARRY4=5 DSP48E1=2 LUT2=1 LUT4=1 LUT5=1 LUT6=2)
  Clock Path Skew:        -0.027ns (DCD - SCD + CPR)
    Destination Clock Delay (DCD):    0.510ns = ( 10.510 - 10.000 ) 
    Source Clock Delay      (SCD):    0.537ns
    Clock Pessimism Removal (CPR):    0.000ns
  Clock Uncertainty:      0.035ns  ((TSJ^2 + TIJ^2)^1/2 + DJ) / 2 + PE
    Total System Jitter     (TSJ):    0.071ns
    Total Input Jitter      (TIJ):    0.000ns
    Discrete Jitter          (DJ):    0.000ns
    Phase Error              (PE):    0.000ns

    Location             Delay type                Incr(ns)  Path(ns)    Netlist Resource(s)
  -------------------------------------------------------------------    -------------------
                         (clock clk rise edge)        0.000     0.000 r  
                                                      0.000     0.000 r  clk (IN)
                         net (fo=78201, unset)        0.537     0.537    gen_core[1].u_core/u_ofb_writer/clk
                         FDRE                                         r  gen_core[1].u_core/u_ofb_writer/tile_cnt_reg[3]/C
  -------------------------------------------------------------------    -------------------
                         FDRE (Prop_fdre_C_Q)         0.223     0.760 r  gen_core[1].u_core/u_ofb_writer/tile_cnt_reg[3]/Q
                         net (fo=19, unplaced)        0.586     1.346    gen_core[1].u_core/u_ofb_writer/tile_cnt_reg[7]_0[3]
                         LUT6 (Prop_lut6_I0_O)        0.123     1.469 r  gen_core[1].u_core/u_ofb_writer/sb_x_off_i_57__0/O
                         net (fo=2, unplaced)         0.508     1.977    gen_core[1].u_core/u_ofb_writer/sb_x_off_i_57__0_n_0
                         CARRY4 (Prop_carry4_DI[1]_O[2])
                                                      0.268     2.245 r  gen_core[1].u_core/u_ofb_writer/sb_x_off_i_47__0/O[2]
                         net (fo=2, unplaced)         0.281     2.526    gen_core[1].u_core/u_ofb_writer/sb_x_off_i_47__0_n_5
                         LUT5 (Prop_lut5_I2_O)        0.127     2.653 r  gen_core[1].u_core/u_ofb_writer/sb_x_off_i_48__0/O
                         net (fo=2, unplaced)         0.281     2.934    gen_core[1].u_core/u_ofb_writer/sb_x_off_i_48__0_n_0
                         LUT6 (Prop_lut6_I5_O)        0.043     2.977 r  gen_core[1].u_core/u_ofb_writer/sb_x_off_i_18__0/O
                         net (fo=2, unplaced)         0.508     3.485    gen_core[1].u_core/u_ofb_writer/sb_x_off_i_18__0_n_0
                         CARRY4 (Prop_carry4_DI[1]_CO[3])
                                                      0.250     3.735 r  gen_core[1].u_core/u_ofb_writer/sb_x_off_i_4__0/CO[3]
                         net (fo=1, unplaced)         0.000     3.735    gen_core[1].u_core/u_ofb_writer/sb_x_off_i_4__0_n_0
                         CARRY4 (Prop_carry4_CI_O[0])
                                                      0.117     3.852 r  gen_core[1].u_core/u_ofb_writer/sb_x_off_i_3__0/O[0]
                         net (fo=1, unplaced)         0.466     4.318    gen_core[1].u_core/u_ofb_writer/x_abs0[10]
                         DSP48E1 (Prop_dsp48e1_D[10]_PCOUT[47])
                                                      3.673     7.991 r  gen_core[1].u_core/u_ofb_writer/sb_x_off/PCOUT[47]
                         net (fo=1, unplaced)         0.050     8.041    gen_core[1].u_core/u_ofb_writer/sb_x_off_n_106
                         DSP48E1 (Prop_dsp48e1_PCIN[47]_P[1])
                                                      1.077     9.118 r  gen_core[1].u_core/u_ofb_writer/sb_raddr_full/P[1]
                         net (fo=1, unplaced)         0.466     9.583    gen_core[1].u_core/u_ofb_writer/sb_raddr_full_n_104
                         LUT2 (Prop_lut2_I1_O)        0.043     9.626 r  gen_core[1].u_core/u_ofb_writer/mem_reg_0_i_37__4/O
                         net (fo=1, unplaced)         0.000     9.626    gen_core[1].u_core/u_ofb_writer/mem_reg_0_i_37__4_n_0
                         CARRY4 (Prop_carry4_S[1]_CO[3])
                                                      0.267     9.893 r  gen_core[1].u_core/u_ofb_writer/mem_reg_0_i_19__4/CO[3]
                         net (fo=1, unplaced)         0.007     9.900    gen_core[1].u_core/u_ofb_writer/mem_reg_0_i_19__4_n_0
                         CARRY4 (Prop_carry4_CI_O[3])
                                                      0.155    10.055 r  gen_core[1].u_core/u_ofb_writer/mem_reg_0_i_17__4/O[3]
                         net (fo=1, unplaced)         0.494    10.549    gen_core[1].u_core/u_bias_rf/sb_raddr[7]
                         LUT4 (Prop_lut4_I1_O)        0.120    10.669 r  gen_core[1].u_core/u_bias_rf/mem_reg_0_i_6__4/O
                         net (fo=8, unplaced)         0.466    11.135    gen_core[1].u_core/u_shortcut_bank/ADDRBWRADDR[7]
                         RAMB36E1                                     r  gen_core[1].u_core/u_shortcut_bank/mem_reg_4/ADDRBWRADDR[11]
  -------------------------------------------------------------------    -------------------

                         (clock clk rise edge)       10.000    10.000 r  
                                                      0.000    10.000 r  clk (IN)
                         net (fo=78201, unset)        0.510    10.510    gen_core[1].u_core/u_shortcut_bank/clk
                         RAMB36E1                                     r  gen_core[1].u_core/u_shortcut_bank/mem_reg_4/CLKBWRCLK
                         clock pessimism              0.000    10.510    
                         clock uncertainty           -0.035    10.475    
                         RAMB36E1 (Setup_ramb36e1_CLKBWRCLK_ADDRBWRADDR[11])
                                                     -0.416    10.059    gen_core[1].u_core/u_shortcut_bank/mem_reg_4
  -------------------------------------------------------------------
                         required time                         10.059    
                         arrival time                         -11.135    
  -------------------------------------------------------------------
                         slack                                 -1.076    

Slack (VIOLATED) :        -1.076ns  (required time - arrival time)
  Source:                 gen_core[1].u_core/u_ofb_writer/tile_cnt_reg[3]/C
                            (rising edge-triggered cell FDRE clocked by clk  {rise@0.000ns fall@5.000ns period=10.000ns})
  Destination:            gen_core[1].u_core/u_shortcut_bank/mem_reg_5/ADDRBWRADDR[11]
                            (rising edge-triggered cell RAMB36E1 clocked by clk  {rise@0.000ns fall@5.000ns period=10.000ns})
  Path Group:             clk
  Path Type:              Setup (Max at Slow Process Corner)
  Requirement:            10.000ns  (clk rise@10.000ns - clk rise@0.000ns)
  Data Path Delay:        10.598ns  (logic 6.486ns (61.201%)  route 4.112ns (38.799%))
  Logic Levels:           12  (CARRY4=5 DSP48E1=2 LUT2=1 LUT4=1 LUT5=1 LUT6=2)
  Clock Path Skew:        -0.027ns (DCD - SCD + CPR)
    Destination Clock Delay (DCD):    0.510ns = ( 10.510 - 10.000 ) 
    Source Clock Delay      (SCD):    0.537ns
    Clock Pessimism Removal (CPR):    0.000ns
  Clock Uncertainty:      0.035ns  ((TSJ^2 + TIJ^2)^1/2 + DJ) / 2 + PE
    Total System Jitter     (TSJ):    0.071ns
    Total Input Jitter      (TIJ):    0.000ns
    Discrete Jitter          (DJ):    0.000ns
    Phase Error              (PE):    0.000ns

    Location             Delay type                Incr(ns)  Path(ns)    Netlist Resource(s)
  -------------------------------------------------------------------    -------------------
                         (clock clk rise edge)        0.000     0.000 r  
                                                      0.000     0.000 r  clk (IN)
                         net (fo=78201, unset)        0.537     0.537    gen_core[1].u_core/u_ofb_writer/clk
                         FDRE                                         r  gen_core[1].u_core/u_ofb_writer/tile_cnt_reg[3]/C
  -------------------------------------------------------------------    -------------------
                         FDRE (Prop_fdre_C_Q)         0.223     0.760 r  gen_core[1].u_core/u_ofb_writer/tile_cnt_reg[3]/Q
                         net (fo=19, unplaced)        0.586     1.346    gen_core[1].u_core/u_ofb_writer/tile_cnt_reg[7]_0[3]
                         LUT6 (Prop_lut6_I0_O)        0.123     1.469 r  gen_core[1].u_core/u_ofb_writer/sb_x_off_i_57__0/O
                         net (fo=2, unplaced)         0.508     1.977    gen_core[1].u_core/u_ofb_writer/sb_x_off_i_57__0_n_0
                         CARRY4 (Prop_carry4_DI[1]_O[2])
                                                      0.268     2.245 r  gen_core[1].u_core/u_ofb_writer/sb_x_off_i_47__0/O[2]
                         net (fo=2, unplaced)         0.281     2.526    gen_core[1].u_core/u_ofb_writer/sb_x_off_i_47__0_n_5
                         LUT5 (Prop_lut5_I2_O)        0.127     2.653 r  gen_core[1].u_core/u_ofb_writer/sb_x_off_i_48__0/O
                         net (fo=2, unplaced)         0.281     2.934    gen_core[1].u_core/u_ofb_writer/sb_x_off_i_48__0_n_0
                         LUT6 (Prop_lut6_I5_O)        0.043     2.977 r  gen_core[1].u_core/u_ofb_writer/sb_x_off_i_18__0/O
                         net (fo=2, unplaced)         0.508     3.485    gen_core[1].u_core/u_ofb_writer/sb_x_off_i_18__0_n_0
                         CARRY4 (Prop_carry4_DI[1]_CO[3])
                                                      0.250     3.735 r  gen_core[1].u_core/u_ofb_writer/sb_x_off_i_4__0/CO[3]
                         net (fo=1, unplaced)         0.000     3.735    gen_core[1].u_core/u_ofb_writer/sb_x_off_i_4__0_n_0
                         CARRY4 (Prop_carry4_CI_O[0])
                                                      0.117     3.852 r  gen_core[1].u_core/u_ofb_writer/sb_x_off_i_3__0/O[0]
                         net (fo=1, unplaced)         0.466     4.318    gen_core[1].u_core/u_ofb_writer/x_abs0[10]
                         DSP48E1 (Prop_dsp48e1_D[10]_PCOUT[47])
                                                      3.673     7.991 r  gen_core[1].u_core/u_ofb_writer/sb_x_off/PCOUT[47]
                         net (fo=1, unplaced)         0.050     8.041    gen_core[1].u_core/u_ofb_writer/sb_x_off_n_106
                         DSP48E1 (Prop_dsp48e1_PCIN[47]_P[1])
                                                      1.077     9.118 r  gen_core[1].u_core/u_ofb_writer/sb_raddr_full/P[1]
                         net (fo=1, unplaced)         0.466     9.583    gen_core[1].u_core/u_ofb_writer/sb_raddr_full_n_104
                         LUT2 (Prop_lut2_I1_O)        0.043     9.626 r  gen_core[1].u_core/u_ofb_writer/mem_reg_0_i_37__4/O
                         net (fo=1, unplaced)         0.000     9.626    gen_core[1].u_core/u_ofb_writer/mem_reg_0_i_37__4_n_0
                         CARRY4 (Prop_carry4_S[1]_CO[3])
                                                      0.267     9.893 r  gen_core[1].u_core/u_ofb_writer/mem_reg_0_i_19__4/CO[3]
                         net (fo=1, unplaced)         0.007     9.900    gen_core[1].u_core/u_ofb_writer/mem_reg_0_i_19__4_n_0
                         CARRY4 (Prop_carry4_CI_O[3])
                                                      0.155    10.055 r  gen_core[1].u_core/u_ofb_writer/mem_reg_0_i_17__4/O[3]
                         net (fo=1, unplaced)         0.494    10.549    gen_core[1].u_core/u_bias_rf/sb_raddr[7]
                         LUT4 (Prop_lut4_I1_O)        0.120    10.669 r  gen_core[1].u_core/u_bias_rf/mem_reg_0_i_6__4/O
                         net (fo=8, unplaced)         0.466    11.135    gen_core[1].u_core/u_shortcut_bank/ADDRBWRADDR[7]
                         RAMB36E1                                     r  gen_core[1].u_core/u_shortcut_bank/mem_reg_5/ADDRBWRADDR[11]
  -------------------------------------------------------------------    -------------------

                         (clock clk rise edge)       10.000    10.000 r  
                                                      0.000    10.000 r  clk (IN)
                         net (fo=78201, unset)        0.510    10.510    gen_core[1].u_core/u_shortcut_bank/clk
                         RAMB36E1                                     r  gen_core[1].u_core/u_shortcut_bank/mem_reg_5/CLKBWRCLK
                         clock pessimism              0.000    10.510    
                         clock uncertainty           -0.035    10.475    
                         RAMB36E1 (Setup_ramb36e1_CLKBWRCLK_ADDRBWRADDR[11])
                                                     -0.416    10.059    gen_core[1].u_core/u_shortcut_bank/mem_reg_5
  -------------------------------------------------------------------
                         required time                         10.059    
                         arrival time                         -11.135    
  -------------------------------------------------------------------
                         slack                                 -1.076    

Slack (VIOLATED) :        -1.076ns  (required time - arrival time)
  Source:                 gen_core[1].u_core/u_ofb_writer/tile_cnt_reg[3]/C
                            (rising edge-triggered cell FDRE clocked by clk  {rise@0.000ns fall@5.000ns period=10.000ns})
  Destination:            gen_core[1].u_core/u_shortcut_bank/mem_reg_6/ADDRBWRADDR[11]
                            (rising edge-triggered cell RAMB36E1 clocked by clk  {rise@0.000ns fall@5.000ns period=10.000ns})
  Path Group:             clk
  Path Type:              Setup (Max at Slow Process Corner)
  Requirement:            10.000ns  (clk rise@10.000ns - clk rise@0.000ns)
  Data Path Delay:        10.598ns  (logic 6.486ns (61.201%)  route 4.112ns (38.799%))
  Logic Levels:           12  (CARRY4=5 DSP48E1=2 LUT2=1 LUT4=1 LUT5=1 LUT6=2)
  Clock Path Skew:        -0.027ns (DCD - SCD + CPR)
    Destination Clock Delay (DCD):    0.510ns = ( 10.510 - 10.000 ) 
    Source Clock Delay      (SCD):    0.537ns
    Clock Pessimism Removal (CPR):    0.000ns
  Clock Uncertainty:      0.035ns  ((TSJ^2 + TIJ^2)^1/2 + DJ) / 2 + PE
    Total System Jitter     (TSJ):    0.071ns
    Total Input Jitter      (TIJ):    0.000ns
    Discrete Jitter          (DJ):    0.000ns
    Phase Error              (PE):    0.000ns

    Location             Delay type                Incr(ns)  Path(ns)    Netlist Resource(s)
  -------------------------------------------------------------------    -------------------
                         (clock clk rise edge)        0.000     0.000 r  
                                                      0.000     0.000 r  clk (IN)
                         net (fo=78201, unset)        0.537     0.537    gen_core[1].u_core/u_ofb_writer/clk
                         FDRE                                         r  gen_core[1].u_core/u_ofb_writer/tile_cnt_reg[3]/C
  -------------------------------------------------------------------    -------------------
                         FDRE (Prop_fdre_C_Q)         0.223     0.760 r  gen_core[1].u_core/u_ofb_writer/tile_cnt_reg[3]/Q
                         net (fo=19, unplaced)        0.586     1.346    gen_core[1].u_core/u_ofb_writer/tile_cnt_reg[7]_0[3]
                         LUT6 (Prop_lut6_I0_O)        0.123     1.469 r  gen_core[1].u_core/u_ofb_writer/sb_x_off_i_57__0/O
                         net (fo=2, unplaced)         0.508     1.977    gen_core[1].u_core/u_ofb_writer/sb_x_off_i_57__0_n_0
                         CARRY4 (Prop_carry4_DI[1]_O[2])
                                                      0.268     2.245 r  gen_core[1].u_core/u_ofb_writer/sb_x_off_i_47__0/O[2]
                         net (fo=2, unplaced)         0.281     2.526    gen_core[1].u_core/u_ofb_writer/sb_x_off_i_47__0_n_5
                         LUT5 (Prop_lut5_I2_O)        0.127     2.653 r  gen_core[1].u_core/u_ofb_writer/sb_x_off_i_48__0/O
                         net (fo=2, unplaced)         0.281     2.934    gen_core[1].u_core/u_ofb_writer/sb_x_off_i_48__0_n_0
                         LUT6 (Prop_lut6_I5_O)        0.043     2.977 r  gen_core[1].u_core/u_ofb_writer/sb_x_off_i_18__0/O
                         net (fo=2, unplaced)         0.508     3.485    gen_core[1].u_core/u_ofb_writer/sb_x_off_i_18__0_n_0
                         CARRY4 (Prop_carry4_DI[1]_CO[3])
                                                      0.250     3.735 r  gen_core[1].u_core/u_ofb_writer/sb_x_off_i_4__0/CO[3]
                         net (fo=1, unplaced)         0.000     3.735    gen_core[1].u_core/u_ofb_writer/sb_x_off_i_4__0_n_0
                         CARRY4 (Prop_carry4_CI_O[0])
                                                      0.117     3.852 r  gen_core[1].u_core/u_ofb_writer/sb_x_off_i_3__0/O[0]
                         net (fo=1, unplaced)         0.466     4.318    gen_core[1].u_core/u_ofb_writer/x_abs0[10]
                         DSP48E1 (Prop_dsp48e1_D[10]_PCOUT[47])
                                                      3.673     7.991 r  gen_core[1].u_core/u_ofb_writer/sb_x_off/PCOUT[47]
                         net (fo=1, unplaced)         0.050     8.041    gen_core[1].u_core/u_ofb_writer/sb_x_off_n_106
                         DSP48E1 (Prop_dsp48e1_PCIN[47]_P[1])
                                                      1.077     9.118 r  gen_core[1].u_core/u_ofb_writer/sb_raddr_full/P[1]
                         net (fo=1, unplaced)         0.466     9.583    gen_core[1].u_core/u_ofb_writer/sb_raddr_full_n_104
                         LUT2 (Prop_lut2_I1_O)        0.043     9.626 r  gen_core[1].u_core/u_ofb_writer/mem_reg_0_i_37__4/O
                         net (fo=1, unplaced)         0.000     9.626    gen_core[1].u_core/u_ofb_writer/mem_reg_0_i_37__4_n_0
                         CARRY4 (Prop_carry4_S[1]_CO[3])
                                                      0.267     9.893 r  gen_core[1].u_core/u_ofb_writer/mem_reg_0_i_19__4/CO[3]
                         net (fo=1, unplaced)         0.007     9.900    gen_core[1].u_core/u_ofb_writer/mem_reg_0_i_19__4_n_0
                         CARRY4 (Prop_carry4_CI_O[3])
                                                      0.155    10.055 r  gen_core[1].u_core/u_ofb_writer/mem_reg_0_i_17__4/O[3]
                         net (fo=1, unplaced)         0.494    10.549    gen_core[1].u_core/u_bias_rf/sb_raddr[7]
                         LUT4 (Prop_lut4_I1_O)        0.120    10.669 r  gen_core[1].u_core/u_bias_rf/mem_reg_0_i_6__4/O
                         net (fo=8, unplaced)         0.466    11.135    gen_core[1].u_core/u_shortcut_bank/ADDRBWRADDR[7]
                         RAMB36E1                                     r  gen_core[1].u_core/u_shortcut_bank/mem_reg_6/ADDRBWRADDR[11]
  -------------------------------------------------------------------    -------------------

                         (clock clk rise edge)       10.000    10.000 r  
                                                      0.000    10.000 r  clk (IN)
                         net (fo=78201, unset)        0.510    10.510    gen_core[1].u_core/u_shortcut_bank/clk
                         RAMB36E1                                     r  gen_core[1].u_core/u_shortcut_bank/mem_reg_6/CLKBWRCLK
                         clock pessimism              0.000    10.510    
                         clock uncertainty           -0.035    10.475    
                         RAMB36E1 (Setup_ramb36e1_CLKBWRCLK_ADDRBWRADDR[11])
                                                     -0.416    10.059    gen_core[1].u_core/u_shortcut_bank/mem_reg_6
  -------------------------------------------------------------------
                         required time                         10.059    
                         arrival time                         -11.135    
  -------------------------------------------------------------------
                         slack                                 -1.076    

Slack (VIOLATED) :        -1.076ns  (required time - arrival time)
  Source:                 gen_core[1].u_core/u_ofb_writer/tile_cnt_reg[3]/C
                            (rising edge-triggered cell FDRE clocked by clk  {rise@0.000ns fall@5.000ns period=10.000ns})
  Destination:            gen_core[1].u_core/u_shortcut_bank/mem_reg_7/ADDRBWRADDR[10]
                            (rising edge-triggered cell RAMB18E1 clocked by clk  {rise@0.000ns fall@5.000ns period=10.000ns})
  Path Group:             clk
  Path Type:              Setup (Max at Slow Process Corner)
  Requirement:            10.000ns  (clk rise@10.000ns - clk rise@0.000ns)
  Data Path Delay:        10.598ns  (logic 6.486ns (61.201%)  route 4.112ns (38.799%))
  Logic Levels:           12  (CARRY4=5 DSP48E1=2 LUT2=1 LUT4=1 LUT5=1 LUT6=2)
  Clock Path Skew:        -0.027ns (DCD - SCD + CPR)
    Destination Clock Delay (DCD):    0.510ns = ( 10.510 - 10.000 ) 
    Source Clock Delay      (SCD):    0.537ns
    Clock Pessimism Removal (CPR):    0.000ns
  Clock Uncertainty:      0.035ns  ((TSJ^2 + TIJ^2)^1/2 + DJ) / 2 + PE
    Total System Jitter     (TSJ):    0.071ns
    Total Input Jitter      (TIJ):    0.000ns
    Discrete Jitter          (DJ):    0.000ns
    Phase Error              (PE):    0.000ns

    Location             Delay type                Incr(ns)  Path(ns)    Netlist Resource(s)
  -------------------------------------------------------------------    -------------------
                         (clock clk rise edge)        0.000     0.000 r  
                                                      0.000     0.000 r  clk (IN)
                         net (fo=78201, unset)        0.537     0.537    gen_core[1].u_core/u_ofb_writer/clk
                         FDRE                                         r  gen_core[1].u_core/u_ofb_writer/tile_cnt_reg[3]/C
  -------------------------------------------------------------------    -------------------
                         FDRE (Prop_fdre_C_Q)         0.223     0.760 r  gen_core[1].u_core/u_ofb_writer/tile_cnt_reg[3]/Q
                         net (fo=19, unplaced)        0.586     1.346    gen_core[1].u_core/u_ofb_writer/tile_cnt_reg[7]_0[3]
                         LUT6 (Prop_lut6_I0_O)        0.123     1.469 r  gen_core[1].u_core/u_ofb_writer/sb_x_off_i_57__0/O
                         net (fo=2, unplaced)         0.508     1.977    gen_core[1].u_core/u_ofb_writer/sb_x_off_i_57__0_n_0
                         CARRY4 (Prop_carry4_DI[1]_O[2])
                                                      0.268     2.245 r  gen_core[1].u_core/u_ofb_writer/sb_x_off_i_47__0/O[2]
                         net (fo=2, unplaced)         0.281     2.526    gen_core[1].u_core/u_ofb_writer/sb_x_off_i_47__0_n_5
                         LUT5 (Prop_lut5_I2_O)        0.127     2.653 r  gen_core[1].u_core/u_ofb_writer/sb_x_off_i_48__0/O
                         net (fo=2, unplaced)         0.281     2.934    gen_core[1].u_core/u_ofb_writer/sb_x_off_i_48__0_n_0
                         LUT6 (Prop_lut6_I5_O)        0.043     2.977 r  gen_core[1].u_core/u_ofb_writer/sb_x_off_i_18__0/O
                         net (fo=2, unplaced)         0.508     3.485    gen_core[1].u_core/u_ofb_writer/sb_x_off_i_18__0_n_0
                         CARRY4 (Prop_carry4_DI[1]_CO[3])
                                                      0.250     3.735 r  gen_core[1].u_core/u_ofb_writer/sb_x_off_i_4__0/CO[3]
                         net (fo=1, unplaced)         0.000     3.735    gen_core[1].u_core/u_ofb_writer/sb_x_off_i_4__0_n_0
                         CARRY4 (Prop_carry4_CI_O[0])
                                                      0.117     3.852 r  gen_core[1].u_core/u_ofb_writer/sb_x_off_i_3__0/O[0]
                         net (fo=1, unplaced)         0.466     4.318    gen_core[1].u_core/u_ofb_writer/x_abs0[10]
                         DSP48E1 (Prop_dsp48e1_D[10]_PCOUT[47])
                                                      3.673     7.991 r  gen_core[1].u_core/u_ofb_writer/sb_x_off/PCOUT[47]
                         net (fo=1, unplaced)         0.050     8.041    gen_core[1].u_core/u_ofb_writer/sb_x_off_n_106
                         DSP48E1 (Prop_dsp48e1_PCIN[47]_P[1])
                                                      1.077     9.118 r  gen_core[1].u_core/u_ofb_writer/sb_raddr_full/P[1]
                         net (fo=1, unplaced)         0.466     9.583    gen_core[1].u_core/u_ofb_writer/sb_raddr_full_n_104
                         LUT2 (Prop_lut2_I1_O)        0.043     9.626 r  gen_core[1].u_core/u_ofb_writer/mem_reg_0_i_37__4/O
                         net (fo=1, unplaced)         0.000     9.626    gen_core[1].u_core/u_ofb_writer/mem_reg_0_i_37__4_n_0
                         CARRY4 (Prop_carry4_S[1]_CO[3])
                                                      0.267     9.893 r  gen_core[1].u_core/u_ofb_writer/mem_reg_0_i_19__4/CO[3]
                         net (fo=1, unplaced)         0.007     9.900    gen_core[1].u_core/u_ofb_writer/mem_reg_0_i_19__4_n_0
                         CARRY4 (Prop_carry4_CI_O[3])
                                                      0.155    10.055 r  gen_core[1].u_core/u_ofb_writer/mem_reg_0_i_17__4/O[3]
                         net (fo=1, unplaced)         0.494    10.549    gen_core[1].u_core/u_bias_rf/sb_raddr[7]
                         LUT4 (Prop_lut4_I1_O)        0.120    10.669 r  gen_core[1].u_core/u_bias_rf/mem_reg_0_i_6__4/O
                         net (fo=8, unplaced)         0.466    11.135    gen_core[1].u_core/u_shortcut_bank/ADDRBWRADDR[7]
                         RAMB18E1                                     r  gen_core[1].u_core/u_shortcut_bank/mem_reg_7/ADDRBWRADDR[10]
  -------------------------------------------------------------------    -------------------

                         (clock clk rise edge)       10.000    10.000 r  
                                                      0.000    10.000 r  clk (IN)
                         net (fo=78201, unset)        0.510    10.510    gen_core[1].u_core/u_shortcut_bank/clk
                         RAMB18E1                                     r  gen_core[1].u_core/u_shortcut_bank/mem_reg_7/CLKBWRCLK
                         clock pessimism              0.000    10.510    
                         clock uncertainty           -0.035    10.475    
                         RAMB18E1 (Setup_ramb18e1_CLKBWRCLK_ADDRBWRADDR[10])
                                                     -0.416    10.059    gen_core[1].u_core/u_shortcut_bank/mem_reg_7
  -------------------------------------------------------------------
                         required time                         10.059    
                         arrival time                         -11.135    
  -------------------------------------------------------------------
                         slack                                 -1.076    

Slack (VIOLATED) :        -1.076ns  (required time - arrival time)
  Source:                 gen_core[3].u_core/u_ofb_writer/tile_cnt_reg[3]/C
                            (rising edge-triggered cell FDRE clocked by clk  {rise@0.000ns fall@5.000ns period=10.000ns})
  Destination:            gen_core[3].u_core/u_shortcut_bank/mem_reg_0/ADDRBWRADDR[11]
                            (rising edge-triggered cell RAMB36E1 clocked by clk  {rise@0.000ns fall@5.000ns period=10.000ns})
  Path Group:             clk
  Path Type:              Setup (Max at Slow Process Corner)
  Requirement:            10.000ns  (clk rise@10.000ns - clk rise@0.000ns)
  Data Path Delay:        10.598ns  (logic 6.486ns (61.201%)  route 4.112ns (38.799%))
  Logic Levels:           12  (CARRY4=5 DSP48E1=2 LUT2=1 LUT4=1 LUT5=1 LUT6=2)
  Clock Path Skew:        -0.027ns (DCD - SCD + CPR)
    Destination Clock Delay (DCD):    0.510ns = ( 10.510 - 10.000 ) 
    Source Clock Delay      (SCD):    0.537ns
    Clock Pessimism Removal (CPR):    0.000ns
  Clock Uncertainty:      0.035ns  ((TSJ^2 + TIJ^2)^1/2 + DJ) / 2 + PE
    Total System Jitter     (TSJ):    0.071ns
    Total Input Jitter      (TIJ):    0.000ns
    Discrete Jitter          (DJ):    0.000ns
    Phase Error              (PE):    0.000ns

    Location             Delay type                Incr(ns)  Path(ns)    Netlist Resource(s)
  -------------------------------------------------------------------    -------------------
                         (clock clk rise edge)        0.000     0.000 r  
                                                      0.000     0.000 r  clk (IN)
                         net (fo=78201, unset)        0.537     0.537    gen_core[3].u_core/u_ofb_writer/clk
                         FDRE                                         r  gen_core[3].u_core/u_ofb_writer/tile_cnt_reg[3]/C
  -------------------------------------------------------------------    -------------------
                         FDRE (Prop_fdre_C_Q)         0.223     0.760 r  gen_core[3].u_core/u_ofb_writer/tile_cnt_reg[3]/Q
                         net (fo=19, unplaced)        0.586     1.346    gen_core[3].u_core/u_ofb_writer/tile_cnt_reg[7]_0[3]
                         LUT6 (Prop_lut6_I0_O)        0.123     1.469 r  gen_core[3].u_core/u_ofb_writer/sb_x_off_i_57__2/O
                         net (fo=2, unplaced)         0.508     1.977    gen_core[3].u_core/u_ofb_writer/sb_x_off_i_57__2_n_0
                         CARRY4 (Prop_carry4_DI[1]_O[2])
                                                      0.268     2.245 r  gen_core[3].u_core/u_ofb_writer/sb_x_off_i_47__2/O[2]
                         net (fo=2, unplaced)         0.281     2.526    gen_core[3].u_core/u_ofb_writer/sb_x_off_i_47__2_n_5
                         LUT5 (Prop_lut5_I2_O)        0.127     2.653 r  gen_core[3].u_core/u_ofb_writer/sb_x_off_i_48__2/O
                         net (fo=2, unplaced)         0.281     2.934    gen_core[3].u_core/u_ofb_writer/sb_x_off_i_48__2_n_0
                         LUT6 (Prop_lut6_I5_O)        0.043     2.977 r  gen_core[3].u_core/u_ofb_writer/sb_x_off_i_18__2/O
                         net (fo=2, unplaced)         0.508     3.485    gen_core[3].u_core/u_ofb_writer/sb_x_off_i_18__2_n_0
                         CARRY4 (Prop_carry4_DI[1]_CO[3])
                                                      0.250     3.735 r  gen_core[3].u_core/u_ofb_writer/sb_x_off_i_4__2/CO[3]
                         net (fo=1, unplaced)         0.000     3.735    gen_core[3].u_core/u_ofb_writer/sb_x_off_i_4__2_n_0
                         CARRY4 (Prop_carry4_CI_O[0])
                                                      0.117     3.852 r  gen_core[3].u_core/u_ofb_writer/sb_x_off_i_3__2/O[0]
                         net (fo=1, unplaced)         0.466     4.318    gen_core[3].u_core/u_ofb_writer/x_abs0[10]
                         DSP48E1 (Prop_dsp48e1_D[10]_PCOUT[47])
                                                      3.673     7.991 r  gen_core[3].u_core/u_ofb_writer/sb_x_off/PCOUT[47]
                         net (fo=1, unplaced)         0.050     8.041    gen_core[3].u_core/u_ofb_writer/sb_x_off_n_106
                         DSP48E1 (Prop_dsp48e1_PCIN[47]_P[1])
                                                      1.077     9.118 r  gen_core[3].u_core/u_ofb_writer/sb_raddr_full/P[1]
                         net (fo=1, unplaced)         0.466     9.583    gen_core[3].u_core/u_ofb_writer/sb_raddr_full_n_104
                         LUT2 (Prop_lut2_I1_O)        0.043     9.626 r  gen_core[3].u_core/u_ofb_writer/mem_reg_0_i_37__12/O
                         net (fo=1, unplaced)         0.000     9.626    gen_core[3].u_core/u_ofb_writer/mem_reg_0_i_37__12_n_0
                         CARRY4 (Prop_carry4_S[1]_CO[3])
                                                      0.267     9.893 r  gen_core[3].u_core/u_ofb_writer/mem_reg_0_i_19__12/CO[3]
                         net (fo=1, unplaced)         0.007     9.900    gen_core[3].u_core/u_ofb_writer/mem_reg_0_i_19__12_n_0
                         CARRY4 (Prop_carry4_CI_O[3])
                                                      0.155    10.055 r  gen_core[3].u_core/u_ofb_writer/mem_reg_0_i_17__12/O[3]
                         net (fo=1, unplaced)         0.494    10.549    gen_core[3].u_core/u_bias_rf/sb_raddr[7]
                         LUT4 (Prop_lut4_I1_O)        0.120    10.669 r  gen_core[3].u_core/u_bias_rf/mem_reg_0_i_6__12/O
                         net (fo=8, unplaced)         0.466    11.135    gen_core[3].u_core/u_shortcut_bank/ADDRBWRADDR[7]
                         RAMB36E1                                     r  gen_core[3].u_core/u_shortcut_bank/mem_reg_0/ADDRBWRADDR[11]
  -------------------------------------------------------------------    -------------------

                         (clock clk rise edge)       10.000    10.000 r  
                                                      0.000    10.000 r  clk (IN)
                         net (fo=78201, unset)        0.510    10.510    gen_core[3].u_core/u_shortcut_bank/clk
                         RAMB36E1                                     r  gen_core[3].u_core/u_shortcut_bank/mem_reg_0/CLKBWRCLK
                         clock pessimism              0.000    10.510    
                         clock uncertainty           -0.035    10.475    
                         RAMB36E1 (Setup_ramb36e1_CLKBWRCLK_ADDRBWRADDR[11])
                                                     -0.416    10.059    gen_core[3].u_core/u_shortcut_bank/mem_reg_0
  -------------------------------------------------------------------
                         required time                         10.059    
                         arrival time                         -11.135    
  -------------------------------------------------------------------
                         slack                                 -1.076    

Slack (VIOLATED) :        -1.076ns  (required time - arrival time)
  Source:                 gen_core[3].u_core/u_ofb_writer/tile_cnt_reg[3]/C
                            (rising edge-triggered cell FDRE clocked by clk  {rise@0.000ns fall@5.000ns period=10.000ns})
  Destination:            gen_core[3].u_core/u_shortcut_bank/mem_reg_1/ADDRBWRADDR[11]
                            (rising edge-triggered cell RAMB36E1 clocked by clk  {rise@0.000ns fall@5.000ns period=10.000ns})
  Path Group:             clk
  Path Type:              Setup (Max at Slow Process Corner)
  Requirement:            10.000ns  (clk rise@10.000ns - clk rise@0.000ns)
  Data Path Delay:        10.598ns  (logic 6.486ns (61.201%)  route 4.112ns (38.799%))
  Logic Levels:           12  (CARRY4=5 DSP48E1=2 LUT2=1 LUT4=1 LUT5=1 LUT6=2)
  Clock Path Skew:        -0.027ns (DCD - SCD + CPR)
    Destination Clock Delay (DCD):    0.510ns = ( 10.510 - 10.000 ) 
    Source Clock Delay      (SCD):    0.537ns
    Clock Pessimism Removal (CPR):    0.000ns
  Clock Uncertainty:      0.035ns  ((TSJ^2 + TIJ^2)^1/2 + DJ) / 2 + PE
    Total System Jitter     (TSJ):    0.071ns
    Total Input Jitter      (TIJ):    0.000ns
    Discrete Jitter          (DJ):    0.000ns
    Phase Error              (PE):    0.000ns

    Location             Delay type                Incr(ns)  Path(ns)    Netlist Resource(s)
  -------------------------------------------------------------------    -------------------
                         (clock clk rise edge)        0.000     0.000 r  
                                                      0.000     0.000 r  clk (IN)
                         net (fo=78201, unset)        0.537     0.537    gen_core[3].u_core/u_ofb_writer/clk
                         FDRE                                         r  gen_core[3].u_core/u_ofb_writer/tile_cnt_reg[3]/C
  -------------------------------------------------------------------    -------------------
                         FDRE (Prop_fdre_C_Q)         0.223     0.760 r  gen_core[3].u_core/u_ofb_writer/tile_cnt_reg[3]/Q
                         net (fo=19, unplaced)        0.586     1.346    gen_core[3].u_core/u_ofb_writer/tile_cnt_reg[7]_0[3]
                         LUT6 (Prop_lut6_I0_O)        0.123     1.469 r  gen_core[3].u_core/u_ofb_writer/sb_x_off_i_57__2/O
                         net (fo=2, unplaced)         0.508     1.977    gen_core[3].u_core/u_ofb_writer/sb_x_off_i_57__2_n_0
                         CARRY4 (Prop_carry4_DI[1]_O[2])
                                                      0.268     2.245 r  gen_core[3].u_core/u_ofb_writer/sb_x_off_i_47__2/O[2]
                         net (fo=2, unplaced)         0.281     2.526    gen_core[3].u_core/u_ofb_writer/sb_x_off_i_47__2_n_5
                         LUT5 (Prop_lut5_I2_O)        0.127     2.653 r  gen_core[3].u_core/u_ofb_writer/sb_x_off_i_48__2/O
                         net (fo=2, unplaced)         0.281     2.934    gen_core[3].u_core/u_ofb_writer/sb_x_off_i_48__2_n_0
                         LUT6 (Prop_lut6_I5_O)        0.043     2.977 r  gen_core[3].u_core/u_ofb_writer/sb_x_off_i_18__2/O
                         net (fo=2, unplaced)         0.508     3.485    gen_core[3].u_core/u_ofb_writer/sb_x_off_i_18__2_n_0
                         CARRY4 (Prop_carry4_DI[1]_CO[3])
                                                      0.250     3.735 r  gen_core[3].u_core/u_ofb_writer/sb_x_off_i_4__2/CO[3]
                         net (fo=1, unplaced)         0.000     3.735    gen_core[3].u_core/u_ofb_writer/sb_x_off_i_4__2_n_0
                         CARRY4 (Prop_carry4_CI_O[0])
                                                      0.117     3.852 r  gen_core[3].u_core/u_ofb_writer/sb_x_off_i_3__2/O[0]
                         net (fo=1, unplaced)         0.466     4.318    gen_core[3].u_core/u_ofb_writer/x_abs0[10]
                         DSP48E1 (Prop_dsp48e1_D[10]_PCOUT[47])
                                                      3.673     7.991 r  gen_core[3].u_core/u_ofb_writer/sb_x_off/PCOUT[47]
                         net (fo=1, unplaced)         0.050     8.041    gen_core[3].u_core/u_ofb_writer/sb_x_off_n_106
                         DSP48E1 (Prop_dsp48e1_PCIN[47]_P[1])
                                                      1.077     9.118 r  gen_core[3].u_core/u_ofb_writer/sb_raddr_full/P[1]
                         net (fo=1, unplaced)         0.466     9.583    gen_core[3].u_core/u_ofb_writer/sb_raddr_full_n_104
                         LUT2 (Prop_lut2_I1_O)        0.043     9.626 r  gen_core[3].u_core/u_ofb_writer/mem_reg_0_i_37__12/O
                         net (fo=1, unplaced)         0.000     9.626    gen_core[3].u_core/u_ofb_writer/mem_reg_0_i_37__12_n_0
                         CARRY4 (Prop_carry4_S[1]_CO[3])
                                                      0.267     9.893 r  gen_core[3].u_core/u_ofb_writer/mem_reg_0_i_19__12/CO[3]
                         net (fo=1, unplaced)         0.007     9.900    gen_core[3].u_core/u_ofb_writer/mem_reg_0_i_19__12_n_0
                         CARRY4 (Prop_carry4_CI_O[3])
                                                      0.155    10.055 r  gen_core[3].u_core/u_ofb_writer/mem_reg_0_i_17__12/O[3]
                         net (fo=1, unplaced)         0.494    10.549    gen_core[3].u_core/u_bias_rf/sb_raddr[7]
                         LUT4 (Prop_lut4_I1_O)        0.120    10.669 r  gen_core[3].u_core/u_bias_rf/mem_reg_0_i_6__12/O
                         net (fo=8, unplaced)         0.466    11.135    gen_core[3].u_core/u_shortcut_bank/ADDRBWRADDR[7]
                         RAMB36E1                                     r  gen_core[3].u_core/u_shortcut_bank/mem_reg_1/ADDRBWRADDR[11]
  -------------------------------------------------------------------    -------------------

                         (clock clk rise edge)       10.000    10.000 r  
                                                      0.000    10.000 r  clk (IN)
                         net (fo=78201, unset)        0.510    10.510    gen_core[3].u_core/u_shortcut_bank/clk
                         RAMB36E1                                     r  gen_core[3].u_core/u_shortcut_bank/mem_reg_1/CLKBWRCLK
                         clock pessimism              0.000    10.510    
                         clock uncertainty           -0.035    10.475    
                         RAMB36E1 (Setup_ramb36e1_CLKBWRCLK_ADDRBWRADDR[11])
                                                     -0.416    10.059    gen_core[3].u_core/u_shortcut_bank/mem_reg_1
  -------------------------------------------------------------------
                         required time                         10.059    
                         arrival time                         -11.135    
  -------------------------------------------------------------------
                         slack                                 -1.076    





Min Delay Paths
--------------------------------------------------------------------------------------
Slack (MET) :             0.112ns  (arrival time - required time)
  Source:                 gen_core[0].u_core/u_mm2s_arb/data_wr_reg[1]/C
                            (rising edge-triggered cell FDRE clocked by clk  {rise@0.000ns fall@5.000ns period=10.000ns})
  Destination:            gen_core[0].u_core/u_mm2s_arb/data_mem_reg_0_7_0_0/DP/WADR1
                            (rising edge-triggered cell RAMD32 clocked by clk  {rise@0.000ns fall@5.000ns period=10.000ns})
  Path Group:             clk
  Path Type:              Hold (Min at Fast Process Corner)
  Requirement:            0.000ns  (clk rise@0.000ns - clk rise@0.000ns)
  Data Path Delay:        0.340ns  (logic 0.100ns (29.410%)  route 0.240ns (70.590%))
  Logic Levels:           0  
  Clock Path Skew:        0.014ns (DCD - SCD - CPR)
    Destination Clock Delay (DCD):    0.280ns
    Source Clock Delay      (SCD):    0.266ns
    Clock Pessimism Removal (CPR):    -0.000ns

    Location             Delay type                Incr(ns)  Path(ns)    Netlist Resource(s)
  -------------------------------------------------------------------    -------------------
                         (clock clk rise edge)        0.000     0.000 r  
                                                      0.000     0.000 r  clk (IN)
                         net (fo=78201, unset)        0.266     0.266    gen_core[0].u_core/u_mm2s_arb/clk
                         FDRE                                         r  gen_core[0].u_core/u_mm2s_arb/data_wr_reg[1]/C
  -------------------------------------------------------------------    -------------------
                         FDRE (Prop_fdre_C_Q)         0.100     0.366 r  gen_core[0].u_core/u_mm2s_arb/data_wr_reg[1]/Q
                         net (fo=8, unplaced)         0.240     0.606    gen_core[0].u_core/u_mm2s_arb/data_mem_reg_0_7_0_0/A1
                         RAMD32                                       r  gen_core[0].u_core/u_mm2s_arb/data_mem_reg_0_7_0_0/DP/WADR1
  -------------------------------------------------------------------    -------------------

                         (clock clk rise edge)        0.000     0.000 r  
                                                      0.000     0.000 r  clk (IN)
                         net (fo=78201, unset)        0.280     0.280    gen_core[0].u_core/u_mm2s_arb/data_mem_reg_0_7_0_0/WCLK
                         RAMD32                                       r  gen_core[0].u_core/u_mm2s_arb/data_mem_reg_0_7_0_0/DP/CLK
                         clock pessimism              0.000     0.280    
                         RAMD32 (Hold_ramd32_CLK_WADR1)
                                                      0.214     0.494    gen_core[0].u_core/u_mm2s_arb/data_mem_reg_0_7_0_0/DP
  -------------------------------------------------------------------
                         required time                         -0.494    
                         arrival time                           0.606    
  -------------------------------------------------------------------
                         slack                                  0.112    

Slack (MET) :             0.112ns  (arrival time - required time)
  Source:                 gen_core[0].u_core/u_mm2s_arb/data_wr_reg[1]/C
                            (rising edge-triggered cell FDRE clocked by clk  {rise@0.000ns fall@5.000ns period=10.000ns})
  Destination:            gen_core[0].u_core/u_mm2s_arb/data_mem_reg_0_7_0_0/SP/WADR1
                            (rising edge-triggered cell RAMD32 clocked by clk  {rise@0.000ns fall@5.000ns period=10.000ns})
  Path Group:             clk
  Path Type:              Hold (Min at Fast Process Corner)
  Requirement:            0.000ns  (clk rise@0.000ns - clk rise@0.000ns)
  Data Path Delay:        0.340ns  (logic 0.100ns (29.410%)  route 0.240ns (70.590%))
  Logic Levels:           0  
  Clock Path Skew:        0.014ns (DCD - SCD - CPR)
    Destination Clock Delay (DCD):    0.280ns
    Source Clock Delay      (SCD):    0.266ns
    Clock Pessimism Removal (CPR):    -0.000ns

    Location             Delay type                Incr(ns)  Path(ns)    Netlist Resource(s)
  -------------------------------------------------------------------    -------------------
                         (clock clk rise edge)        0.000     0.000 r  
                                                      0.000     0.000 r  clk (IN)
                         net (fo=78201, unset)        0.266     0.266    gen_core[0].u_core/u_mm2s_arb/clk
                         FDRE                                         r  gen_core[0].u_core/u_mm2s_arb/data_wr_reg[1]/C
  -------------------------------------------------------------------    -------------------
                         FDRE (Prop_fdre_C_Q)         0.100     0.366 r  gen_core[0].u_core/u_mm2s_arb/data_wr_reg[1]/Q
                         net (fo=8, unplaced)         0.240     0.606    gen_core[0].u_core/u_mm2s_arb/data_mem_reg_0_7_0_0/A1
                         RAMD32                                       r  gen_core[0].u_core/u_mm2s_arb/data_mem_reg_0_7_0_0/SP/WADR1
  -------------------------------------------------------------------    -------------------

                         (clock clk rise edge)        0.000     0.000 r  
                                                      0.000     0.000 r  clk (IN)
                         net (fo=78201, unset)        0.280     0.280    gen_core[0].u_core/u_mm2s_arb/data_mem_reg_0_7_0_0/WCLK
                         RAMD32                                       r  gen_core[0].u_core/u_mm2s_arb/data_mem_reg_0_7_0_0/SP/CLK
                         clock pessimism              0.000     0.280    
                         RAMD32 (Hold_ramd32_CLK_WADR1)
                                                      0.214     0.494    gen_core[0].u_core/u_mm2s_arb/data_mem_reg_0_7_0_0/SP
  -------------------------------------------------------------------
                         required time                         -0.494    
                         arrival time                           0.606    
  -------------------------------------------------------------------
                         slack                                  0.112    

Slack (MET) :             0.112ns  (arrival time - required time)
  Source:                 gen_core[0].u_core/u_mm2s_arb/data_wr_reg[1]/C
                            (rising edge-triggered cell FDRE clocked by clk  {rise@0.000ns fall@5.000ns period=10.000ns})
  Destination:            gen_core[0].u_core/u_mm2s_arb/data_mem_reg_0_7_1_1/DP/WADR1
                            (rising edge-triggered cell RAMD32 clocked by clk  {rise@0.000ns fall@5.000ns period=10.000ns})
  Path Group:             clk
  Path Type:              Hold (Min at Fast Process Corner)
  Requirement:            0.000ns  (clk rise@0.000ns - clk rise@0.000ns)
  Data Path Delay:        0.340ns  (logic 0.100ns (29.410%)  route 0.240ns (70.590%))
  Logic Levels:           0  
  Clock Path Skew:        0.014ns (DCD - SCD - CPR)
    Destination Clock Delay (DCD):    0.280ns
    Source Clock Delay      (SCD):    0.266ns
    Clock Pessimism Removal (CPR):    -0.000ns

    Location             Delay type                Incr(ns)  Path(ns)    Netlist Resource(s)
  -------------------------------------------------------------------    -------------------
                         (clock clk rise edge)        0.000     0.000 r  
                                                      0.000     0.000 r  clk (IN)
                         net (fo=78201, unset)        0.266     0.266    gen_core[0].u_core/u_mm2s_arb/clk
                         FDRE                                         r  gen_core[0].u_core/u_mm2s_arb/data_wr_reg[1]/C
  -------------------------------------------------------------------    -------------------
                         FDRE (Prop_fdre_C_Q)         0.100     0.366 r  gen_core[0].u_core/u_mm2s_arb/data_wr_reg[1]/Q
                         net (fo=8, unplaced)         0.240     0.606    gen_core[0].u_core/u_mm2s_arb/data_mem_reg_0_7_1_1/A1
                         RAMD32                                       r  gen_core[0].u_core/u_mm2s_arb/data_mem_reg_0_7_1_1/DP/WADR1
  -------------------------------------------------------------------    -------------------

                         (clock clk rise edge)        0.000     0.000 r  
                                                      0.000     0.000 r  clk (IN)
                         net (fo=78201, unset)        0.280     0.280    gen_core[0].u_core/u_mm2s_arb/data_mem_reg_0_7_1_1/WCLK
                         RAMD32                                       r  gen_core[0].u_core/u_mm2s_arb/data_mem_reg_0_7_1_1/DP/CLK
                         clock pessimism              0.000     0.280    
                         RAMD32 (Hold_ramd32_CLK_WADR1)
                                                      0.214     0.494    gen_core[0].u_core/u_mm2s_arb/data_mem_reg_0_7_1_1/DP
  -------------------------------------------------------------------
                         required time                         -0.494    
                         arrival time                           0.606    
  -------------------------------------------------------------------
                         slack                                  0.112    

Slack (MET) :             0.112ns  (arrival time - required time)
  Source:                 gen_core[0].u_core/u_mm2s_arb/data_wr_reg[1]/C
                            (rising edge-triggered cell FDRE clocked by clk  {rise@0.000ns fall@5.000ns period=10.000ns})
  Destination:            gen_core[0].u_core/u_mm2s_arb/data_mem_reg_0_7_1_1/SP/WADR1
                            (rising edge-triggered cell RAMD32 clocked by clk  {rise@0.000ns fall@5.000ns period=10.000ns})
  Path Group:             clk
  Path Type:              Hold (Min at Fast Process Corner)
  Requirement:            0.000ns  (clk rise@0.000ns - clk rise@0.000ns)
  Data Path Delay:        0.340ns  (logic 0.100ns (29.410%)  route 0.240ns (70.590%))
  Logic Levels:           0  
  Clock Path Skew:        0.014ns (DCD - SCD - CPR)
    Destination Clock Delay (DCD):    0.280ns
    Source Clock Delay      (SCD):    0.266ns
    Clock Pessimism Removal (CPR):    -0.000ns

    Location             Delay type                Incr(ns)  Path(ns)    Netlist Resource(s)
  -------------------------------------------------------------------    -------------------
                         (clock clk rise edge)        0.000     0.000 r  
                                                      0.000     0.000 r  clk (IN)
                         net (fo=78201, unset)        0.266     0.266    gen_core[0].u_core/u_mm2s_arb/clk
                         FDRE                                         r  gen_core[0].u_core/u_mm2s_arb/data_wr_reg[1]/C
  -------------------------------------------------------------------    -------------------
                         FDRE (Prop_fdre_C_Q)         0.100     0.366 r  gen_core[0].u_core/u_mm2s_arb/data_wr_reg[1]/Q
                         net (fo=8, unplaced)         0.240     0.606    gen_core[0].u_core/u_mm2s_arb/data_mem_reg_0_7_1_1/A1
                         RAMD32                                       r  gen_core[0].u_core/u_mm2s_arb/data_mem_reg_0_7_1_1/SP/WADR1
  -------------------------------------------------------------------    -------------------

                         (clock clk rise edge)        0.000     0.000 r  
                                                      0.000     0.000 r  clk (IN)
                         net (fo=78201, unset)        0.280     0.280    gen_core[0].u_core/u_mm2s_arb/data_mem_reg_0_7_1_1/WCLK
                         RAMD32                                       r  gen_core[0].u_core/u_mm2s_arb/data_mem_reg_0_7_1_1/SP/CLK
                         clock pessimism              0.000     0.280    
                         RAMD32 (Hold_ramd32_CLK_WADR1)
                                                      0.214     0.494    gen_core[0].u_core/u_mm2s_arb/data_mem_reg_0_7_1_1/SP
  -------------------------------------------------------------------
                         required time                         -0.494    
                         arrival time                           0.606    
  -------------------------------------------------------------------
                         slack                                  0.112    

Slack (MET) :             0.112ns  (arrival time - required time)
  Source:                 gen_core[0].u_core/u_mm2s_arb/sts_wr_reg[1]/C
                            (rising edge-triggered cell FDRE clocked by clk  {rise@0.000ns fall@5.000ns period=10.000ns})
  Destination:            gen_core[0].u_core/u_mm2s_arb/sts_mem_reg_0_7_0_0/DP/WADR1
                            (rising edge-triggered cell RAMD32 clocked by clk  {rise@0.000ns fall@5.000ns period=10.000ns})
  Path Group:             clk
  Path Type:              Hold (Min at Fast Process Corner)
  Requirement:            0.000ns  (clk rise@0.000ns - clk rise@0.000ns)
  Data Path Delay:        0.340ns  (logic 0.100ns (29.410%)  route 0.240ns (70.590%))
  Logic Levels:           0  
  Clock Path Skew:        0.014ns (DCD - SCD - CPR)
    Destination Clock Delay (DCD):    0.280ns
    Source Clock Delay      (SCD):    0.266ns
    Clock Pessimism Removal (CPR):    -0.000ns

    Location             Delay type                Incr(ns)  Path(ns)    Netlist Resource(s)
  -------------------------------------------------------------------    -------------------
                         (clock clk rise edge)        0.000     0.000 r  
                                                      0.000     0.000 r  clk (IN)
                         net (fo=78201, unset)        0.266     0.266    gen_core[0].u_core/u_mm2s_arb/clk
                         FDRE                                         r  gen_core[0].u_core/u_mm2s_arb/sts_wr_reg[1]/C
  -------------------------------------------------------------------    -------------------
                         FDRE (Prop_fdre_C_Q)         0.100     0.366 r  gen_core[0].u_core/u_mm2s_arb/sts_wr_reg[1]/Q
                         net (fo=8, unplaced)         0.240     0.606    gen_core[0].u_core/u_mm2s_arb/sts_mem_reg_0_7_0_0/A1
                         RAMD32                                       r  gen_core[0].u_core/u_mm2s_arb/sts_mem_reg_0_7_0_0/DP/WADR1
  -------------------------------------------------------------------    -------------------

                         (clock clk rise edge)        0.000     0.000 r  
                                                      0.000     0.000 r  clk (IN)
                         net (fo=78201, unset)        0.280     0.280    gen_core[0].u_core/u_mm2s_arb/sts_mem_reg_0_7_0_0/WCLK
                         RAMD32                                       r  gen_core[0].u_core/u_mm2s_arb/sts_mem_reg_0_7_0_0/DP/CLK
                         clock pessimism              0.000     0.280    
                         RAMD32 (Hold_ramd32_CLK_WADR1)
                                                      0.214     0.494    gen_core[0].u_core/u_mm2s_arb/sts_mem_reg_0_7_0_0/DP
  -------------------------------------------------------------------
                         required time                         -0.494    
                         arrival time                           0.606    
  -------------------------------------------------------------------
                         slack                                  0.112    

Slack (MET) :             0.112ns  (arrival time - required time)
  Source:                 gen_core[0].u_core/u_mm2s_arb/sts_wr_reg[1]/C
                            (rising edge-triggered cell FDRE clocked by clk  {rise@0.000ns fall@5.000ns period=10.000ns})
  Destination:            gen_core[0].u_core/u_mm2s_arb/sts_mem_reg_0_7_0_0/SP/WADR1
                            (rising edge-triggered cell RAMD32 clocked by clk  {rise@0.000ns fall@5.000ns period=10.000ns})
  Path Group:             clk
  Path Type:              Hold (Min at Fast Process Corner)
  Requirement:            0.000ns  (clk rise@0.000ns - clk rise@0.000ns)
  Data Path Delay:        0.340ns  (logic 0.100ns (29.410%)  route 0.240ns (70.590%))
  Logic Levels:           0  
  Clock Path Skew:        0.014ns (DCD - SCD - CPR)
    Destination Clock Delay (DCD):    0.280ns
    Source Clock Delay      (SCD):    0.266ns
    Clock Pessimism Removal (CPR):    -0.000ns

    Location             Delay type                Incr(ns)  Path(ns)    Netlist Resource(s)
  -------------------------------------------------------------------    -------------------
                         (clock clk rise edge)        0.000     0.000 r  
                                                      0.000     0.000 r  clk (IN)
                         net (fo=78201, unset)        0.266     0.266    gen_core[0].u_core/u_mm2s_arb/clk
                         FDRE                                         r  gen_core[0].u_core/u_mm2s_arb/sts_wr_reg[1]/C
  -------------------------------------------------------------------    -------------------
                         FDRE (Prop_fdre_C_Q)         0.100     0.366 r  gen_core[0].u_core/u_mm2s_arb/sts_wr_reg[1]/Q
                         net (fo=8, unplaced)         0.240     0.606    gen_core[0].u_core/u_mm2s_arb/sts_mem_reg_0_7_0_0/A1
                         RAMD32                                       r  gen_core[0].u_core/u_mm2s_arb/sts_mem_reg_0_7_0_0/SP/WADR1
  -------------------------------------------------------------------    -------------------

                         (clock clk rise edge)        0.000     0.000 r  
                                                      0.000     0.000 r  clk (IN)
                         net (fo=78201, unset)        0.280     0.280    gen_core[0].u_core/u_mm2s_arb/sts_mem_reg_0_7_0_0/WCLK
                         RAMD32                                       r  gen_core[0].u_core/u_mm2s_arb/sts_mem_reg_0_7_0_0/SP/CLK
                         clock pessimism              0.000     0.280    
                         RAMD32 (Hold_ramd32_CLK_WADR1)
                                                      0.214     0.494    gen_core[0].u_core/u_mm2s_arb/sts_mem_reg_0_7_0_0/SP
  -------------------------------------------------------------------
                         required time                         -0.494    
                         arrival time                           0.606    
  -------------------------------------------------------------------
                         slack                                  0.112    

Slack (MET) :             0.112ns  (arrival time - required time)
  Source:                 gen_core[0].u_core/u_mm2s_arb/sts_wr_reg[1]/C
                            (rising edge-triggered cell FDRE clocked by clk  {rise@0.000ns fall@5.000ns period=10.000ns})
  Destination:            gen_core[0].u_core/u_mm2s_arb/sts_mem_reg_0_7_1_1/DP/WADR1
                            (rising edge-triggered cell RAMD32 clocked by clk  {rise@0.000ns fall@5.000ns period=10.000ns})
  Path Group:             clk
  Path Type:              Hold (Min at Fast Process Corner)
  Requirement:            0.000ns  (clk rise@0.000ns - clk rise@0.000ns)
  Data Path Delay:        0.340ns  (logic 0.100ns (29.410%)  route 0.240ns (70.590%))
  Logic Levels:           0  
  Clock Path Skew:        0.014ns (DCD - SCD - CPR)
    Destination Clock Delay (DCD):    0.280ns
    Source Clock Delay      (SCD):    0.266ns
    Clock Pessimism Removal (CPR):    -0.000ns

    Location             Delay type                Incr(ns)  Path(ns)    Netlist Resource(s)
  -------------------------------------------------------------------    -------------------
                         (clock clk rise edge)        0.000     0.000 r  
                                                      0.000     0.000 r  clk (IN)
                         net (fo=78201, unset)        0.266     0.266    gen_core[0].u_core/u_mm2s_arb/clk
                         FDRE                                         r  gen_core[0].u_core/u_mm2s_arb/sts_wr_reg[1]/C
  -------------------------------------------------------------------    -------------------
                         FDRE (Prop_fdre_C_Q)         0.100     0.366 r  gen_core[0].u_core/u_mm2s_arb/sts_wr_reg[1]/Q
                         net (fo=8, unplaced)         0.240     0.606    gen_core[0].u_core/u_mm2s_arb/sts_mem_reg_0_7_1_1/A1
                         RAMD32                                       r  gen_core[0].u_core/u_mm2s_arb/sts_mem_reg_0_7_1_1/DP/WADR1
  -------------------------------------------------------------------    -------------------

                         (clock clk rise edge)        0.000     0.000 r  
                                                      0.000     0.000 r  clk (IN)
                         net (fo=78201, unset)        0.280     0.280    gen_core[0].u_core/u_mm2s_arb/sts_mem_reg_0_7_1_1/WCLK
                         RAMD32                                       r  gen_core[0].u_core/u_mm2s_arb/sts_mem_reg_0_7_1_1/DP/CLK
                         clock pessimism              0.000     0.280    
                         RAMD32 (Hold_ramd32_CLK_WADR1)
                                                      0.214     0.494    gen_core[0].u_core/u_mm2s_arb/sts_mem_reg_0_7_1_1/DP
  -------------------------------------------------------------------
                         required time                         -0.494    
                         arrival time                           0.606    
  -------------------------------------------------------------------
                         slack                                  0.112    

Slack (MET) :             0.112ns  (arrival time - required time)
  Source:                 gen_core[0].u_core/u_mm2s_arb/sts_wr_reg[1]/C
                            (rising edge-triggered cell FDRE clocked by clk  {rise@0.000ns fall@5.000ns period=10.000ns})
  Destination:            gen_core[0].u_core/u_mm2s_arb/sts_mem_reg_0_7_1_1/SP/WADR1
                            (rising edge-triggered cell RAMD32 clocked by clk  {rise@0.000ns fall@5.000ns period=10.000ns})
  Path Group:             clk
  Path Type:              Hold (Min at Fast Process Corner)
  Requirement:            0.000ns  (clk rise@0.000ns - clk rise@0.000ns)
  Data Path Delay:        0.340ns  (logic 0.100ns (29.410%)  route 0.240ns (70.590%))
  Logic Levels:           0  
  Clock Path Skew:        0.014ns (DCD - SCD - CPR)
    Destination Clock Delay (DCD):    0.280ns
    Source Clock Delay      (SCD):    0.266ns
    Clock Pessimism Removal (CPR):    -0.000ns

    Location             Delay type                Incr(ns)  Path(ns)    Netlist Resource(s)
  -------------------------------------------------------------------    -------------------
                         (clock clk rise edge)        0.000     0.000 r  
                                                      0.000     0.000 r  clk (IN)
                         net (fo=78201, unset)        0.266     0.266    gen_core[0].u_core/u_mm2s_arb/clk
                         FDRE                                         r  gen_core[0].u_core/u_mm2s_arb/sts_wr_reg[1]/C
  -------------------------------------------------------------------    -------------------
                         FDRE (Prop_fdre_C_Q)         0.100     0.366 r  gen_core[0].u_core/u_mm2s_arb/sts_wr_reg[1]/Q
                         net (fo=8, unplaced)         0.240     0.606    gen_core[0].u_core/u_mm2s_arb/sts_mem_reg_0_7_1_1/A1
                         RAMD32                                       r  gen_core[0].u_core/u_mm2s_arb/sts_mem_reg_0_7_1_1/SP/WADR1
  -------------------------------------------------------------------    -------------------

                         (clock clk rise edge)        0.000     0.000 r  
                                                      0.000     0.000 r  clk (IN)
                         net (fo=78201, unset)        0.280     0.280    gen_core[0].u_core/u_mm2s_arb/sts_mem_reg_0_7_1_1/WCLK
                         RAMD32                                       r  gen_core[0].u_core/u_mm2s_arb/sts_mem_reg_0_7_1_1/SP/CLK
                         clock pessimism              0.000     0.280    
                         RAMD32 (Hold_ramd32_CLK_WADR1)
                                                      0.214     0.494    gen_core[0].u_core/u_mm2s_arb/sts_mem_reg_0_7_1_1/SP
  -------------------------------------------------------------------
                         required time                         -0.494    
                         arrival time                           0.606    
  -------------------------------------------------------------------
                         slack                                  0.112    

Slack (MET) :             0.112ns  (arrival time - required time)
  Source:                 gen_core[1].u_core/u_mm2s_arb/data_wr_reg[1]/C
                            (rising edge-triggered cell FDRE clocked by clk  {rise@0.000ns fall@5.000ns period=10.000ns})
  Destination:            gen_core[1].u_core/u_mm2s_arb/data_mem_reg_0_7_0_0/DP/WADR1
                            (rising edge-triggered cell RAMD32 clocked by clk  {rise@0.000ns fall@5.000ns period=10.000ns})
  Path Group:             clk
  Path Type:              Hold (Min at Fast Process Corner)
  Requirement:            0.000ns  (clk rise@0.000ns - clk rise@0.000ns)
  Data Path Delay:        0.340ns  (logic 0.100ns (29.410%)  route 0.240ns (70.590%))
  Logic Levels:           0  
  Clock Path Skew:        0.014ns (DCD - SCD - CPR)
    Destination Clock Delay (DCD):    0.280ns
    Source Clock Delay      (SCD):    0.266ns
    Clock Pessimism Removal (CPR):    -0.000ns

    Location             Delay type                Incr(ns)  Path(ns)    Netlist Resource(s)
  -------------------------------------------------------------------    -------------------
                         (clock clk rise edge)        0.000     0.000 r  
                                                      0.000     0.000 r  clk (IN)
                         net (fo=78201, unset)        0.266     0.266    gen_core[1].u_core/u_mm2s_arb/clk
                         FDRE                                         r  gen_core[1].u_core/u_mm2s_arb/data_wr_reg[1]/C
  -------------------------------------------------------------------    -------------------
                         FDRE (Prop_fdre_C_Q)         0.100     0.366 r  gen_core[1].u_core/u_mm2s_arb/data_wr_reg[1]/Q
                         net (fo=8, unplaced)         0.240     0.606    gen_core[1].u_core/u_mm2s_arb/data_mem_reg_0_7_0_0/A1
                         RAMD32                                       r  gen_core[1].u_core/u_mm2s_arb/data_mem_reg_0_7_0_0/DP/WADR1
  -------------------------------------------------------------------    -------------------

                         (clock clk rise edge)        0.000     0.000 r  
                                                      0.000     0.000 r  clk (IN)
                         net (fo=78201, unset)        0.280     0.280    gen_core[1].u_core/u_mm2s_arb/data_mem_reg_0_7_0_0/WCLK
                         RAMD32                                       r  gen_core[1].u_core/u_mm2s_arb/data_mem_reg_0_7_0_0/DP/CLK
                         clock pessimism              0.000     0.280    
                         RAMD32 (Hold_ramd32_CLK_WADR1)
                                                      0.214     0.494    gen_core[1].u_core/u_mm2s_arb/data_mem_reg_0_7_0_0/DP
  -------------------------------------------------------------------
                         required time                         -0.494    
                         arrival time                           0.606    
  -------------------------------------------------------------------
                         slack                                  0.112    

Slack (MET) :             0.112ns  (arrival time - required time)
  Source:                 gen_core[1].u_core/u_mm2s_arb/data_wr_reg[1]/C
                            (rising edge-triggered cell FDRE clocked by clk  {rise@0.000ns fall@5.000ns period=10.000ns})
  Destination:            gen_core[1].u_core/u_mm2s_arb/data_mem_reg_0_7_0_0/SP/WADR1
                            (rising edge-triggered cell RAMD32 clocked by clk  {rise@0.000ns fall@5.000ns period=10.000ns})
  Path Group:             clk
  Path Type:              Hold (Min at Fast Process Corner)
  Requirement:            0.000ns  (clk rise@0.000ns - clk rise@0.000ns)
  Data Path Delay:        0.340ns  (logic 0.100ns (29.410%)  route 0.240ns (70.590%))
  Logic Levels:           0  
  Clock Path Skew:        0.014ns (DCD - SCD - CPR)
    Destination Clock Delay (DCD):    0.280ns
    Source Clock Delay      (SCD):    0.266ns
    Clock Pessimism Removal (CPR):    -0.000ns

    Location             Delay type                Incr(ns)  Path(ns)    Netlist Resource(s)
  -------------------------------------------------------------------    -------------------
                         (clock clk rise edge)        0.000     0.000 r  
                                                      0.000     0.000 r  clk (IN)
                         net (fo=78201, unset)        0.266     0.266    gen_core[1].u_core/u_mm2s_arb/clk
                         FDRE                                         r  gen_core[1].u_core/u_mm2s_arb/data_wr_reg[1]/C
  -------------------------------------------------------------------    -------------------
                         FDRE (Prop_fdre_C_Q)         0.100     0.366 r  gen_core[1].u_core/u_mm2s_arb/data_wr_reg[1]/Q
                         net (fo=8, unplaced)         0.240     0.606    gen_core[1].u_core/u_mm2s_arb/data_mem_reg_0_7_0_0/A1
                         RAMD32                                       r  gen_core[1].u_core/u_mm2s_arb/data_mem_reg_0_7_0_0/SP/WADR1
  -------------------------------------------------------------------    -------------------

                         (clock clk rise edge)        0.000     0.000 r  
                                                      0.000     0.000 r  clk (IN)
                         net (fo=78201, unset)        0.280     0.280    gen_core[1].u_core/u_mm2s_arb/data_mem_reg_0_7_0_0/WCLK
                         RAMD32                                       r  gen_core[1].u_core/u_mm2s_arb/data_mem_reg_0_7_0_0/SP/CLK
                         clock pessimism              0.000     0.280    
                         RAMD32 (Hold_ramd32_CLK_WADR1)
                                                      0.214     0.494    gen_core[1].u_core/u_mm2s_arb/data_mem_reg_0_7_0_0/SP
  -------------------------------------------------------------------
                         required time                         -0.494    
                         arrival time                           0.606    
  -------------------------------------------------------------------
                         slack                                  0.112    





Pulse Width Checks
--------------------------------------------------------------------------------------
Clock Name:         clk
Waveform(ns):       { 0.000 5.000 }
Period(ns):         10.000
Sources:            { clk }

Check Type        Corner  Lib Pin      Reference Pin  Required(ns)  Actual(ns)  Slack(ns)  Location  Pin
Min Period        n/a     DSP48E1/CLK  n/a            2.634         10.000      7.366                gen_core[0].u_core/u_ofb_writer/u_sdp/prod_d_reg[0]/CLK
Min Period        n/a     DSP48E1/CLK  n/a            2.634         10.000      7.366                gen_core[0].u_core/u_ofb_writer/u_sdp/prod_d_reg[0]__0/CLK
Min Period        n/a     DSP48E1/CLK  n/a            2.634         10.000      7.366                gen_core[0].u_core/u_ofb_writer/u_sdp/prod_d_reg[10]/CLK
Min Period        n/a     DSP48E1/CLK  n/a            2.634         10.000      7.366                gen_core[0].u_core/u_ofb_writer/u_sdp/prod_d_reg[10]__0/CLK
Min Period        n/a     DSP48E1/CLK  n/a            2.634         10.000      7.366                gen_core[0].u_core/u_ofb_writer/u_sdp/prod_d_reg[11]/CLK
Min Period        n/a     DSP48E1/CLK  n/a            2.634         10.000      7.366                gen_core[0].u_core/u_ofb_writer/u_sdp/prod_d_reg[11]__0/CLK
Min Period        n/a     DSP48E1/CLK  n/a            2.634         10.000      7.366                gen_core[0].u_core/u_ofb_writer/u_sdp/prod_d_reg[12]/CLK
Min Period        n/a     DSP48E1/CLK  n/a            2.634         10.000      7.366                gen_core[0].u_core/u_ofb_writer/u_sdp/prod_d_reg[12]__0/CLK
Min Period        n/a     DSP48E1/CLK  n/a            2.634         10.000      7.366                gen_core[0].u_core/u_ofb_writer/u_sdp/prod_d_reg[13]/CLK
Min Period        n/a     DSP48E1/CLK  n/a            2.634         10.000      7.366                gen_core[0].u_core/u_ofb_writer/u_sdp/prod_d_reg[13]__0/CLK
Low Pulse Width   Slow    RAMD32/CLK   n/a            0.768         5.000       4.232                gen_core[0].u_core/u_axi_dm/U0/GEN_S2MM_FULL.I_S2MM_FULL_WRAPPER/GEN_INCLUDE_REALIGNER.I_S2MM_REALIGNER/GEN_INCLUDE_SCATTER.I_S2MM_SCATTER/I_TSTRB_FIFO/USE_SYNC_FIFO.I_SYNC_FIFO/NON_BLK_MEM.I_SYNC_FIFOGEN_FIFO/xpm_fifo_instance.xpm_fifo_sync_inst/xpm_fifo_base_inst/gen_sdpram.xpm_memory_base_inst/gen_wr_a.gen_word_narrow.mem_reg_0_15_0_5/RAMA/CLK
Low Pulse Width   Fast    RAMD32/CLK   n/a            0.768         5.000       4.232                gen_core[0].u_core/u_axi_dm/U0/GEN_S2MM_FULL.I_S2MM_FULL_WRAPPER/GEN_INCLUDE_REALIGNER.I_S2MM_REALIGNER/GEN_INCLUDE_SCATTER.I_S2MM_SCATTER/I_TSTRB_FIFO/USE_SYNC_FIFO.I_SYNC_FIFO/NON_BLK_MEM.I_SYNC_FIFOGEN_FIFO/xpm_fifo_instance.xpm_fifo_sync_inst/xpm_fifo_base_inst/gen_sdpram.xpm_memory_base_inst/gen_wr_a.gen_word_narrow.mem_reg_0_15_0_5/RAMA/CLK
Low Pulse Width   Slow    RAMD32/CLK   n/a            0.768         5.000       4.232                gen_core[0].u_core/u_axi_dm/U0/GEN_S2MM_FULL.I_S2MM_FULL_WRAPPER/GEN_INCLUDE_REALIGNER.I_S2MM_REALIGNER/GEN_INCLUDE_SCATTER.I_S2MM_SCATTER/I_TSTRB_FIFO/USE_SYNC_FIFO.I_SYNC_FIFO/NON_BLK_MEM.I_SYNC_FIFOGEN_FIFO/xpm_fifo_instance.xpm_fifo_sync_inst/xpm_fifo_base_inst/gen_sdpram.xpm_memory_base_inst/gen_wr_a.gen_word_narrow.mem_reg_0_15_0_5/RAMA_D1/CLK
Low Pulse Width   Fast    RAMD32/CLK   n/a            0.768         5.000       4.232                gen_core[0].u_core/u_axi_dm/U0/GEN_S2MM_FULL.I_S2MM_FULL_WRAPPER/GEN_INCLUDE_REALIGNER.I_S2MM_REALIGNER/GEN_INCLUDE_SCATTER.I_S2MM_SCATTER/I_TSTRB_FIFO/USE_SYNC_FIFO.I_SYNC_FIFO/NON_BLK_MEM.I_SYNC_FIFOGEN_FIFO/xpm_fifo_instance.xpm_fifo_sync_inst/xpm_fifo_base_inst/gen_sdpram.xpm_memory_base_inst/gen_wr_a.gen_word_narrow.mem_reg_0_15_0_5/RAMA_D1/CLK
Low Pulse Width   Slow    RAMD32/CLK   n/a            0.768         5.000       4.232                gen_core[0].u_core/u_axi_dm/U0/GEN_S2MM_FULL.I_S2MM_FULL_WRAPPER/GEN_INCLUDE_REALIGNER.I_S2MM_REALIGNER/GEN_INCLUDE_SCATTER.I_S2MM_SCATTER/I_TSTRB_FIFO/USE_SYNC_FIFO.I_SYNC_FIFO/NON_BLK_MEM.I_SYNC_FIFOGEN_FIFO/xpm_fifo_instance.xpm_fifo_sync_inst/xpm_fifo_base_inst/gen_sdpram.xpm_memory_base_inst/gen_wr_a.gen_word_narrow.mem_reg_0_15_0_5/RAMB/CLK
Low Pulse Width   Fast    RAMD32/CLK   n/a            0.768         5.000       4.232                gen_core[0].u_core/u_axi_dm/U0/GEN_S2MM_FULL.I_S2MM_FULL_WRAPPER/GEN_INCLUDE_REALIGNER.I_S2MM_REALIGNER/GEN_INCLUDE_SCATTER.I_S2MM_SCATTER/I_TSTRB_FIFO/USE_SYNC_FIFO.I_SYNC_FIFO/NON_BLK_MEM.I_SYNC_FIFOGEN_FIFO/xpm_fifo_instance.xpm_fifo_sync_inst/xpm_fifo_base_inst/gen_sdpram.xpm_memory_base_inst/gen_wr_a.gen_word_narrow.mem_reg_0_15_0_5/RAMB/CLK
Low Pulse Width   Slow    RAMD32/CLK   n/a            0.768         5.000       4.232                gen_core[0].u_core/u_axi_dm/U0/GEN_S2MM_FULL.I_S2MM_FULL_WRAPPER/GEN_INCLUDE_REALIGNER.I_S2MM_REALIGNER/GEN_INCLUDE_SCATTER.I_S2MM_SCATTER/I_TSTRB_FIFO/USE_SYNC_FIFO.I_SYNC_FIFO/NON_BLK_MEM.I_SYNC_FIFOGEN_FIFO/xpm_fifo_instance.xpm_fifo_sync_inst/xpm_fifo_base_inst/gen_sdpram.xpm_memory_base_inst/gen_wr_a.gen_word_narrow.mem_reg_0_15_0_5/RAMB_D1/CLK
Low Pulse Width   Fast    RAMD32/CLK   n/a            0.768         5.000       4.232                gen_core[0].u_core/u_axi_dm/U0/GEN_S2MM_FULL.I_S2MM_FULL_WRAPPER/GEN_INCLUDE_REALIGNER.I_S2MM_REALIGNER/GEN_INCLUDE_SCATTER.I_S2MM_SCATTER/I_TSTRB_FIFO/USE_SYNC_FIFO.I_SYNC_FIFO/NON_BLK_MEM.I_SYNC_FIFOGEN_FIFO/xpm_fifo_instance.xpm_fifo_sync_inst/xpm_fifo_base_inst/gen_sdpram.xpm_memory_base_inst/gen_wr_a.gen_word_narrow.mem_reg_0_15_0_5/RAMB_D1/CLK
Low Pulse Width   Slow    RAMD32/CLK   n/a            0.768         5.000       4.232                gen_core[0].u_core/u_axi_dm/U0/GEN_S2MM_FULL.I_S2MM_FULL_WRAPPER/GEN_INCLUDE_REALIGNER.I_S2MM_REALIGNER/GEN_INCLUDE_SCATTER.I_S2MM_SCATTER/I_TSTRB_FIFO/USE_SYNC_FIFO.I_SYNC_FIFO/NON_BLK_MEM.I_SYNC_FIFOGEN_FIFO/xpm_fifo_instance.xpm_fifo_sync_inst/xpm_fifo_base_inst/gen_sdpram.xpm_memory_base_inst/gen_wr_a.gen_word_narrow.mem_reg_0_15_0_5/RAMC/CLK
Low Pulse Width   Fast    RAMD32/CLK   n/a            0.768         5.000       4.232                gen_core[0].u_core/u_axi_dm/U0/GEN_S2MM_FULL.I_S2MM_FULL_WRAPPER/GEN_INCLUDE_REALIGNER.I_S2MM_REALIGNER/GEN_INCLUDE_SCATTER.I_S2MM_SCATTER/I_TSTRB_FIFO/USE_SYNC_FIFO.I_SYNC_FIFO/NON_BLK_MEM.I_SYNC_FIFOGEN_FIFO/xpm_fifo_instance.xpm_fifo_sync_inst/xpm_fifo_base_inst/gen_sdpram.xpm_memory_base_inst/gen_wr_a.gen_word_narrow.mem_reg_0_15_0_5/RAMC/CLK
High Pulse Width  Slow    RAMD32/CLK   n/a            0.768         5.000       4.232                gen_core[0].u_core/u_axi_dm/U0/GEN_S2MM_FULL.I_S2MM_FULL_WRAPPER/GEN_INCLUDE_REALIGNER.I_S2MM_REALIGNER/GEN_INCLUDE_SCATTER.I_S2MM_SCATTER/I_TSTRB_FIFO/USE_SYNC_FIFO.I_SYNC_FIFO/NON_BLK_MEM.I_SYNC_FIFOGEN_FIFO/xpm_fifo_instance.xpm_fifo_sync_inst/xpm_fifo_base_inst/gen_sdpram.xpm_memory_base_inst/gen_wr_a.gen_word_narrow.mem_reg_0_15_0_5/RAMA/CLK
High Pulse Width  Fast    RAMD32/CLK   n/a            0.768         5.000       4.232                gen_core[0].u_core/u_axi_dm/U0/GEN_S2MM_FULL.I_S2MM_FULL_WRAPPER/GEN_INCLUDE_REALIGNER.I_S2MM_REALIGNER/GEN_INCLUDE_SCATTER.I_S2MM_SCATTER/I_TSTRB_FIFO/USE_SYNC_FIFO.I_SYNC_FIFO/NON_BLK_MEM.I_SYNC_FIFOGEN_FIFO/xpm_fifo_instance.xpm_fifo_sync_inst/xpm_fifo_base_inst/gen_sdpram.xpm_memory_base_inst/gen_wr_a.gen_word_narrow.mem_reg_0_15_0_5/RAMA/CLK
High Pulse Width  Slow    RAMD32/CLK   n/a            0.768         5.000       4.232                gen_core[0].u_core/u_axi_dm/U0/GEN_S2MM_FULL.I_S2MM_FULL_WRAPPER/GEN_INCLUDE_REALIGNER.I_S2MM_REALIGNER/GEN_INCLUDE_SCATTER.I_S2MM_SCATTER/I_TSTRB_FIFO/USE_SYNC_FIFO.I_SYNC_FIFO/NON_BLK_MEM.I_SYNC_FIFOGEN_FIFO/xpm_fifo_instance.xpm_fifo_sync_inst/xpm_fifo_base_inst/gen_sdpram.xpm_memory_base_inst/gen_wr_a.gen_word_narrow.mem_reg_0_15_0_5/RAMA_D1/CLK
High Pulse Width  Fast    RAMD32/CLK   n/a            0.768         5.000       4.232                gen_core[0].u_core/u_axi_dm/U0/GEN_S2MM_FULL.I_S2MM_FULL_WRAPPER/GEN_INCLUDE_REALIGNER.I_S2MM_REALIGNER/GEN_INCLUDE_SCATTER.I_S2MM_SCATTER/I_TSTRB_FIFO/USE_SYNC_FIFO.I_SYNC_FIFO/NON_BLK_MEM.I_SYNC_FIFOGEN_FIFO/xpm_fifo_instance.xpm_fifo_sync_inst/xpm_fifo_base_inst/gen_sdpram.xpm_memory_base_inst/gen_wr_a.gen_word_narrow.mem_reg_0_15_0_5/RAMA_D1/CLK
High Pulse Width  Slow    RAMD32/CLK   n/a            0.768         5.000       4.232                gen_core[0].u_core/u_axi_dm/U0/GEN_S2MM_FULL.I_S2MM_FULL_WRAPPER/GEN_INCLUDE_REALIGNER.I_S2MM_REALIGNER/GEN_INCLUDE_SCATTER.I_S2MM_SCATTER/I_TSTRB_FIFO/USE_SYNC_FIFO.I_SYNC_FIFO/NON_BLK_MEM.I_SYNC_FIFOGEN_FIFO/xpm_fifo_instance.xpm_fifo_sync_inst/xpm_fifo_base_inst/gen_sdpram.xpm_memory_base_inst/gen_wr_a.gen_word_narrow.mem_reg_0_15_0_5/RAMB/CLK
High Pulse Width  Fast    RAMD32/CLK   n/a            0.768         5.000       4.232                gen_core[0].u_core/u_axi_dm/U0/GEN_S2MM_FULL.I_S2MM_FULL_WRAPPER/GEN_INCLUDE_REALIGNER.I_S2MM_REALIGNER/GEN_INCLUDE_SCATTER.I_S2MM_SCATTER/I_TSTRB_FIFO/USE_SYNC_FIFO.I_SYNC_FIFO/NON_BLK_MEM.I_SYNC_FIFOGEN_FIFO/xpm_fifo_instance.xpm_fifo_sync_inst/xpm_fifo_base_inst/gen_sdpram.xpm_memory_base_inst/gen_wr_a.gen_word_narrow.mem_reg_0_15_0_5/RAMB/CLK
High Pulse Width  Slow    RAMD32/CLK   n/a            0.768         5.000       4.232                gen_core[0].u_core/u_axi_dm/U0/GEN_S2MM_FULL.I_S2MM_FULL_WRAPPER/GEN_INCLUDE_REALIGNER.I_S2MM_REALIGNER/GEN_INCLUDE_SCATTER.I_S2MM_SCATTER/I_TSTRB_FIFO/USE_SYNC_FIFO.I_SYNC_FIFO/NON_BLK_MEM.I_SYNC_FIFOGEN_FIFO/xpm_fifo_instance.xpm_fifo_sync_inst/xpm_fifo_base_inst/gen_sdpram.xpm_memory_base_inst/gen_wr_a.gen_word_narrow.mem_reg_0_15_0_5/RAMB_D1/CLK
High Pulse Width  Fast    RAMD32/CLK   n/a            0.768         5.000       4.232                gen_core[0].u_core/u_axi_dm/U0/GEN_S2MM_FULL.I_S2MM_FULL_WRAPPER/GEN_INCLUDE_REALIGNER.I_S2MM_REALIGNER/GEN_INCLUDE_SCATTER.I_S2MM_SCATTER/I_TSTRB_FIFO/USE_SYNC_FIFO.I_SYNC_FIFO/NON_BLK_MEM.I_SYNC_FIFOGEN_FIFO/xpm_fifo_instance.xpm_fifo_sync_inst/xpm_fifo_base_inst/gen_sdpram.xpm_memory_base_inst/gen_wr_a.gen_word_narrow.mem_reg_0_15_0_5/RAMB_D1/CLK
High Pulse Width  Slow    RAMD32/CLK   n/a            0.768         5.000       4.232                gen_core[0].u_core/u_axi_dm/U0/GEN_S2MM_FULL.I_S2MM_FULL_WRAPPER/GEN_INCLUDE_REALIGNER.I_S2MM_REALIGNER/GEN_INCLUDE_SCATTER.I_S2MM_SCATTER/I_TSTRB_FIFO/USE_SYNC_FIFO.I_SYNC_FIFO/NON_BLK_MEM.I_SYNC_FIFOGEN_FIFO/xpm_fifo_instance.xpm_fifo_sync_inst/xpm_fifo_base_inst/gen_sdpram.xpm_memory_base_inst/gen_wr_a.gen_word_narrow.mem_reg_0_15_0_5/RAMC/CLK
High Pulse Width  Fast    RAMD32/CLK   n/a            0.768         5.000       4.232                gen_core[0].u_core/u_axi_dm/U0/GEN_S2MM_FULL.I_S2MM_FULL_WRAPPER/GEN_INCLUDE_REALIGNER.I_S2MM_REALIGNER/GEN_INCLUDE_SCATTER.I_S2MM_SCATTER/I_TSTRB_FIFO/USE_SYNC_FIFO.I_SYNC_FIFO/NON_BLK_MEM.I_SYNC_FIFOGEN_FIFO/xpm_fifo_instance.xpm_fifo_sync_inst/xpm_fifo_base_inst/gen_sdpram.xpm_memory_base_inst/gen_wr_a.gen_word_narrow.mem_reg_0_15_0_5/RAMC/CLK



