Copyright 1986-2022 Xilinx, Inc. All Rights Reserved. Copyright 2022-2023 Advanced Micro Devices, Inc. All Rights Reserved.
---------------------------------------------------------------------------------------------------------------------------------------------
| Tool Version : Vivado v.2023.1 (win64) Build 3865809 Sun May  7 15:05:29 MDT 2023
| Date         : Fri May  8 16:54:57 2026
| Host         : DESKTOP-73784OM running 64-bit major release  (build 9200)
| Command      : report_utilization -file C:/_Project/FLUX_CNN/Syn/reports_smc/utilization.rpt -hierarchical -hierarchical_depth 4
| Design       : multicore_top_smc
| Device       : xc7k325tffg900-2
| Speed File   : -2
| Design State : Routed
---------------------------------------------------------------------------------------------------------------------------------------------

Utilization Design Information

Table of Contents
-----------------
1. Utilization by Hierarchy

1. Utilization by Hierarchy
---------------------------

+---------------------------------------------------------------------------+-----------------------------------------------------------------+------------+------------+---------+------+-------+--------+--------+------------+
|                                  Instance                                 |                              Module                             | Total LUTs | Logic LUTs | LUTRAMs | SRLs |  FFs  | RAMB36 | RAMB18 | DSP Blocks |
+---------------------------------------------------------------------------+-----------------------------------------------------------------+------------+------------+---------+------+-------+--------+--------+------------+
| multicore_top_smc                                                         |                                                           (top) |      99061 |      89787 |    8580 |  694 | 65793 |    288 |      4 |        832 |
|   gen_core[0].u_core                                                      |                                             core_top__xdcDup__1 |      23639 |      21335 |    2136 |  168 | 15690 |     72 |      1 |        208 |
|     (gen_core[0].u_core)                                                  |                                             core_top__xdcDup__1 |         95 |         95 |       0 |    0 |     0 |      0 |      0 |          0 |
|     g_idma_sg.u_idma_sg                                                   |                                         idma_sg_dispatcher_1627 |         66 |         66 |       0 |    0 |   156 |      0 |      0 |          0 |
|     g_odma_sg.u_odma_sg                                                   |                                         odma_sg_dispatcher_1628 |        155 |        155 |       0 |    0 |   179 |      0 |      0 |          0 |
|     u_axi_dm                                                              |                                                          axi_dm |       3419 |       3235 |      16 |  168 |  2987 |      0 |      0 |          0 |
|       U0                                                                  |                                             axi_dmaxi_datamover |       3419 |       3235 |      16 |  168 |  2987 |      0 |      0 |          0 |
|         GEN_MM2S_FULL.I_MM2S_FULL_WRAPPER                                 |                              axi_dmaxi_datamover_mm2s_full_wrap |       1446 |       1372 |       0 |   74 |  1093 |      0 |      0 |          0 |
|         GEN_S2MM_FULL.I_S2MM_FULL_WRAPPER                                 |                              axi_dmaxi_datamover_s2mm_full_wrap |       1973 |       1863 |      16 |   94 |  1894 |      0 |      0 |          0 |
|     u_axi_mux                                                             |                                                  axi_m_mux_1629 |        137 |        137 |       0 |    0 |     6 |      0 |      0 |          0 |
|       u_arbiter                                                           |                                         axi_master_arbiter_2177 |        137 |        137 |       0 |    0 |     6 |      0 |      0 |          0 |
|     u_bias_rf                                                             |                                                    bias_rf_1630 |         18 |         18 |       0 |    0 |   525 |      0 |      0 |          0 |
|     u_cfg                                                                 |                                                   cfg_regs_1631 |       3401 |       3401 |       0 |    0 |  1071 |      0 |      0 |          0 |
|     u_csr_bridge                                                          |                                               axi_lite_csr_1632 |        444 |        444 |       0 |    0 |    62 |      0 |      0 |          0 |
|     u_desc_fifo                                                           |                                                  desc_fifo_1633 |        304 |        152 |     152 |    0 |    22 |      0 |      0 |          0 |
|     u_dfe                                                                 |                                                        dfe_1634 |         47 |         47 |       0 |    0 |   100 |      0 |      0 |          0 |
|     u_ifb                                                                 |                                                 sram_model_1635 |          3 |          3 |       0 |    0 |     0 |      4 |      0 |          0 |
|     u_line_buffer                                                         |                                                line_buffer_1636 |        829 |        743 |      86 |    0 |   290 |      0 |      0 |          0 |
|     u_mac_array                                                           |                                             mac_array_simd_1637 |       6401 |       5035 |    1366 |    0 |  5251 |      0 |      0 |        128 |
|       (u_mac_array)                                                       |                                             mac_array_simd_1637 |        301 |        301 |       0 |    0 |   515 |      0 |      0 |          0 |
|       gen_pair[0].gen_row[0].u_simd                                       |                                              mac_simd_pair_1665 |         32 |         24 |       8 |    0 |    36 |      0 |      0 |          1 |
|         (gen_pair[0].gen_row[0].u_simd)                                   |                                              mac_simd_pair_1665 |          2 |          2 |       0 |    0 |     2 |      0 |      0 |          1 |
|         u_corr                                                            |                                              sign_corr_lut_2174 |         22 |         22 |       0 |    0 |    34 |      0 |      0 |          0 |
|         u_wrf_0                                                           |                                                     std_rf_2175 |          4 |          0 |       4 |    0 |     0 |      0 |      0 |          0 |
|         u_wrf_1                                                           |                                                     std_rf_2176 |          4 |          0 |       4 |    0 |     0 |      0 |      0 |          0 |
|       gen_pair[0].gen_row[10].u_simd                                      |                                              mac_simd_pair_1666 |         42 |         30 |      12 |    0 |    36 |      0 |      0 |          1 |
|         (gen_pair[0].gen_row[10].u_simd)                                  |                                              mac_simd_pair_1666 |          2 |          2 |       0 |    0 |     2 |      0 |      0 |          1 |
|         u_corr                                                            |                                              sign_corr_lut_2171 |         28 |         28 |       0 |    0 |    34 |      0 |      0 |          0 |
|         u_wrf_0                                                           |                                                     std_rf_2172 |          8 |          0 |       8 |    0 |     0 |      0 |      0 |          0 |
|         u_wrf_1                                                           |                                                     std_rf_2173 |          4 |          0 |       4 |    0 |     0 |      0 |      0 |          0 |
|       gen_pair[0].gen_row[11].u_simd                                      |                                              mac_simd_pair_1667 |         54 |         42 |      12 |    0 |    36 |      0 |      0 |          1 |
|         (gen_pair[0].gen_row[11].u_simd)                                  |                                              mac_simd_pair_1667 |          2 |          2 |       0 |    0 |     2 |      0 |      0 |          1 |
|         u_corr                                                            |                                              sign_corr_lut_2168 |         40 |         40 |       0 |    0 |    34 |      0 |      0 |          0 |
|         u_wrf_0                                                           |                                                     std_rf_2169 |          4 |          0 |       4 |    0 |     0 |      0 |      0 |          0 |
|         u_wrf_1                                                           |                                                     std_rf_2170 |          8 |          0 |       8 |    0 |     0 |      0 |      0 |          0 |
|       gen_pair[0].gen_row[12].u_simd                                      |                                              mac_simd_pair_1668 |         86 |         78 |       8 |    0 |    36 |      0 |      0 |          1 |
|         (gen_pair[0].gen_row[12].u_simd)                                  |                                              mac_simd_pair_1668 |          2 |          2 |       0 |    0 |     2 |      0 |      0 |          1 |
|         u_corr                                                            |                                              sign_corr_lut_2165 |         76 |         76 |       0 |    0 |    34 |      0 |      0 |          0 |
|         u_wrf_0                                                           |                                                     std_rf_2166 |          4 |          0 |       4 |    0 |     0 |      0 |      0 |          0 |
|         u_wrf_1                                                           |                                                     std_rf_2167 |          4 |          0 |       4 |    0 |     0 |      0 |      0 |          0 |
|       gen_pair[0].gen_row[13].u_simd                                      |                                              mac_simd_pair_1669 |        102 |         90 |      12 |    0 |    36 |      0 |      0 |          1 |
|         (gen_pair[0].gen_row[13].u_simd)                                  |                                              mac_simd_pair_1669 |          2 |          2 |       0 |    0 |     2 |      0 |      0 |          1 |
|         u_corr                                                            |                                              sign_corr_lut_2162 |         88 |         88 |       0 |    0 |    34 |      0 |      0 |          0 |
|         u_wrf_0                                                           |                                                     std_rf_2163 |          8 |          0 |       8 |    0 |     0 |      0 |      0 |          0 |
|         u_wrf_1                                                           |                                                     std_rf_2164 |          4 |          0 |       4 |    0 |     0 |      0 |      0 |          0 |
|       gen_pair[0].gen_row[14].u_simd                                      |                                              mac_simd_pair_1670 |         54 |         42 |      12 |    0 |    36 |      0 |      0 |          1 |
|         (gen_pair[0].gen_row[14].u_simd)                                  |                                              mac_simd_pair_1670 |          2 |          2 |       0 |    0 |     2 |      0 |      0 |          1 |
|         u_corr                                                            |                                              sign_corr_lut_2159 |         40 |         40 |       0 |    0 |    34 |      0 |      0 |          0 |
|         u_wrf_0                                                           |                                                     std_rf_2160 |          4 |          0 |       4 |    0 |     0 |      0 |      0 |          0 |
|         u_wrf_1                                                           |                                                     std_rf_2161 |          8 |          0 |       8 |    0 |     0 |      0 |      0 |          0 |
|       gen_pair[0].gen_row[15].u_simd                                      |                                              mac_simd_pair_1671 |         78 |         70 |       8 |    0 |    36 |      0 |      0 |          1 |
|         (gen_pair[0].gen_row[15].u_simd)                                  |                                              mac_simd_pair_1671 |          2 |          2 |       0 |    0 |     2 |      0 |      0 |          1 |
|         u_corr                                                            |                                              sign_corr_lut_2156 |         68 |         68 |       0 |    0 |    34 |      0 |      0 |          0 |
|         u_wrf_0                                                           |                                                     std_rf_2157 |          4 |          0 |       4 |    0 |     0 |      0 |      0 |          0 |
|         u_wrf_1                                                           |                                                     std_rf_2158 |          4 |          0 |       4 |    0 |     0 |      0 |      0 |          0 |
|       gen_pair[0].gen_row[1].u_simd                                       |                                              mac_simd_pair_1672 |         54 |         42 |      12 |    0 |    36 |      0 |      0 |          1 |
|         (gen_pair[0].gen_row[1].u_simd)                                   |                                              mac_simd_pair_1672 |          2 |          2 |       0 |    0 |     2 |      0 |      0 |          1 |
|         u_corr                                                            |                                              sign_corr_lut_2153 |         40 |         40 |       0 |    0 |    34 |      0 |      0 |          0 |
|         u_wrf_0                                                           |                                                     std_rf_2154 |          8 |          0 |       8 |    0 |     0 |      0 |      0 |          0 |
|         u_wrf_1                                                           |                                                     std_rf_2155 |          4 |          0 |       4 |    0 |     0 |      0 |      0 |          0 |
|       gen_pair[0].gen_row[2].u_simd                                       |                                              mac_simd_pair_1673 |        116 |        104 |      12 |    0 |    36 |      0 |      0 |          1 |
|         (gen_pair[0].gen_row[2].u_simd)                                   |                                              mac_simd_pair_1673 |          2 |          2 |       0 |    0 |     2 |      0 |      0 |          1 |
|         u_corr                                                            |                                              sign_corr_lut_2150 |        102 |        102 |       0 |    0 |    34 |      0 |      0 |          0 |
|         u_wrf_0                                                           |                                                     std_rf_2151 |          4 |          0 |       4 |    0 |     0 |      0 |      0 |          0 |
|         u_wrf_1                                                           |                                                     std_rf_2152 |          8 |          0 |       8 |    0 |     0 |      0 |      0 |          0 |
|       gen_pair[0].gen_row[3].u_simd                                       |                                              mac_simd_pair_1674 |         20 |         12 |       8 |    0 |    36 |      0 |      0 |          1 |
|         (gen_pair[0].gen_row[3].u_simd)                                   |                                              mac_simd_pair_1674 |          2 |          2 |       0 |    0 |     2 |      0 |      0 |          1 |
|         u_corr                                                            |                                              sign_corr_lut_2147 |         10 |         10 |       0 |    0 |    34 |      0 |      0 |          0 |
|         u_wrf_0                                                           |                                                     std_rf_2148 |          4 |          0 |       4 |    0 |     0 |      0 |      0 |          0 |
|         u_wrf_1                                                           |                                                     std_rf_2149 |          4 |          0 |       4 |    0 |     0 |      0 |      0 |          0 |
|       gen_pair[0].gen_row[4].u_simd                                       |                                              mac_simd_pair_1675 |         37 |         25 |      12 |    0 |    36 |      0 |      0 |          1 |
|         (gen_pair[0].gen_row[4].u_simd)                                   |                                              mac_simd_pair_1675 |          2 |          2 |       0 |    0 |     2 |      0 |      0 |          1 |
|         u_corr                                                            |                                              sign_corr_lut_2144 |         23 |         23 |       0 |    0 |    34 |      0 |      0 |          0 |
|         u_wrf_0                                                           |                                                     std_rf_2145 |          8 |          0 |       8 |    0 |     0 |      0 |      0 |          0 |
|         u_wrf_1                                                           |                                                     std_rf_2146 |          4 |          0 |       4 |    0 |     0 |      0 |      0 |          0 |
|       gen_pair[0].gen_row[5].u_simd                                       |                                              mac_simd_pair_1676 |         56 |         44 |      12 |    0 |    36 |      0 |      0 |          1 |
|         (gen_pair[0].gen_row[5].u_simd)                                   |                                              mac_simd_pair_1676 |          2 |          2 |       0 |    0 |     2 |      0 |      0 |          1 |
|         u_corr                                                            |                                              sign_corr_lut_2141 |         42 |         42 |       0 |    0 |    34 |      0 |      0 |          0 |
|         u_wrf_0                                                           |                                                     std_rf_2142 |          4 |          0 |       4 |    0 |     0 |      0 |      0 |          0 |
|         u_wrf_1                                                           |                                                     std_rf_2143 |          8 |          0 |       8 |    0 |     0 |      0 |      0 |          0 |
|       gen_pair[0].gen_row[6].u_simd                                       |                                              mac_simd_pair_1677 |         20 |         12 |       8 |    0 |    36 |      0 |      0 |          1 |
|         (gen_pair[0].gen_row[6].u_simd)                                   |                                              mac_simd_pair_1677 |          2 |          2 |       0 |    0 |     2 |      0 |      0 |          1 |
|         u_corr                                                            |                                              sign_corr_lut_2138 |         10 |         10 |       0 |    0 |    34 |      0 |      0 |          0 |
|         u_wrf_0                                                           |                                                     std_rf_2139 |          4 |          0 |       4 |    0 |     0 |      0 |      0 |          0 |
|         u_wrf_1                                                           |                                                     std_rf_2140 |          4 |          0 |       4 |    0 |     0 |      0 |      0 |          0 |
|       gen_pair[0].gen_row[7].u_simd                                       |                                              mac_simd_pair_1678 |         36 |         24 |      12 |    0 |    36 |      0 |      0 |          1 |
|         (gen_pair[0].gen_row[7].u_simd)                                   |                                              mac_simd_pair_1678 |          2 |          2 |       0 |    0 |     2 |      0 |      0 |          1 |
|         u_corr                                                            |                                              sign_corr_lut_2135 |         22 |         22 |       0 |    0 |    34 |      0 |      0 |          0 |
|         u_wrf_0                                                           |                                                     std_rf_2136 |          8 |          0 |       8 |    0 |     0 |      0 |      0 |          0 |
|         u_wrf_1                                                           |                                                     std_rf_2137 |          4 |          0 |       4 |    0 |     0 |      0 |      0 |          0 |
|       gen_pair[0].gen_row[8].u_simd                                       |                                              mac_simd_pair_1679 |        108 |         96 |      12 |    0 |    36 |      0 |      0 |          1 |
|         (gen_pair[0].gen_row[8].u_simd)                                   |                                              mac_simd_pair_1679 |          2 |          2 |       0 |    0 |     2 |      0 |      0 |          1 |
|         u_corr                                                            |                                              sign_corr_lut_2132 |         94 |         94 |       0 |    0 |    34 |      0 |      0 |          0 |
|         u_wrf_0                                                           |                                                     std_rf_2133 |          4 |          0 |       4 |    0 |     0 |      0 |      0 |          0 |
|         u_wrf_1                                                           |                                                     std_rf_2134 |          8 |          0 |       8 |    0 |     0 |      0 |      0 |          0 |
|       gen_pair[0].gen_row[9].u_simd                                       |                                              mac_simd_pair_1680 |         20 |         12 |       8 |    0 |    36 |      0 |      0 |          1 |
|         (gen_pair[0].gen_row[9].u_simd)                                   |                                              mac_simd_pair_1680 |          2 |          2 |       0 |    0 |     2 |      0 |      0 |          1 |
|         u_corr                                                            |                                              sign_corr_lut_2129 |         10 |         10 |       0 |    0 |    34 |      0 |      0 |          0 |
|         u_wrf_0                                                           |                                                     std_rf_2130 |          4 |          0 |       4 |    0 |     0 |      0 |      0 |          0 |
|         u_wrf_1                                                           |                                                     std_rf_2131 |          4 |          0 |       4 |    0 |     0 |      0 |      0 |          0 |
|       gen_pair[1].gen_row[0].u_simd                                       |                                              mac_simd_pair_1681 |         30 |         18 |      12 |    0 |    36 |      0 |      0 |          1 |
|         (gen_pair[1].gen_row[0].u_simd)                                   |                                              mac_simd_pair_1681 |          2 |          2 |       0 |    0 |     2 |      0 |      0 |          1 |
|         u_corr                                                            |                                              sign_corr_lut_2126 |         16 |         16 |       0 |    0 |    34 |      0 |      0 |          0 |
|         u_wrf_0                                                           |                                                     std_rf_2127 |          8 |          0 |       8 |    0 |     0 |      0 |      0 |          0 |
|         u_wrf_1                                                           |                                                     std_rf_2128 |          4 |          0 |       4 |    0 |     0 |      0 |      0 |          0 |
|       gen_pair[1].gen_row[10].u_simd                                      |                                              mac_simd_pair_1682 |         48 |         36 |      12 |    0 |    36 |      0 |      0 |          1 |
|         (gen_pair[1].gen_row[10].u_simd)                                  |                                              mac_simd_pair_1682 |          2 |          2 |       0 |    0 |     2 |      0 |      0 |          1 |
|         u_corr                                                            |                                              sign_corr_lut_2123 |         34 |         34 |       0 |    0 |    34 |      0 |      0 |          0 |
|         u_wrf_0                                                           |                                                     std_rf_2124 |          4 |          0 |       4 |    0 |     0 |      0 |      0 |          0 |
|         u_wrf_1                                                           |                                                     std_rf_2125 |          8 |          0 |       8 |    0 |     0 |      0 |      0 |          0 |
|       gen_pair[1].gen_row[11].u_simd                                      |                                              mac_simd_pair_1683 |         20 |         12 |       8 |    0 |    36 |      0 |      0 |          1 |
|         (gen_pair[1].gen_row[11].u_simd)                                  |                                              mac_simd_pair_1683 |          2 |          2 |       0 |    0 |     2 |      0 |      0 |          1 |
|         u_corr                                                            |                                              sign_corr_lut_2120 |         10 |         10 |       0 |    0 |    34 |      0 |      0 |          0 |
|         u_wrf_0                                                           |                                                     std_rf_2121 |          4 |          0 |       4 |    0 |     0 |      0 |      0 |          0 |
|         u_wrf_1                                                           |                                                     std_rf_2122 |          4 |          0 |       4 |    0 |     0 |      0 |      0 |          0 |
|       gen_pair[1].gen_row[12].u_simd                                      |                                              mac_simd_pair_1684 |         24 |         12 |      12 |    0 |    36 |      0 |      0 |          1 |
|         (gen_pair[1].gen_row[12].u_simd)                                  |                                              mac_simd_pair_1684 |          2 |          2 |       0 |    0 |     2 |      0 |      0 |          1 |
|         u_corr                                                            |                                              sign_corr_lut_2117 |         10 |         10 |       0 |    0 |    34 |      0 |      0 |          0 |
|         u_wrf_0                                                           |                                                     std_rf_2118 |          8 |          0 |       8 |    0 |     0 |      0 |      0 |          0 |
|         u_wrf_1                                                           |                                                     std_rf_2119 |          4 |          0 |       4 |    0 |     0 |      0 |      0 |          0 |
|       gen_pair[1].gen_row[13].u_simd                                      |                                              mac_simd_pair_1685 |         60 |         48 |      12 |    0 |    36 |      0 |      0 |          1 |
|         (gen_pair[1].gen_row[13].u_simd)                                  |                                              mac_simd_pair_1685 |          2 |          2 |       0 |    0 |     2 |      0 |      0 |          1 |
|         u_corr                                                            |                                              sign_corr_lut_2114 |         46 |         46 |       0 |    0 |    34 |      0 |      0 |          0 |
|         u_wrf_0                                                           |                                                     std_rf_2115 |          4 |          0 |       4 |    0 |     0 |      0 |      0 |          0 |
|         u_wrf_1                                                           |                                                     std_rf_2116 |          8 |          0 |       8 |    0 |     0 |      0 |      0 |          0 |
|       gen_pair[1].gen_row[14].u_simd                                      |                                              mac_simd_pair_1686 |         20 |         12 |       8 |    0 |    36 |      0 |      0 |          1 |
|         (gen_pair[1].gen_row[14].u_simd)                                  |                                              mac_simd_pair_1686 |          2 |          2 |       0 |    0 |     2 |      0 |      0 |          1 |
|         u_corr                                                            |                                              sign_corr_lut_2111 |         10 |         10 |       0 |    0 |    34 |      0 |      0 |          0 |
|         u_wrf_0                                                           |                                                     std_rf_2112 |          4 |          0 |       4 |    0 |     0 |      0 |      0 |          0 |
|         u_wrf_1                                                           |                                                     std_rf_2113 |          4 |          0 |       4 |    0 |     0 |      0 |      0 |          0 |
|       gen_pair[1].gen_row[15].u_simd                                      |                                              mac_simd_pair_1687 |         24 |         12 |      12 |    0 |    36 |      0 |      0 |          1 |
|         (gen_pair[1].gen_row[15].u_simd)                                  |                                              mac_simd_pair_1687 |          2 |          2 |       0 |    0 |     2 |      0 |      0 |          1 |
|         u_corr                                                            |                                              sign_corr_lut_2108 |         10 |         10 |       0 |    0 |    34 |      0 |      0 |          0 |
|         u_wrf_0                                                           |                                                     std_rf_2109 |          8 |          0 |       8 |    0 |     0 |      0 |      0 |          0 |
|         u_wrf_1                                                           |                                                     std_rf_2110 |          4 |          0 |       4 |    0 |     0 |      0 |      0 |          0 |
|       gen_pair[1].gen_row[1].u_simd                                       |                                              mac_simd_pair_1688 |         27 |         15 |      12 |    0 |    36 |      0 |      0 |          1 |
|         (gen_pair[1].gen_row[1].u_simd)                                   |                                              mac_simd_pair_1688 |          2 |          2 |       0 |    0 |     2 |      0 |      0 |          1 |
|         u_corr                                                            |                                              sign_corr_lut_2105 |         13 |         13 |       0 |    0 |    34 |      0 |      0 |          0 |
|         u_wrf_0                                                           |                                                     std_rf_2106 |          4 |          0 |       4 |    0 |     0 |      0 |      0 |          0 |
|         u_wrf_1                                                           |                                                     std_rf_2107 |          8 |          0 |       8 |    0 |     0 |      0 |      0 |          0 |
|       gen_pair[1].gen_row[2].u_simd                                       |                                              mac_simd_pair_1689 |         20 |         12 |       8 |    0 |    36 |      0 |      0 |          1 |
|         (gen_pair[1].gen_row[2].u_simd)                                   |                                              mac_simd_pair_1689 |          2 |          2 |       0 |    0 |     2 |      0 |      0 |          1 |
|         u_corr                                                            |                                              sign_corr_lut_2102 |         10 |         10 |       0 |    0 |    34 |      0 |      0 |          0 |
|         u_wrf_0                                                           |                                                     std_rf_2103 |          4 |          0 |       4 |    0 |     0 |      0 |      0 |          0 |
|         u_wrf_1                                                           |                                                     std_rf_2104 |          4 |          0 |       4 |    0 |     0 |      0 |      0 |          0 |
|       gen_pair[1].gen_row[3].u_simd                                       |                                              mac_simd_pair_1690 |         24 |         12 |      12 |    0 |    36 |      0 |      0 |          1 |
|         (gen_pair[1].gen_row[3].u_simd)                                   |                                              mac_simd_pair_1690 |          2 |          2 |       0 |    0 |     2 |      0 |      0 |          1 |
|         u_corr                                                            |                                              sign_corr_lut_2099 |         10 |         10 |       0 |    0 |    34 |      0 |      0 |          0 |
|         u_wrf_0                                                           |                                                     std_rf_2100 |          8 |          0 |       8 |    0 |     0 |      0 |      0 |          0 |
|         u_wrf_1                                                           |                                                     std_rf_2101 |          4 |          0 |       4 |    0 |     0 |      0 |      0 |          0 |
|       gen_pair[1].gen_row[4].u_simd                                       |                                              mac_simd_pair_1691 |         53 |         41 |      12 |    0 |    36 |      0 |      0 |          1 |
|         (gen_pair[1].gen_row[4].u_simd)                                   |                                              mac_simd_pair_1691 |          2 |          2 |       0 |    0 |     2 |      0 |      0 |          1 |
|         u_corr                                                            |                                              sign_corr_lut_2096 |         39 |         39 |       0 |    0 |    34 |      0 |      0 |          0 |
|         u_wrf_0                                                           |                                                     std_rf_2097 |          4 |          0 |       4 |    0 |     0 |      0 |      0 |          0 |
|         u_wrf_1                                                           |                                                     std_rf_2098 |          8 |          0 |       8 |    0 |     0 |      0 |      0 |          0 |
|       gen_pair[1].gen_row[5].u_simd                                       |                                              mac_simd_pair_1692 |         20 |         12 |       8 |    0 |    36 |      0 |      0 |          1 |
|         (gen_pair[1].gen_row[5].u_simd)                                   |                                              mac_simd_pair_1692 |          2 |          2 |       0 |    0 |     2 |      0 |      0 |          1 |
|         u_corr                                                            |                                              sign_corr_lut_2093 |         10 |         10 |       0 |    0 |    34 |      0 |      0 |          0 |
|         u_wrf_0                                                           |                                                     std_rf_2094 |          4 |          0 |       4 |    0 |     0 |      0 |      0 |          0 |
|         u_wrf_1                                                           |                                                     std_rf_2095 |          4 |          0 |       4 |    0 |     0 |      0 |      0 |          0 |
|       gen_pair[1].gen_row[6].u_simd                                       |                                              mac_simd_pair_1693 |         24 |         12 |      12 |    0 |    36 |      0 |      0 |          1 |
|         (gen_pair[1].gen_row[6].u_simd)                                   |                                              mac_simd_pair_1693 |          2 |          2 |       0 |    0 |     2 |      0 |      0 |          1 |
|         u_corr                                                            |                                              sign_corr_lut_2090 |         10 |         10 |       0 |    0 |    34 |      0 |      0 |          0 |
|         u_wrf_0                                                           |                                                     std_rf_2091 |          8 |          0 |       8 |    0 |     0 |      0 |      0 |          0 |
|         u_wrf_1                                                           |                                                     std_rf_2092 |          4 |          0 |       4 |    0 |     0 |      0 |      0 |          0 |
|       gen_pair[1].gen_row[7].u_simd                                       |                                              mac_simd_pair_1694 |         32 |         20 |      12 |    0 |    36 |      0 |      0 |          1 |
|         (gen_pair[1].gen_row[7].u_simd)                                   |                                              mac_simd_pair_1694 |          2 |          2 |       0 |    0 |     2 |      0 |      0 |          1 |
|         u_corr                                                            |                                              sign_corr_lut_2087 |         18 |         18 |       0 |    0 |    34 |      0 |      0 |          0 |
|         u_wrf_0                                                           |                                                     std_rf_2088 |          4 |          0 |       4 |    0 |     0 |      0 |      0 |          0 |
|         u_wrf_1                                                           |                                                     std_rf_2089 |          8 |          0 |       8 |    0 |     0 |      0 |      0 |          0 |
|       gen_pair[1].gen_row[8].u_simd                                       |                                              mac_simd_pair_1695 |         20 |         12 |       8 |    0 |    36 |      0 |      0 |          1 |
|         (gen_pair[1].gen_row[8].u_simd)                                   |                                              mac_simd_pair_1695 |          2 |          2 |       0 |    0 |     2 |      0 |      0 |          1 |
|         u_corr                                                            |                                              sign_corr_lut_2084 |         10 |         10 |       0 |    0 |    34 |      0 |      0 |          0 |
|         u_wrf_0                                                           |                                                     std_rf_2085 |          4 |          0 |       4 |    0 |     0 |      0 |      0 |          0 |
|         u_wrf_1                                                           |                                                     std_rf_2086 |          4 |          0 |       4 |    0 |     0 |      0 |      0 |          0 |
|       gen_pair[1].gen_row[9].u_simd                                       |                                              mac_simd_pair_1696 |         24 |         12 |      12 |    0 |    36 |      0 |      0 |          1 |
|         (gen_pair[1].gen_row[9].u_simd)                                   |                                              mac_simd_pair_1696 |          2 |          2 |       0 |    0 |     2 |      0 |      0 |          1 |
|         u_corr                                                            |                                              sign_corr_lut_2081 |         10 |         10 |       0 |    0 |    34 |      0 |      0 |          0 |
|         u_wrf_0                                                           |                                                     std_rf_2082 |          8 |          0 |       8 |    0 |     0 |      0 |      0 |          0 |
|         u_wrf_1                                                           |                                                     std_rf_2083 |          4 |          0 |       4 |    0 |     0 |      0 |      0 |          0 |
|       gen_pair[2].gen_row[0].u_simd                                       |                                              mac_simd_pair_1697 |         42 |         30 |      12 |    0 |    36 |      0 |      0 |          1 |
|         (gen_pair[2].gen_row[0].u_simd)                                   |                                              mac_simd_pair_1697 |          2 |          2 |       0 |    0 |     2 |      0 |      0 |          1 |
|         u_corr                                                            |                                              sign_corr_lut_2078 |         28 |         28 |       0 |    0 |    34 |      0 |      0 |          0 |
|         u_wrf_0                                                           |                                                     std_rf_2079 |          4 |          0 |       4 |    0 |     0 |      0 |      0 |          0 |
|         u_wrf_1                                                           |                                                     std_rf_2080 |          8 |          0 |       8 |    0 |     0 |      0 |      0 |          0 |
|       gen_pair[2].gen_row[10].u_simd                                      |                                              mac_simd_pair_1698 |         28 |         20 |       8 |    0 |    36 |      0 |      0 |          1 |
|         (gen_pair[2].gen_row[10].u_simd)                                  |                                              mac_simd_pair_1698 |          2 |          2 |       0 |    0 |     2 |      0 |      0 |          1 |
|         u_corr                                                            |                                              sign_corr_lut_2075 |         18 |         18 |       0 |    0 |    34 |      0 |      0 |          0 |
|         u_wrf_0                                                           |                                                     std_rf_2076 |          4 |          0 |       4 |    0 |     0 |      0 |      0 |          0 |
|         u_wrf_1                                                           |                                                     std_rf_2077 |          4 |          0 |       4 |    0 |     0 |      0 |      0 |          0 |
|       gen_pair[2].gen_row[11].u_simd                                      |                                              mac_simd_pair_1699 |         92 |         80 |      12 |    0 |    36 |      0 |      0 |          1 |
|         (gen_pair[2].gen_row[11].u_simd)                                  |                                              mac_simd_pair_1699 |          2 |          2 |       0 |    0 |     2 |      0 |      0 |          1 |
|         u_corr                                                            |                                              sign_corr_lut_2072 |         78 |         78 |       0 |    0 |    34 |      0 |      0 |          0 |
|         u_wrf_0                                                           |                                                     std_rf_2073 |          8 |          0 |       8 |    0 |     0 |      0 |      0 |          0 |
|         u_wrf_1                                                           |                                                     std_rf_2074 |          4 |          0 |       4 |    0 |     0 |      0 |      0 |          0 |
|       gen_pair[2].gen_row[12].u_simd                                      |                                              mac_simd_pair_1700 |         24 |         12 |      12 |    0 |    36 |      0 |      0 |          1 |
|         (gen_pair[2].gen_row[12].u_simd)                                  |                                              mac_simd_pair_1700 |          2 |          2 |       0 |    0 |     2 |      0 |      0 |          1 |
|         u_corr                                                            |                                              sign_corr_lut_2069 |         10 |         10 |       0 |    0 |    34 |      0 |      0 |          0 |
|         u_wrf_0                                                           |                                                     std_rf_2070 |          4 |          0 |       4 |    0 |     0 |      0 |      0 |          0 |
|         u_wrf_1                                                           |                                                     std_rf_2071 |          8 |          0 |       8 |    0 |     0 |      0 |      0 |          0 |
|       gen_pair[2].gen_row[13].u_simd                                      |                                              mac_simd_pair_1701 |         94 |         86 |       8 |    0 |    36 |      0 |      0 |          1 |
|         (gen_pair[2].gen_row[13].u_simd)                                  |                                              mac_simd_pair_1701 |          2 |          2 |       0 |    0 |     2 |      0 |      0 |          1 |
|         u_corr                                                            |                                              sign_corr_lut_2066 |         84 |         84 |       0 |    0 |    34 |      0 |      0 |          0 |
|         u_wrf_0                                                           |                                                     std_rf_2067 |          4 |          0 |       4 |    0 |     0 |      0 |      0 |          0 |
|         u_wrf_1                                                           |                                                     std_rf_2068 |          4 |          0 |       4 |    0 |     0 |      0 |      0 |          0 |
|       gen_pair[2].gen_row[14].u_simd                                      |                                              mac_simd_pair_1702 |         56 |         44 |      12 |    0 |    36 |      0 |      0 |          1 |
|         (gen_pair[2].gen_row[14].u_simd)                                  |                                              mac_simd_pair_1702 |          2 |          2 |       0 |    0 |     2 |      0 |      0 |          1 |
|         u_corr                                                            |                                              sign_corr_lut_2063 |         42 |         42 |       0 |    0 |    34 |      0 |      0 |          0 |
|         u_wrf_0                                                           |                                                     std_rf_2064 |          8 |          0 |       8 |    0 |     0 |      0 |      0 |          0 |
|         u_wrf_1                                                           |                                                     std_rf_2065 |          4 |          0 |       4 |    0 |     0 |      0 |      0 |          0 |
|       gen_pair[2].gen_row[15].u_simd                                      |                                              mac_simd_pair_1703 |         24 |         12 |      12 |    0 |    36 |      0 |      0 |          1 |
|         (gen_pair[2].gen_row[15].u_simd)                                  |                                              mac_simd_pair_1703 |          2 |          2 |       0 |    0 |     2 |      0 |      0 |          1 |
|         u_corr                                                            |                                              sign_corr_lut_2060 |         10 |         10 |       0 |    0 |    34 |      0 |      0 |          0 |
|         u_wrf_0                                                           |                                                     std_rf_2061 |          4 |          0 |       4 |    0 |     0 |      0 |      0 |          0 |
|         u_wrf_1                                                           |                                                     std_rf_2062 |          8 |          0 |       8 |    0 |     0 |      0 |      0 |          0 |
|       gen_pair[2].gen_row[1].u_simd                                       |                                              mac_simd_pair_1704 |         28 |         20 |       8 |    0 |    36 |      0 |      0 |          1 |
|         (gen_pair[2].gen_row[1].u_simd)                                   |                                              mac_simd_pair_1704 |          2 |          2 |       0 |    0 |     2 |      0 |      0 |          1 |
|         u_corr                                                            |                                              sign_corr_lut_2057 |         18 |         18 |       0 |    0 |    34 |      0 |      0 |          0 |
|         u_wrf_0                                                           |                                                     std_rf_2058 |          4 |          0 |       4 |    0 |     0 |      0 |      0 |          0 |
|         u_wrf_1                                                           |                                                     std_rf_2059 |          4 |          0 |       4 |    0 |     0 |      0 |      0 |          0 |
|       gen_pair[2].gen_row[2].u_simd                                       |                                              mac_simd_pair_1705 |        114 |        102 |      12 |    0 |    36 |      0 |      0 |          1 |
|         (gen_pair[2].gen_row[2].u_simd)                                   |                                              mac_simd_pair_1705 |          2 |          2 |       0 |    0 |     2 |      0 |      0 |          1 |
|         u_corr                                                            |                                              sign_corr_lut_2054 |        100 |        100 |       0 |    0 |    34 |      0 |      0 |          0 |
|         u_wrf_0                                                           |                                                     std_rf_2055 |          8 |          0 |       8 |    0 |     0 |      0 |      0 |          0 |
|         u_wrf_1                                                           |                                                     std_rf_2056 |          4 |          0 |       4 |    0 |     0 |      0 |      0 |          0 |
|       gen_pair[2].gen_row[3].u_simd                                       |                                              mac_simd_pair_1706 |         24 |         12 |      12 |    0 |    36 |      0 |      0 |          1 |
|         (gen_pair[2].gen_row[3].u_simd)                                   |                                              mac_simd_pair_1706 |          2 |          2 |       0 |    0 |     2 |      0 |      0 |          1 |
|         u_corr                                                            |                                              sign_corr_lut_2051 |         10 |         10 |       0 |    0 |    34 |      0 |      0 |          0 |
|         u_wrf_0                                                           |                                                     std_rf_2052 |          4 |          0 |       4 |    0 |     0 |      0 |      0 |          0 |
|         u_wrf_1                                                           |                                                     std_rf_2053 |          8 |          0 |       8 |    0 |     0 |      0 |      0 |          0 |
|       gen_pair[2].gen_row[4].u_simd                                       |                                              mac_simd_pair_1707 |         36 |         28 |       8 |    0 |    36 |      0 |      0 |          1 |
|         (gen_pair[2].gen_row[4].u_simd)                                   |                                              mac_simd_pair_1707 |          2 |          2 |       0 |    0 |     2 |      0 |      0 |          1 |
|         u_corr                                                            |                                              sign_corr_lut_2048 |         26 |         26 |       0 |    0 |    34 |      0 |      0 |          0 |
|         u_wrf_0                                                           |                                                     std_rf_2049 |          4 |          0 |       4 |    0 |     0 |      0 |      0 |          0 |
|         u_wrf_1                                                           |                                                     std_rf_2050 |          4 |          0 |       4 |    0 |     0 |      0 |      0 |          0 |
|       gen_pair[2].gen_row[5].u_simd                                       |                                              mac_simd_pair_1708 |         56 |         44 |      12 |    0 |    36 |      0 |      0 |          1 |
|         (gen_pair[2].gen_row[5].u_simd)                                   |                                              mac_simd_pair_1708 |          2 |          2 |       0 |    0 |     2 |      0 |      0 |          1 |
|         u_corr                                                            |                                              sign_corr_lut_2045 |         42 |         42 |       0 |    0 |    34 |      0 |      0 |          0 |
|         u_wrf_0                                                           |                                                     std_rf_2046 |          8 |          0 |       8 |    0 |     0 |      0 |      0 |          0 |
|         u_wrf_1                                                           |                                                     std_rf_2047 |          4 |          0 |       4 |    0 |     0 |      0 |      0 |          0 |
|       gen_pair[2].gen_row[6].u_simd                                       |                                              mac_simd_pair_1709 |         24 |         12 |      12 |    0 |    36 |      0 |      0 |          1 |
|         (gen_pair[2].gen_row[6].u_simd)                                   |                                              mac_simd_pair_1709 |          2 |          2 |       0 |    0 |     2 |      0 |      0 |          1 |
|         u_corr                                                            |                                              sign_corr_lut_2042 |         10 |         10 |       0 |    0 |    34 |      0 |      0 |          0 |
|         u_wrf_0                                                           |                                                     std_rf_2043 |          4 |          0 |       4 |    0 |     0 |      0 |      0 |          0 |
|         u_wrf_1                                                           |                                                     std_rf_2044 |          8 |          0 |       8 |    0 |     0 |      0 |      0 |          0 |
|       gen_pair[2].gen_row[7].u_simd                                       |                                              mac_simd_pair_1710 |         34 |         26 |       8 |    0 |    36 |      0 |      0 |          1 |
|         (gen_pair[2].gen_row[7].u_simd)                                   |                                              mac_simd_pair_1710 |          2 |          2 |       0 |    0 |     2 |      0 |      0 |          1 |
|         u_corr                                                            |                                              sign_corr_lut_2039 |         24 |         24 |       0 |    0 |    34 |      0 |      0 |          0 |
|         u_wrf_0                                                           |                                                     std_rf_2040 |          4 |          0 |       4 |    0 |     0 |      0 |      0 |          0 |
|         u_wrf_1                                                           |                                                     std_rf_2041 |          4 |          0 |       4 |    0 |     0 |      0 |      0 |          0 |
|       gen_pair[2].gen_row[8].u_simd                                       |                                              mac_simd_pair_1711 |         58 |         46 |      12 |    0 |    36 |      0 |      0 |          1 |
|         (gen_pair[2].gen_row[8].u_simd)                                   |                                              mac_simd_pair_1711 |          2 |          2 |       0 |    0 |     2 |      0 |      0 |          1 |
|         u_corr                                                            |                                              sign_corr_lut_2036 |         44 |         44 |       0 |    0 |    34 |      0 |      0 |          0 |
|         u_wrf_0                                                           |                                                     std_rf_2037 |          8 |          0 |       8 |    0 |     0 |      0 |      0 |          0 |
|         u_wrf_1                                                           |                                                     std_rf_2038 |          4 |          0 |       4 |    0 |     0 |      0 |      0 |          0 |
|       gen_pair[2].gen_row[9].u_simd                                       |                                              mac_simd_pair_1712 |         24 |         12 |      12 |    0 |    44 |      0 |      0 |          1 |
|         (gen_pair[2].gen_row[9].u_simd)                                   |                                              mac_simd_pair_1712 |          2 |          2 |       0 |    0 |    10 |      0 |      0 |          1 |
|         u_corr                                                            |                                              sign_corr_lut_2033 |         10 |         10 |       0 |    0 |    34 |      0 |      0 |          0 |
|         u_wrf_0                                                           |                                                     std_rf_2034 |          4 |          0 |       4 |    0 |     0 |      0 |      0 |          0 |
|         u_wrf_1                                                           |                                                     std_rf_2035 |          8 |          0 |       8 |    0 |     0 |      0 |      0 |          0 |
|       gen_pair[3].gen_row[0].u_simd                                       |                                              mac_simd_pair_1713 |         32 |         24 |       8 |    0 |    43 |      0 |      0 |          1 |
|         (gen_pair[3].gen_row[0].u_simd)                                   |                                              mac_simd_pair_1713 |          2 |          2 |       0 |    0 |     9 |      0 |      0 |          1 |
|         u_corr                                                            |                                              sign_corr_lut_2030 |         22 |         22 |       0 |    0 |    34 |      0 |      0 |          0 |
|         u_wrf_0                                                           |                                                     std_rf_2031 |          4 |          0 |       4 |    0 |     0 |      0 |      0 |          0 |
|         u_wrf_1                                                           |                                                     std_rf_2032 |          4 |          0 |       4 |    0 |     0 |      0 |      0 |          0 |
|       gen_pair[3].gen_row[10].u_simd                                      |                                              mac_simd_pair_1714 |         42 |         30 |      12 |    0 |    36 |      0 |      0 |          1 |
|         (gen_pair[3].gen_row[10].u_simd)                                  |                                              mac_simd_pair_1714 |          2 |          2 |       0 |    0 |     2 |      0 |      0 |          1 |
|         u_corr                                                            |                                              sign_corr_lut_2027 |         28 |         28 |       0 |    0 |    34 |      0 |      0 |          0 |
|         u_wrf_0                                                           |                                                     std_rf_2028 |          8 |          0 |       8 |    0 |     0 |      0 |      0 |          0 |
|         u_wrf_1                                                           |                                                     std_rf_2029 |          4 |          0 |       4 |    0 |     0 |      0 |      0 |          0 |
|       gen_pair[3].gen_row[11].u_simd                                      |                                              mac_simd_pair_1715 |         54 |         42 |      12 |    0 |    39 |      0 |      0 |          1 |
|         (gen_pair[3].gen_row[11].u_simd)                                  |                                              mac_simd_pair_1715 |          2 |          2 |       0 |    0 |     5 |      0 |      0 |          1 |
|         u_corr                                                            |                                              sign_corr_lut_2024 |         40 |         40 |       0 |    0 |    34 |      0 |      0 |          0 |
|         u_wrf_0                                                           |                                                     std_rf_2025 |          4 |          0 |       4 |    0 |     0 |      0 |      0 |          0 |
|         u_wrf_1                                                           |                                                     std_rf_2026 |          8 |          0 |       8 |    0 |     0 |      0 |      0 |          0 |
|       gen_pair[3].gen_row[12].u_simd                                      |                                              mac_simd_pair_1716 |         86 |         78 |       8 |    0 |    36 |      0 |      0 |          1 |
|         (gen_pair[3].gen_row[12].u_simd)                                  |                                              mac_simd_pair_1716 |          2 |          2 |       0 |    0 |     2 |      0 |      0 |          1 |
|         u_corr                                                            |                                              sign_corr_lut_2021 |         76 |         76 |       0 |    0 |    34 |      0 |      0 |          0 |
|         u_wrf_0                                                           |                                                     std_rf_2022 |          4 |          0 |       4 |    0 |     0 |      0 |      0 |          0 |
|         u_wrf_1                                                           |                                                     std_rf_2023 |          4 |          0 |       4 |    0 |     0 |      0 |      0 |          0 |
|       gen_pair[3].gen_row[13].u_simd                                      |                                              mac_simd_pair_1717 |        102 |         90 |      12 |    0 |    36 |      0 |      0 |          1 |
|         (gen_pair[3].gen_row[13].u_simd)                                  |                                              mac_simd_pair_1717 |          2 |          2 |       0 |    0 |     2 |      0 |      0 |          1 |
|         u_corr                                                            |                                              sign_corr_lut_2018 |         88 |         88 |       0 |    0 |    34 |      0 |      0 |          0 |
|         u_wrf_0                                                           |                                                     std_rf_2019 |          8 |          0 |       8 |    0 |     0 |      0 |      0 |          0 |
|         u_wrf_1                                                           |                                                     std_rf_2020 |          4 |          0 |       4 |    0 |     0 |      0 |      0 |          0 |
|       gen_pair[3].gen_row[14].u_simd                                      |                                              mac_simd_pair_1718 |         54 |         42 |      12 |    0 |    36 |      0 |      0 |          1 |
|         (gen_pair[3].gen_row[14].u_simd)                                  |                                              mac_simd_pair_1718 |          2 |          2 |       0 |    0 |     2 |      0 |      0 |          1 |
|         u_corr                                                            |                                              sign_corr_lut_2015 |         40 |         40 |       0 |    0 |    34 |      0 |      0 |          0 |
|         u_wrf_0                                                           |                                                     std_rf_2016 |          4 |          0 |       4 |    0 |     0 |      0 |      0 |          0 |
|         u_wrf_1                                                           |                                                     std_rf_2017 |          8 |          0 |       8 |    0 |     0 |      0 |      0 |          0 |
|       gen_pair[3].gen_row[15].u_simd                                      |                                              mac_simd_pair_1719 |         78 |         70 |       8 |    0 |    39 |      0 |      0 |          1 |
|         (gen_pair[3].gen_row[15].u_simd)                                  |                                              mac_simd_pair_1719 |          2 |          2 |       0 |    0 |     5 |      0 |      0 |          1 |
|         u_corr                                                            |                                              sign_corr_lut_2012 |         68 |         68 |       0 |    0 |    34 |      0 |      0 |          0 |
|         u_wrf_0                                                           |                                                     std_rf_2013 |          4 |          0 |       4 |    0 |     0 |      0 |      0 |          0 |
|         u_wrf_1                                                           |                                                     std_rf_2014 |          4 |          0 |       4 |    0 |     0 |      0 |      0 |          0 |
|       gen_pair[3].gen_row[1].u_simd                                       |                                              mac_simd_pair_1720 |         53 |         41 |      12 |    0 |    39 |      0 |      0 |          1 |
|         (gen_pair[3].gen_row[1].u_simd)                                   |                                              mac_simd_pair_1720 |          2 |          2 |       0 |    0 |     5 |      0 |      0 |          1 |
|         u_corr                                                            |                                              sign_corr_lut_2009 |         39 |         39 |       0 |    0 |    34 |      0 |      0 |          0 |
|         u_wrf_0                                                           |                                                     std_rf_2010 |          8 |          0 |       8 |    0 |     0 |      0 |      0 |          0 |
|         u_wrf_1                                                           |                                                     std_rf_2011 |          4 |          0 |       4 |    0 |     0 |      0 |      0 |          0 |
|       gen_pair[3].gen_row[2].u_simd                                       |                                              mac_simd_pair_1721 |        115 |        103 |      12 |    0 |    36 |      0 |      0 |          1 |
|         (gen_pair[3].gen_row[2].u_simd)                                   |                                              mac_simd_pair_1721 |          2 |          2 |       0 |    0 |     2 |      0 |      0 |          1 |
|         u_corr                                                            |                                              sign_corr_lut_2006 |        101 |        101 |       0 |    0 |    34 |      0 |      0 |          0 |
|         u_wrf_0                                                           |                                                     std_rf_2007 |          4 |          0 |       4 |    0 |     0 |      0 |      0 |          0 |
|         u_wrf_1                                                           |                                                     std_rf_2008 |          8 |          0 |       8 |    0 |     0 |      0 |      0 |          0 |
|       gen_pair[3].gen_row[3].u_simd                                       |                                              mac_simd_pair_1722 |         20 |         12 |       8 |    0 |    36 |      0 |      0 |          1 |
|         (gen_pair[3].gen_row[3].u_simd)                                   |                                              mac_simd_pair_1722 |          2 |          2 |       0 |    0 |     2 |      0 |      0 |          1 |
|         u_corr                                                            |                                              sign_corr_lut_2003 |         10 |         10 |       0 |    0 |    34 |      0 |      0 |          0 |
|         u_wrf_0                                                           |                                                     std_rf_2004 |          4 |          0 |       4 |    0 |     0 |      0 |      0 |          0 |
|         u_wrf_1                                                           |                                                     std_rf_2005 |          4 |          0 |       4 |    0 |     0 |      0 |      0 |          0 |
|       gen_pair[3].gen_row[4].u_simd                                       |                                              mac_simd_pair_1723 |         38 |         26 |      12 |    0 |    36 |      0 |      0 |          1 |
|         (gen_pair[3].gen_row[4].u_simd)                                   |                                              mac_simd_pair_1723 |          2 |          2 |       0 |    0 |     2 |      0 |      0 |          1 |
|         u_corr                                                            |                                              sign_corr_lut_2000 |         24 |         24 |       0 |    0 |    34 |      0 |      0 |          0 |
|         u_wrf_0                                                           |                                                     std_rf_2001 |          8 |          0 |       8 |    0 |     0 |      0 |      0 |          0 |
|         u_wrf_1                                                           |                                                     std_rf_2002 |          4 |          0 |       4 |    0 |     0 |      0 |      0 |          0 |
|       gen_pair[3].gen_row[5].u_simd                                       |                                              mac_simd_pair_1724 |         56 |         44 |      12 |    0 |    36 |      0 |      0 |          1 |
|         (gen_pair[3].gen_row[5].u_simd)                                   |                                              mac_simd_pair_1724 |          2 |          2 |       0 |    0 |     2 |      0 |      0 |          1 |
|         u_corr                                                            |                                              sign_corr_lut_1997 |         42 |         42 |       0 |    0 |    34 |      0 |      0 |          0 |
|         u_wrf_0                                                           |                                                     std_rf_1998 |          4 |          0 |       4 |    0 |     0 |      0 |      0 |          0 |
|         u_wrf_1                                                           |                                                     std_rf_1999 |          8 |          0 |       8 |    0 |     0 |      0 |      0 |          0 |
|       gen_pair[3].gen_row[6].u_simd                                       |                                              mac_simd_pair_1725 |         20 |         12 |       8 |    0 |    36 |      0 |      0 |          1 |
|         (gen_pair[3].gen_row[6].u_simd)                                   |                                              mac_simd_pair_1725 |          2 |          2 |       0 |    0 |     2 |      0 |      0 |          1 |
|         u_corr                                                            |                                              sign_corr_lut_1994 |         10 |         10 |       0 |    0 |    34 |      0 |      0 |          0 |
|         u_wrf_0                                                           |                                                     std_rf_1995 |          4 |          0 |       4 |    0 |     0 |      0 |      0 |          0 |
|         u_wrf_1                                                           |                                                     std_rf_1996 |          4 |          0 |       4 |    0 |     0 |      0 |      0 |          0 |
|       gen_pair[3].gen_row[7].u_simd                                       |                                              mac_simd_pair_1726 |         36 |         24 |      12 |    0 |    36 |      0 |      0 |          1 |
|         (gen_pair[3].gen_row[7].u_simd)                                   |                                              mac_simd_pair_1726 |          2 |          2 |       0 |    0 |     2 |      0 |      0 |          1 |
|         u_corr                                                            |                                              sign_corr_lut_1991 |         22 |         22 |       0 |    0 |    34 |      0 |      0 |          0 |
|         u_wrf_0                                                           |                                                     std_rf_1992 |          8 |          0 |       8 |    0 |     0 |      0 |      0 |          0 |
|         u_wrf_1                                                           |                                                     std_rf_1993 |          4 |          0 |       4 |    0 |     0 |      0 |      0 |          0 |
|       gen_pair[3].gen_row[8].u_simd                                       |                                              mac_simd_pair_1727 |        108 |         96 |      12 |    0 |    36 |      0 |      0 |          1 |
|         (gen_pair[3].gen_row[8].u_simd)                                   |                                              mac_simd_pair_1727 |          2 |          2 |       0 |    0 |     2 |      0 |      0 |          1 |
|         u_corr                                                            |                                              sign_corr_lut_1988 |         94 |         94 |       0 |    0 |    34 |      0 |      0 |          0 |
|         u_wrf_0                                                           |                                                     std_rf_1989 |          4 |          0 |       4 |    0 |     0 |      0 |      0 |          0 |
|         u_wrf_1                                                           |                                                     std_rf_1990 |          8 |          0 |       8 |    0 |     0 |      0 |      0 |          0 |
|       gen_pair[3].gen_row[9].u_simd                                       |                                              mac_simd_pair_1728 |         20 |         12 |       8 |    0 |    36 |      0 |      0 |          1 |
|         (gen_pair[3].gen_row[9].u_simd)                                   |                                              mac_simd_pair_1728 |          2 |          2 |       0 |    0 |     2 |      0 |      0 |          1 |
|         u_corr                                                            |                                              sign_corr_lut_1985 |         10 |         10 |       0 |    0 |    34 |      0 |      0 |          0 |
|         u_wrf_0                                                           |                                                     std_rf_1986 |          4 |          0 |       4 |    0 |     0 |      0 |      0 |          0 |
|         u_wrf_1                                                           |                                                     std_rf_1987 |          4 |          0 |       4 |    0 |     0 |      0 |      0 |          0 |
|       gen_pair[4].gen_row[0].u_simd                                       |                                              mac_simd_pair_1729 |         39 |         27 |      12 |    0 |    37 |      0 |      0 |          1 |
|         (gen_pair[4].gen_row[0].u_simd)                                   |                                              mac_simd_pair_1729 |          2 |          2 |       0 |    0 |     3 |      0 |      0 |          1 |
|         u_corr                                                            |                                              sign_corr_lut_1982 |         25 |         25 |       0 |    0 |    34 |      0 |      0 |          0 |
|         u_wrf_0                                                           |                                                     std_rf_1983 |          8 |          0 |       8 |    0 |     0 |      0 |      0 |          0 |
|         u_wrf_1                                                           |                                                     std_rf_1984 |          4 |          0 |       4 |    0 |     0 |      0 |      0 |          0 |
|       gen_pair[4].gen_row[10].u_simd                                      |                                              mac_simd_pair_1730 |         37 |         25 |      12 |    0 |    36 |      0 |      0 |          1 |
|         (gen_pair[4].gen_row[10].u_simd)                                  |                                              mac_simd_pair_1730 |          2 |          2 |       0 |    0 |     2 |      0 |      0 |          1 |
|         u_corr                                                            |                                              sign_corr_lut_1979 |         23 |         23 |       0 |    0 |    34 |      0 |      0 |          0 |
|         u_wrf_0                                                           |                                                     std_rf_1980 |          4 |          0 |       4 |    0 |     0 |      0 |      0 |          0 |
|         u_wrf_1                                                           |                                                     std_rf_1981 |          8 |          0 |       8 |    0 |     0 |      0 |      0 |          0 |
|       gen_pair[4].gen_row[11].u_simd                                      |                                              mac_simd_pair_1731 |         69 |         61 |       8 |    0 |    41 |      0 |      0 |          1 |
|         (gen_pair[4].gen_row[11].u_simd)                                  |                                              mac_simd_pair_1731 |          2 |          2 |       0 |    0 |     7 |      0 |      0 |          1 |
|         u_corr                                                            |                                              sign_corr_lut_1976 |         59 |         59 |       0 |    0 |    34 |      0 |      0 |          0 |
|         u_wrf_0                                                           |                                                     std_rf_1977 |          4 |          0 |       4 |    0 |     0 |      0 |      0 |          0 |
|         u_wrf_1                                                           |                                                     std_rf_1978 |          4 |          0 |       4 |    0 |     0 |      0 |      0 |          0 |
|       gen_pair[4].gen_row[12].u_simd                                      |                                              mac_simd_pair_1732 |         53 |         41 |      12 |    0 |    36 |      0 |      0 |          1 |
|         (gen_pair[4].gen_row[12].u_simd)                                  |                                              mac_simd_pair_1732 |          2 |          2 |       0 |    0 |     2 |      0 |      0 |          1 |
|         u_corr                                                            |                                              sign_corr_lut_1973 |         39 |         39 |       0 |    0 |    34 |      0 |      0 |          0 |
|         u_wrf_0                                                           |                                                     std_rf_1974 |          8 |          0 |       8 |    0 |     0 |      0 |      0 |          0 |
|         u_wrf_1                                                           |                                                     std_rf_1975 |          4 |          0 |       4 |    0 |     0 |      0 |      0 |          0 |
|       gen_pair[4].gen_row[13].u_simd                                      |                                              mac_simd_pair_1733 |        100 |         88 |      12 |    0 |    36 |      0 |      0 |          1 |
|         (gen_pair[4].gen_row[13].u_simd)                                  |                                              mac_simd_pair_1733 |          2 |          2 |       0 |    0 |     2 |      0 |      0 |          1 |
|         u_corr                                                            |                                              sign_corr_lut_1970 |         86 |         86 |       0 |    0 |    34 |      0 |      0 |          0 |
|         u_wrf_0                                                           |                                                     std_rf_1971 |          4 |          0 |       4 |    0 |     0 |      0 |      0 |          0 |
|         u_wrf_1                                                           |                                                     std_rf_1972 |          8 |          0 |       8 |    0 |     0 |      0 |      0 |          0 |
|       gen_pair[4].gen_row[14].u_simd                                      |                                              mac_simd_pair_1734 |         51 |         43 |       8 |    0 |    39 |      0 |      0 |          1 |
|         (gen_pair[4].gen_row[14].u_simd)                                  |                                              mac_simd_pair_1734 |          2 |          2 |       0 |    0 |     5 |      0 |      0 |          1 |
|         u_corr                                                            |                                              sign_corr_lut_1967 |         41 |         41 |       0 |    0 |    34 |      0 |      0 |          0 |
|         u_wrf_0                                                           |                                                     std_rf_1968 |          4 |          0 |       4 |    0 |     0 |      0 |      0 |          0 |
|         u_wrf_1                                                           |                                                     std_rf_1969 |          4 |          0 |       4 |    0 |     0 |      0 |      0 |          0 |
|       gen_pair[4].gen_row[15].u_simd                                      |                                              mac_simd_pair_1735 |         63 |         51 |      12 |    0 |    36 |      0 |      0 |          1 |
|         (gen_pair[4].gen_row[15].u_simd)                                  |                                              mac_simd_pair_1735 |          2 |          2 |       0 |    0 |     2 |      0 |      0 |          1 |
|         u_corr                                                            |                                              sign_corr_lut_1964 |         49 |         49 |       0 |    0 |    34 |      0 |      0 |          0 |
|         u_wrf_0                                                           |                                                     std_rf_1965 |          8 |          0 |       8 |    0 |     0 |      0 |      0 |          0 |
|         u_wrf_1                                                           |                                                     std_rf_1966 |          4 |          0 |       4 |    0 |     0 |      0 |      0 |          0 |
|       gen_pair[4].gen_row[1].u_simd                                       |                                              mac_simd_pair_1736 |         38 |         26 |      12 |    0 |    37 |      0 |      0 |          1 |
|         (gen_pair[4].gen_row[1].u_simd)                                   |                                              mac_simd_pair_1736 |          2 |          2 |       0 |    0 |     3 |      0 |      0 |          1 |
|         u_corr                                                            |                                              sign_corr_lut_1961 |         24 |         24 |       0 |    0 |    34 |      0 |      0 |          0 |
|         u_wrf_0                                                           |                                                     std_rf_1962 |          4 |          0 |       4 |    0 |     0 |      0 |      0 |          0 |
|         u_wrf_1                                                           |                                                     std_rf_1963 |          8 |          0 |       8 |    0 |     0 |      0 |      0 |          0 |
|       gen_pair[4].gen_row[2].u_simd                                       |                                              mac_simd_pair_1737 |        111 |        103 |       8 |    0 |    44 |      0 |      0 |          1 |
|         (gen_pair[4].gen_row[2].u_simd)                                   |                                              mac_simd_pair_1737 |          2 |          2 |       0 |    0 |    10 |      0 |      0 |          1 |
|         u_corr                                                            |                                              sign_corr_lut_1958 |        101 |        101 |       0 |    0 |    34 |      0 |      0 |          0 |
|         u_wrf_0                                                           |                                                     std_rf_1959 |          4 |          0 |       4 |    0 |     0 |      0 |      0 |          0 |
|         u_wrf_1                                                           |                                                     std_rf_1960 |          4 |          0 |       4 |    0 |     0 |      0 |      0 |          0 |
|       gen_pair[4].gen_row[3].u_simd                                       |                                              mac_simd_pair_1738 |         24 |         12 |      12 |    0 |    37 |      0 |      0 |          1 |
|         (gen_pair[4].gen_row[3].u_simd)                                   |                                              mac_simd_pair_1738 |          2 |          2 |       0 |    0 |     3 |      0 |      0 |          1 |
|         u_corr                                                            |                                              sign_corr_lut_1955 |         10 |         10 |       0 |    0 |    34 |      0 |      0 |          0 |
|         u_wrf_0                                                           |                                                     std_rf_1956 |          8 |          0 |       8 |    0 |     0 |      0 |      0 |          0 |
|         u_wrf_1                                                           |                                                     std_rf_1957 |          4 |          0 |       4 |    0 |     0 |      0 |      0 |          0 |
|       gen_pair[4].gen_row[4].u_simd                                       |                                              mac_simd_pair_1739 |         39 |         27 |      12 |    0 |    36 |      0 |      0 |          1 |
|         (gen_pair[4].gen_row[4].u_simd)                                   |                                              mac_simd_pair_1739 |          2 |          2 |       0 |    0 |     2 |      0 |      0 |          1 |
|         u_corr                                                            |                                              sign_corr_lut_1952 |         25 |         25 |       0 |    0 |    34 |      0 |      0 |          0 |
|         u_wrf_0                                                           |                                                     std_rf_1953 |          4 |          0 |       4 |    0 |     0 |      0 |      0 |          0 |
|         u_wrf_1                                                           |                                                     std_rf_1954 |          8 |          0 |       8 |    0 |     0 |      0 |      0 |          0 |
|       gen_pair[4].gen_row[5].u_simd                                       |                                              mac_simd_pair_1740 |         52 |         44 |       8 |    0 |    37 |      0 |      0 |          1 |
|         (gen_pair[4].gen_row[5].u_simd)                                   |                                              mac_simd_pair_1740 |          2 |          2 |       0 |    0 |     3 |      0 |      0 |          1 |
|         u_corr                                                            |                                              sign_corr_lut_1949 |         42 |         42 |       0 |    0 |    34 |      0 |      0 |          0 |
|         u_wrf_0                                                           |                                                     std_rf_1950 |          4 |          0 |       4 |    0 |     0 |      0 |      0 |          0 |
|         u_wrf_1                                                           |                                                     std_rf_1951 |          4 |          0 |       4 |    0 |     0 |      0 |      0 |          0 |
|       gen_pair[4].gen_row[6].u_simd                                       |                                              mac_simd_pair_1741 |         25 |         13 |      12 |    0 |    37 |      0 |      0 |          1 |
|         (gen_pair[4].gen_row[6].u_simd)                                   |                                              mac_simd_pair_1741 |          2 |          2 |       0 |    0 |     3 |      0 |      0 |          1 |
|         u_corr                                                            |                                              sign_corr_lut_1946 |         11 |         11 |       0 |    0 |    34 |      0 |      0 |          0 |
|         u_wrf_0                                                           |                                                     std_rf_1947 |          8 |          0 |       8 |    0 |     0 |      0 |      0 |          0 |
|         u_wrf_1                                                           |                                                     std_rf_1948 |          4 |          0 |       4 |    0 |     0 |      0 |      0 |          0 |
|       gen_pair[4].gen_row[7].u_simd                                       |                                              mac_simd_pair_1742 |         37 |         25 |      12 |    0 |    37 |      0 |      0 |          1 |
|         (gen_pair[4].gen_row[7].u_simd)                                   |                                              mac_simd_pair_1742 |          2 |          2 |       0 |    0 |     3 |      0 |      0 |          1 |
|         u_corr                                                            |                                              sign_corr_lut_1943 |         23 |         23 |       0 |    0 |    34 |      0 |      0 |          0 |
|         u_wrf_0                                                           |                                                     std_rf_1944 |          4 |          0 |       4 |    0 |     0 |      0 |      0 |          0 |
|         u_wrf_1                                                           |                                                     std_rf_1945 |          8 |          0 |       8 |    0 |     0 |      0 |      0 |          0 |
|       gen_pair[4].gen_row[8].u_simd                                       |                                              mac_simd_pair_1743 |         79 |         71 |       8 |    0 |    37 |      0 |      0 |          1 |
|         (gen_pair[4].gen_row[8].u_simd)                                   |                                              mac_simd_pair_1743 |          2 |          2 |       0 |    0 |     3 |      0 |      0 |          1 |
|         u_corr                                                            |                                              sign_corr_lut_1940 |         69 |         69 |       0 |    0 |    34 |      0 |      0 |          0 |
|         u_wrf_0                                                           |                                                     std_rf_1941 |          4 |          0 |       4 |    0 |     0 |      0 |      0 |          0 |
|         u_wrf_1                                                           |                                                     std_rf_1942 |          4 |          0 |       4 |    0 |     0 |      0 |      0 |          0 |
|       gen_pair[4].gen_row[9].u_simd                                       |                                              mac_simd_pair_1744 |         24 |         12 |      12 |    0 |    36 |      0 |      0 |          1 |
|         (gen_pair[4].gen_row[9].u_simd)                                   |                                              mac_simd_pair_1744 |          2 |          2 |       0 |    0 |     2 |      0 |      0 |          1 |
|         u_corr                                                            |                                              sign_corr_lut_1937 |         10 |         10 |       0 |    0 |    34 |      0 |      0 |          0 |
|         u_wrf_0                                                           |                                                     std_rf_1938 |          8 |          0 |       8 |    0 |     0 |      0 |      0 |          0 |
|         u_wrf_1                                                           |                                                     std_rf_1939 |          4 |          0 |       4 |    0 |     0 |      0 |      0 |          0 |
|       gen_pair[5].gen_row[0].u_simd                                       |                                              mac_simd_pair_1745 |         42 |         30 |      12 |    0 |    36 |      0 |      0 |          1 |
|         (gen_pair[5].gen_row[0].u_simd)                                   |                                              mac_simd_pair_1745 |          2 |          2 |       0 |    0 |     2 |      0 |      0 |          1 |
|         u_corr                                                            |                                              sign_corr_lut_1934 |         28 |         28 |       0 |    0 |    34 |      0 |      0 |          0 |
|         u_wrf_0                                                           |                                                     std_rf_1935 |          4 |          0 |       4 |    0 |     0 |      0 |      0 |          0 |
|         u_wrf_1                                                           |                                                     std_rf_1936 |          8 |          0 |       8 |    0 |     0 |      0 |      0 |          0 |
|       gen_pair[5].gen_row[10].u_simd                                      |                                              mac_simd_pair_1746 |         28 |         20 |       8 |    0 |    36 |      0 |      0 |          1 |
|         (gen_pair[5].gen_row[10].u_simd)                                  |                                              mac_simd_pair_1746 |          2 |          2 |       0 |    0 |     2 |      0 |      0 |          1 |
|         u_corr                                                            |                                              sign_corr_lut_1931 |         18 |         18 |       0 |    0 |    34 |      0 |      0 |          0 |
|         u_wrf_0                                                           |                                                     std_rf_1932 |          4 |          0 |       4 |    0 |     0 |      0 |      0 |          0 |
|         u_wrf_1                                                           |                                                     std_rf_1933 |          4 |          0 |       4 |    0 |     0 |      0 |      0 |          0 |
|       gen_pair[5].gen_row[11].u_simd                                      |                                              mac_simd_pair_1747 |         92 |         80 |      12 |    0 |    36 |      0 |      0 |          1 |
|         (gen_pair[5].gen_row[11].u_simd)                                  |                                              mac_simd_pair_1747 |          2 |          2 |       0 |    0 |     2 |      0 |      0 |          1 |
|         u_corr                                                            |                                              sign_corr_lut_1928 |         78 |         78 |       0 |    0 |    34 |      0 |      0 |          0 |
|         u_wrf_0                                                           |                                                     std_rf_1929 |          8 |          0 |       8 |    0 |     0 |      0 |      0 |          0 |
|         u_wrf_1                                                           |                                                     std_rf_1930 |          4 |          0 |       4 |    0 |     0 |      0 |      0 |          0 |
|       gen_pair[5].gen_row[12].u_simd                                      |                                              mac_simd_pair_1748 |         24 |         12 |      12 |    0 |    36 |      0 |      0 |          1 |
|         (gen_pair[5].gen_row[12].u_simd)                                  |                                              mac_simd_pair_1748 |          2 |          2 |       0 |    0 |     2 |      0 |      0 |          1 |
|         u_corr                                                            |                                              sign_corr_lut_1925 |         10 |         10 |       0 |    0 |    34 |      0 |      0 |          0 |
|         u_wrf_0                                                           |                                                     std_rf_1926 |          4 |          0 |       4 |    0 |     0 |      0 |      0 |          0 |
|         u_wrf_1                                                           |                                                     std_rf_1927 |          8 |          0 |       8 |    0 |     0 |      0 |      0 |          0 |
|       gen_pair[5].gen_row[13].u_simd                                      |                                              mac_simd_pair_1749 |         94 |         86 |       8 |    0 |    36 |      0 |      0 |          1 |
|         (gen_pair[5].gen_row[13].u_simd)                                  |                                              mac_simd_pair_1749 |          2 |          2 |       0 |    0 |     2 |      0 |      0 |          1 |
|         u_corr                                                            |                                              sign_corr_lut_1922 |         84 |         84 |       0 |    0 |    34 |      0 |      0 |          0 |
|         u_wrf_0                                                           |                                                     std_rf_1923 |          4 |          0 |       4 |    0 |     0 |      0 |      0 |          0 |
|         u_wrf_1                                                           |                                                     std_rf_1924 |          4 |          0 |       4 |    0 |     0 |      0 |      0 |          0 |
|       gen_pair[5].gen_row[14].u_simd                                      |                                              mac_simd_pair_1750 |         56 |         44 |      12 |    0 |    36 |      0 |      0 |          1 |
|         (gen_pair[5].gen_row[14].u_simd)                                  |                                              mac_simd_pair_1750 |          2 |          2 |       0 |    0 |     2 |      0 |      0 |          1 |
|         u_corr                                                            |                                              sign_corr_lut_1919 |         42 |         42 |       0 |    0 |    34 |      0 |      0 |          0 |
|         u_wrf_0                                                           |                                                     std_rf_1920 |          8 |          0 |       8 |    0 |     0 |      0 |      0 |          0 |
|         u_wrf_1                                                           |                                                     std_rf_1921 |          4 |          0 |       4 |    0 |     0 |      0 |      0 |          0 |
|       gen_pair[5].gen_row[15].u_simd                                      |                                              mac_simd_pair_1751 |         24 |         12 |      12 |    0 |    36 |      0 |      0 |          1 |
|         (gen_pair[5].gen_row[15].u_simd)                                  |                                              mac_simd_pair_1751 |          2 |          2 |       0 |    0 |     2 |      0 |      0 |          1 |
|         u_corr                                                            |                                              sign_corr_lut_1916 |         10 |         10 |       0 |    0 |    34 |      0 |      0 |          0 |
|         u_wrf_0                                                           |                                                     std_rf_1917 |          4 |          0 |       4 |    0 |     0 |      0 |      0 |          0 |
|         u_wrf_1                                                           |                                                     std_rf_1918 |          8 |          0 |       8 |    0 |     0 |      0 |      0 |          0 |
|       gen_pair[5].gen_row[1].u_simd                                       |                                              mac_simd_pair_1752 |         29 |         21 |       8 |    0 |    36 |      0 |      0 |          1 |
|         (gen_pair[5].gen_row[1].u_simd)                                   |                                              mac_simd_pair_1752 |          2 |          2 |       0 |    0 |     2 |      0 |      0 |          1 |
|         u_corr                                                            |                                              sign_corr_lut_1913 |         19 |         19 |       0 |    0 |    34 |      0 |      0 |          0 |
|         u_wrf_0                                                           |                                                     std_rf_1914 |          4 |          0 |       4 |    0 |     0 |      0 |      0 |          0 |
|         u_wrf_1                                                           |                                                     std_rf_1915 |          4 |          0 |       4 |    0 |     0 |      0 |      0 |          0 |
|       gen_pair[5].gen_row[2].u_simd                                       |                                              mac_simd_pair_1753 |        123 |        111 |      12 |    0 |    36 |      0 |      0 |          1 |
|         (gen_pair[5].gen_row[2].u_simd)                                   |                                              mac_simd_pair_1753 |          2 |          2 |       0 |    0 |     2 |      0 |      0 |          1 |
|         u_corr                                                            |                                              sign_corr_lut_1910 |        109 |        109 |       0 |    0 |    34 |      0 |      0 |          0 |
|         u_wrf_0                                                           |                                                     std_rf_1911 |          8 |          0 |       8 |    0 |     0 |      0 |      0 |          0 |
|         u_wrf_1                                                           |                                                     std_rf_1912 |          4 |          0 |       4 |    0 |     0 |      0 |      0 |          0 |
|       gen_pair[5].gen_row[3].u_simd                                       |                                              mac_simd_pair_1754 |         24 |         12 |      12 |    0 |    36 |      0 |      0 |          1 |
|         (gen_pair[5].gen_row[3].u_simd)                                   |                                              mac_simd_pair_1754 |          2 |          2 |       0 |    0 |     2 |      0 |      0 |          1 |
|         u_corr                                                            |                                              sign_corr_lut_1907 |         10 |         10 |       0 |    0 |    34 |      0 |      0 |          0 |
|         u_wrf_0                                                           |                                                     std_rf_1908 |          4 |          0 |       4 |    0 |     0 |      0 |      0 |          0 |
|         u_wrf_1                                                           |                                                     std_rf_1909 |          8 |          0 |       8 |    0 |     0 |      0 |      0 |          0 |
|       gen_pair[5].gen_row[4].u_simd                                       |                                              mac_simd_pair_1755 |         36 |         28 |       8 |    0 |    44 |      0 |      0 |          1 |
|         (gen_pair[5].gen_row[4].u_simd)                                   |                                              mac_simd_pair_1755 |          2 |          2 |       0 |    0 |    10 |      0 |      0 |          1 |
|         u_corr                                                            |                                              sign_corr_lut_1904 |         26 |         26 |       0 |    0 |    34 |      0 |      0 |          0 |
|         u_wrf_0                                                           |                                                     std_rf_1905 |          4 |          0 |       4 |    0 |     0 |      0 |      0 |          0 |
|         u_wrf_1                                                           |                                                     std_rf_1906 |          4 |          0 |       4 |    0 |     0 |      0 |      0 |          0 |
|       gen_pair[5].gen_row[5].u_simd                                       |                                              mac_simd_pair_1756 |         56 |         44 |      12 |    0 |    36 |      0 |      0 |          1 |
|         (gen_pair[5].gen_row[5].u_simd)                                   |                                              mac_simd_pair_1756 |          2 |          2 |       0 |    0 |     2 |      0 |      0 |          1 |
|         u_corr                                                            |                                              sign_corr_lut_1901 |         42 |         42 |       0 |    0 |    34 |      0 |      0 |          0 |
|         u_wrf_0                                                           |                                                     std_rf_1902 |          8 |          0 |       8 |    0 |     0 |      0 |      0 |          0 |
|         u_wrf_1                                                           |                                                     std_rf_1903 |          4 |          0 |       4 |    0 |     0 |      0 |      0 |          0 |
|       gen_pair[5].gen_row[6].u_simd                                       |                                              mac_simd_pair_1757 |         24 |         12 |      12 |    0 |    36 |      0 |      0 |          1 |
|         (gen_pair[5].gen_row[6].u_simd)                                   |                                              mac_simd_pair_1757 |          2 |          2 |       0 |    0 |     2 |      0 |      0 |          1 |
|         u_corr                                                            |                                              sign_corr_lut_1898 |         10 |         10 |       0 |    0 |    34 |      0 |      0 |          0 |
|         u_wrf_0                                                           |                                                     std_rf_1899 |          4 |          0 |       4 |    0 |     0 |      0 |      0 |          0 |
|         u_wrf_1                                                           |                                                     std_rf_1900 |          8 |          0 |       8 |    0 |     0 |      0 |      0 |          0 |
|       gen_pair[5].gen_row[7].u_simd                                       |                                              mac_simd_pair_1758 |         34 |         26 |       8 |    0 |    36 |      0 |      0 |          1 |
|         (gen_pair[5].gen_row[7].u_simd)                                   |                                              mac_simd_pair_1758 |          2 |          2 |       0 |    0 |     2 |      0 |      0 |          1 |
|         u_corr                                                            |                                              sign_corr_lut_1895 |         24 |         24 |       0 |    0 |    34 |      0 |      0 |          0 |
|         u_wrf_0                                                           |                                                     std_rf_1896 |          4 |          0 |       4 |    0 |     0 |      0 |      0 |          0 |
|         u_wrf_1                                                           |                                                     std_rf_1897 |          4 |          0 |       4 |    0 |     0 |      0 |      0 |          0 |
|       gen_pair[5].gen_row[8].u_simd                                       |                                              mac_simd_pair_1759 |         58 |         46 |      12 |    0 |    36 |      0 |      0 |          1 |
|         (gen_pair[5].gen_row[8].u_simd)                                   |                                              mac_simd_pair_1759 |          2 |          2 |       0 |    0 |     2 |      0 |      0 |          1 |
|         u_corr                                                            |                                              sign_corr_lut_1892 |         44 |         44 |       0 |    0 |    34 |      0 |      0 |          0 |
|         u_wrf_0                                                           |                                                     std_rf_1893 |          8 |          0 |       8 |    0 |     0 |      0 |      0 |          0 |
|         u_wrf_1                                                           |                                                     std_rf_1894 |          4 |          0 |       4 |    0 |     0 |      0 |      0 |          0 |
|       gen_pair[5].gen_row[9].u_simd                                       |                                              mac_simd_pair_1760 |         24 |         12 |      12 |    0 |    36 |      0 |      0 |          1 |
|         (gen_pair[5].gen_row[9].u_simd)                                   |                                              mac_simd_pair_1760 |          2 |          2 |       0 |    0 |     2 |      0 |      0 |          1 |
|         u_corr                                                            |                                              sign_corr_lut_1889 |         10 |         10 |       0 |    0 |    34 |      0 |      0 |          0 |
|         u_wrf_0                                                           |                                                     std_rf_1890 |          4 |          0 |       4 |    0 |     0 |      0 |      0 |          0 |
|         u_wrf_1                                                           |                                                     std_rf_1891 |          8 |          0 |       8 |    0 |     0 |      0 |      0 |          0 |
|       gen_pair[6].gen_row[0].u_simd                                       |                                              mac_simd_pair_1761 |         38 |         30 |       8 |    0 |    36 |      0 |      0 |          1 |
|         (gen_pair[6].gen_row[0].u_simd)                                   |                                              mac_simd_pair_1761 |          2 |          2 |       0 |    0 |     2 |      0 |      0 |          1 |
|         u_corr                                                            |                                              sign_corr_lut_1886 |         28 |         28 |       0 |    0 |    34 |      0 |      0 |          0 |
|         u_wrf_0                                                           |                                                     std_rf_1887 |          4 |          0 |       4 |    0 |     0 |      0 |      0 |          0 |
|         u_wrf_1                                                           |                                                     std_rf_1888 |          4 |          0 |       4 |    0 |     0 |      0 |      0 |          0 |
|       gen_pair[6].gen_row[10].u_simd                                      |                                              mac_simd_pair_1762 |         32 |         20 |      12 |    0 |    36 |      0 |      0 |          1 |
|         (gen_pair[6].gen_row[10].u_simd)                                  |                                              mac_simd_pair_1762 |          2 |          2 |       0 |    0 |     2 |      0 |      0 |          1 |
|         u_corr                                                            |                                              sign_corr_lut_1883 |         18 |         18 |       0 |    0 |    34 |      0 |      0 |          0 |
|         u_wrf_0                                                           |                                                     std_rf_1884 |          8 |          0 |       8 |    0 |     0 |      0 |      0 |          0 |
|         u_wrf_1                                                           |                                                     std_rf_1885 |          4 |          0 |       4 |    0 |     0 |      0 |      0 |          0 |
|       gen_pair[6].gen_row[11].u_simd                                      |                                              mac_simd_pair_1763 |         92 |         80 |      12 |    0 |    36 |      0 |      0 |          1 |
|         (gen_pair[6].gen_row[11].u_simd)                                  |                                              mac_simd_pair_1763 |          2 |          2 |       0 |    0 |     2 |      0 |      0 |          1 |
|         u_corr                                                            |                                              sign_corr_lut_1880 |         78 |         78 |       0 |    0 |    34 |      0 |      0 |          0 |
|         u_wrf_0                                                           |                                                     std_rf_1881 |          4 |          0 |       4 |    0 |     0 |      0 |      0 |          0 |
|         u_wrf_1                                                           |                                                     std_rf_1882 |          8 |          0 |       8 |    0 |     0 |      0 |      0 |          0 |
|       gen_pair[6].gen_row[12].u_simd                                      |                                              mac_simd_pair_1764 |         20 |         12 |       8 |    0 |    36 |      0 |      0 |          1 |
|         (gen_pair[6].gen_row[12].u_simd)                                  |                                              mac_simd_pair_1764 |          2 |          2 |       0 |    0 |     2 |      0 |      0 |          1 |
|         u_corr                                                            |                                              sign_corr_lut_1877 |         10 |         10 |       0 |    0 |    34 |      0 |      0 |          0 |
|         u_wrf_0                                                           |                                                     std_rf_1878 |          4 |          0 |       4 |    0 |     0 |      0 |      0 |          0 |
|         u_wrf_1                                                           |                                                     std_rf_1879 |          4 |          0 |       4 |    0 |     0 |      0 |      0 |          0 |
|       gen_pair[6].gen_row[13].u_simd                                      |                                              mac_simd_pair_1765 |         98 |         86 |      12 |    0 |    36 |      0 |      0 |          1 |
|         (gen_pair[6].gen_row[13].u_simd)                                  |                                              mac_simd_pair_1765 |          2 |          2 |       0 |    0 |     2 |      0 |      0 |          1 |
|         u_corr                                                            |                                              sign_corr_lut_1874 |         84 |         84 |       0 |    0 |    34 |      0 |      0 |          0 |
|         u_wrf_0                                                           |                                                     std_rf_1875 |          8 |          0 |       8 |    0 |     0 |      0 |      0 |          0 |
|         u_wrf_1                                                           |                                                     std_rf_1876 |          4 |          0 |       4 |    0 |     0 |      0 |      0 |          0 |
|       gen_pair[6].gen_row[14].u_simd                                      |                                              mac_simd_pair_1766 |         56 |         44 |      12 |    0 |    36 |      0 |      0 |          1 |
|         (gen_pair[6].gen_row[14].u_simd)                                  |                                              mac_simd_pair_1766 |          2 |          2 |       0 |    0 |     2 |      0 |      0 |          1 |
|         u_corr                                                            |                                              sign_corr_lut_1871 |         42 |         42 |       0 |    0 |    34 |      0 |      0 |          0 |
|         u_wrf_0                                                           |                                                     std_rf_1872 |          4 |          0 |       4 |    0 |     0 |      0 |      0 |          0 |
|         u_wrf_1                                                           |                                                     std_rf_1873 |          8 |          0 |       8 |    0 |     0 |      0 |      0 |          0 |
|       gen_pair[6].gen_row[15].u_simd                                      |                                              mac_simd_pair_1767 |         20 |         12 |       8 |    0 |    36 |      0 |      0 |          1 |
|         (gen_pair[6].gen_row[15].u_simd)                                  |                                              mac_simd_pair_1767 |          2 |          2 |       0 |    0 |     2 |      0 |      0 |          1 |
|         u_corr                                                            |                                              sign_corr_lut_1868 |         10 |         10 |       0 |    0 |    34 |      0 |      0 |          0 |
|         u_wrf_0                                                           |                                                     std_rf_1869 |          4 |          0 |       4 |    0 |     0 |      0 |      0 |          0 |
|         u_wrf_1                                                           |                                                     std_rf_1870 |          4 |          0 |       4 |    0 |     0 |      0 |      0 |          0 |
|       gen_pair[6].gen_row[1].u_simd                                       |                                              mac_simd_pair_1768 |         32 |         20 |      12 |    0 |    36 |      0 |      0 |          1 |
|         (gen_pair[6].gen_row[1].u_simd)                                   |                                              mac_simd_pair_1768 |          2 |          2 |       0 |    0 |     2 |      0 |      0 |          1 |
|         u_corr                                                            |                                              sign_corr_lut_1865 |         18 |         18 |       0 |    0 |    34 |      0 |      0 |          0 |
|         u_wrf_0                                                           |                                                     std_rf_1866 |          8 |          0 |       8 |    0 |     0 |      0 |      0 |          0 |
|         u_wrf_1                                                           |                                                     std_rf_1867 |          4 |          0 |       4 |    0 |     0 |      0 |      0 |          0 |
|       gen_pair[6].gen_row[2].u_simd                                       |                                              mac_simd_pair_1769 |        123 |        111 |      12 |    0 |    36 |      0 |      0 |          1 |
|         (gen_pair[6].gen_row[2].u_simd)                                   |                                              mac_simd_pair_1769 |          2 |          2 |       0 |    0 |     2 |      0 |      0 |          1 |
|         u_corr                                                            |                                              sign_corr_lut_1862 |        109 |        109 |       0 |    0 |    34 |      0 |      0 |          0 |
|         u_wrf_0                                                           |                                                     std_rf_1863 |          4 |          0 |       4 |    0 |     0 |      0 |      0 |          0 |
|         u_wrf_1                                                           |                                                     std_rf_1864 |          8 |          0 |       8 |    0 |     0 |      0 |      0 |          0 |
|       gen_pair[6].gen_row[3].u_simd                                       |                                              mac_simd_pair_1770 |         20 |         12 |       8 |    0 |    36 |      0 |      0 |          1 |
|         (gen_pair[6].gen_row[3].u_simd)                                   |                                              mac_simd_pair_1770 |          2 |          2 |       0 |    0 |     2 |      0 |      0 |          1 |
|         u_corr                                                            |                                              sign_corr_lut_1859 |         10 |         10 |       0 |    0 |    34 |      0 |      0 |          0 |
|         u_wrf_0                                                           |                                                     std_rf_1860 |          4 |          0 |       4 |    0 |     0 |      0 |      0 |          0 |
|         u_wrf_1                                                           |                                                     std_rf_1861 |          4 |          0 |       4 |    0 |     0 |      0 |      0 |          0 |
|       gen_pair[6].gen_row[4].u_simd                                       |                                              mac_simd_pair_1771 |         40 |         28 |      12 |    0 |    36 |      0 |      0 |          1 |
|         (gen_pair[6].gen_row[4].u_simd)                                   |                                              mac_simd_pair_1771 |          2 |          2 |       0 |    0 |     2 |      0 |      0 |          1 |
|         u_corr                                                            |                                              sign_corr_lut_1856 |         26 |         26 |       0 |    0 |    34 |      0 |      0 |          0 |
|         u_wrf_0                                                           |                                                     std_rf_1857 |          8 |          0 |       8 |    0 |     0 |      0 |      0 |          0 |
|         u_wrf_1                                                           |                                                     std_rf_1858 |          4 |          0 |       4 |    0 |     0 |      0 |      0 |          0 |
|       gen_pair[6].gen_row[5].u_simd                                       |                                              mac_simd_pair_1772 |         56 |         44 |      12 |    0 |    36 |      0 |      0 |          1 |
|         (gen_pair[6].gen_row[5].u_simd)                                   |                                              mac_simd_pair_1772 |          2 |          2 |       0 |    0 |     2 |      0 |      0 |          1 |
|         u_corr                                                            |                                              sign_corr_lut_1853 |         42 |         42 |       0 |    0 |    34 |      0 |      0 |          0 |
|         u_wrf_0                                                           |                                                     std_rf_1854 |          4 |          0 |       4 |    0 |     0 |      0 |      0 |          0 |
|         u_wrf_1                                                           |                                                     std_rf_1855 |          8 |          0 |       8 |    0 |     0 |      0 |      0 |          0 |
|       gen_pair[6].gen_row[6].u_simd                                       |                                              mac_simd_pair_1773 |         20 |         12 |       8 |    0 |    36 |      0 |      0 |          1 |
|         (gen_pair[6].gen_row[6].u_simd)                                   |                                              mac_simd_pair_1773 |          2 |          2 |       0 |    0 |     2 |      0 |      0 |          1 |
|         u_corr                                                            |                                              sign_corr_lut_1850 |         10 |         10 |       0 |    0 |    34 |      0 |      0 |          0 |
|         u_wrf_0                                                           |                                                     std_rf_1851 |          4 |          0 |       4 |    0 |     0 |      0 |      0 |          0 |
|         u_wrf_1                                                           |                                                     std_rf_1852 |          4 |          0 |       4 |    0 |     0 |      0 |      0 |          0 |
|       gen_pair[6].gen_row[7].u_simd                                       |                                              mac_simd_pair_1774 |         38 |         26 |      12 |    0 |    36 |      0 |      0 |          1 |
|         (gen_pair[6].gen_row[7].u_simd)                                   |                                              mac_simd_pair_1774 |          2 |          2 |       0 |    0 |     2 |      0 |      0 |          1 |
|         u_corr                                                            |                                              sign_corr_lut_1847 |         24 |         24 |       0 |    0 |    34 |      0 |      0 |          0 |
|         u_wrf_0                                                           |                                                     std_rf_1848 |          8 |          0 |       8 |    0 |     0 |      0 |      0 |          0 |
|         u_wrf_1                                                           |                                                     std_rf_1849 |          4 |          0 |       4 |    0 |     0 |      0 |      0 |          0 |
|       gen_pair[6].gen_row[8].u_simd                                       |                                              mac_simd_pair_1775 |         58 |         46 |      12 |    0 |    36 |      0 |      0 |          1 |
|         (gen_pair[6].gen_row[8].u_simd)                                   |                                              mac_simd_pair_1775 |          2 |          2 |       0 |    0 |     2 |      0 |      0 |          1 |
|         u_corr                                                            |                                              sign_corr_lut_1844 |         44 |         44 |       0 |    0 |    34 |      0 |      0 |          0 |
|         u_wrf_0                                                           |                                                     std_rf_1845 |          4 |          0 |       4 |    0 |     0 |      0 |      0 |          0 |
|         u_wrf_1                                                           |                                                     std_rf_1846 |          8 |          0 |       8 |    0 |     0 |      0 |      0 |          0 |
|       gen_pair[6].gen_row[9].u_simd                                       |                                              mac_simd_pair_1776 |         20 |         12 |       8 |    0 |    36 |      0 |      0 |          1 |
|         (gen_pair[6].gen_row[9].u_simd)                                   |                                              mac_simd_pair_1776 |          2 |          2 |       0 |    0 |     2 |      0 |      0 |          1 |
|         u_corr                                                            |                                              sign_corr_lut_1841 |         10 |         10 |       0 |    0 |    34 |      0 |      0 |          0 |
|         u_wrf_0                                                           |                                                     std_rf_1842 |          4 |          0 |       4 |    0 |     0 |      0 |      0 |          0 |
|         u_wrf_1                                                           |                                                     std_rf_1843 |          4 |          0 |       4 |    0 |     0 |      0 |      0 |          0 |
|       gen_pair[7].gen_row[0].u_simd                                       |                                              mac_simd_pair_1777 |         42 |         30 |      12 |    0 |    36 |      0 |      0 |          1 |
|         (gen_pair[7].gen_row[0].u_simd)                                   |                                              mac_simd_pair_1777 |          2 |          2 |       0 |    0 |     2 |      0 |      0 |          1 |
|         u_corr                                                            |                                              sign_corr_lut_1838 |         28 |         28 |       0 |    0 |    34 |      0 |      0 |          0 |
|         u_wrf_0                                                           |                                                     std_rf_1839 |          8 |          0 |       8 |    0 |     0 |      0 |      0 |          0 |
|         u_wrf_1                                                           |                                                     std_rf_1840 |          4 |          0 |       4 |    0 |     0 |      0 |      0 |          0 |
|       gen_pair[7].gen_row[10].u_simd                                      |                                              mac_simd_pair_1778 |         32 |         20 |      12 |    0 |    44 |      0 |      0 |          1 |
|         (gen_pair[7].gen_row[10].u_simd)                                  |                                              mac_simd_pair_1778 |          2 |          2 |       0 |    0 |    10 |      0 |      0 |          1 |
|         u_corr                                                            |                                              sign_corr_lut_1835 |         18 |         18 |       0 |    0 |    34 |      0 |      0 |          0 |
|         u_wrf_0                                                           |                                                     std_rf_1836 |          4 |          0 |       4 |    0 |     0 |      0 |      0 |          0 |
|         u_wrf_1                                                           |                                                     std_rf_1837 |          8 |          0 |       8 |    0 |     0 |      0 |      0 |          0 |
|       gen_pair[7].gen_row[11].u_simd                                      |                                              mac_simd_pair_1779 |         88 |         80 |       8 |    0 |    36 |      0 |      0 |          1 |
|         (gen_pair[7].gen_row[11].u_simd)                                  |                                              mac_simd_pair_1779 |          2 |          2 |       0 |    0 |     2 |      0 |      0 |          1 |
|         u_corr                                                            |                                              sign_corr_lut_1832 |         78 |         78 |       0 |    0 |    34 |      0 |      0 |          0 |
|         u_wrf_0                                                           |                                                     std_rf_1833 |          4 |          0 |       4 |    0 |     0 |      0 |      0 |          0 |
|         u_wrf_1                                                           |                                                     std_rf_1834 |          4 |          0 |       4 |    0 |     0 |      0 |      0 |          0 |
|       gen_pair[7].gen_row[12].u_simd                                      |                                              mac_simd_pair_1780 |         24 |         12 |      12 |    0 |    44 |      0 |      0 |          1 |
|         (gen_pair[7].gen_row[12].u_simd)                                  |                                              mac_simd_pair_1780 |          2 |          2 |       0 |    0 |    10 |      0 |      0 |          1 |
|         u_corr                                                            |                                              sign_corr_lut_1829 |         10 |         10 |       0 |    0 |    34 |      0 |      0 |          0 |
|         u_wrf_0                                                           |                                                     std_rf_1830 |          8 |          0 |       8 |    0 |     0 |      0 |      0 |          0 |
|         u_wrf_1                                                           |                                                     std_rf_1831 |          4 |          0 |       4 |    0 |     0 |      0 |      0 |          0 |
|       gen_pair[7].gen_row[13].u_simd                                      |                                              mac_simd_pair_1781 |         98 |         86 |      12 |    0 |    44 |      0 |      0 |          1 |
|         (gen_pair[7].gen_row[13].u_simd)                                  |                                              mac_simd_pair_1781 |          2 |          2 |       0 |    0 |    10 |      0 |      0 |          1 |
|         u_corr                                                            |                                              sign_corr_lut_1826 |         84 |         84 |       0 |    0 |    34 |      0 |      0 |          0 |
|         u_wrf_0                                                           |                                                     std_rf_1827 |          4 |          0 |       4 |    0 |     0 |      0 |      0 |          0 |
|         u_wrf_1                                                           |                                                     std_rf_1828 |          8 |          0 |       8 |    0 |     0 |      0 |      0 |          0 |
|       gen_pair[7].gen_row[14].u_simd                                      |                                              mac_simd_pair_1782 |         52 |         44 |       8 |    0 |    41 |      0 |      0 |          1 |
|         (gen_pair[7].gen_row[14].u_simd)                                  |                                              mac_simd_pair_1782 |          2 |          2 |       0 |    0 |     7 |      0 |      0 |          1 |
|         u_corr                                                            |                                              sign_corr_lut_1823 |         42 |         42 |       0 |    0 |    34 |      0 |      0 |          0 |
|         u_wrf_0                                                           |                                                     std_rf_1824 |          4 |          0 |       4 |    0 |     0 |      0 |      0 |          0 |
|         u_wrf_1                                                           |                                                     std_rf_1825 |          4 |          0 |       4 |    0 |     0 |      0 |      0 |          0 |
|       gen_pair[7].gen_row[15].u_simd                                      |                                              mac_simd_pair_1783 |         24 |         12 |      12 |    0 |    41 |      0 |      0 |          1 |
|         (gen_pair[7].gen_row[15].u_simd)                                  |                                              mac_simd_pair_1783 |          2 |          2 |       0 |    0 |     7 |      0 |      0 |          1 |
|         u_corr                                                            |                                              sign_corr_lut_1820 |         10 |         10 |       0 |    0 |    34 |      0 |      0 |          0 |
|         u_wrf_0                                                           |                                                     std_rf_1821 |          8 |          0 |       8 |    0 |     0 |      0 |      0 |          0 |
|         u_wrf_1                                                           |                                                     std_rf_1822 |          4 |          0 |       4 |    0 |     0 |      0 |      0 |          0 |
|       gen_pair[7].gen_row[1].u_simd                                       |                                              mac_simd_pair_1784 |         32 |         20 |      12 |    0 |    40 |      0 |      0 |          1 |
|         (gen_pair[7].gen_row[1].u_simd)                                   |                                              mac_simd_pair_1784 |          2 |          2 |       0 |    0 |     6 |      0 |      0 |          1 |
|         u_corr                                                            |                                              sign_corr_lut_1817 |         18 |         18 |       0 |    0 |    34 |      0 |      0 |          0 |
|         u_wrf_0                                                           |                                                     std_rf_1818 |          4 |          0 |       4 |    0 |     0 |      0 |      0 |          0 |
|         u_wrf_1                                                           |                                                     std_rf_1819 |          8 |          0 |       8 |    0 |     0 |      0 |      0 |          0 |
|       gen_pair[7].gen_row[2].u_simd                                       |                                              mac_simd_pair_1785 |        117 |        109 |       8 |    0 |    36 |      0 |      0 |          1 |
|         (gen_pair[7].gen_row[2].u_simd)                                   |                                              mac_simd_pair_1785 |          2 |          2 |       0 |    0 |     2 |      0 |      0 |          1 |
|         u_corr                                                            |                                              sign_corr_lut_1814 |        107 |        107 |       0 |    0 |    34 |      0 |      0 |          0 |
|         u_wrf_0                                                           |                                                     std_rf_1815 |          4 |          0 |       4 |    0 |     0 |      0 |      0 |          0 |
|         u_wrf_1                                                           |                                                     std_rf_1816 |          4 |          0 |       4 |    0 |     0 |      0 |      0 |          0 |
|       gen_pair[7].gen_row[3].u_simd                                       |                                              mac_simd_pair_1786 |         24 |         12 |      12 |    0 |    43 |      0 |      0 |          1 |
|         (gen_pair[7].gen_row[3].u_simd)                                   |                                              mac_simd_pair_1786 |          2 |          2 |       0 |    0 |     9 |      0 |      0 |          1 |
|         u_corr                                                            |                                              sign_corr_lut_1811 |         10 |         10 |       0 |    0 |    34 |      0 |      0 |          0 |
|         u_wrf_0                                                           |                                                     std_rf_1812 |          8 |          0 |       8 |    0 |     0 |      0 |      0 |          0 |
|         u_wrf_1                                                           |                                                     std_rf_1813 |          4 |          0 |       4 |    0 |     0 |      0 |      0 |          0 |
|       gen_pair[7].gen_row[4].u_simd                                       |                                              mac_simd_pair_1787 |         41 |         29 |      12 |    0 |    36 |      0 |      0 |          1 |
|         (gen_pair[7].gen_row[4].u_simd)                                   |                                              mac_simd_pair_1787 |          2 |          2 |       0 |    0 |     2 |      0 |      0 |          1 |
|         u_corr                                                            |                                              sign_corr_lut_1808 |         27 |         27 |       0 |    0 |    34 |      0 |      0 |          0 |
|         u_wrf_0                                                           |                                                     std_rf_1809 |          4 |          0 |       4 |    0 |     0 |      0 |      0 |          0 |
|         u_wrf_1                                                           |                                                     std_rf_1810 |          8 |          0 |       8 |    0 |     0 |      0 |      0 |          0 |
|       gen_pair[7].gen_row[5].u_simd                                       |                                              mac_simd_pair_1788 |         52 |         44 |       8 |    0 |    43 |      0 |      0 |          1 |
|         (gen_pair[7].gen_row[5].u_simd)                                   |                                              mac_simd_pair_1788 |          2 |          2 |       0 |    0 |     9 |      0 |      0 |          1 |
|         u_corr                                                            |                                              sign_corr_lut_1805 |         42 |         42 |       0 |    0 |    34 |      0 |      0 |          0 |
|         u_wrf_0                                                           |                                                     std_rf_1806 |          4 |          0 |       4 |    0 |     0 |      0 |      0 |          0 |
|         u_wrf_1                                                           |                                                     std_rf_1807 |          4 |          0 |       4 |    0 |     0 |      0 |      0 |          0 |
|       gen_pair[7].gen_row[6].u_simd                                       |                                              mac_simd_pair_1789 |         24 |         12 |      12 |    0 |    43 |      0 |      0 |          1 |
|         (gen_pair[7].gen_row[6].u_simd)                                   |                                              mac_simd_pair_1789 |          2 |          2 |       0 |    0 |     9 |      0 |      0 |          1 |
|         u_corr                                                            |                                              sign_corr_lut_1802 |         10 |         10 |       0 |    0 |    34 |      0 |      0 |          0 |
|         u_wrf_0                                                           |                                                     std_rf_1803 |          8 |          0 |       8 |    0 |     0 |      0 |      0 |          0 |
|         u_wrf_1                                                           |                                                     std_rf_1804 |          4 |          0 |       4 |    0 |     0 |      0 |      0 |          0 |
|       gen_pair[7].gen_row[7].u_simd                                       |                                              mac_simd_pair_1790 |         38 |         26 |      12 |    0 |    43 |      0 |      0 |          1 |
|         (gen_pair[7].gen_row[7].u_simd)                                   |                                              mac_simd_pair_1790 |          2 |          2 |       0 |    0 |     9 |      0 |      0 |          1 |
|         u_corr                                                            |                                              sign_corr_lut_1799 |         24 |         24 |       0 |    0 |    34 |      0 |      0 |          0 |
|         u_wrf_0                                                           |                                                     std_rf_1800 |          4 |          0 |       4 |    0 |     0 |      0 |      0 |          0 |
|         u_wrf_1                                                           |                                                     std_rf_1801 |          8 |          0 |       8 |    0 |     0 |      0 |      0 |          0 |
|       gen_pair[7].gen_row[8].u_simd                                       |                                              mac_simd_pair_1791 |         54 |         46 |       8 |    0 |    43 |      0 |      0 |          1 |
|         (gen_pair[7].gen_row[8].u_simd)                                   |                                              mac_simd_pair_1791 |          2 |          2 |       0 |    0 |     9 |      0 |      0 |          1 |
|         u_corr                                                            |                                              sign_corr_lut_1796 |         44 |         44 |       0 |    0 |    34 |      0 |      0 |          0 |
|         u_wrf_0                                                           |                                                     std_rf_1797 |          4 |          0 |       4 |    0 |     0 |      0 |      0 |          0 |
|         u_wrf_1                                                           |                                                     std_rf_1798 |          4 |          0 |       4 |    0 |     0 |      0 |      0 |          0 |
|       gen_pair[7].gen_row[9].u_simd                                       |                                              mac_simd_pair_1792 |         26 |         12 |      14 |    0 |    36 |      0 |      0 |          1 |
|         (gen_pair[7].gen_row[9].u_simd)                                   |                                              mac_simd_pair_1792 |          2 |          2 |       0 |    0 |     2 |      0 |      0 |          1 |
|         u_corr                                                            |                                              sign_corr_lut_1793 |         10 |         10 |       0 |    0 |    34 |      0 |      0 |          0 |
|         u_wrf_0                                                           |                                                     std_rf_1794 |          8 |          0 |       8 |    0 |     0 |      0 |      0 |          0 |
|         u_wrf_1                                                           |                                                     std_rf_1795 |          6 |          0 |       6 |    0 |     0 |      0 |      0 |          0 |
|     u_mm2s_arb                                                            |                                                   mm2s_arb_1638 |        107 |        103 |       4 |    0 |    26 |      0 |      0 |          0 |
|     u_ofb                                                                 |                                                 sram_model_1639 |          0 |          0 |       0 |    0 |     0 |      4 |      0 |          0 |
|     u_ofb_writer                                                          |                                                 ofb_writer_1640 |       5701 |       5701 |       0 |    0 |  2782 |      0 |      0 |         80 |
|       (u_ofb_writer)                                                      |                                                 ofb_writer_1640 |        140 |        140 |       0 |    0 |  1180 |      0 |      0 |          0 |
|       u_sdp                                                               |                                                        sdp_1664 |       5561 |       5561 |       0 |    0 |  1602 |      0 |      0 |         80 |
|     u_parf_accum                                                          |                                                 parf_accum_1641 |       1065 |        553 |     512 |    0 |    43 |      0 |      0 |          0 |
|       (u_parf_accum)                                                      |                                                 parf_accum_1641 |         32 |         32 |       0 |    0 |    43 |      0 |      0 |          0 |
|       g_col[0].u_col                                                      |                                                   parf_col_1648 |         64 |         32 |      32 |    0 |     0 |      0 |      0 |          0 |
|       g_col[10].u_col                                                     |                                                   parf_col_1649 |         64 |         32 |      32 |    0 |     0 |      0 |      0 |          0 |
|       g_col[11].u_col                                                     |                                                   parf_col_1650 |         64 |         32 |      32 |    0 |     0 |      0 |      0 |          0 |
|       g_col[12].u_col                                                     |                                                   parf_col_1651 |         64 |         32 |      32 |    0 |     0 |      0 |      0 |          0 |
|       g_col[13].u_col                                                     |                                                   parf_col_1652 |         68 |         36 |      32 |    0 |     0 |      0 |      0 |          0 |
|       g_col[14].u_col                                                     |                                                   parf_col_1653 |         64 |         32 |      32 |    0 |     0 |      0 |      0 |          0 |
|       g_col[15].u_col                                                     |                                                   parf_col_1654 |         69 |         37 |      32 |    0 |     0 |      0 |      0 |          0 |
|       g_col[1].u_col                                                      |                                                   parf_col_1655 |         64 |         32 |      32 |    0 |     0 |      0 |      0 |          0 |
|       g_col[2].u_col                                                      |                                                   parf_col_1656 |         64 |         32 |      32 |    0 |     0 |      0 |      0 |          0 |
|       g_col[3].u_col                                                      |                                                   parf_col_1657 |         64 |         32 |      32 |    0 |     0 |      0 |      0 |          0 |
|       g_col[4].u_col                                                      |                                                   parf_col_1658 |         64 |         32 |      32 |    0 |     0 |      0 |      0 |          0 |
|       g_col[5].u_col                                                      |                                                   parf_col_1659 |         64 |         32 |      32 |    0 |     0 |      0 |      0 |          0 |
|       g_col[6].u_col                                                      |                                                   parf_col_1660 |         64 |         32 |      32 |    0 |     0 |      0 |      0 |          0 |
|       g_col[7].u_col                                                      |                                                   parf_col_1661 |         64 |         32 |      32 |    0 |     0 |      0 |      0 |          0 |
|       g_col[8].u_col                                                      |                                                   parf_col_1662 |         64 |         32 |      32 |    0 |     0 |      0 |      0 |          0 |
|       g_col[9].u_col                                                      |                                                   parf_col_1663 |         64 |         32 |      32 |    0 |     0 |      0 |      0 |          0 |
|     u_rdma                                                                |                                                  rdma_ctrl_1642 |         81 |         81 |       0 |    0 |    14 |      0 |      0 |          0 |
|     u_sequencer                                                           |                                                  sequencer_1643 |        198 |        198 |       0 |    0 |    30 |      0 |      0 |          0 |
|     u_shortcut_bank                                                       |                                 sram_model__parameterized1_1644 |          0 |          0 |       0 |    0 |     0 |      7 |      1 |          0 |
|     u_wb                                                                  |                                 sram_model__parameterized0_1645 |         36 |         36 |       0 |    0 |     0 |     57 |      0 |          0 |
|     u_wdma                                                                |                                                  wdma_ctrl_1646 |       1071 |       1071 |       0 |    0 |  1937 |      0 |      0 |          0 |
|     u_wgt_buffer                                                          |                                                 wgt_buffer_1647 |        229 |        229 |       0 |    0 |   209 |      0 |      0 |          0 |
|   gen_core[1].u_core                                                      |                                             core_top__xdcDup__2 |      23847 |      21518 |    2160 |  169 | 15801 |     72 |      1 |        208 |
|     (gen_core[1].u_core)                                                  |                                             core_top__xdcDup__2 |         67 |         67 |       0 |    0 |     0 |      0 |      0 |          0 |
|     g_idma_sg.u_idma_sg                                                   |                                         idma_sg_dispatcher_1076 |         66 |         66 |       0 |    0 |   156 |      0 |      0 |          0 |
|     g_odma_sg.u_odma_sg                                                   |                                         odma_sg_dispatcher_1077 |        157 |        157 |       0 |    0 |   179 |      0 |      0 |          0 |
|     u_axi_dm                                                              |                                                   axi_dm_HD3749 |       3419 |       3234 |      16 |  169 |  2987 |      0 |      0 |          0 |
|       U0                                                                  |                                      axi_dmaxi_datamover_HD3750 |       3419 |       3234 |      16 |  169 |  2987 |      0 |      0 |          0 |
|         GEN_MM2S_FULL.I_MM2S_FULL_WRAPPER                                 |                       axi_dmaxi_datamover_mm2s_full_wrap_HD3751 |       1448 |       1373 |       0 |   75 |  1093 |      0 |      0 |          0 |
|         GEN_S2MM_FULL.I_S2MM_FULL_WRAPPER                                 |                       axi_dmaxi_datamover_s2mm_full_wrap_HD3780 |       1971 |       1861 |      16 |   94 |  1894 |      0 |      0 |          0 |
|     u_axi_mux                                                             |                                                  axi_m_mux_1078 |        137 |        137 |       0 |    0 |     6 |      0 |      0 |          0 |
|       u_arbiter                                                           |                                         axi_master_arbiter_1626 |        137 |        137 |       0 |    0 |     6 |      0 |      0 |          0 |
|     u_bias_rf                                                             |                                                    bias_rf_1079 |         20 |         20 |       0 |    0 |   525 |      0 |      0 |          0 |
|     u_cfg                                                                 |                                                   cfg_regs_1080 |       3425 |       3425 |       0 |    0 |  1070 |      0 |      0 |          0 |
|     u_csr_bridge                                                          |                                               axi_lite_csr_1081 |        435 |        435 |       0 |    0 |    62 |      0 |      0 |          0 |
|     u_desc_fifo                                                           |                                                  desc_fifo_1082 |        325 |        173 |     152 |    0 |    22 |      0 |      0 |          0 |
|     u_dfe                                                                 |                                                        dfe_1083 |         47 |         47 |       0 |    0 |   100 |      0 |      0 |          0 |
|     u_ifb                                                                 |                                                 sram_model_1084 |          4 |          4 |       0 |    0 |     0 |      4 |      0 |          0 |
|     u_line_buffer                                                         |                                                line_buffer_1085 |        832 |        746 |      86 |    0 |   290 |      0 |      0 |          0 |
|     u_mac_array                                                           |                                             mac_array_simd_1086 |       6435 |       5069 |    1366 |    0 |  5251 |      0 |      0 |        128 |
|       (u_mac_array)                                                       |                                             mac_array_simd_1086 |          1 |          1 |       0 |    0 |   515 |      0 |      0 |          0 |
|       gen_pair[0].gen_row[0].u_simd                                       |                                              mac_simd_pair_1114 |         32 |         24 |       8 |    0 |    36 |      0 |      0 |          1 |
|         (gen_pair[0].gen_row[0].u_simd)                                   |                                              mac_simd_pair_1114 |          2 |          2 |       0 |    0 |     2 |      0 |      0 |          1 |
|         u_corr                                                            |                                              sign_corr_lut_1623 |         22 |         22 |       0 |    0 |    34 |      0 |      0 |          0 |
|         u_wrf_0                                                           |                                                     std_rf_1624 |          4 |          0 |       4 |    0 |     0 |      0 |      0 |          0 |
|         u_wrf_1                                                           |                                                     std_rf_1625 |          4 |          0 |       4 |    0 |     0 |      0 |      0 |          0 |
|       gen_pair[0].gen_row[10].u_simd                                      |                                              mac_simd_pair_1115 |         42 |         30 |      12 |    0 |    36 |      0 |      0 |          1 |
|         (gen_pair[0].gen_row[10].u_simd)                                  |                                              mac_simd_pair_1115 |          2 |          2 |       0 |    0 |     2 |      0 |      0 |          1 |
|         u_corr                                                            |                                              sign_corr_lut_1620 |         28 |         28 |       0 |    0 |    34 |      0 |      0 |          0 |
|         u_wrf_0                                                           |                                                     std_rf_1621 |          8 |          0 |       8 |    0 |     0 |      0 |      0 |          0 |
|         u_wrf_1                                                           |                                                     std_rf_1622 |          4 |          0 |       4 |    0 |     0 |      0 |      0 |          0 |
|       gen_pair[0].gen_row[11].u_simd                                      |                                              mac_simd_pair_1116 |         54 |         42 |      12 |    0 |    36 |      0 |      0 |          1 |
|         (gen_pair[0].gen_row[11].u_simd)                                  |                                              mac_simd_pair_1116 |          2 |          2 |       0 |    0 |     2 |      0 |      0 |          1 |
|         u_corr                                                            |                                              sign_corr_lut_1617 |         40 |         40 |       0 |    0 |    34 |      0 |      0 |          0 |
|         u_wrf_0                                                           |                                                     std_rf_1618 |          4 |          0 |       4 |    0 |     0 |      0 |      0 |          0 |
|         u_wrf_1                                                           |                                                     std_rf_1619 |          8 |          0 |       8 |    0 |     0 |      0 |      0 |          0 |
|       gen_pair[0].gen_row[12].u_simd                                      |                                              mac_simd_pair_1117 |         86 |         78 |       8 |    0 |    36 |      0 |      0 |          1 |
|         (gen_pair[0].gen_row[12].u_simd)                                  |                                              mac_simd_pair_1117 |          2 |          2 |       0 |    0 |     2 |      0 |      0 |          1 |
|         u_corr                                                            |                                              sign_corr_lut_1614 |         76 |         76 |       0 |    0 |    34 |      0 |      0 |          0 |
|         u_wrf_0                                                           |                                                     std_rf_1615 |          4 |          0 |       4 |    0 |     0 |      0 |      0 |          0 |
|         u_wrf_1                                                           |                                                     std_rf_1616 |          4 |          0 |       4 |    0 |     0 |      0 |      0 |          0 |
|       gen_pair[0].gen_row[13].u_simd                                      |                                              mac_simd_pair_1118 |        102 |         90 |      12 |    0 |    36 |      0 |      0 |          1 |
|         (gen_pair[0].gen_row[13].u_simd)                                  |                                              mac_simd_pair_1118 |          2 |          2 |       0 |    0 |     2 |      0 |      0 |          1 |
|         u_corr                                                            |                                              sign_corr_lut_1611 |         88 |         88 |       0 |    0 |    34 |      0 |      0 |          0 |
|         u_wrf_0                                                           |                                                     std_rf_1612 |          8 |          0 |       8 |    0 |     0 |      0 |      0 |          0 |
|         u_wrf_1                                                           |                                                     std_rf_1613 |          4 |          0 |       4 |    0 |     0 |      0 |      0 |          0 |
|       gen_pair[0].gen_row[14].u_simd                                      |                                              mac_simd_pair_1119 |         54 |         42 |      12 |    0 |    36 |      0 |      0 |          1 |
|         (gen_pair[0].gen_row[14].u_simd)                                  |                                              mac_simd_pair_1119 |          2 |          2 |       0 |    0 |     2 |      0 |      0 |          1 |
|         u_corr                                                            |                                              sign_corr_lut_1608 |         40 |         40 |       0 |    0 |    34 |      0 |      0 |          0 |
|         u_wrf_0                                                           |                                                     std_rf_1609 |          4 |          0 |       4 |    0 |     0 |      0 |      0 |          0 |
|         u_wrf_1                                                           |                                                     std_rf_1610 |          8 |          0 |       8 |    0 |     0 |      0 |      0 |          0 |
|       gen_pair[0].gen_row[15].u_simd                                      |                                              mac_simd_pair_1120 |         78 |         70 |       8 |    0 |    36 |      0 |      0 |          1 |
|         (gen_pair[0].gen_row[15].u_simd)                                  |                                              mac_simd_pair_1120 |          2 |          2 |       0 |    0 |     2 |      0 |      0 |          1 |
|         u_corr                                                            |                                              sign_corr_lut_1605 |         68 |         68 |       0 |    0 |    34 |      0 |      0 |          0 |
|         u_wrf_0                                                           |                                                     std_rf_1606 |          4 |          0 |       4 |    0 |     0 |      0 |      0 |          0 |
|         u_wrf_1                                                           |                                                     std_rf_1607 |          4 |          0 |       4 |    0 |     0 |      0 |      0 |          0 |
|       gen_pair[0].gen_row[1].u_simd                                       |                                              mac_simd_pair_1121 |         54 |         42 |      12 |    0 |    36 |      0 |      0 |          1 |
|         (gen_pair[0].gen_row[1].u_simd)                                   |                                              mac_simd_pair_1121 |          2 |          2 |       0 |    0 |     2 |      0 |      0 |          1 |
|         u_corr                                                            |                                              sign_corr_lut_1602 |         40 |         40 |       0 |    0 |    34 |      0 |      0 |          0 |
|         u_wrf_0                                                           |                                                     std_rf_1603 |          8 |          0 |       8 |    0 |     0 |      0 |      0 |          0 |
|         u_wrf_1                                                           |                                                     std_rf_1604 |          4 |          0 |       4 |    0 |     0 |      0 |      0 |          0 |
|       gen_pair[0].gen_row[2].u_simd                                       |                                              mac_simd_pair_1122 |        116 |        104 |      12 |    0 |    36 |      0 |      0 |          1 |
|         (gen_pair[0].gen_row[2].u_simd)                                   |                                              mac_simd_pair_1122 |          2 |          2 |       0 |    0 |     2 |      0 |      0 |          1 |
|         u_corr                                                            |                                              sign_corr_lut_1599 |        102 |        102 |       0 |    0 |    34 |      0 |      0 |          0 |
|         u_wrf_0                                                           |                                                     std_rf_1600 |          4 |          0 |       4 |    0 |     0 |      0 |      0 |          0 |
|         u_wrf_1                                                           |                                                     std_rf_1601 |          8 |          0 |       8 |    0 |     0 |      0 |      0 |          0 |
|       gen_pair[0].gen_row[3].u_simd                                       |                                              mac_simd_pair_1123 |         20 |         12 |       8 |    0 |    36 |      0 |      0 |          1 |
|         (gen_pair[0].gen_row[3].u_simd)                                   |                                              mac_simd_pair_1123 |          2 |          2 |       0 |    0 |     2 |      0 |      0 |          1 |
|         u_corr                                                            |                                              sign_corr_lut_1596 |         10 |         10 |       0 |    0 |    34 |      0 |      0 |          0 |
|         u_wrf_0                                                           |                                                     std_rf_1597 |          4 |          0 |       4 |    0 |     0 |      0 |      0 |          0 |
|         u_wrf_1                                                           |                                                     std_rf_1598 |          4 |          0 |       4 |    0 |     0 |      0 |      0 |          0 |
|       gen_pair[0].gen_row[4].u_simd                                       |                                              mac_simd_pair_1124 |         38 |         26 |      12 |    0 |    36 |      0 |      0 |          1 |
|         (gen_pair[0].gen_row[4].u_simd)                                   |                                              mac_simd_pair_1124 |          2 |          2 |       0 |    0 |     2 |      0 |      0 |          1 |
|         u_corr                                                            |                                              sign_corr_lut_1593 |         24 |         24 |       0 |    0 |    34 |      0 |      0 |          0 |
|         u_wrf_0                                                           |                                                     std_rf_1594 |          8 |          0 |       8 |    0 |     0 |      0 |      0 |          0 |
|         u_wrf_1                                                           |                                                     std_rf_1595 |          4 |          0 |       4 |    0 |     0 |      0 |      0 |          0 |
|       gen_pair[0].gen_row[5].u_simd                                       |                                              mac_simd_pair_1125 |         56 |         44 |      12 |    0 |    36 |      0 |      0 |          1 |
|         (gen_pair[0].gen_row[5].u_simd)                                   |                                              mac_simd_pair_1125 |          2 |          2 |       0 |    0 |     2 |      0 |      0 |          1 |
|         u_corr                                                            |                                              sign_corr_lut_1590 |         42 |         42 |       0 |    0 |    34 |      0 |      0 |          0 |
|         u_wrf_0                                                           |                                                     std_rf_1591 |          4 |          0 |       4 |    0 |     0 |      0 |      0 |          0 |
|         u_wrf_1                                                           |                                                     std_rf_1592 |          8 |          0 |       8 |    0 |     0 |      0 |      0 |          0 |
|       gen_pair[0].gen_row[6].u_simd                                       |                                              mac_simd_pair_1126 |         20 |         12 |       8 |    0 |    36 |      0 |      0 |          1 |
|         (gen_pair[0].gen_row[6].u_simd)                                   |                                              mac_simd_pair_1126 |          2 |          2 |       0 |    0 |     2 |      0 |      0 |          1 |
|         u_corr                                                            |                                              sign_corr_lut_1587 |         10 |         10 |       0 |    0 |    34 |      0 |      0 |          0 |
|         u_wrf_0                                                           |                                                     std_rf_1588 |          4 |          0 |       4 |    0 |     0 |      0 |      0 |          0 |
|         u_wrf_1                                                           |                                                     std_rf_1589 |          4 |          0 |       4 |    0 |     0 |      0 |      0 |          0 |
|       gen_pair[0].gen_row[7].u_simd                                       |                                              mac_simd_pair_1127 |         36 |         24 |      12 |    0 |    36 |      0 |      0 |          1 |
|         (gen_pair[0].gen_row[7].u_simd)                                   |                                              mac_simd_pair_1127 |          2 |          2 |       0 |    0 |     2 |      0 |      0 |          1 |
|         u_corr                                                            |                                              sign_corr_lut_1584 |         22 |         22 |       0 |    0 |    34 |      0 |      0 |          0 |
|         u_wrf_0                                                           |                                                     std_rf_1585 |          8 |          0 |       8 |    0 |     0 |      0 |      0 |          0 |
|         u_wrf_1                                                           |                                                     std_rf_1586 |          4 |          0 |       4 |    0 |     0 |      0 |      0 |          0 |
|       gen_pair[0].gen_row[8].u_simd                                       |                                              mac_simd_pair_1128 |        108 |         96 |      12 |    0 |    36 |      0 |      0 |          1 |
|         (gen_pair[0].gen_row[8].u_simd)                                   |                                              mac_simd_pair_1128 |          2 |          2 |       0 |    0 |     2 |      0 |      0 |          1 |
|         u_corr                                                            |                                              sign_corr_lut_1581 |         94 |         94 |       0 |    0 |    34 |      0 |      0 |          0 |
|         u_wrf_0                                                           |                                                     std_rf_1582 |          4 |          0 |       4 |    0 |     0 |      0 |      0 |          0 |
|         u_wrf_1                                                           |                                                     std_rf_1583 |          8 |          0 |       8 |    0 |     0 |      0 |      0 |          0 |
|       gen_pair[0].gen_row[9].u_simd                                       |                                              mac_simd_pair_1129 |         20 |         12 |       8 |    0 |    36 |      0 |      0 |          1 |
|         (gen_pair[0].gen_row[9].u_simd)                                   |                                              mac_simd_pair_1129 |          2 |          2 |       0 |    0 |     2 |      0 |      0 |          1 |
|         u_corr                                                            |                                              sign_corr_lut_1578 |         10 |         10 |       0 |    0 |    34 |      0 |      0 |          0 |
|         u_wrf_0                                                           |                                                     std_rf_1579 |          4 |          0 |       4 |    0 |     0 |      0 |      0 |          0 |
|         u_wrf_1                                                           |                                                     std_rf_1580 |          4 |          0 |       4 |    0 |     0 |      0 |      0 |          0 |
|       gen_pair[1].gen_row[0].u_simd                                       |                                              mac_simd_pair_1130 |         42 |         30 |      12 |    0 |    36 |      0 |      0 |          1 |
|         (gen_pair[1].gen_row[0].u_simd)                                   |                                              mac_simd_pair_1130 |          2 |          2 |       0 |    0 |     2 |      0 |      0 |          1 |
|         u_corr                                                            |                                              sign_corr_lut_1575 |         28 |         28 |       0 |    0 |    34 |      0 |      0 |          0 |
|         u_wrf_0                                                           |                                                     std_rf_1576 |          8 |          0 |       8 |    0 |     0 |      0 |      0 |          0 |
|         u_wrf_1                                                           |                                                     std_rf_1577 |          4 |          0 |       4 |    0 |     0 |      0 |      0 |          0 |
|       gen_pair[1].gen_row[10].u_simd                                      |                                              mac_simd_pair_1131 |         32 |         20 |      12 |    0 |    36 |      0 |      0 |          1 |
|         (gen_pair[1].gen_row[10].u_simd)                                  |                                              mac_simd_pair_1131 |          2 |          2 |       0 |    0 |     2 |      0 |      0 |          1 |
|         u_corr                                                            |                                              sign_corr_lut_1572 |         18 |         18 |       0 |    0 |    34 |      0 |      0 |          0 |
|         u_wrf_0                                                           |                                                     std_rf_1573 |          4 |          0 |       4 |    0 |     0 |      0 |      0 |          0 |
|         u_wrf_1                                                           |                                                     std_rf_1574 |          8 |          0 |       8 |    0 |     0 |      0 |      0 |          0 |
|       gen_pair[1].gen_row[11].u_simd                                      |                                              mac_simd_pair_1132 |         88 |         80 |       8 |    0 |    36 |      0 |      0 |          1 |
|         (gen_pair[1].gen_row[11].u_simd)                                  |                                              mac_simd_pair_1132 |          2 |          2 |       0 |    0 |     2 |      0 |      0 |          1 |
|         u_corr                                                            |                                              sign_corr_lut_1569 |         78 |         78 |       0 |    0 |    34 |      0 |      0 |          0 |
|         u_wrf_0                                                           |                                                     std_rf_1570 |          4 |          0 |       4 |    0 |     0 |      0 |      0 |          0 |
|         u_wrf_1                                                           |                                                     std_rf_1571 |          4 |          0 |       4 |    0 |     0 |      0 |      0 |          0 |
|       gen_pair[1].gen_row[12].u_simd                                      |                                              mac_simd_pair_1133 |         24 |         12 |      12 |    0 |    36 |      0 |      0 |          1 |
|         (gen_pair[1].gen_row[12].u_simd)                                  |                                              mac_simd_pair_1133 |          2 |          2 |       0 |    0 |     2 |      0 |      0 |          1 |
|         u_corr                                                            |                                              sign_corr_lut_1566 |         10 |         10 |       0 |    0 |    34 |      0 |      0 |          0 |
|         u_wrf_0                                                           |                                                     std_rf_1567 |          8 |          0 |       8 |    0 |     0 |      0 |      0 |          0 |
|         u_wrf_1                                                           |                                                     std_rf_1568 |          4 |          0 |       4 |    0 |     0 |      0 |      0 |          0 |
|       gen_pair[1].gen_row[13].u_simd                                      |                                              mac_simd_pair_1134 |         98 |         86 |      12 |    0 |    36 |      0 |      0 |          1 |
|         (gen_pair[1].gen_row[13].u_simd)                                  |                                              mac_simd_pair_1134 |          2 |          2 |       0 |    0 |     2 |      0 |      0 |          1 |
|         u_corr                                                            |                                              sign_corr_lut_1563 |         84 |         84 |       0 |    0 |    34 |      0 |      0 |          0 |
|         u_wrf_0                                                           |                                                     std_rf_1564 |          4 |          0 |       4 |    0 |     0 |      0 |      0 |          0 |
|         u_wrf_1                                                           |                                                     std_rf_1565 |          8 |          0 |       8 |    0 |     0 |      0 |      0 |          0 |
|       gen_pair[1].gen_row[14].u_simd                                      |                                              mac_simd_pair_1135 |         52 |         44 |       8 |    0 |    36 |      0 |      0 |          1 |
|         (gen_pair[1].gen_row[14].u_simd)                                  |                                              mac_simd_pair_1135 |          2 |          2 |       0 |    0 |     2 |      0 |      0 |          1 |
|         u_corr                                                            |                                              sign_corr_lut_1560 |         42 |         42 |       0 |    0 |    34 |      0 |      0 |          0 |
|         u_wrf_0                                                           |                                                     std_rf_1561 |          4 |          0 |       4 |    0 |     0 |      0 |      0 |          0 |
|         u_wrf_1                                                           |                                                     std_rf_1562 |          4 |          0 |       4 |    0 |     0 |      0 |      0 |          0 |
|       gen_pair[1].gen_row[15].u_simd                                      |                                              mac_simd_pair_1136 |         24 |         12 |      12 |    0 |    36 |      0 |      0 |          1 |
|         (gen_pair[1].gen_row[15].u_simd)                                  |                                              mac_simd_pair_1136 |          2 |          2 |       0 |    0 |     2 |      0 |      0 |          1 |
|         u_corr                                                            |                                              sign_corr_lut_1557 |         10 |         10 |       0 |    0 |    34 |      0 |      0 |          0 |
|         u_wrf_0                                                           |                                                     std_rf_1558 |          8 |          0 |       8 |    0 |     0 |      0 |      0 |          0 |
|         u_wrf_1                                                           |                                                     std_rf_1559 |          4 |          0 |       4 |    0 |     0 |      0 |      0 |          0 |
|       gen_pair[1].gen_row[1].u_simd                                       |                                              mac_simd_pair_1137 |         34 |         22 |      12 |    0 |    36 |      0 |      0 |          1 |
|         (gen_pair[1].gen_row[1].u_simd)                                   |                                              mac_simd_pair_1137 |          2 |          2 |       0 |    0 |     2 |      0 |      0 |          1 |
|         u_corr                                                            |                                              sign_corr_lut_1554 |         20 |         20 |       0 |    0 |    34 |      0 |      0 |          0 |
|         u_wrf_0                                                           |                                                     std_rf_1555 |          4 |          0 |       4 |    0 |     0 |      0 |      0 |          0 |
|         u_wrf_1                                                           |                                                     std_rf_1556 |          8 |          0 |       8 |    0 |     0 |      0 |      0 |          0 |
|       gen_pair[1].gen_row[2].u_simd                                       |                                              mac_simd_pair_1138 |        129 |        121 |       8 |    0 |    36 |      0 |      0 |          1 |
|         (gen_pair[1].gen_row[2].u_simd)                                   |                                              mac_simd_pair_1138 |          2 |          2 |       0 |    0 |     2 |      0 |      0 |          1 |
|         u_corr                                                            |                                              sign_corr_lut_1551 |        119 |        119 |       0 |    0 |    34 |      0 |      0 |          0 |
|         u_wrf_0                                                           |                                                     std_rf_1552 |          4 |          0 |       4 |    0 |     0 |      0 |      0 |          0 |
|         u_wrf_1                                                           |                                                     std_rf_1553 |          4 |          0 |       4 |    0 |     0 |      0 |      0 |          0 |
|       gen_pair[1].gen_row[3].u_simd                                       |                                              mac_simd_pair_1139 |         24 |         12 |      12 |    0 |    36 |      0 |      0 |          1 |
|         (gen_pair[1].gen_row[3].u_simd)                                   |                                              mac_simd_pair_1139 |          2 |          2 |       0 |    0 |     2 |      0 |      0 |          1 |
|         u_corr                                                            |                                              sign_corr_lut_1548 |         10 |         10 |       0 |    0 |    34 |      0 |      0 |          0 |
|         u_wrf_0                                                           |                                                     std_rf_1549 |          8 |          0 |       8 |    0 |     0 |      0 |      0 |          0 |
|         u_wrf_1                                                           |                                                     std_rf_1550 |          4 |          0 |       4 |    0 |     0 |      0 |      0 |          0 |
|       gen_pair[1].gen_row[4].u_simd                                       |                                              mac_simd_pair_1140 |         40 |         28 |      12 |    0 |    36 |      0 |      0 |          1 |
|         (gen_pair[1].gen_row[4].u_simd)                                   |                                              mac_simd_pair_1140 |          2 |          2 |       0 |    0 |     2 |      0 |      0 |          1 |
|         u_corr                                                            |                                              sign_corr_lut_1545 |         26 |         26 |       0 |    0 |    34 |      0 |      0 |          0 |
|         u_wrf_0                                                           |                                                     std_rf_1546 |          4 |          0 |       4 |    0 |     0 |      0 |      0 |          0 |
|         u_wrf_1                                                           |                                                     std_rf_1547 |          8 |          0 |       8 |    0 |     0 |      0 |      0 |          0 |
|       gen_pair[1].gen_row[5].u_simd                                       |                                              mac_simd_pair_1141 |         52 |         44 |       8 |    0 |    36 |      0 |      0 |          1 |
|         (gen_pair[1].gen_row[5].u_simd)                                   |                                              mac_simd_pair_1141 |          2 |          2 |       0 |    0 |     2 |      0 |      0 |          1 |
|         u_corr                                                            |                                              sign_corr_lut_1542 |         42 |         42 |       0 |    0 |    34 |      0 |      0 |          0 |
|         u_wrf_0                                                           |                                                     std_rf_1543 |          4 |          0 |       4 |    0 |     0 |      0 |      0 |          0 |
|         u_wrf_1                                                           |                                                     std_rf_1544 |          4 |          0 |       4 |    0 |     0 |      0 |      0 |          0 |
|       gen_pair[1].gen_row[6].u_simd                                       |                                              mac_simd_pair_1142 |         24 |         12 |      12 |    0 |    36 |      0 |      0 |          1 |
|         (gen_pair[1].gen_row[6].u_simd)                                   |                                              mac_simd_pair_1142 |          2 |          2 |       0 |    0 |     2 |      0 |      0 |          1 |
|         u_corr                                                            |                                              sign_corr_lut_1539 |         10 |         10 |       0 |    0 |    34 |      0 |      0 |          0 |
|         u_wrf_0                                                           |                                                     std_rf_1540 |          8 |          0 |       8 |    0 |     0 |      0 |      0 |          0 |
|         u_wrf_1                                                           |                                                     std_rf_1541 |          4 |          0 |       4 |    0 |     0 |      0 |      0 |          0 |
|       gen_pair[1].gen_row[7].u_simd                                       |                                              mac_simd_pair_1143 |         38 |         26 |      12 |    0 |    36 |      0 |      0 |          1 |
|         (gen_pair[1].gen_row[7].u_simd)                                   |                                              mac_simd_pair_1143 |          2 |          2 |       0 |    0 |     2 |      0 |      0 |          1 |
|         u_corr                                                            |                                              sign_corr_lut_1536 |         24 |         24 |       0 |    0 |    34 |      0 |      0 |          0 |
|         u_wrf_0                                                           |                                                     std_rf_1537 |          4 |          0 |       4 |    0 |     0 |      0 |      0 |          0 |
|         u_wrf_1                                                           |                                                     std_rf_1538 |          8 |          0 |       8 |    0 |     0 |      0 |      0 |          0 |
|       gen_pair[1].gen_row[8].u_simd                                       |                                              mac_simd_pair_1144 |         54 |         46 |       8 |    0 |    36 |      0 |      0 |          1 |
|         (gen_pair[1].gen_row[8].u_simd)                                   |                                              mac_simd_pair_1144 |          2 |          2 |       0 |    0 |     2 |      0 |      0 |          1 |
|         u_corr                                                            |                                              sign_corr_lut_1533 |         44 |         44 |       0 |    0 |    34 |      0 |      0 |          0 |
|         u_wrf_0                                                           |                                                     std_rf_1534 |          4 |          0 |       4 |    0 |     0 |      0 |      0 |          0 |
|         u_wrf_1                                                           |                                                     std_rf_1535 |          4 |          0 |       4 |    0 |     0 |      0 |      0 |          0 |
|       gen_pair[1].gen_row[9].u_simd                                       |                                              mac_simd_pair_1145 |         24 |         12 |      12 |    0 |    36 |      0 |      0 |          1 |
|         (gen_pair[1].gen_row[9].u_simd)                                   |                                              mac_simd_pair_1145 |          2 |          2 |       0 |    0 |     2 |      0 |      0 |          1 |
|         u_corr                                                            |                                              sign_corr_lut_1530 |         10 |         10 |       0 |    0 |    34 |      0 |      0 |          0 |
|         u_wrf_0                                                           |                                                     std_rf_1531 |          8 |          0 |       8 |    0 |     0 |      0 |      0 |          0 |
|         u_wrf_1                                                           |                                                     std_rf_1532 |          4 |          0 |       4 |    0 |     0 |      0 |      0 |          0 |
|       gen_pair[2].gen_row[0].u_simd                                       |                                              mac_simd_pair_1146 |         42 |         30 |      12 |    0 |    36 |      0 |      0 |          1 |
|         (gen_pair[2].gen_row[0].u_simd)                                   |                                              mac_simd_pair_1146 |          2 |          2 |       0 |    0 |     2 |      0 |      0 |          1 |
|         u_corr                                                            |                                              sign_corr_lut_1527 |         28 |         28 |       0 |    0 |    34 |      0 |      0 |          0 |
|         u_wrf_0                                                           |                                                     std_rf_1528 |          4 |          0 |       4 |    0 |     0 |      0 |      0 |          0 |
|         u_wrf_1                                                           |                                                     std_rf_1529 |          8 |          0 |       8 |    0 |     0 |      0 |      0 |          0 |
|       gen_pair[2].gen_row[10].u_simd                                      |                                              mac_simd_pair_1147 |         28 |         20 |       8 |    0 |    36 |      0 |      0 |          1 |
|         (gen_pair[2].gen_row[10].u_simd)                                  |                                              mac_simd_pair_1147 |          2 |          2 |       0 |    0 |     2 |      0 |      0 |          1 |
|         u_corr                                                            |                                              sign_corr_lut_1524 |         18 |         18 |       0 |    0 |    34 |      0 |      0 |          0 |
|         u_wrf_0                                                           |                                                     std_rf_1525 |          4 |          0 |       4 |    0 |     0 |      0 |      0 |          0 |
|         u_wrf_1                                                           |                                                     std_rf_1526 |          4 |          0 |       4 |    0 |     0 |      0 |      0 |          0 |
|       gen_pair[2].gen_row[11].u_simd                                      |                                              mac_simd_pair_1148 |         92 |         80 |      12 |    0 |    36 |      0 |      0 |          1 |
|         (gen_pair[2].gen_row[11].u_simd)                                  |                                              mac_simd_pair_1148 |          2 |          2 |       0 |    0 |     2 |      0 |      0 |          1 |
|         u_corr                                                            |                                              sign_corr_lut_1521 |         78 |         78 |       0 |    0 |    34 |      0 |      0 |          0 |
|         u_wrf_0                                                           |                                                     std_rf_1522 |          8 |          0 |       8 |    0 |     0 |      0 |      0 |          0 |
|         u_wrf_1                                                           |                                                     std_rf_1523 |          4 |          0 |       4 |    0 |     0 |      0 |      0 |          0 |
|       gen_pair[2].gen_row[12].u_simd                                      |                                              mac_simd_pair_1149 |         24 |         12 |      12 |    0 |    36 |      0 |      0 |          1 |
|         (gen_pair[2].gen_row[12].u_simd)                                  |                                              mac_simd_pair_1149 |          2 |          2 |       0 |    0 |     2 |      0 |      0 |          1 |
|         u_corr                                                            |                                              sign_corr_lut_1518 |         10 |         10 |       0 |    0 |    34 |      0 |      0 |          0 |
|         u_wrf_0                                                           |                                                     std_rf_1519 |          4 |          0 |       4 |    0 |     0 |      0 |      0 |          0 |
|         u_wrf_1                                                           |                                                     std_rf_1520 |          8 |          0 |       8 |    0 |     0 |      0 |      0 |          0 |
|       gen_pair[2].gen_row[13].u_simd                                      |                                              mac_simd_pair_1150 |         94 |         86 |       8 |    0 |    36 |      0 |      0 |          1 |
|         (gen_pair[2].gen_row[13].u_simd)                                  |                                              mac_simd_pair_1150 |          2 |          2 |       0 |    0 |     2 |      0 |      0 |          1 |
|         u_corr                                                            |                                              sign_corr_lut_1515 |         84 |         84 |       0 |    0 |    34 |      0 |      0 |          0 |
|         u_wrf_0                                                           |                                                     std_rf_1516 |          4 |          0 |       4 |    0 |     0 |      0 |      0 |          0 |
|         u_wrf_1                                                           |                                                     std_rf_1517 |          4 |          0 |       4 |    0 |     0 |      0 |      0 |          0 |
|       gen_pair[2].gen_row[14].u_simd                                      |                                              mac_simd_pair_1151 |         56 |         44 |      12 |    0 |    36 |      0 |      0 |          1 |
|         (gen_pair[2].gen_row[14].u_simd)                                  |                                              mac_simd_pair_1151 |          2 |          2 |       0 |    0 |     2 |      0 |      0 |          1 |
|         u_corr                                                            |                                              sign_corr_lut_1512 |         42 |         42 |       0 |    0 |    34 |      0 |      0 |          0 |
|         u_wrf_0                                                           |                                                     std_rf_1513 |          8 |          0 |       8 |    0 |     0 |      0 |      0 |          0 |
|         u_wrf_1                                                           |                                                     std_rf_1514 |          4 |          0 |       4 |    0 |     0 |      0 |      0 |          0 |
|       gen_pair[2].gen_row[15].u_simd                                      |                                              mac_simd_pair_1152 |         24 |         12 |      12 |    0 |    36 |      0 |      0 |          1 |
|         (gen_pair[2].gen_row[15].u_simd)                                  |                                              mac_simd_pair_1152 |          2 |          2 |       0 |    0 |     2 |      0 |      0 |          1 |
|         u_corr                                                            |                                              sign_corr_lut_1509 |         10 |         10 |       0 |    0 |    34 |      0 |      0 |          0 |
|         u_wrf_0                                                           |                                                     std_rf_1510 |          4 |          0 |       4 |    0 |     0 |      0 |      0 |          0 |
|         u_wrf_1                                                           |                                                     std_rf_1511 |          8 |          0 |       8 |    0 |     0 |      0 |      0 |          0 |
|       gen_pair[2].gen_row[1].u_simd                                       |                                              mac_simd_pair_1153 |         30 |         22 |       8 |    0 |    36 |      0 |      0 |          1 |
|         (gen_pair[2].gen_row[1].u_simd)                                   |                                              mac_simd_pair_1153 |          2 |          2 |       0 |    0 |     2 |      0 |      0 |          1 |
|         u_corr                                                            |                                              sign_corr_lut_1506 |         20 |         20 |       0 |    0 |    34 |      0 |      0 |          0 |
|         u_wrf_0                                                           |                                                     std_rf_1507 |          4 |          0 |       4 |    0 |     0 |      0 |      0 |          0 |
|         u_wrf_1                                                           |                                                     std_rf_1508 |          4 |          0 |       4 |    0 |     0 |      0 |      0 |          0 |
|       gen_pair[2].gen_row[2].u_simd                                       |                                              mac_simd_pair_1154 |        134 |        122 |      12 |    0 |    36 |      0 |      0 |          1 |
|         (gen_pair[2].gen_row[2].u_simd)                                   |                                              mac_simd_pair_1154 |          2 |          2 |       0 |    0 |     2 |      0 |      0 |          1 |
|         u_corr                                                            |                                              sign_corr_lut_1503 |        120 |        120 |       0 |    0 |    34 |      0 |      0 |          0 |
|         u_wrf_0                                                           |                                                     std_rf_1504 |          8 |          0 |       8 |    0 |     0 |      0 |      0 |          0 |
|         u_wrf_1                                                           |                                                     std_rf_1505 |          4 |          0 |       4 |    0 |     0 |      0 |      0 |          0 |
|       gen_pair[2].gen_row[3].u_simd                                       |                                              mac_simd_pair_1155 |         24 |         12 |      12 |    0 |    36 |      0 |      0 |          1 |
|         (gen_pair[2].gen_row[3].u_simd)                                   |                                              mac_simd_pair_1155 |          2 |          2 |       0 |    0 |     2 |      0 |      0 |          1 |
|         u_corr                                                            |                                              sign_corr_lut_1500 |         10 |         10 |       0 |    0 |    34 |      0 |      0 |          0 |
|         u_wrf_0                                                           |                                                     std_rf_1501 |          4 |          0 |       4 |    0 |     0 |      0 |      0 |          0 |
|         u_wrf_1                                                           |                                                     std_rf_1502 |          8 |          0 |       8 |    0 |     0 |      0 |      0 |          0 |
|       gen_pair[2].gen_row[4].u_simd                                       |                                              mac_simd_pair_1156 |         38 |         30 |       8 |    0 |    36 |      0 |      0 |          1 |
|         (gen_pair[2].gen_row[4].u_simd)                                   |                                              mac_simd_pair_1156 |          2 |          2 |       0 |    0 |     2 |      0 |      0 |          1 |
|         u_corr                                                            |                                              sign_corr_lut_1497 |         28 |         28 |       0 |    0 |    34 |      0 |      0 |          0 |
|         u_wrf_0                                                           |                                                     std_rf_1498 |          4 |          0 |       4 |    0 |     0 |      0 |      0 |          0 |
|         u_wrf_1                                                           |                                                     std_rf_1499 |          4 |          0 |       4 |    0 |     0 |      0 |      0 |          0 |
|       gen_pair[2].gen_row[5].u_simd                                       |                                              mac_simd_pair_1157 |         56 |         44 |      12 |    0 |    36 |      0 |      0 |          1 |
|         (gen_pair[2].gen_row[5].u_simd)                                   |                                              mac_simd_pair_1157 |          2 |          2 |       0 |    0 |     2 |      0 |      0 |          1 |
|         u_corr                                                            |                                              sign_corr_lut_1494 |         42 |         42 |       0 |    0 |    34 |      0 |      0 |          0 |
|         u_wrf_0                                                           |                                                     std_rf_1495 |          8 |          0 |       8 |    0 |     0 |      0 |      0 |          0 |
|         u_wrf_1                                                           |                                                     std_rf_1496 |          4 |          0 |       4 |    0 |     0 |      0 |      0 |          0 |
|       gen_pair[2].gen_row[6].u_simd                                       |                                              mac_simd_pair_1158 |         24 |         12 |      12 |    0 |    36 |      0 |      0 |          1 |
|         (gen_pair[2].gen_row[6].u_simd)                                   |                                              mac_simd_pair_1158 |          2 |          2 |       0 |    0 |     2 |      0 |      0 |          1 |
|         u_corr                                                            |                                              sign_corr_lut_1491 |         10 |         10 |       0 |    0 |    34 |      0 |      0 |          0 |
|         u_wrf_0                                                           |                                                     std_rf_1492 |          4 |          0 |       4 |    0 |     0 |      0 |      0 |          0 |
|         u_wrf_1                                                           |                                                     std_rf_1493 |          8 |          0 |       8 |    0 |     0 |      0 |      0 |          0 |
|       gen_pair[2].gen_row[7].u_simd                                       |                                              mac_simd_pair_1159 |         34 |         26 |       8 |    0 |    36 |      0 |      0 |          1 |
|         (gen_pair[2].gen_row[7].u_simd)                                   |                                              mac_simd_pair_1159 |          2 |          2 |       0 |    0 |     2 |      0 |      0 |          1 |
|         u_corr                                                            |                                              sign_corr_lut_1488 |         24 |         24 |       0 |    0 |    34 |      0 |      0 |          0 |
|         u_wrf_0                                                           |                                                     std_rf_1489 |          4 |          0 |       4 |    0 |     0 |      0 |      0 |          0 |
|         u_wrf_1                                                           |                                                     std_rf_1490 |          4 |          0 |       4 |    0 |     0 |      0 |      0 |          0 |
|       gen_pair[2].gen_row[8].u_simd                                       |                                              mac_simd_pair_1160 |         58 |         46 |      12 |    0 |    36 |      0 |      0 |          1 |
|         (gen_pair[2].gen_row[8].u_simd)                                   |                                              mac_simd_pair_1160 |          2 |          2 |       0 |    0 |     2 |      0 |      0 |          1 |
|         u_corr                                                            |                                              sign_corr_lut_1485 |         44 |         44 |       0 |    0 |    34 |      0 |      0 |          0 |
|         u_wrf_0                                                           |                                                     std_rf_1486 |          8 |          0 |       8 |    0 |     0 |      0 |      0 |          0 |
|         u_wrf_1                                                           |                                                     std_rf_1487 |          4 |          0 |       4 |    0 |     0 |      0 |      0 |          0 |
|       gen_pair[2].gen_row[9].u_simd                                       |                                              mac_simd_pair_1161 |         24 |         12 |      12 |    0 |    44 |      0 |      0 |          1 |
|         (gen_pair[2].gen_row[9].u_simd)                                   |                                              mac_simd_pair_1161 |          2 |          2 |       0 |    0 |    10 |      0 |      0 |          1 |
|         u_corr                                                            |                                              sign_corr_lut_1482 |         10 |         10 |       0 |    0 |    34 |      0 |      0 |          0 |
|         u_wrf_0                                                           |                                                     std_rf_1483 |          4 |          0 |       4 |    0 |     0 |      0 |      0 |          0 |
|         u_wrf_1                                                           |                                                     std_rf_1484 |          8 |          0 |       8 |    0 |     0 |      0 |      0 |          0 |
|       gen_pair[3].gen_row[0].u_simd                                       |                                              mac_simd_pair_1162 |         32 |         24 |       8 |    0 |    43 |      0 |      0 |          1 |
|         (gen_pair[3].gen_row[0].u_simd)                                   |                                              mac_simd_pair_1162 |          2 |          2 |       0 |    0 |     9 |      0 |      0 |          1 |
|         u_corr                                                            |                                              sign_corr_lut_1479 |         22 |         22 |       0 |    0 |    34 |      0 |      0 |          0 |
|         u_wrf_0                                                           |                                                     std_rf_1480 |          4 |          0 |       4 |    0 |     0 |      0 |      0 |          0 |
|         u_wrf_1                                                           |                                                     std_rf_1481 |          4 |          0 |       4 |    0 |     0 |      0 |      0 |          0 |
|       gen_pair[3].gen_row[10].u_simd                                      |                                              mac_simd_pair_1163 |         42 |         30 |      12 |    0 |    36 |      0 |      0 |          1 |
|         (gen_pair[3].gen_row[10].u_simd)                                  |                                              mac_simd_pair_1163 |          2 |          2 |       0 |    0 |     2 |      0 |      0 |          1 |
|         u_corr                                                            |                                              sign_corr_lut_1476 |         28 |         28 |       0 |    0 |    34 |      0 |      0 |          0 |
|         u_wrf_0                                                           |                                                     std_rf_1477 |          8 |          0 |       8 |    0 |     0 |      0 |      0 |          0 |
|         u_wrf_1                                                           |                                                     std_rf_1478 |          4 |          0 |       4 |    0 |     0 |      0 |      0 |          0 |
|       gen_pair[3].gen_row[11].u_simd                                      |                                              mac_simd_pair_1164 |         54 |         42 |      12 |    0 |    39 |      0 |      0 |          1 |
|         (gen_pair[3].gen_row[11].u_simd)                                  |                                              mac_simd_pair_1164 |          2 |          2 |       0 |    0 |     5 |      0 |      0 |          1 |
|         u_corr                                                            |                                              sign_corr_lut_1473 |         40 |         40 |       0 |    0 |    34 |      0 |      0 |          0 |
|         u_wrf_0                                                           |                                                     std_rf_1474 |          4 |          0 |       4 |    0 |     0 |      0 |      0 |          0 |
|         u_wrf_1                                                           |                                                     std_rf_1475 |          8 |          0 |       8 |    0 |     0 |      0 |      0 |          0 |
|       gen_pair[3].gen_row[12].u_simd                                      |                                              mac_simd_pair_1165 |         86 |         78 |       8 |    0 |    36 |      0 |      0 |          1 |
|         (gen_pair[3].gen_row[12].u_simd)                                  |                                              mac_simd_pair_1165 |          2 |          2 |       0 |    0 |     2 |      0 |      0 |          1 |
|         u_corr                                                            |                                              sign_corr_lut_1470 |         76 |         76 |       0 |    0 |    34 |      0 |      0 |          0 |
|         u_wrf_0                                                           |                                                     std_rf_1471 |          4 |          0 |       4 |    0 |     0 |      0 |      0 |          0 |
|         u_wrf_1                                                           |                                                     std_rf_1472 |          4 |          0 |       4 |    0 |     0 |      0 |      0 |          0 |
|       gen_pair[3].gen_row[13].u_simd                                      |                                              mac_simd_pair_1166 |        102 |         90 |      12 |    0 |    36 |      0 |      0 |          1 |
|         (gen_pair[3].gen_row[13].u_simd)                                  |                                              mac_simd_pair_1166 |          2 |          2 |       0 |    0 |     2 |      0 |      0 |          1 |
|         u_corr                                                            |                                              sign_corr_lut_1467 |         88 |         88 |       0 |    0 |    34 |      0 |      0 |          0 |
|         u_wrf_0                                                           |                                                     std_rf_1468 |          8 |          0 |       8 |    0 |     0 |      0 |      0 |          0 |
|         u_wrf_1                                                           |                                                     std_rf_1469 |          4 |          0 |       4 |    0 |     0 |      0 |      0 |          0 |
|       gen_pair[3].gen_row[14].u_simd                                      |                                              mac_simd_pair_1167 |         54 |         42 |      12 |    0 |    36 |      0 |      0 |          1 |
|         (gen_pair[3].gen_row[14].u_simd)                                  |                                              mac_simd_pair_1167 |          2 |          2 |       0 |    0 |     2 |      0 |      0 |          1 |
|         u_corr                                                            |                                              sign_corr_lut_1464 |         40 |         40 |       0 |    0 |    34 |      0 |      0 |          0 |
|         u_wrf_0                                                           |                                                     std_rf_1465 |          4 |          0 |       4 |    0 |     0 |      0 |      0 |          0 |
|         u_wrf_1                                                           |                                                     std_rf_1466 |          8 |          0 |       8 |    0 |     0 |      0 |      0 |          0 |
|       gen_pair[3].gen_row[15].u_simd                                      |                                              mac_simd_pair_1168 |         78 |         70 |       8 |    0 |    39 |      0 |      0 |          1 |
|         (gen_pair[3].gen_row[15].u_simd)                                  |                                              mac_simd_pair_1168 |          2 |          2 |       0 |    0 |     5 |      0 |      0 |          1 |
|         u_corr                                                            |                                              sign_corr_lut_1461 |         68 |         68 |       0 |    0 |    34 |      0 |      0 |          0 |
|         u_wrf_0                                                           |                                                     std_rf_1462 |          4 |          0 |       4 |    0 |     0 |      0 |      0 |          0 |
|         u_wrf_1                                                           |                                                     std_rf_1463 |          4 |          0 |       4 |    0 |     0 |      0 |      0 |          0 |
|       gen_pair[3].gen_row[1].u_simd                                       |                                              mac_simd_pair_1169 |         53 |         41 |      12 |    0 |    39 |      0 |      0 |          1 |
|         (gen_pair[3].gen_row[1].u_simd)                                   |                                              mac_simd_pair_1169 |          2 |          2 |       0 |    0 |     5 |      0 |      0 |          1 |
|         u_corr                                                            |                                              sign_corr_lut_1458 |         39 |         39 |       0 |    0 |    34 |      0 |      0 |          0 |
|         u_wrf_0                                                           |                                                     std_rf_1459 |          8 |          0 |       8 |    0 |     0 |      0 |      0 |          0 |
|         u_wrf_1                                                           |                                                     std_rf_1460 |          4 |          0 |       4 |    0 |     0 |      0 |      0 |          0 |
|       gen_pair[3].gen_row[2].u_simd                                       |                                              mac_simd_pair_1170 |        115 |        103 |      12 |    0 |    36 |      0 |      0 |          1 |
|         (gen_pair[3].gen_row[2].u_simd)                                   |                                              mac_simd_pair_1170 |          2 |          2 |       0 |    0 |     2 |      0 |      0 |          1 |
|         u_corr                                                            |                                              sign_corr_lut_1455 |        101 |        101 |       0 |    0 |    34 |      0 |      0 |          0 |
|         u_wrf_0                                                           |                                                     std_rf_1456 |          4 |          0 |       4 |    0 |     0 |      0 |      0 |          0 |
|         u_wrf_1                                                           |                                                     std_rf_1457 |          8 |          0 |       8 |    0 |     0 |      0 |      0 |          0 |
|       gen_pair[3].gen_row[3].u_simd                                       |                                              mac_simd_pair_1171 |         20 |         12 |       8 |    0 |    36 |      0 |      0 |          1 |
|         (gen_pair[3].gen_row[3].u_simd)                                   |                                              mac_simd_pair_1171 |          2 |          2 |       0 |    0 |     2 |      0 |      0 |          1 |
|         u_corr                                                            |                                              sign_corr_lut_1452 |         10 |         10 |       0 |    0 |    34 |      0 |      0 |          0 |
|         u_wrf_0                                                           |                                                     std_rf_1453 |          4 |          0 |       4 |    0 |     0 |      0 |      0 |          0 |
|         u_wrf_1                                                           |                                                     std_rf_1454 |          4 |          0 |       4 |    0 |     0 |      0 |      0 |          0 |
|       gen_pair[3].gen_row[4].u_simd                                       |                                              mac_simd_pair_1172 |         38 |         26 |      12 |    0 |    36 |      0 |      0 |          1 |
|         (gen_pair[3].gen_row[4].u_simd)                                   |                                              mac_simd_pair_1172 |          2 |          2 |       0 |    0 |     2 |      0 |      0 |          1 |
|         u_corr                                                            |                                              sign_corr_lut_1449 |         24 |         24 |       0 |    0 |    34 |      0 |      0 |          0 |
|         u_wrf_0                                                           |                                                     std_rf_1450 |          8 |          0 |       8 |    0 |     0 |      0 |      0 |          0 |
|         u_wrf_1                                                           |                                                     std_rf_1451 |          4 |          0 |       4 |    0 |     0 |      0 |      0 |          0 |
|       gen_pair[3].gen_row[5].u_simd                                       |                                              mac_simd_pair_1173 |         56 |         44 |      12 |    0 |    36 |      0 |      0 |          1 |
|         (gen_pair[3].gen_row[5].u_simd)                                   |                                              mac_simd_pair_1173 |          2 |          2 |       0 |    0 |     2 |      0 |      0 |          1 |
|         u_corr                                                            |                                              sign_corr_lut_1446 |         42 |         42 |       0 |    0 |    34 |      0 |      0 |          0 |
|         u_wrf_0                                                           |                                                     std_rf_1447 |          4 |          0 |       4 |    0 |     0 |      0 |      0 |          0 |
|         u_wrf_1                                                           |                                                     std_rf_1448 |          8 |          0 |       8 |    0 |     0 |      0 |      0 |          0 |
|       gen_pair[3].gen_row[6].u_simd                                       |                                              mac_simd_pair_1174 |         20 |         12 |       8 |    0 |    36 |      0 |      0 |          1 |
|         (gen_pair[3].gen_row[6].u_simd)                                   |                                              mac_simd_pair_1174 |          2 |          2 |       0 |    0 |     2 |      0 |      0 |          1 |
|         u_corr                                                            |                                              sign_corr_lut_1443 |         10 |         10 |       0 |    0 |    34 |      0 |      0 |          0 |
|         u_wrf_0                                                           |                                                     std_rf_1444 |          4 |          0 |       4 |    0 |     0 |      0 |      0 |          0 |
|         u_wrf_1                                                           |                                                     std_rf_1445 |          4 |          0 |       4 |    0 |     0 |      0 |      0 |          0 |
|       gen_pair[3].gen_row[7].u_simd                                       |                                              mac_simd_pair_1175 |         36 |         24 |      12 |    0 |    36 |      0 |      0 |          1 |
|         (gen_pair[3].gen_row[7].u_simd)                                   |                                              mac_simd_pair_1175 |          2 |          2 |       0 |    0 |     2 |      0 |      0 |          1 |
|         u_corr                                                            |                                              sign_corr_lut_1440 |         22 |         22 |       0 |    0 |    34 |      0 |      0 |          0 |
|         u_wrf_0                                                           |                                                     std_rf_1441 |          8 |          0 |       8 |    0 |     0 |      0 |      0 |          0 |
|         u_wrf_1                                                           |                                                     std_rf_1442 |          4 |          0 |       4 |    0 |     0 |      0 |      0 |          0 |
|       gen_pair[3].gen_row[8].u_simd                                       |                                              mac_simd_pair_1176 |        108 |         96 |      12 |    0 |    36 |      0 |      0 |          1 |
|         (gen_pair[3].gen_row[8].u_simd)                                   |                                              mac_simd_pair_1176 |          2 |          2 |       0 |    0 |     2 |      0 |      0 |          1 |
|         u_corr                                                            |                                              sign_corr_lut_1437 |         94 |         94 |       0 |    0 |    34 |      0 |      0 |          0 |
|         u_wrf_0                                                           |                                                     std_rf_1438 |          4 |          0 |       4 |    0 |     0 |      0 |      0 |          0 |
|         u_wrf_1                                                           |                                                     std_rf_1439 |          8 |          0 |       8 |    0 |     0 |      0 |      0 |          0 |
|       gen_pair[3].gen_row[9].u_simd                                       |                                              mac_simd_pair_1177 |         20 |         12 |       8 |    0 |    36 |      0 |      0 |          1 |
|         (gen_pair[3].gen_row[9].u_simd)                                   |                                              mac_simd_pair_1177 |          2 |          2 |       0 |    0 |     2 |      0 |      0 |          1 |
|         u_corr                                                            |                                              sign_corr_lut_1434 |         10 |         10 |       0 |    0 |    34 |      0 |      0 |          0 |
|         u_wrf_0                                                           |                                                     std_rf_1435 |          4 |          0 |       4 |    0 |     0 |      0 |      0 |          0 |
|         u_wrf_1                                                           |                                                     std_rf_1436 |          4 |          0 |       4 |    0 |     0 |      0 |      0 |          0 |
|       gen_pair[4].gen_row[0].u_simd                                       |                                              mac_simd_pair_1178 |         39 |         27 |      12 |    0 |    37 |      0 |      0 |          1 |
|         (gen_pair[4].gen_row[0].u_simd)                                   |                                              mac_simd_pair_1178 |          2 |          2 |       0 |    0 |     3 |      0 |      0 |          1 |
|         u_corr                                                            |                                              sign_corr_lut_1431 |         25 |         25 |       0 |    0 |    34 |      0 |      0 |          0 |
|         u_wrf_0                                                           |                                                     std_rf_1432 |          8 |          0 |       8 |    0 |     0 |      0 |      0 |          0 |
|         u_wrf_1                                                           |                                                     std_rf_1433 |          4 |          0 |       4 |    0 |     0 |      0 |      0 |          0 |
|       gen_pair[4].gen_row[10].u_simd                                      |                                              mac_simd_pair_1179 |         37 |         25 |      12 |    0 |    36 |      0 |      0 |          1 |
|         (gen_pair[4].gen_row[10].u_simd)                                  |                                              mac_simd_pair_1179 |          2 |          2 |       0 |    0 |     2 |      0 |      0 |          1 |
|         u_corr                                                            |                                              sign_corr_lut_1428 |         23 |         23 |       0 |    0 |    34 |      0 |      0 |          0 |
|         u_wrf_0                                                           |                                                     std_rf_1429 |          4 |          0 |       4 |    0 |     0 |      0 |      0 |          0 |
|         u_wrf_1                                                           |                                                     std_rf_1430 |          8 |          0 |       8 |    0 |     0 |      0 |      0 |          0 |
|       gen_pair[4].gen_row[11].u_simd                                      |                                              mac_simd_pair_1180 |         69 |         61 |       8 |    0 |    41 |      0 |      0 |          1 |
|         (gen_pair[4].gen_row[11].u_simd)                                  |                                              mac_simd_pair_1180 |          2 |          2 |       0 |    0 |     7 |      0 |      0 |          1 |
|         u_corr                                                            |                                              sign_corr_lut_1425 |         59 |         59 |       0 |    0 |    34 |      0 |      0 |          0 |
|         u_wrf_0                                                           |                                                     std_rf_1426 |          4 |          0 |       4 |    0 |     0 |      0 |      0 |          0 |
|         u_wrf_1                                                           |                                                     std_rf_1427 |          4 |          0 |       4 |    0 |     0 |      0 |      0 |          0 |
|       gen_pair[4].gen_row[12].u_simd                                      |                                              mac_simd_pair_1181 |         53 |         41 |      12 |    0 |    36 |      0 |      0 |          1 |
|         (gen_pair[4].gen_row[12].u_simd)                                  |                                              mac_simd_pair_1181 |          2 |          2 |       0 |    0 |     2 |      0 |      0 |          1 |
|         u_corr                                                            |                                              sign_corr_lut_1422 |         39 |         39 |       0 |    0 |    34 |      0 |      0 |          0 |
|         u_wrf_0                                                           |                                                     std_rf_1423 |          8 |          0 |       8 |    0 |     0 |      0 |      0 |          0 |
|         u_wrf_1                                                           |                                                     std_rf_1424 |          4 |          0 |       4 |    0 |     0 |      0 |      0 |          0 |
|       gen_pair[4].gen_row[13].u_simd                                      |                                              mac_simd_pair_1182 |        100 |         88 |      12 |    0 |    36 |      0 |      0 |          1 |
|         (gen_pair[4].gen_row[13].u_simd)                                  |                                              mac_simd_pair_1182 |          2 |          2 |       0 |    0 |     2 |      0 |      0 |          1 |
|         u_corr                                                            |                                              sign_corr_lut_1419 |         86 |         86 |       0 |    0 |    34 |      0 |      0 |          0 |
|         u_wrf_0                                                           |                                                     std_rf_1420 |          4 |          0 |       4 |    0 |     0 |      0 |      0 |          0 |
|         u_wrf_1                                                           |                                                     std_rf_1421 |          8 |          0 |       8 |    0 |     0 |      0 |      0 |          0 |
|       gen_pair[4].gen_row[14].u_simd                                      |                                              mac_simd_pair_1183 |         51 |         43 |       8 |    0 |    39 |      0 |      0 |          1 |
|         (gen_pair[4].gen_row[14].u_simd)                                  |                                              mac_simd_pair_1183 |          2 |          2 |       0 |    0 |     5 |      0 |      0 |          1 |
|         u_corr                                                            |                                              sign_corr_lut_1416 |         41 |         41 |       0 |    0 |    34 |      0 |      0 |          0 |
|         u_wrf_0                                                           |                                                     std_rf_1417 |          4 |          0 |       4 |    0 |     0 |      0 |      0 |          0 |
|         u_wrf_1                                                           |                                                     std_rf_1418 |          4 |          0 |       4 |    0 |     0 |      0 |      0 |          0 |
|       gen_pair[4].gen_row[15].u_simd                                      |                                              mac_simd_pair_1184 |         62 |         50 |      12 |    0 |    36 |      0 |      0 |          1 |
|         (gen_pair[4].gen_row[15].u_simd)                                  |                                              mac_simd_pair_1184 |          2 |          2 |       0 |    0 |     2 |      0 |      0 |          1 |
|         u_corr                                                            |                                              sign_corr_lut_1413 |         48 |         48 |       0 |    0 |    34 |      0 |      0 |          0 |
|         u_wrf_0                                                           |                                                     std_rf_1414 |          8 |          0 |       8 |    0 |     0 |      0 |      0 |          0 |
|         u_wrf_1                                                           |                                                     std_rf_1415 |          4 |          0 |       4 |    0 |     0 |      0 |      0 |          0 |
|       gen_pair[4].gen_row[1].u_simd                                       |                                              mac_simd_pair_1185 |         38 |         26 |      12 |    0 |    37 |      0 |      0 |          1 |
|         (gen_pair[4].gen_row[1].u_simd)                                   |                                              mac_simd_pair_1185 |          2 |          2 |       0 |    0 |     3 |      0 |      0 |          1 |
|         u_corr                                                            |                                              sign_corr_lut_1410 |         24 |         24 |       0 |    0 |    34 |      0 |      0 |          0 |
|         u_wrf_0                                                           |                                                     std_rf_1411 |          4 |          0 |       4 |    0 |     0 |      0 |      0 |          0 |
|         u_wrf_1                                                           |                                                     std_rf_1412 |          8 |          0 |       8 |    0 |     0 |      0 |      0 |          0 |
|       gen_pair[4].gen_row[2].u_simd                                       |                                              mac_simd_pair_1186 |        111 |        103 |       8 |    0 |    44 |      0 |      0 |          1 |
|         (gen_pair[4].gen_row[2].u_simd)                                   |                                              mac_simd_pair_1186 |          2 |          2 |       0 |    0 |    10 |      0 |      0 |          1 |
|         u_corr                                                            |                                              sign_corr_lut_1407 |        101 |        101 |       0 |    0 |    34 |      0 |      0 |          0 |
|         u_wrf_0                                                           |                                                     std_rf_1408 |          4 |          0 |       4 |    0 |     0 |      0 |      0 |          0 |
|         u_wrf_1                                                           |                                                     std_rf_1409 |          4 |          0 |       4 |    0 |     0 |      0 |      0 |          0 |
|       gen_pair[4].gen_row[3].u_simd                                       |                                              mac_simd_pair_1187 |         24 |         12 |      12 |    0 |    37 |      0 |      0 |          1 |
|         (gen_pair[4].gen_row[3].u_simd)                                   |                                              mac_simd_pair_1187 |          2 |          2 |       0 |    0 |     3 |      0 |      0 |          1 |
|         u_corr                                                            |                                              sign_corr_lut_1404 |         10 |         10 |       0 |    0 |    34 |      0 |      0 |          0 |
|         u_wrf_0                                                           |                                                     std_rf_1405 |          8 |          0 |       8 |    0 |     0 |      0 |      0 |          0 |
|         u_wrf_1                                                           |                                                     std_rf_1406 |          4 |          0 |       4 |    0 |     0 |      0 |      0 |          0 |
|       gen_pair[4].gen_row[4].u_simd                                       |                                              mac_simd_pair_1188 |         38 |         26 |      12 |    0 |    36 |      0 |      0 |          1 |
|         (gen_pair[4].gen_row[4].u_simd)                                   |                                              mac_simd_pair_1188 |          2 |          2 |       0 |    0 |     2 |      0 |      0 |          1 |
|         u_corr                                                            |                                              sign_corr_lut_1401 |         24 |         24 |       0 |    0 |    34 |      0 |      0 |          0 |
|         u_wrf_0                                                           |                                                     std_rf_1402 |          4 |          0 |       4 |    0 |     0 |      0 |      0 |          0 |
|         u_wrf_1                                                           |                                                     std_rf_1403 |          8 |          0 |       8 |    0 |     0 |      0 |      0 |          0 |
|       gen_pair[4].gen_row[5].u_simd                                       |                                              mac_simd_pair_1189 |         52 |         44 |       8 |    0 |    37 |      0 |      0 |          1 |
|         (gen_pair[4].gen_row[5].u_simd)                                   |                                              mac_simd_pair_1189 |          2 |          2 |       0 |    0 |     3 |      0 |      0 |          1 |
|         u_corr                                                            |                                              sign_corr_lut_1398 |         42 |         42 |       0 |    0 |    34 |      0 |      0 |          0 |
|         u_wrf_0                                                           |                                                     std_rf_1399 |          4 |          0 |       4 |    0 |     0 |      0 |      0 |          0 |
|         u_wrf_1                                                           |                                                     std_rf_1400 |          4 |          0 |       4 |    0 |     0 |      0 |      0 |          0 |
|       gen_pair[4].gen_row[6].u_simd                                       |                                              mac_simd_pair_1190 |         25 |         13 |      12 |    0 |    37 |      0 |      0 |          1 |
|         (gen_pair[4].gen_row[6].u_simd)                                   |                                              mac_simd_pair_1190 |          2 |          2 |       0 |    0 |     3 |      0 |      0 |          1 |
|         u_corr                                                            |                                              sign_corr_lut_1395 |         11 |         11 |       0 |    0 |    34 |      0 |      0 |          0 |
|         u_wrf_0                                                           |                                                     std_rf_1396 |          8 |          0 |       8 |    0 |     0 |      0 |      0 |          0 |
|         u_wrf_1                                                           |                                                     std_rf_1397 |          4 |          0 |       4 |    0 |     0 |      0 |      0 |          0 |
|       gen_pair[4].gen_row[7].u_simd                                       |                                              mac_simd_pair_1191 |         37 |         25 |      12 |    0 |    37 |      0 |      0 |          1 |
|         (gen_pair[4].gen_row[7].u_simd)                                   |                                              mac_simd_pair_1191 |          2 |          2 |       0 |    0 |     3 |      0 |      0 |          1 |
|         u_corr                                                            |                                              sign_corr_lut_1392 |         23 |         23 |       0 |    0 |    34 |      0 |      0 |          0 |
|         u_wrf_0                                                           |                                                     std_rf_1393 |          4 |          0 |       4 |    0 |     0 |      0 |      0 |          0 |
|         u_wrf_1                                                           |                                                     std_rf_1394 |          8 |          0 |       8 |    0 |     0 |      0 |      0 |          0 |
|       gen_pair[4].gen_row[8].u_simd                                       |                                              mac_simd_pair_1192 |         79 |         71 |       8 |    0 |    37 |      0 |      0 |          1 |
|         (gen_pair[4].gen_row[8].u_simd)                                   |                                              mac_simd_pair_1192 |          2 |          2 |       0 |    0 |     3 |      0 |      0 |          1 |
|         u_corr                                                            |                                              sign_corr_lut_1389 |         69 |         69 |       0 |    0 |    34 |      0 |      0 |          0 |
|         u_wrf_0                                                           |                                                     std_rf_1390 |          4 |          0 |       4 |    0 |     0 |      0 |      0 |          0 |
|         u_wrf_1                                                           |                                                     std_rf_1391 |          4 |          0 |       4 |    0 |     0 |      0 |      0 |          0 |
|       gen_pair[4].gen_row[9].u_simd                                       |                                              mac_simd_pair_1193 |         24 |         12 |      12 |    0 |    36 |      0 |      0 |          1 |
|         (gen_pair[4].gen_row[9].u_simd)                                   |                                              mac_simd_pair_1193 |          2 |          2 |       0 |    0 |     2 |      0 |      0 |          1 |
|         u_corr                                                            |                                              sign_corr_lut_1386 |         10 |         10 |       0 |    0 |    34 |      0 |      0 |          0 |
|         u_wrf_0                                                           |                                                     std_rf_1387 |          8 |          0 |       8 |    0 |     0 |      0 |      0 |          0 |
|         u_wrf_1                                                           |                                                     std_rf_1388 |          4 |          0 |       4 |    0 |     0 |      0 |      0 |          0 |
|       gen_pair[5].gen_row[0].u_simd                                       |                                              mac_simd_pair_1194 |         42 |         30 |      12 |    0 |    36 |      0 |      0 |          1 |
|         (gen_pair[5].gen_row[0].u_simd)                                   |                                              mac_simd_pair_1194 |          2 |          2 |       0 |    0 |     2 |      0 |      0 |          1 |
|         u_corr                                                            |                                              sign_corr_lut_1383 |         28 |         28 |       0 |    0 |    34 |      0 |      0 |          0 |
|         u_wrf_0                                                           |                                                     std_rf_1384 |          4 |          0 |       4 |    0 |     0 |      0 |      0 |          0 |
|         u_wrf_1                                                           |                                                     std_rf_1385 |          8 |          0 |       8 |    0 |     0 |      0 |      0 |          0 |
|       gen_pair[5].gen_row[10].u_simd                                      |                                              mac_simd_pair_1195 |         28 |         20 |       8 |    0 |    36 |      0 |      0 |          1 |
|         (gen_pair[5].gen_row[10].u_simd)                                  |                                              mac_simd_pair_1195 |          2 |          2 |       0 |    0 |     2 |      0 |      0 |          1 |
|         u_corr                                                            |                                              sign_corr_lut_1380 |         18 |         18 |       0 |    0 |    34 |      0 |      0 |          0 |
|         u_wrf_0                                                           |                                                     std_rf_1381 |          4 |          0 |       4 |    0 |     0 |      0 |      0 |          0 |
|         u_wrf_1                                                           |                                                     std_rf_1382 |          4 |          0 |       4 |    0 |     0 |      0 |      0 |          0 |
|       gen_pair[5].gen_row[11].u_simd                                      |                                              mac_simd_pair_1196 |         92 |         80 |      12 |    0 |    36 |      0 |      0 |          1 |
|         (gen_pair[5].gen_row[11].u_simd)                                  |                                              mac_simd_pair_1196 |          2 |          2 |       0 |    0 |     2 |      0 |      0 |          1 |
|         u_corr                                                            |                                              sign_corr_lut_1377 |         78 |         78 |       0 |    0 |    34 |      0 |      0 |          0 |
|         u_wrf_0                                                           |                                                     std_rf_1378 |          8 |          0 |       8 |    0 |     0 |      0 |      0 |          0 |
|         u_wrf_1                                                           |                                                     std_rf_1379 |          4 |          0 |       4 |    0 |     0 |      0 |      0 |          0 |
|       gen_pair[5].gen_row[12].u_simd                                      |                                              mac_simd_pair_1197 |         24 |         12 |      12 |    0 |    36 |      0 |      0 |          1 |
|         (gen_pair[5].gen_row[12].u_simd)                                  |                                              mac_simd_pair_1197 |          2 |          2 |       0 |    0 |     2 |      0 |      0 |          1 |
|         u_corr                                                            |                                              sign_corr_lut_1374 |         10 |         10 |       0 |    0 |    34 |      0 |      0 |          0 |
|         u_wrf_0                                                           |                                                     std_rf_1375 |          4 |          0 |       4 |    0 |     0 |      0 |      0 |          0 |
|         u_wrf_1                                                           |                                                     std_rf_1376 |          8 |          0 |       8 |    0 |     0 |      0 |      0 |          0 |
|       gen_pair[5].gen_row[13].u_simd                                      |                                              mac_simd_pair_1198 |         94 |         86 |       8 |    0 |    36 |      0 |      0 |          1 |
|         (gen_pair[5].gen_row[13].u_simd)                                  |                                              mac_simd_pair_1198 |          2 |          2 |       0 |    0 |     2 |      0 |      0 |          1 |
|         u_corr                                                            |                                              sign_corr_lut_1371 |         84 |         84 |       0 |    0 |    34 |      0 |      0 |          0 |
|         u_wrf_0                                                           |                                                     std_rf_1372 |          4 |          0 |       4 |    0 |     0 |      0 |      0 |          0 |
|         u_wrf_1                                                           |                                                     std_rf_1373 |          4 |          0 |       4 |    0 |     0 |      0 |      0 |          0 |
|       gen_pair[5].gen_row[14].u_simd                                      |                                              mac_simd_pair_1199 |         56 |         44 |      12 |    0 |    36 |      0 |      0 |          1 |
|         (gen_pair[5].gen_row[14].u_simd)                                  |                                              mac_simd_pair_1199 |          2 |          2 |       0 |    0 |     2 |      0 |      0 |          1 |
|         u_corr                                                            |                                              sign_corr_lut_1368 |         42 |         42 |       0 |    0 |    34 |      0 |      0 |          0 |
|         u_wrf_0                                                           |                                                     std_rf_1369 |          8 |          0 |       8 |    0 |     0 |      0 |      0 |          0 |
|         u_wrf_1                                                           |                                                     std_rf_1370 |          4 |          0 |       4 |    0 |     0 |      0 |      0 |          0 |
|       gen_pair[5].gen_row[15].u_simd                                      |                                              mac_simd_pair_1200 |         24 |         12 |      12 |    0 |    36 |      0 |      0 |          1 |
|         (gen_pair[5].gen_row[15].u_simd)                                  |                                              mac_simd_pair_1200 |          2 |          2 |       0 |    0 |     2 |      0 |      0 |          1 |
|         u_corr                                                            |                                              sign_corr_lut_1365 |         10 |         10 |       0 |    0 |    34 |      0 |      0 |          0 |
|         u_wrf_0                                                           |                                                     std_rf_1366 |          4 |          0 |       4 |    0 |     0 |      0 |      0 |          0 |
|         u_wrf_1                                                           |                                                     std_rf_1367 |          8 |          0 |       8 |    0 |     0 |      0 |      0 |          0 |
|       gen_pair[5].gen_row[1].u_simd                                       |                                              mac_simd_pair_1201 |         28 |         20 |       8 |    0 |    36 |      0 |      0 |          1 |
|         (gen_pair[5].gen_row[1].u_simd)                                   |                                              mac_simd_pair_1201 |          2 |          2 |       0 |    0 |     2 |      0 |      0 |          1 |
|         u_corr                                                            |                                              sign_corr_lut_1362 |         18 |         18 |       0 |    0 |    34 |      0 |      0 |          0 |
|         u_wrf_0                                                           |                                                     std_rf_1363 |          4 |          0 |       4 |    0 |     0 |      0 |      0 |          0 |
|         u_wrf_1                                                           |                                                     std_rf_1364 |          4 |          0 |       4 |    0 |     0 |      0 |      0 |          0 |
|       gen_pair[5].gen_row[2].u_simd                                       |                                              mac_simd_pair_1202 |        117 |        105 |      12 |    0 |    36 |      0 |      0 |          1 |
|         (gen_pair[5].gen_row[2].u_simd)                                   |                                              mac_simd_pair_1202 |          2 |          2 |       0 |    0 |     2 |      0 |      0 |          1 |
|         u_corr                                                            |                                              sign_corr_lut_1359 |        103 |        103 |       0 |    0 |    34 |      0 |      0 |          0 |
|         u_wrf_0                                                           |                                                     std_rf_1360 |          8 |          0 |       8 |    0 |     0 |      0 |      0 |          0 |
|         u_wrf_1                                                           |                                                     std_rf_1361 |          4 |          0 |       4 |    0 |     0 |      0 |      0 |          0 |
|       gen_pair[5].gen_row[3].u_simd                                       |                                              mac_simd_pair_1203 |         24 |         12 |      12 |    0 |    36 |      0 |      0 |          1 |
|         (gen_pair[5].gen_row[3].u_simd)                                   |                                              mac_simd_pair_1203 |          2 |          2 |       0 |    0 |     2 |      0 |      0 |          1 |
|         u_corr                                                            |                                              sign_corr_lut_1356 |         10 |         10 |       0 |    0 |    34 |      0 |      0 |          0 |
|         u_wrf_0                                                           |                                                     std_rf_1357 |          4 |          0 |       4 |    0 |     0 |      0 |      0 |          0 |
|         u_wrf_1                                                           |                                                     std_rf_1358 |          8 |          0 |       8 |    0 |     0 |      0 |      0 |          0 |
|       gen_pair[5].gen_row[4].u_simd                                       |                                              mac_simd_pair_1204 |         36 |         28 |       8 |    0 |    44 |      0 |      0 |          1 |
|         (gen_pair[5].gen_row[4].u_simd)                                   |                                              mac_simd_pair_1204 |          2 |          2 |       0 |    0 |    10 |      0 |      0 |          1 |
|         u_corr                                                            |                                              sign_corr_lut_1353 |         26 |         26 |       0 |    0 |    34 |      0 |      0 |          0 |
|         u_wrf_0                                                           |                                                     std_rf_1354 |          4 |          0 |       4 |    0 |     0 |      0 |      0 |          0 |
|         u_wrf_1                                                           |                                                     std_rf_1355 |          4 |          0 |       4 |    0 |     0 |      0 |      0 |          0 |
|       gen_pair[5].gen_row[5].u_simd                                       |                                              mac_simd_pair_1205 |         56 |         44 |      12 |    0 |    36 |      0 |      0 |          1 |
|         (gen_pair[5].gen_row[5].u_simd)                                   |                                              mac_simd_pair_1205 |          2 |          2 |       0 |    0 |     2 |      0 |      0 |          1 |
|         u_corr                                                            |                                              sign_corr_lut_1350 |         42 |         42 |       0 |    0 |    34 |      0 |      0 |          0 |
|         u_wrf_0                                                           |                                                     std_rf_1351 |          8 |          0 |       8 |    0 |     0 |      0 |      0 |          0 |
|         u_wrf_1                                                           |                                                     std_rf_1352 |          4 |          0 |       4 |    0 |     0 |      0 |      0 |          0 |
|       gen_pair[5].gen_row[6].u_simd                                       |                                              mac_simd_pair_1206 |         24 |         12 |      12 |    0 |    36 |      0 |      0 |          1 |
|         (gen_pair[5].gen_row[6].u_simd)                                   |                                              mac_simd_pair_1206 |          2 |          2 |       0 |    0 |     2 |      0 |      0 |          1 |
|         u_corr                                                            |                                              sign_corr_lut_1347 |         10 |         10 |       0 |    0 |    34 |      0 |      0 |          0 |
|         u_wrf_0                                                           |                                                     std_rf_1348 |          4 |          0 |       4 |    0 |     0 |      0 |      0 |          0 |
|         u_wrf_1                                                           |                                                     std_rf_1349 |          8 |          0 |       8 |    0 |     0 |      0 |      0 |          0 |
|       gen_pair[5].gen_row[7].u_simd                                       |                                              mac_simd_pair_1207 |         34 |         26 |       8 |    0 |    36 |      0 |      0 |          1 |
|         (gen_pair[5].gen_row[7].u_simd)                                   |                                              mac_simd_pair_1207 |          2 |          2 |       0 |    0 |     2 |      0 |      0 |          1 |
|         u_corr                                                            |                                              sign_corr_lut_1344 |         24 |         24 |       0 |    0 |    34 |      0 |      0 |          0 |
|         u_wrf_0                                                           |                                                     std_rf_1345 |          4 |          0 |       4 |    0 |     0 |      0 |      0 |          0 |
|         u_wrf_1                                                           |                                                     std_rf_1346 |          4 |          0 |       4 |    0 |     0 |      0 |      0 |          0 |
|       gen_pair[5].gen_row[8].u_simd                                       |                                              mac_simd_pair_1208 |         58 |         46 |      12 |    0 |    36 |      0 |      0 |          1 |
|         (gen_pair[5].gen_row[8].u_simd)                                   |                                              mac_simd_pair_1208 |          2 |          2 |       0 |    0 |     2 |      0 |      0 |          1 |
|         u_corr                                                            |                                              sign_corr_lut_1341 |         44 |         44 |       0 |    0 |    34 |      0 |      0 |          0 |
|         u_wrf_0                                                           |                                                     std_rf_1342 |          8 |          0 |       8 |    0 |     0 |      0 |      0 |          0 |
|         u_wrf_1                                                           |                                                     std_rf_1343 |          4 |          0 |       4 |    0 |     0 |      0 |      0 |          0 |
|       gen_pair[5].gen_row[9].u_simd                                       |                                              mac_simd_pair_1209 |         24 |         12 |      12 |    0 |    36 |      0 |      0 |          1 |
|         (gen_pair[5].gen_row[9].u_simd)                                   |                                              mac_simd_pair_1209 |          2 |          2 |       0 |    0 |     2 |      0 |      0 |          1 |
|         u_corr                                                            |                                              sign_corr_lut_1338 |         10 |         10 |       0 |    0 |    34 |      0 |      0 |          0 |
|         u_wrf_0                                                           |                                                     std_rf_1339 |          4 |          0 |       4 |    0 |     0 |      0 |      0 |          0 |
|         u_wrf_1                                                           |                                                     std_rf_1340 |          8 |          0 |       8 |    0 |     0 |      0 |      0 |          0 |
|       gen_pair[6].gen_row[0].u_simd                                       |                                              mac_simd_pair_1210 |         38 |         30 |       8 |    0 |    36 |      0 |      0 |          1 |
|         (gen_pair[6].gen_row[0].u_simd)                                   |                                              mac_simd_pair_1210 |          2 |          2 |       0 |    0 |     2 |      0 |      0 |          1 |
|         u_corr                                                            |                                              sign_corr_lut_1335 |         28 |         28 |       0 |    0 |    34 |      0 |      0 |          0 |
|         u_wrf_0                                                           |                                                     std_rf_1336 |          4 |          0 |       4 |    0 |     0 |      0 |      0 |          0 |
|         u_wrf_1                                                           |                                                     std_rf_1337 |          4 |          0 |       4 |    0 |     0 |      0 |      0 |          0 |
|       gen_pair[6].gen_row[10].u_simd                                      |                                              mac_simd_pair_1211 |         32 |         20 |      12 |    0 |    36 |      0 |      0 |          1 |
|         (gen_pair[6].gen_row[10].u_simd)                                  |                                              mac_simd_pair_1211 |          2 |          2 |       0 |    0 |     2 |      0 |      0 |          1 |
|         u_corr                                                            |                                              sign_corr_lut_1332 |         18 |         18 |       0 |    0 |    34 |      0 |      0 |          0 |
|         u_wrf_0                                                           |                                                     std_rf_1333 |          8 |          0 |       8 |    0 |     0 |      0 |      0 |          0 |
|         u_wrf_1                                                           |                                                     std_rf_1334 |          4 |          0 |       4 |    0 |     0 |      0 |      0 |          0 |
|       gen_pair[6].gen_row[11].u_simd                                      |                                              mac_simd_pair_1212 |         92 |         80 |      12 |    0 |    36 |      0 |      0 |          1 |
|         (gen_pair[6].gen_row[11].u_simd)                                  |                                              mac_simd_pair_1212 |          2 |          2 |       0 |    0 |     2 |      0 |      0 |          1 |
|         u_corr                                                            |                                              sign_corr_lut_1329 |         78 |         78 |       0 |    0 |    34 |      0 |      0 |          0 |
|         u_wrf_0                                                           |                                                     std_rf_1330 |          4 |          0 |       4 |    0 |     0 |      0 |      0 |          0 |
|         u_wrf_1                                                           |                                                     std_rf_1331 |          8 |          0 |       8 |    0 |     0 |      0 |      0 |          0 |
|       gen_pair[6].gen_row[12].u_simd                                      |                                              mac_simd_pair_1213 |         20 |         12 |       8 |    0 |    36 |      0 |      0 |          1 |
|         (gen_pair[6].gen_row[12].u_simd)                                  |                                              mac_simd_pair_1213 |          2 |          2 |       0 |    0 |     2 |      0 |      0 |          1 |
|         u_corr                                                            |                                              sign_corr_lut_1326 |         10 |         10 |       0 |    0 |    34 |      0 |      0 |          0 |
|         u_wrf_0                                                           |                                                     std_rf_1327 |          4 |          0 |       4 |    0 |     0 |      0 |      0 |          0 |
|         u_wrf_1                                                           |                                                     std_rf_1328 |          4 |          0 |       4 |    0 |     0 |      0 |      0 |          0 |
|       gen_pair[6].gen_row[13].u_simd                                      |                                              mac_simd_pair_1214 |         98 |         86 |      12 |    0 |    36 |      0 |      0 |          1 |
|         (gen_pair[6].gen_row[13].u_simd)                                  |                                              mac_simd_pair_1214 |          2 |          2 |       0 |    0 |     2 |      0 |      0 |          1 |
|         u_corr                                                            |                                              sign_corr_lut_1323 |         84 |         84 |       0 |    0 |    34 |      0 |      0 |          0 |
|         u_wrf_0                                                           |                                                     std_rf_1324 |          8 |          0 |       8 |    0 |     0 |      0 |      0 |          0 |
|         u_wrf_1                                                           |                                                     std_rf_1325 |          4 |          0 |       4 |    0 |     0 |      0 |      0 |          0 |
|       gen_pair[6].gen_row[14].u_simd                                      |                                              mac_simd_pair_1215 |         56 |         44 |      12 |    0 |    36 |      0 |      0 |          1 |
|         (gen_pair[6].gen_row[14].u_simd)                                  |                                              mac_simd_pair_1215 |          2 |          2 |       0 |    0 |     2 |      0 |      0 |          1 |
|         u_corr                                                            |                                              sign_corr_lut_1320 |         42 |         42 |       0 |    0 |    34 |      0 |      0 |          0 |
|         u_wrf_0                                                           |                                                     std_rf_1321 |          4 |          0 |       4 |    0 |     0 |      0 |      0 |          0 |
|         u_wrf_1                                                           |                                                     std_rf_1322 |          8 |          0 |       8 |    0 |     0 |      0 |      0 |          0 |
|       gen_pair[6].gen_row[15].u_simd                                      |                                              mac_simd_pair_1216 |         20 |         12 |       8 |    0 |    36 |      0 |      0 |          1 |
|         (gen_pair[6].gen_row[15].u_simd)                                  |                                              mac_simd_pair_1216 |          2 |          2 |       0 |    0 |     2 |      0 |      0 |          1 |
|         u_corr                                                            |                                              sign_corr_lut_1317 |         10 |         10 |       0 |    0 |    34 |      0 |      0 |          0 |
|         u_wrf_0                                                           |                                                     std_rf_1318 |          4 |          0 |       4 |    0 |     0 |      0 |      0 |          0 |
|         u_wrf_1                                                           |                                                     std_rf_1319 |          4 |          0 |       4 |    0 |     0 |      0 |      0 |          0 |
|       gen_pair[6].gen_row[1].u_simd                                       |                                              mac_simd_pair_1217 |         33 |         21 |      12 |    0 |    36 |      0 |      0 |          1 |
|         (gen_pair[6].gen_row[1].u_simd)                                   |                                              mac_simd_pair_1217 |          2 |          2 |       0 |    0 |     2 |      0 |      0 |          1 |
|         u_corr                                                            |                                              sign_corr_lut_1314 |         19 |         19 |       0 |    0 |    34 |      0 |      0 |          0 |
|         u_wrf_0                                                           |                                                     std_rf_1315 |          8 |          0 |       8 |    0 |     0 |      0 |      0 |          0 |
|         u_wrf_1                                                           |                                                     std_rf_1316 |          4 |          0 |       4 |    0 |     0 |      0 |      0 |          0 |
|       gen_pair[6].gen_row[2].u_simd                                       |                                              mac_simd_pair_1218 |        119 |        107 |      12 |    0 |    36 |      0 |      0 |          1 |
|         (gen_pair[6].gen_row[2].u_simd)                                   |                                              mac_simd_pair_1218 |          2 |          2 |       0 |    0 |     2 |      0 |      0 |          1 |
|         u_corr                                                            |                                              sign_corr_lut_1311 |        105 |        105 |       0 |    0 |    34 |      0 |      0 |          0 |
|         u_wrf_0                                                           |                                                     std_rf_1312 |          4 |          0 |       4 |    0 |     0 |      0 |      0 |          0 |
|         u_wrf_1                                                           |                                                     std_rf_1313 |          8 |          0 |       8 |    0 |     0 |      0 |      0 |          0 |
|       gen_pair[6].gen_row[3].u_simd                                       |                                              mac_simd_pair_1219 |         20 |         12 |       8 |    0 |    36 |      0 |      0 |          1 |
|         (gen_pair[6].gen_row[3].u_simd)                                   |                                              mac_simd_pair_1219 |          2 |          2 |       0 |    0 |     2 |      0 |      0 |          1 |
|         u_corr                                                            |                                              sign_corr_lut_1308 |         10 |         10 |       0 |    0 |    34 |      0 |      0 |          0 |
|         u_wrf_0                                                           |                                                     std_rf_1309 |          4 |          0 |       4 |    0 |     0 |      0 |      0 |          0 |
|         u_wrf_1                                                           |                                                     std_rf_1310 |          4 |          0 |       4 |    0 |     0 |      0 |      0 |          0 |
|       gen_pair[6].gen_row[4].u_simd                                       |                                              mac_simd_pair_1220 |         40 |         28 |      12 |    0 |    36 |      0 |      0 |          1 |
|         (gen_pair[6].gen_row[4].u_simd)                                   |                                              mac_simd_pair_1220 |          2 |          2 |       0 |    0 |     2 |      0 |      0 |          1 |
|         u_corr                                                            |                                              sign_corr_lut_1305 |         26 |         26 |       0 |    0 |    34 |      0 |      0 |          0 |
|         u_wrf_0                                                           |                                                     std_rf_1306 |          8 |          0 |       8 |    0 |     0 |      0 |      0 |          0 |
|         u_wrf_1                                                           |                                                     std_rf_1307 |          4 |          0 |       4 |    0 |     0 |      0 |      0 |          0 |
|       gen_pair[6].gen_row[5].u_simd                                       |                                              mac_simd_pair_1221 |         56 |         44 |      12 |    0 |    36 |      0 |      0 |          1 |
|         (gen_pair[6].gen_row[5].u_simd)                                   |                                              mac_simd_pair_1221 |          2 |          2 |       0 |    0 |     2 |      0 |      0 |          1 |
|         u_corr                                                            |                                              sign_corr_lut_1302 |         42 |         42 |       0 |    0 |    34 |      0 |      0 |          0 |
|         u_wrf_0                                                           |                                                     std_rf_1303 |          4 |          0 |       4 |    0 |     0 |      0 |      0 |          0 |
|         u_wrf_1                                                           |                                                     std_rf_1304 |          8 |          0 |       8 |    0 |     0 |      0 |      0 |          0 |
|       gen_pair[6].gen_row[6].u_simd                                       |                                              mac_simd_pair_1222 |         20 |         12 |       8 |    0 |    36 |      0 |      0 |          1 |
|         (gen_pair[6].gen_row[6].u_simd)                                   |                                              mac_simd_pair_1222 |          2 |          2 |       0 |    0 |     2 |      0 |      0 |          1 |
|         u_corr                                                            |                                              sign_corr_lut_1299 |         10 |         10 |       0 |    0 |    34 |      0 |      0 |          0 |
|         u_wrf_0                                                           |                                                     std_rf_1300 |          4 |          0 |       4 |    0 |     0 |      0 |      0 |          0 |
|         u_wrf_1                                                           |                                                     std_rf_1301 |          4 |          0 |       4 |    0 |     0 |      0 |      0 |          0 |
|       gen_pair[6].gen_row[7].u_simd                                       |                                              mac_simd_pair_1223 |         38 |         26 |      12 |    0 |    36 |      0 |      0 |          1 |
|         (gen_pair[6].gen_row[7].u_simd)                                   |                                              mac_simd_pair_1223 |          2 |          2 |       0 |    0 |     2 |      0 |      0 |          1 |
|         u_corr                                                            |                                              sign_corr_lut_1296 |         24 |         24 |       0 |    0 |    34 |      0 |      0 |          0 |
|         u_wrf_0                                                           |                                                     std_rf_1297 |          8 |          0 |       8 |    0 |     0 |      0 |      0 |          0 |
|         u_wrf_1                                                           |                                                     std_rf_1298 |          4 |          0 |       4 |    0 |     0 |      0 |      0 |          0 |
|       gen_pair[6].gen_row[8].u_simd                                       |                                              mac_simd_pair_1224 |         58 |         46 |      12 |    0 |    36 |      0 |      0 |          1 |
|         (gen_pair[6].gen_row[8].u_simd)                                   |                                              mac_simd_pair_1224 |          2 |          2 |       0 |    0 |     2 |      0 |      0 |          1 |
|         u_corr                                                            |                                              sign_corr_lut_1293 |         44 |         44 |       0 |    0 |    34 |      0 |      0 |          0 |
|         u_wrf_0                                                           |                                                     std_rf_1294 |          4 |          0 |       4 |    0 |     0 |      0 |      0 |          0 |
|         u_wrf_1                                                           |                                                     std_rf_1295 |          8 |          0 |       8 |    0 |     0 |      0 |      0 |          0 |
|       gen_pair[6].gen_row[9].u_simd                                       |                                              mac_simd_pair_1225 |         20 |         12 |       8 |    0 |    36 |      0 |      0 |          1 |
|         (gen_pair[6].gen_row[9].u_simd)                                   |                                              mac_simd_pair_1225 |          2 |          2 |       0 |    0 |     2 |      0 |      0 |          1 |
|         u_corr                                                            |                                              sign_corr_lut_1290 |         10 |         10 |       0 |    0 |    34 |      0 |      0 |          0 |
|         u_wrf_0                                                           |                                                     std_rf_1291 |          4 |          0 |       4 |    0 |     0 |      0 |      0 |          0 |
|         u_wrf_1                                                           |                                                     std_rf_1292 |          4 |          0 |       4 |    0 |     0 |      0 |      0 |          0 |
|       gen_pair[7].gen_row[0].u_simd                                       |                                              mac_simd_pair_1226 |         42 |         30 |      12 |    0 |    36 |      0 |      0 |          1 |
|         (gen_pair[7].gen_row[0].u_simd)                                   |                                              mac_simd_pair_1226 |          2 |          2 |       0 |    0 |     2 |      0 |      0 |          1 |
|         u_corr                                                            |                                              sign_corr_lut_1287 |         28 |         28 |       0 |    0 |    34 |      0 |      0 |          0 |
|         u_wrf_0                                                           |                                                     std_rf_1288 |          8 |          0 |       8 |    0 |     0 |      0 |      0 |          0 |
|         u_wrf_1                                                           |                                                     std_rf_1289 |          4 |          0 |       4 |    0 |     0 |      0 |      0 |          0 |
|       gen_pair[7].gen_row[10].u_simd                                      |                                              mac_simd_pair_1227 |         32 |         20 |      12 |    0 |    44 |      0 |      0 |          1 |
|         (gen_pair[7].gen_row[10].u_simd)                                  |                                              mac_simd_pair_1227 |          2 |          2 |       0 |    0 |    10 |      0 |      0 |          1 |
|         u_corr                                                            |                                              sign_corr_lut_1284 |         18 |         18 |       0 |    0 |    34 |      0 |      0 |          0 |
|         u_wrf_0                                                           |                                                     std_rf_1285 |          4 |          0 |       4 |    0 |     0 |      0 |      0 |          0 |
|         u_wrf_1                                                           |                                                     std_rf_1286 |          8 |          0 |       8 |    0 |     0 |      0 |      0 |          0 |
|       gen_pair[7].gen_row[11].u_simd                                      |                                              mac_simd_pair_1228 |         88 |         80 |       8 |    0 |    36 |      0 |      0 |          1 |
|         (gen_pair[7].gen_row[11].u_simd)                                  |                                              mac_simd_pair_1228 |          2 |          2 |       0 |    0 |     2 |      0 |      0 |          1 |
|         u_corr                                                            |                                              sign_corr_lut_1281 |         78 |         78 |       0 |    0 |    34 |      0 |      0 |          0 |
|         u_wrf_0                                                           |                                                     std_rf_1282 |          4 |          0 |       4 |    0 |     0 |      0 |      0 |          0 |
|         u_wrf_1                                                           |                                                     std_rf_1283 |          4 |          0 |       4 |    0 |     0 |      0 |      0 |          0 |
|       gen_pair[7].gen_row[12].u_simd                                      |                                              mac_simd_pair_1229 |         24 |         12 |      12 |    0 |    44 |      0 |      0 |          1 |
|         (gen_pair[7].gen_row[12].u_simd)                                  |                                              mac_simd_pair_1229 |          2 |          2 |       0 |    0 |    10 |      0 |      0 |          1 |
|         u_corr                                                            |                                              sign_corr_lut_1278 |         10 |         10 |       0 |    0 |    34 |      0 |      0 |          0 |
|         u_wrf_0                                                           |                                                     std_rf_1279 |          8 |          0 |       8 |    0 |     0 |      0 |      0 |          0 |
|         u_wrf_1                                                           |                                                     std_rf_1280 |          4 |          0 |       4 |    0 |     0 |      0 |      0 |          0 |
|       gen_pair[7].gen_row[13].u_simd                                      |                                              mac_simd_pair_1230 |         98 |         86 |      12 |    0 |    44 |      0 |      0 |          1 |
|         (gen_pair[7].gen_row[13].u_simd)                                  |                                              mac_simd_pair_1230 |          2 |          2 |       0 |    0 |    10 |      0 |      0 |          1 |
|         u_corr                                                            |                                              sign_corr_lut_1275 |         84 |         84 |       0 |    0 |    34 |      0 |      0 |          0 |
|         u_wrf_0                                                           |                                                     std_rf_1276 |          4 |          0 |       4 |    0 |     0 |      0 |      0 |          0 |
|         u_wrf_1                                                           |                                                     std_rf_1277 |          8 |          0 |       8 |    0 |     0 |      0 |      0 |          0 |
|       gen_pair[7].gen_row[14].u_simd                                      |                                              mac_simd_pair_1231 |         52 |         44 |       8 |    0 |    41 |      0 |      0 |          1 |
|         (gen_pair[7].gen_row[14].u_simd)                                  |                                              mac_simd_pair_1231 |          2 |          2 |       0 |    0 |     7 |      0 |      0 |          1 |
|         u_corr                                                            |                                              sign_corr_lut_1272 |         42 |         42 |       0 |    0 |    34 |      0 |      0 |          0 |
|         u_wrf_0                                                           |                                                     std_rf_1273 |          4 |          0 |       4 |    0 |     0 |      0 |      0 |          0 |
|         u_wrf_1                                                           |                                                     std_rf_1274 |          4 |          0 |       4 |    0 |     0 |      0 |      0 |          0 |
|       gen_pair[7].gen_row[15].u_simd                                      |                                              mac_simd_pair_1232 |         24 |         12 |      12 |    0 |    41 |      0 |      0 |          1 |
|         (gen_pair[7].gen_row[15].u_simd)                                  |                                              mac_simd_pair_1232 |          2 |          2 |       0 |    0 |     7 |      0 |      0 |          1 |
|         u_corr                                                            |                                              sign_corr_lut_1269 |         10 |         10 |       0 |    0 |    34 |      0 |      0 |          0 |
|         u_wrf_0                                                           |                                                     std_rf_1270 |          8 |          0 |       8 |    0 |     0 |      0 |      0 |          0 |
|         u_wrf_1                                                           |                                                     std_rf_1271 |          4 |          0 |       4 |    0 |     0 |      0 |      0 |          0 |
|       gen_pair[7].gen_row[1].u_simd                                       |                                              mac_simd_pair_1233 |         34 |         22 |      12 |    0 |    40 |      0 |      0 |          1 |
|         (gen_pair[7].gen_row[1].u_simd)                                   |                                              mac_simd_pair_1233 |          2 |          2 |       0 |    0 |     6 |      0 |      0 |          1 |
|         u_corr                                                            |                                              sign_corr_lut_1266 |         20 |         20 |       0 |    0 |    34 |      0 |      0 |          0 |
|         u_wrf_0                                                           |                                                     std_rf_1267 |          4 |          0 |       4 |    0 |     0 |      0 |      0 |          0 |
|         u_wrf_1                                                           |                                                     std_rf_1268 |          8 |          0 |       8 |    0 |     0 |      0 |      0 |          0 |
|       gen_pair[7].gen_row[2].u_simd                                       |                                              mac_simd_pair_1234 |        113 |        105 |       8 |    0 |    36 |      0 |      0 |          1 |
|         (gen_pair[7].gen_row[2].u_simd)                                   |                                              mac_simd_pair_1234 |          2 |          2 |       0 |    0 |     2 |      0 |      0 |          1 |
|         u_corr                                                            |                                              sign_corr_lut_1263 |        103 |        103 |       0 |    0 |    34 |      0 |      0 |          0 |
|         u_wrf_0                                                           |                                                     std_rf_1264 |          4 |          0 |       4 |    0 |     0 |      0 |      0 |          0 |
|         u_wrf_1                                                           |                                                     std_rf_1265 |          4 |          0 |       4 |    0 |     0 |      0 |      0 |          0 |
|       gen_pair[7].gen_row[3].u_simd                                       |                                              mac_simd_pair_1235 |         24 |         12 |      12 |    0 |    43 |      0 |      0 |          1 |
|         (gen_pair[7].gen_row[3].u_simd)                                   |                                              mac_simd_pair_1235 |          2 |          2 |       0 |    0 |     9 |      0 |      0 |          1 |
|         u_corr                                                            |                                              sign_corr_lut_1260 |         10 |         10 |       0 |    0 |    34 |      0 |      0 |          0 |
|         u_wrf_0                                                           |                                                     std_rf_1261 |          8 |          0 |       8 |    0 |     0 |      0 |      0 |          0 |
|         u_wrf_1                                                           |                                                     std_rf_1262 |          4 |          0 |       4 |    0 |     0 |      0 |      0 |          0 |
|       gen_pair[7].gen_row[4].u_simd                                       |                                              mac_simd_pair_1236 |         40 |         28 |      12 |    0 |    36 |      0 |      0 |          1 |
|         (gen_pair[7].gen_row[4].u_simd)                                   |                                              mac_simd_pair_1236 |          2 |          2 |       0 |    0 |     2 |      0 |      0 |          1 |
|         u_corr                                                            |                                              sign_corr_lut_1257 |         26 |         26 |       0 |    0 |    34 |      0 |      0 |          0 |
|         u_wrf_0                                                           |                                                     std_rf_1258 |          4 |          0 |       4 |    0 |     0 |      0 |      0 |          0 |
|         u_wrf_1                                                           |                                                     std_rf_1259 |          8 |          0 |       8 |    0 |     0 |      0 |      0 |          0 |
|       gen_pair[7].gen_row[5].u_simd                                       |                                              mac_simd_pair_1237 |         52 |         44 |       8 |    0 |    43 |      0 |      0 |          1 |
|         (gen_pair[7].gen_row[5].u_simd)                                   |                                              mac_simd_pair_1237 |          2 |          2 |       0 |    0 |     9 |      0 |      0 |          1 |
|         u_corr                                                            |                                              sign_corr_lut_1254 |         42 |         42 |       0 |    0 |    34 |      0 |      0 |          0 |
|         u_wrf_0                                                           |                                                     std_rf_1255 |          4 |          0 |       4 |    0 |     0 |      0 |      0 |          0 |
|         u_wrf_1                                                           |                                                     std_rf_1256 |          4 |          0 |       4 |    0 |     0 |      0 |      0 |          0 |
|       gen_pair[7].gen_row[6].u_simd                                       |                                              mac_simd_pair_1238 |         24 |         12 |      12 |    0 |    43 |      0 |      0 |          1 |
|         (gen_pair[7].gen_row[6].u_simd)                                   |                                              mac_simd_pair_1238 |          2 |          2 |       0 |    0 |     9 |      0 |      0 |          1 |
|         u_corr                                                            |                                              sign_corr_lut_1251 |         10 |         10 |       0 |    0 |    34 |      0 |      0 |          0 |
|         u_wrf_0                                                           |                                                     std_rf_1252 |          8 |          0 |       8 |    0 |     0 |      0 |      0 |          0 |
|         u_wrf_1                                                           |                                                     std_rf_1253 |          4 |          0 |       4 |    0 |     0 |      0 |      0 |          0 |
|       gen_pair[7].gen_row[7].u_simd                                       |                                              mac_simd_pair_1239 |         38 |         26 |      12 |    0 |    43 |      0 |      0 |          1 |
|         (gen_pair[7].gen_row[7].u_simd)                                   |                                              mac_simd_pair_1239 |          2 |          2 |       0 |    0 |     9 |      0 |      0 |          1 |
|         u_corr                                                            |                                              sign_corr_lut_1248 |         24 |         24 |       0 |    0 |    34 |      0 |      0 |          0 |
|         u_wrf_0                                                           |                                                     std_rf_1249 |          4 |          0 |       4 |    0 |     0 |      0 |      0 |          0 |
|         u_wrf_1                                                           |                                                     std_rf_1250 |          8 |          0 |       8 |    0 |     0 |      0 |      0 |          0 |
|       gen_pair[7].gen_row[8].u_simd                                       |                                              mac_simd_pair_1240 |         54 |         46 |       8 |    0 |    43 |      0 |      0 |          1 |
|         (gen_pair[7].gen_row[8].u_simd)                                   |                                              mac_simd_pair_1240 |          2 |          2 |       0 |    0 |     9 |      0 |      0 |          1 |
|         u_corr                                                            |                                              sign_corr_lut_1245 |         44 |         44 |       0 |    0 |    34 |      0 |      0 |          0 |
|         u_wrf_0                                                           |                                                     std_rf_1246 |          4 |          0 |       4 |    0 |     0 |      0 |      0 |          0 |
|         u_wrf_1                                                           |                                                     std_rf_1247 |          4 |          0 |       4 |    0 |     0 |      0 |      0 |          0 |
|       gen_pair[7].gen_row[9].u_simd                                       |                                              mac_simd_pair_1241 |         26 |         12 |      14 |    0 |    36 |      0 |      0 |          1 |
|         (gen_pair[7].gen_row[9].u_simd)                                   |                                              mac_simd_pair_1241 |          2 |          2 |       0 |    0 |     2 |      0 |      0 |          1 |
|         u_corr                                                            |                                              sign_corr_lut_1242 |         10 |         10 |       0 |    0 |    34 |      0 |      0 |          0 |
|         u_wrf_0                                                           |                                                     std_rf_1243 |          8 |          0 |       8 |    0 |     0 |      0 |      0 |          0 |
|         u_wrf_1                                                           |                                                     std_rf_1244 |          6 |          0 |       6 |    0 |     0 |      0 |      0 |          0 |
|     u_mm2s_arb                                                            |                                                   mm2s_arb_1087 |        107 |        103 |       4 |    0 |    26 |      0 |      0 |          0 |
|     u_ofb                                                                 |                                                 sram_model_1088 |          0 |          0 |       0 |    0 |     0 |      4 |      0 |          0 |
|     u_ofb_writer                                                          |                                                 ofb_writer_1089 |       5750 |       5750 |       0 |    0 |  2876 |      0 |      0 |         80 |
|       (u_ofb_writer)                                                      |                                                 ofb_writer_1089 |        143 |        143 |       0 |    0 |  1180 |      0 |      0 |          0 |
|       u_sdp                                                               |                                                        sdp_1113 |       5607 |       5607 |       0 |    0 |  1696 |      0 |      0 |         80 |
|     u_parf_accum                                                          |                                                 parf_accum_1090 |       1117 |        581 |     536 |    0 |    61 |      0 |      0 |          0 |
|       (u_parf_accum)                                                      |                                                 parf_accum_1090 |         57 |         57 |       0 |    0 |    61 |      0 |      0 |          0 |
|       g_col[0].u_col                                                      |                                                   parf_col_1097 |         64 |         32 |      32 |    0 |     0 |      0 |      0 |          0 |
|       g_col[10].u_col                                                     |                                                   parf_col_1098 |         66 |         32 |      34 |    0 |     0 |      0 |      0 |          0 |
|       g_col[11].u_col                                                     |                                                   parf_col_1099 |         64 |         32 |      32 |    0 |     0 |      0 |      0 |          0 |
|       g_col[12].u_col                                                     |                                                   parf_col_1100 |         64 |         32 |      32 |    0 |     0 |      0 |      0 |          0 |
|       g_col[13].u_col                                                     |                                                   parf_col_1101 |         64 |         32 |      32 |    0 |     0 |      0 |      0 |          0 |
|       g_col[14].u_col                                                     |                                                   parf_col_1102 |         68 |         32 |      36 |    0 |     0 |      0 |      0 |          0 |
|       g_col[15].u_col                                                     |                                                   parf_col_1103 |         76 |         44 |      32 |    0 |     0 |      0 |      0 |          0 |
|       g_col[1].u_col                                                      |                                                   parf_col_1104 |         64 |         32 |      32 |    0 |     0 |      0 |      0 |          0 |
|       g_col[2].u_col                                                      |                                                   parf_col_1105 |         64 |         32 |      32 |    0 |     0 |      0 |      0 |          0 |
|       g_col[3].u_col                                                      |                                                   parf_col_1106 |         64 |         32 |      32 |    0 |     0 |      0 |      0 |          0 |
|       g_col[4].u_col                                                      |                                                   parf_col_1107 |         66 |         32 |      34 |    0 |     0 |      0 |      0 |          0 |
|       g_col[5].u_col                                                      |                                                   parf_col_1108 |         66 |         32 |      34 |    0 |     0 |      0 |      0 |          0 |
|       g_col[6].u_col                                                      |                                                   parf_col_1109 |         70 |         32 |      38 |    0 |     0 |      0 |      0 |          0 |
|       g_col[7].u_col                                                      |                                                   parf_col_1110 |         70 |         32 |      38 |    0 |     0 |      0 |      0 |          0 |
|       g_col[8].u_col                                                      |                                                   parf_col_1111 |         66 |         32 |      34 |    0 |     0 |      0 |      0 |          0 |
|       g_col[9].u_col                                                      |                                                   parf_col_1112 |         70 |         32 |      38 |    0 |     0 |      0 |      0 |          0 |
|     u_rdma                                                                |                                                  rdma_ctrl_1091 |         81 |         81 |       0 |    0 |    14 |      0 |      0 |          0 |
|     u_sequencer                                                           |                                                  sequencer_1092 |        193 |        193 |       0 |    0 |    30 |      0 |      0 |          0 |
|     u_shortcut_bank                                                       |                                 sram_model__parameterized1_1093 |          0 |          0 |       0 |    0 |     0 |      7 |      1 |          0 |
|     u_wb                                                                  |                                 sram_model__parameterized0_1094 |         35 |         35 |       0 |    0 |     0 |     57 |      0 |          0 |
|     u_wdma                                                                |                                                  wdma_ctrl_1095 |       1148 |       1148 |       0 |    0 |  1937 |      0 |      0 |          0 |
|     u_wgt_buffer                                                          |                                                 wgt_buffer_1096 |        218 |        218 |       0 |    0 |   209 |      0 |      0 |          0 |
|   gen_core[2].u_core                                                      |                                             core_top__xdcDup__3 |      23624 |      21321 |    2136 |  167 | 15689 |     72 |      1 |        208 |
|     (gen_core[2].u_core)                                                  |                                             core_top__xdcDup__3 |         95 |         95 |       0 |    0 |     0 |      0 |      0 |          0 |
|     g_idma_sg.u_idma_sg                                                   |                                          idma_sg_dispatcher_525 |         66 |         66 |       0 |    0 |   156 |      0 |      0 |          0 |
|     g_odma_sg.u_odma_sg                                                   |                                          odma_sg_dispatcher_526 |        155 |        155 |       0 |    0 |   179 |      0 |      0 |          0 |
|     u_axi_dm                                                              |                                                   axi_dm_HD3841 |       3451 |       3268 |      16 |  167 |  2987 |      0 |      0 |          0 |
|       U0                                                                  |                                      axi_dmaxi_datamover_HD3842 |       3451 |       3268 |      16 |  167 |  2987 |      0 |      0 |          0 |
|         GEN_MM2S_FULL.I_MM2S_FULL_WRAPPER                                 |                       axi_dmaxi_datamover_mm2s_full_wrap_HD3843 |       1480 |       1406 |       0 |   74 |  1093 |      0 |      0 |          0 |
|         GEN_S2MM_FULL.I_S2MM_FULL_WRAPPER                                 |                       axi_dmaxi_datamover_s2mm_full_wrap_HD3872 |       1971 |       1862 |      16 |   93 |  1894 |      0 |      0 |          0 |
|     u_axi_mux                                                             |                                                   axi_m_mux_527 |        137 |        137 |       0 |    0 |     6 |      0 |      0 |          0 |
|       u_arbiter                                                           |                                         axi_master_arbiter_1075 |        137 |        137 |       0 |    0 |     6 |      0 |      0 |          0 |
|     u_bias_rf                                                             |                                                     bias_rf_528 |         19 |         19 |       0 |    0 |   525 |      0 |      0 |          0 |
|     u_cfg                                                                 |                                                    cfg_regs_529 |       3392 |       3392 |       0 |    0 |  1070 |      0 |      0 |          0 |
|     u_csr_bridge                                                          |                                                axi_lite_csr_530 |        444 |        444 |       0 |    0 |    62 |      0 |      0 |          0 |
|     u_desc_fifo                                                           |                                                   desc_fifo_531 |        297 |        145 |     152 |    0 |    22 |      0 |      0 |          0 |
|     u_dfe                                                                 |                                                         dfe_532 |         47 |         47 |       0 |    0 |   100 |      0 |      0 |          0 |
|     u_ifb                                                                 |                                                  sram_model_533 |          3 |          3 |       0 |    0 |     0 |      4 |      0 |          0 |
|     u_line_buffer                                                         |                                                 line_buffer_534 |        807 |        721 |      86 |    0 |   290 |      0 |      0 |          0 |
|     u_mac_array                                                           |                                              mac_array_simd_535 |       6370 |       5004 |    1366 |    0 |  5251 |      0 |      0 |        128 |
|       (u_mac_array)                                                       |                                              mac_array_simd_535 |        290 |        290 |       0 |    0 |   515 |      0 |      0 |          0 |
|       gen_pair[0].gen_row[0].u_simd                                       |                                               mac_simd_pair_563 |         32 |         24 |       8 |    0 |    36 |      0 |      0 |          1 |
|         (gen_pair[0].gen_row[0].u_simd)                                   |                                               mac_simd_pair_563 |          2 |          2 |       0 |    0 |     2 |      0 |      0 |          1 |
|         u_corr                                                            |                                              sign_corr_lut_1072 |         22 |         22 |       0 |    0 |    34 |      0 |      0 |          0 |
|         u_wrf_0                                                           |                                                     std_rf_1073 |          4 |          0 |       4 |    0 |     0 |      0 |      0 |          0 |
|         u_wrf_1                                                           |                                                     std_rf_1074 |          4 |          0 |       4 |    0 |     0 |      0 |      0 |          0 |
|       gen_pair[0].gen_row[10].u_simd                                      |                                               mac_simd_pair_564 |         42 |         30 |      12 |    0 |    36 |      0 |      0 |          1 |
|         (gen_pair[0].gen_row[10].u_simd)                                  |                                               mac_simd_pair_564 |          2 |          2 |       0 |    0 |     2 |      0 |      0 |          1 |
|         u_corr                                                            |                                              sign_corr_lut_1069 |         28 |         28 |       0 |    0 |    34 |      0 |      0 |          0 |
|         u_wrf_0                                                           |                                                     std_rf_1070 |          8 |          0 |       8 |    0 |     0 |      0 |      0 |          0 |
|         u_wrf_1                                                           |                                                     std_rf_1071 |          4 |          0 |       4 |    0 |     0 |      0 |      0 |          0 |
|       gen_pair[0].gen_row[11].u_simd                                      |                                               mac_simd_pair_565 |         54 |         42 |      12 |    0 |    36 |      0 |      0 |          1 |
|         (gen_pair[0].gen_row[11].u_simd)                                  |                                               mac_simd_pair_565 |          2 |          2 |       0 |    0 |     2 |      0 |      0 |          1 |
|         u_corr                                                            |                                              sign_corr_lut_1066 |         40 |         40 |       0 |    0 |    34 |      0 |      0 |          0 |
|         u_wrf_0                                                           |                                                     std_rf_1067 |          4 |          0 |       4 |    0 |     0 |      0 |      0 |          0 |
|         u_wrf_1                                                           |                                                     std_rf_1068 |          8 |          0 |       8 |    0 |     0 |      0 |      0 |          0 |
|       gen_pair[0].gen_row[12].u_simd                                      |                                               mac_simd_pair_566 |         86 |         78 |       8 |    0 |    36 |      0 |      0 |          1 |
|         (gen_pair[0].gen_row[12].u_simd)                                  |                                               mac_simd_pair_566 |          2 |          2 |       0 |    0 |     2 |      0 |      0 |          1 |
|         u_corr                                                            |                                              sign_corr_lut_1063 |         76 |         76 |       0 |    0 |    34 |      0 |      0 |          0 |
|         u_wrf_0                                                           |                                                     std_rf_1064 |          4 |          0 |       4 |    0 |     0 |      0 |      0 |          0 |
|         u_wrf_1                                                           |                                                     std_rf_1065 |          4 |          0 |       4 |    0 |     0 |      0 |      0 |          0 |
|       gen_pair[0].gen_row[13].u_simd                                      |                                               mac_simd_pair_567 |        102 |         90 |      12 |    0 |    36 |      0 |      0 |          1 |
|         (gen_pair[0].gen_row[13].u_simd)                                  |                                               mac_simd_pair_567 |          2 |          2 |       0 |    0 |     2 |      0 |      0 |          1 |
|         u_corr                                                            |                                              sign_corr_lut_1060 |         88 |         88 |       0 |    0 |    34 |      0 |      0 |          0 |
|         u_wrf_0                                                           |                                                     std_rf_1061 |          8 |          0 |       8 |    0 |     0 |      0 |      0 |          0 |
|         u_wrf_1                                                           |                                                     std_rf_1062 |          4 |          0 |       4 |    0 |     0 |      0 |      0 |          0 |
|       gen_pair[0].gen_row[14].u_simd                                      |                                               mac_simd_pair_568 |         54 |         42 |      12 |    0 |    36 |      0 |      0 |          1 |
|         (gen_pair[0].gen_row[14].u_simd)                                  |                                               mac_simd_pair_568 |          2 |          2 |       0 |    0 |     2 |      0 |      0 |          1 |
|         u_corr                                                            |                                              sign_corr_lut_1057 |         40 |         40 |       0 |    0 |    34 |      0 |      0 |          0 |
|         u_wrf_0                                                           |                                                     std_rf_1058 |          4 |          0 |       4 |    0 |     0 |      0 |      0 |          0 |
|         u_wrf_1                                                           |                                                     std_rf_1059 |          8 |          0 |       8 |    0 |     0 |      0 |      0 |          0 |
|       gen_pair[0].gen_row[15].u_simd                                      |                                               mac_simd_pair_569 |         78 |         70 |       8 |    0 |    36 |      0 |      0 |          1 |
|         (gen_pair[0].gen_row[15].u_simd)                                  |                                               mac_simd_pair_569 |          2 |          2 |       0 |    0 |     2 |      0 |      0 |          1 |
|         u_corr                                                            |                                              sign_corr_lut_1054 |         68 |         68 |       0 |    0 |    34 |      0 |      0 |          0 |
|         u_wrf_0                                                           |                                                     std_rf_1055 |          4 |          0 |       4 |    0 |     0 |      0 |      0 |          0 |
|         u_wrf_1                                                           |                                                     std_rf_1056 |          4 |          0 |       4 |    0 |     0 |      0 |      0 |          0 |
|       gen_pair[0].gen_row[1].u_simd                                       |                                               mac_simd_pair_570 |         53 |         41 |      12 |    0 |    36 |      0 |      0 |          1 |
|         (gen_pair[0].gen_row[1].u_simd)                                   |                                               mac_simd_pair_570 |          2 |          2 |       0 |    0 |     2 |      0 |      0 |          1 |
|         u_corr                                                            |                                              sign_corr_lut_1051 |         39 |         39 |       0 |    0 |    34 |      0 |      0 |          0 |
|         u_wrf_0                                                           |                                                     std_rf_1052 |          8 |          0 |       8 |    0 |     0 |      0 |      0 |          0 |
|         u_wrf_1                                                           |                                                     std_rf_1053 |          4 |          0 |       4 |    0 |     0 |      0 |      0 |          0 |
|       gen_pair[0].gen_row[2].u_simd                                       |                                               mac_simd_pair_571 |        114 |        102 |      12 |    0 |    36 |      0 |      0 |          1 |
|         (gen_pair[0].gen_row[2].u_simd)                                   |                                               mac_simd_pair_571 |          2 |          2 |       0 |    0 |     2 |      0 |      0 |          1 |
|         u_corr                                                            |                                              sign_corr_lut_1048 |        100 |        100 |       0 |    0 |    34 |      0 |      0 |          0 |
|         u_wrf_0                                                           |                                                     std_rf_1049 |          4 |          0 |       4 |    0 |     0 |      0 |      0 |          0 |
|         u_wrf_1                                                           |                                                     std_rf_1050 |          8 |          0 |       8 |    0 |     0 |      0 |      0 |          0 |
|       gen_pair[0].gen_row[3].u_simd                                       |                                               mac_simd_pair_572 |         20 |         12 |       8 |    0 |    36 |      0 |      0 |          1 |
|         (gen_pair[0].gen_row[3].u_simd)                                   |                                               mac_simd_pair_572 |          2 |          2 |       0 |    0 |     2 |      0 |      0 |          1 |
|         u_corr                                                            |                                              sign_corr_lut_1045 |         10 |         10 |       0 |    0 |    34 |      0 |      0 |          0 |
|         u_wrf_0                                                           |                                                     std_rf_1046 |          4 |          0 |       4 |    0 |     0 |      0 |      0 |          0 |
|         u_wrf_1                                                           |                                                     std_rf_1047 |          4 |          0 |       4 |    0 |     0 |      0 |      0 |          0 |
|       gen_pair[0].gen_row[4].u_simd                                       |                                               mac_simd_pair_573 |         38 |         26 |      12 |    0 |    36 |      0 |      0 |          1 |
|         (gen_pair[0].gen_row[4].u_simd)                                   |                                               mac_simd_pair_573 |          2 |          2 |       0 |    0 |     2 |      0 |      0 |          1 |
|         u_corr                                                            |                                              sign_corr_lut_1042 |         24 |         24 |       0 |    0 |    34 |      0 |      0 |          0 |
|         u_wrf_0                                                           |                                                     std_rf_1043 |          8 |          0 |       8 |    0 |     0 |      0 |      0 |          0 |
|         u_wrf_1                                                           |                                                     std_rf_1044 |          4 |          0 |       4 |    0 |     0 |      0 |      0 |          0 |
|       gen_pair[0].gen_row[5].u_simd                                       |                                               mac_simd_pair_574 |         56 |         44 |      12 |    0 |    36 |      0 |      0 |          1 |
|         (gen_pair[0].gen_row[5].u_simd)                                   |                                               mac_simd_pair_574 |          2 |          2 |       0 |    0 |     2 |      0 |      0 |          1 |
|         u_corr                                                            |                                              sign_corr_lut_1039 |         42 |         42 |       0 |    0 |    34 |      0 |      0 |          0 |
|         u_wrf_0                                                           |                                                     std_rf_1040 |          4 |          0 |       4 |    0 |     0 |      0 |      0 |          0 |
|         u_wrf_1                                                           |                                                     std_rf_1041 |          8 |          0 |       8 |    0 |     0 |      0 |      0 |          0 |
|       gen_pair[0].gen_row[6].u_simd                                       |                                               mac_simd_pair_575 |         20 |         12 |       8 |    0 |    36 |      0 |      0 |          1 |
|         (gen_pair[0].gen_row[6].u_simd)                                   |                                               mac_simd_pair_575 |          2 |          2 |       0 |    0 |     2 |      0 |      0 |          1 |
|         u_corr                                                            |                                              sign_corr_lut_1036 |         10 |         10 |       0 |    0 |    34 |      0 |      0 |          0 |
|         u_wrf_0                                                           |                                                     std_rf_1037 |          4 |          0 |       4 |    0 |     0 |      0 |      0 |          0 |
|         u_wrf_1                                                           |                                                     std_rf_1038 |          4 |          0 |       4 |    0 |     0 |      0 |      0 |          0 |
|       gen_pair[0].gen_row[7].u_simd                                       |                                               mac_simd_pair_576 |         36 |         24 |      12 |    0 |    36 |      0 |      0 |          1 |
|         (gen_pair[0].gen_row[7].u_simd)                                   |                                               mac_simd_pair_576 |          2 |          2 |       0 |    0 |     2 |      0 |      0 |          1 |
|         u_corr                                                            |                                              sign_corr_lut_1033 |         22 |         22 |       0 |    0 |    34 |      0 |      0 |          0 |
|         u_wrf_0                                                           |                                                     std_rf_1034 |          8 |          0 |       8 |    0 |     0 |      0 |      0 |          0 |
|         u_wrf_1                                                           |                                                     std_rf_1035 |          4 |          0 |       4 |    0 |     0 |      0 |      0 |          0 |
|       gen_pair[0].gen_row[8].u_simd                                       |                                               mac_simd_pair_577 |        108 |         96 |      12 |    0 |    36 |      0 |      0 |          1 |
|         (gen_pair[0].gen_row[8].u_simd)                                   |                                               mac_simd_pair_577 |          2 |          2 |       0 |    0 |     2 |      0 |      0 |          1 |
|         u_corr                                                            |                                              sign_corr_lut_1030 |         94 |         94 |       0 |    0 |    34 |      0 |      0 |          0 |
|         u_wrf_0                                                           |                                                     std_rf_1031 |          4 |          0 |       4 |    0 |     0 |      0 |      0 |          0 |
|         u_wrf_1                                                           |                                                     std_rf_1032 |          8 |          0 |       8 |    0 |     0 |      0 |      0 |          0 |
|       gen_pair[0].gen_row[9].u_simd                                       |                                               mac_simd_pair_578 |         20 |         12 |       8 |    0 |    36 |      0 |      0 |          1 |
|         (gen_pair[0].gen_row[9].u_simd)                                   |                                               mac_simd_pair_578 |          2 |          2 |       0 |    0 |     2 |      0 |      0 |          1 |
|         u_corr                                                            |                                              sign_corr_lut_1027 |         10 |         10 |       0 |    0 |    34 |      0 |      0 |          0 |
|         u_wrf_0                                                           |                                                     std_rf_1028 |          4 |          0 |       4 |    0 |     0 |      0 |      0 |          0 |
|         u_wrf_1                                                           |                                                     std_rf_1029 |          4 |          0 |       4 |    0 |     0 |      0 |      0 |          0 |
|       gen_pair[1].gen_row[0].u_simd                                       |                                               mac_simd_pair_579 |         30 |         18 |      12 |    0 |    36 |      0 |      0 |          1 |
|         (gen_pair[1].gen_row[0].u_simd)                                   |                                               mac_simd_pair_579 |          2 |          2 |       0 |    0 |     2 |      0 |      0 |          1 |
|         u_corr                                                            |                                              sign_corr_lut_1024 |         16 |         16 |       0 |    0 |    34 |      0 |      0 |          0 |
|         u_wrf_0                                                           |                                                     std_rf_1025 |          8 |          0 |       8 |    0 |     0 |      0 |      0 |          0 |
|         u_wrf_1                                                           |                                                     std_rf_1026 |          4 |          0 |       4 |    0 |     0 |      0 |      0 |          0 |
|       gen_pair[1].gen_row[10].u_simd                                      |                                               mac_simd_pair_580 |         48 |         36 |      12 |    0 |    36 |      0 |      0 |          1 |
|         (gen_pair[1].gen_row[10].u_simd)                                  |                                               mac_simd_pair_580 |          2 |          2 |       0 |    0 |     2 |      0 |      0 |          1 |
|         u_corr                                                            |                                              sign_corr_lut_1021 |         34 |         34 |       0 |    0 |    34 |      0 |      0 |          0 |
|         u_wrf_0                                                           |                                                     std_rf_1022 |          4 |          0 |       4 |    0 |     0 |      0 |      0 |          0 |
|         u_wrf_1                                                           |                                                     std_rf_1023 |          8 |          0 |       8 |    0 |     0 |      0 |      0 |          0 |
|       gen_pair[1].gen_row[11].u_simd                                      |                                               mac_simd_pair_581 |         20 |         12 |       8 |    0 |    36 |      0 |      0 |          1 |
|         (gen_pair[1].gen_row[11].u_simd)                                  |                                               mac_simd_pair_581 |          2 |          2 |       0 |    0 |     2 |      0 |      0 |          1 |
|         u_corr                                                            |                                              sign_corr_lut_1018 |         10 |         10 |       0 |    0 |    34 |      0 |      0 |          0 |
|         u_wrf_0                                                           |                                                     std_rf_1019 |          4 |          0 |       4 |    0 |     0 |      0 |      0 |          0 |
|         u_wrf_1                                                           |                                                     std_rf_1020 |          4 |          0 |       4 |    0 |     0 |      0 |      0 |          0 |
|       gen_pair[1].gen_row[12].u_simd                                      |                                               mac_simd_pair_582 |         24 |         12 |      12 |    0 |    36 |      0 |      0 |          1 |
|         (gen_pair[1].gen_row[12].u_simd)                                  |                                               mac_simd_pair_582 |          2 |          2 |       0 |    0 |     2 |      0 |      0 |          1 |
|         u_corr                                                            |                                              sign_corr_lut_1015 |         10 |         10 |       0 |    0 |    34 |      0 |      0 |          0 |
|         u_wrf_0                                                           |                                                     std_rf_1016 |          8 |          0 |       8 |    0 |     0 |      0 |      0 |          0 |
|         u_wrf_1                                                           |                                                     std_rf_1017 |          4 |          0 |       4 |    0 |     0 |      0 |      0 |          0 |
|       gen_pair[1].gen_row[13].u_simd                                      |                                               mac_simd_pair_583 |         60 |         48 |      12 |    0 |    36 |      0 |      0 |          1 |
|         (gen_pair[1].gen_row[13].u_simd)                                  |                                               mac_simd_pair_583 |          2 |          2 |       0 |    0 |     2 |      0 |      0 |          1 |
|         u_corr                                                            |                                              sign_corr_lut_1012 |         46 |         46 |       0 |    0 |    34 |      0 |      0 |          0 |
|         u_wrf_0                                                           |                                                     std_rf_1013 |          4 |          0 |       4 |    0 |     0 |      0 |      0 |          0 |
|         u_wrf_1                                                           |                                                     std_rf_1014 |          8 |          0 |       8 |    0 |     0 |      0 |      0 |          0 |
|       gen_pair[1].gen_row[14].u_simd                                      |                                               mac_simd_pair_584 |         20 |         12 |       8 |    0 |    36 |      0 |      0 |          1 |
|         (gen_pair[1].gen_row[14].u_simd)                                  |                                               mac_simd_pair_584 |          2 |          2 |       0 |    0 |     2 |      0 |      0 |          1 |
|         u_corr                                                            |                                              sign_corr_lut_1009 |         10 |         10 |       0 |    0 |    34 |      0 |      0 |          0 |
|         u_wrf_0                                                           |                                                     std_rf_1010 |          4 |          0 |       4 |    0 |     0 |      0 |      0 |          0 |
|         u_wrf_1                                                           |                                                     std_rf_1011 |          4 |          0 |       4 |    0 |     0 |      0 |      0 |          0 |
|       gen_pair[1].gen_row[15].u_simd                                      |                                               mac_simd_pair_585 |         24 |         12 |      12 |    0 |    36 |      0 |      0 |          1 |
|         (gen_pair[1].gen_row[15].u_simd)                                  |                                               mac_simd_pair_585 |          2 |          2 |       0 |    0 |     2 |      0 |      0 |          1 |
|         u_corr                                                            |                                              sign_corr_lut_1006 |         10 |         10 |       0 |    0 |    34 |      0 |      0 |          0 |
|         u_wrf_0                                                           |                                                     std_rf_1007 |          8 |          0 |       8 |    0 |     0 |      0 |      0 |          0 |
|         u_wrf_1                                                           |                                                     std_rf_1008 |          4 |          0 |       4 |    0 |     0 |      0 |      0 |          0 |
|       gen_pair[1].gen_row[1].u_simd                                       |                                               mac_simd_pair_586 |         26 |         14 |      12 |    0 |    36 |      0 |      0 |          1 |
|         (gen_pair[1].gen_row[1].u_simd)                                   |                                               mac_simd_pair_586 |          2 |          2 |       0 |    0 |     2 |      0 |      0 |          1 |
|         u_corr                                                            |                                              sign_corr_lut_1003 |         12 |         12 |       0 |    0 |    34 |      0 |      0 |          0 |
|         u_wrf_0                                                           |                                                     std_rf_1004 |          4 |          0 |       4 |    0 |     0 |      0 |      0 |          0 |
|         u_wrf_1                                                           |                                                     std_rf_1005 |          8 |          0 |       8 |    0 |     0 |      0 |      0 |          0 |
|       gen_pair[1].gen_row[2].u_simd                                       |                                               mac_simd_pair_587 |         20 |         12 |       8 |    0 |    36 |      0 |      0 |          1 |
|         (gen_pair[1].gen_row[2].u_simd)                                   |                                               mac_simd_pair_587 |          2 |          2 |       0 |    0 |     2 |      0 |      0 |          1 |
|         u_corr                                                            |                                              sign_corr_lut_1000 |         10 |         10 |       0 |    0 |    34 |      0 |      0 |          0 |
|         u_wrf_0                                                           |                                                     std_rf_1001 |          4 |          0 |       4 |    0 |     0 |      0 |      0 |          0 |
|         u_wrf_1                                                           |                                                     std_rf_1002 |          4 |          0 |       4 |    0 |     0 |      0 |      0 |          0 |
|       gen_pair[1].gen_row[3].u_simd                                       |                                               mac_simd_pair_588 |         24 |         12 |      12 |    0 |    36 |      0 |      0 |          1 |
|         (gen_pair[1].gen_row[3].u_simd)                                   |                                               mac_simd_pair_588 |          2 |          2 |       0 |    0 |     2 |      0 |      0 |          1 |
|         u_corr                                                            |                                               sign_corr_lut_997 |         10 |         10 |       0 |    0 |    34 |      0 |      0 |          0 |
|         u_wrf_0                                                           |                                                      std_rf_998 |          8 |          0 |       8 |    0 |     0 |      0 |      0 |          0 |
|         u_wrf_1                                                           |                                                      std_rf_999 |          4 |          0 |       4 |    0 |     0 |      0 |      0 |          0 |
|       gen_pair[1].gen_row[4].u_simd                                       |                                               mac_simd_pair_589 |         52 |         40 |      12 |    0 |    36 |      0 |      0 |          1 |
|         (gen_pair[1].gen_row[4].u_simd)                                   |                                               mac_simd_pair_589 |          2 |          2 |       0 |    0 |     2 |      0 |      0 |          1 |
|         u_corr                                                            |                                               sign_corr_lut_994 |         38 |         38 |       0 |    0 |    34 |      0 |      0 |          0 |
|         u_wrf_0                                                           |                                                      std_rf_995 |          4 |          0 |       4 |    0 |     0 |      0 |      0 |          0 |
|         u_wrf_1                                                           |                                                      std_rf_996 |          8 |          0 |       8 |    0 |     0 |      0 |      0 |          0 |
|       gen_pair[1].gen_row[5].u_simd                                       |                                               mac_simd_pair_590 |         20 |         12 |       8 |    0 |    36 |      0 |      0 |          1 |
|         (gen_pair[1].gen_row[5].u_simd)                                   |                                               mac_simd_pair_590 |          2 |          2 |       0 |    0 |     2 |      0 |      0 |          1 |
|         u_corr                                                            |                                               sign_corr_lut_991 |         10 |         10 |       0 |    0 |    34 |      0 |      0 |          0 |
|         u_wrf_0                                                           |                                                      std_rf_992 |          4 |          0 |       4 |    0 |     0 |      0 |      0 |          0 |
|         u_wrf_1                                                           |                                                      std_rf_993 |          4 |          0 |       4 |    0 |     0 |      0 |      0 |          0 |
|       gen_pair[1].gen_row[6].u_simd                                       |                                               mac_simd_pair_591 |         24 |         12 |      12 |    0 |    36 |      0 |      0 |          1 |
|         (gen_pair[1].gen_row[6].u_simd)                                   |                                               mac_simd_pair_591 |          2 |          2 |       0 |    0 |     2 |      0 |      0 |          1 |
|         u_corr                                                            |                                               sign_corr_lut_988 |         10 |         10 |       0 |    0 |    34 |      0 |      0 |          0 |
|         u_wrf_0                                                           |                                                      std_rf_989 |          8 |          0 |       8 |    0 |     0 |      0 |      0 |          0 |
|         u_wrf_1                                                           |                                                      std_rf_990 |          4 |          0 |       4 |    0 |     0 |      0 |      0 |          0 |
|       gen_pair[1].gen_row[7].u_simd                                       |                                               mac_simd_pair_592 |         32 |         20 |      12 |    0 |    36 |      0 |      0 |          1 |
|         (gen_pair[1].gen_row[7].u_simd)                                   |                                               mac_simd_pair_592 |          2 |          2 |       0 |    0 |     2 |      0 |      0 |          1 |
|         u_corr                                                            |                                               sign_corr_lut_985 |         18 |         18 |       0 |    0 |    34 |      0 |      0 |          0 |
|         u_wrf_0                                                           |                                                      std_rf_986 |          4 |          0 |       4 |    0 |     0 |      0 |      0 |          0 |
|         u_wrf_1                                                           |                                                      std_rf_987 |          8 |          0 |       8 |    0 |     0 |      0 |      0 |          0 |
|       gen_pair[1].gen_row[8].u_simd                                       |                                               mac_simd_pair_593 |         20 |         12 |       8 |    0 |    36 |      0 |      0 |          1 |
|         (gen_pair[1].gen_row[8].u_simd)                                   |                                               mac_simd_pair_593 |          2 |          2 |       0 |    0 |     2 |      0 |      0 |          1 |
|         u_corr                                                            |                                               sign_corr_lut_982 |         10 |         10 |       0 |    0 |    34 |      0 |      0 |          0 |
|         u_wrf_0                                                           |                                                      std_rf_983 |          4 |          0 |       4 |    0 |     0 |      0 |      0 |          0 |
|         u_wrf_1                                                           |                                                      std_rf_984 |          4 |          0 |       4 |    0 |     0 |      0 |      0 |          0 |
|       gen_pair[1].gen_row[9].u_simd                                       |                                               mac_simd_pair_594 |         24 |         12 |      12 |    0 |    36 |      0 |      0 |          1 |
|         (gen_pair[1].gen_row[9].u_simd)                                   |                                               mac_simd_pair_594 |          2 |          2 |       0 |    0 |     2 |      0 |      0 |          1 |
|         u_corr                                                            |                                               sign_corr_lut_979 |         10 |         10 |       0 |    0 |    34 |      0 |      0 |          0 |
|         u_wrf_0                                                           |                                                      std_rf_980 |          8 |          0 |       8 |    0 |     0 |      0 |      0 |          0 |
|         u_wrf_1                                                           |                                                      std_rf_981 |          4 |          0 |       4 |    0 |     0 |      0 |      0 |          0 |
|       gen_pair[2].gen_row[0].u_simd                                       |                                               mac_simd_pair_595 |         42 |         30 |      12 |    0 |    36 |      0 |      0 |          1 |
|         (gen_pair[2].gen_row[0].u_simd)                                   |                                               mac_simd_pair_595 |          2 |          2 |       0 |    0 |     2 |      0 |      0 |          1 |
|         u_corr                                                            |                                               sign_corr_lut_976 |         28 |         28 |       0 |    0 |    34 |      0 |      0 |          0 |
|         u_wrf_0                                                           |                                                      std_rf_977 |          4 |          0 |       4 |    0 |     0 |      0 |      0 |          0 |
|         u_wrf_1                                                           |                                                      std_rf_978 |          8 |          0 |       8 |    0 |     0 |      0 |      0 |          0 |
|       gen_pair[2].gen_row[10].u_simd                                      |                                               mac_simd_pair_596 |         28 |         20 |       8 |    0 |    36 |      0 |      0 |          1 |
|         (gen_pair[2].gen_row[10].u_simd)                                  |                                               mac_simd_pair_596 |          2 |          2 |       0 |    0 |     2 |      0 |      0 |          1 |
|         u_corr                                                            |                                               sign_corr_lut_973 |         18 |         18 |       0 |    0 |    34 |      0 |      0 |          0 |
|         u_wrf_0                                                           |                                                      std_rf_974 |          4 |          0 |       4 |    0 |     0 |      0 |      0 |          0 |
|         u_wrf_1                                                           |                                                      std_rf_975 |          4 |          0 |       4 |    0 |     0 |      0 |      0 |          0 |
|       gen_pair[2].gen_row[11].u_simd                                      |                                               mac_simd_pair_597 |         92 |         80 |      12 |    0 |    36 |      0 |      0 |          1 |
|         (gen_pair[2].gen_row[11].u_simd)                                  |                                               mac_simd_pair_597 |          2 |          2 |       0 |    0 |     2 |      0 |      0 |          1 |
|         u_corr                                                            |                                               sign_corr_lut_970 |         78 |         78 |       0 |    0 |    34 |      0 |      0 |          0 |
|         u_wrf_0                                                           |                                                      std_rf_971 |          8 |          0 |       8 |    0 |     0 |      0 |      0 |          0 |
|         u_wrf_1                                                           |                                                      std_rf_972 |          4 |          0 |       4 |    0 |     0 |      0 |      0 |          0 |
|       gen_pair[2].gen_row[12].u_simd                                      |                                               mac_simd_pair_598 |         24 |         12 |      12 |    0 |    36 |      0 |      0 |          1 |
|         (gen_pair[2].gen_row[12].u_simd)                                  |                                               mac_simd_pair_598 |          2 |          2 |       0 |    0 |     2 |      0 |      0 |          1 |
|         u_corr                                                            |                                               sign_corr_lut_967 |         10 |         10 |       0 |    0 |    34 |      0 |      0 |          0 |
|         u_wrf_0                                                           |                                                      std_rf_968 |          4 |          0 |       4 |    0 |     0 |      0 |      0 |          0 |
|         u_wrf_1                                                           |                                                      std_rf_969 |          8 |          0 |       8 |    0 |     0 |      0 |      0 |          0 |
|       gen_pair[2].gen_row[13].u_simd                                      |                                               mac_simd_pair_599 |         94 |         86 |       8 |    0 |    36 |      0 |      0 |          1 |
|         (gen_pair[2].gen_row[13].u_simd)                                  |                                               mac_simd_pair_599 |          2 |          2 |       0 |    0 |     2 |      0 |      0 |          1 |
|         u_corr                                                            |                                               sign_corr_lut_964 |         84 |         84 |       0 |    0 |    34 |      0 |      0 |          0 |
|         u_wrf_0                                                           |                                                      std_rf_965 |          4 |          0 |       4 |    0 |     0 |      0 |      0 |          0 |
|         u_wrf_1                                                           |                                                      std_rf_966 |          4 |          0 |       4 |    0 |     0 |      0 |      0 |          0 |
|       gen_pair[2].gen_row[14].u_simd                                      |                                               mac_simd_pair_600 |         56 |         44 |      12 |    0 |    36 |      0 |      0 |          1 |
|         (gen_pair[2].gen_row[14].u_simd)                                  |                                               mac_simd_pair_600 |          2 |          2 |       0 |    0 |     2 |      0 |      0 |          1 |
|         u_corr                                                            |                                               sign_corr_lut_961 |         42 |         42 |       0 |    0 |    34 |      0 |      0 |          0 |
|         u_wrf_0                                                           |                                                      std_rf_962 |          8 |          0 |       8 |    0 |     0 |      0 |      0 |          0 |
|         u_wrf_1                                                           |                                                      std_rf_963 |          4 |          0 |       4 |    0 |     0 |      0 |      0 |          0 |
|       gen_pair[2].gen_row[15].u_simd                                      |                                               mac_simd_pair_601 |         24 |         12 |      12 |    0 |    36 |      0 |      0 |          1 |
|         (gen_pair[2].gen_row[15].u_simd)                                  |                                               mac_simd_pair_601 |          2 |          2 |       0 |    0 |     2 |      0 |      0 |          1 |
|         u_corr                                                            |                                               sign_corr_lut_958 |         10 |         10 |       0 |    0 |    34 |      0 |      0 |          0 |
|         u_wrf_0                                                           |                                                      std_rf_959 |          4 |          0 |       4 |    0 |     0 |      0 |      0 |          0 |
|         u_wrf_1                                                           |                                                      std_rf_960 |          8 |          0 |       8 |    0 |     0 |      0 |      0 |          0 |
|       gen_pair[2].gen_row[1].u_simd                                       |                                               mac_simd_pair_602 |         28 |         20 |       8 |    0 |    36 |      0 |      0 |          1 |
|         (gen_pair[2].gen_row[1].u_simd)                                   |                                               mac_simd_pair_602 |          2 |          2 |       0 |    0 |     2 |      0 |      0 |          1 |
|         u_corr                                                            |                                               sign_corr_lut_955 |         18 |         18 |       0 |    0 |    34 |      0 |      0 |          0 |
|         u_wrf_0                                                           |                                                      std_rf_956 |          4 |          0 |       4 |    0 |     0 |      0 |      0 |          0 |
|         u_wrf_1                                                           |                                                      std_rf_957 |          4 |          0 |       4 |    0 |     0 |      0 |      0 |          0 |
|       gen_pair[2].gen_row[2].u_simd                                       |                                               mac_simd_pair_603 |        118 |        106 |      12 |    0 |    36 |      0 |      0 |          1 |
|         (gen_pair[2].gen_row[2].u_simd)                                   |                                               mac_simd_pair_603 |          2 |          2 |       0 |    0 |     2 |      0 |      0 |          1 |
|         u_corr                                                            |                                               sign_corr_lut_952 |        104 |        104 |       0 |    0 |    34 |      0 |      0 |          0 |
|         u_wrf_0                                                           |                                                      std_rf_953 |          8 |          0 |       8 |    0 |     0 |      0 |      0 |          0 |
|         u_wrf_1                                                           |                                                      std_rf_954 |          4 |          0 |       4 |    0 |     0 |      0 |      0 |          0 |
|       gen_pair[2].gen_row[3].u_simd                                       |                                               mac_simd_pair_604 |         24 |         12 |      12 |    0 |    36 |      0 |      0 |          1 |
|         (gen_pair[2].gen_row[3].u_simd)                                   |                                               mac_simd_pair_604 |          2 |          2 |       0 |    0 |     2 |      0 |      0 |          1 |
|         u_corr                                                            |                                               sign_corr_lut_949 |         10 |         10 |       0 |    0 |    34 |      0 |      0 |          0 |
|         u_wrf_0                                                           |                                                      std_rf_950 |          4 |          0 |       4 |    0 |     0 |      0 |      0 |          0 |
|         u_wrf_1                                                           |                                                      std_rf_951 |          8 |          0 |       8 |    0 |     0 |      0 |      0 |          0 |
|       gen_pair[2].gen_row[4].u_simd                                       |                                               mac_simd_pair_605 |         36 |         28 |       8 |    0 |    36 |      0 |      0 |          1 |
|         (gen_pair[2].gen_row[4].u_simd)                                   |                                               mac_simd_pair_605 |          2 |          2 |       0 |    0 |     2 |      0 |      0 |          1 |
|         u_corr                                                            |                                               sign_corr_lut_946 |         26 |         26 |       0 |    0 |    34 |      0 |      0 |          0 |
|         u_wrf_0                                                           |                                                      std_rf_947 |          4 |          0 |       4 |    0 |     0 |      0 |      0 |          0 |
|         u_wrf_1                                                           |                                                      std_rf_948 |          4 |          0 |       4 |    0 |     0 |      0 |      0 |          0 |
|       gen_pair[2].gen_row[5].u_simd                                       |                                               mac_simd_pair_606 |         56 |         44 |      12 |    0 |    36 |      0 |      0 |          1 |
|         (gen_pair[2].gen_row[5].u_simd)                                   |                                               mac_simd_pair_606 |          2 |          2 |       0 |    0 |     2 |      0 |      0 |          1 |
|         u_corr                                                            |                                               sign_corr_lut_943 |         42 |         42 |       0 |    0 |    34 |      0 |      0 |          0 |
|         u_wrf_0                                                           |                                                      std_rf_944 |          8 |          0 |       8 |    0 |     0 |      0 |      0 |          0 |
|         u_wrf_1                                                           |                                                      std_rf_945 |          4 |          0 |       4 |    0 |     0 |      0 |      0 |          0 |
|       gen_pair[2].gen_row[6].u_simd                                       |                                               mac_simd_pair_607 |         24 |         12 |      12 |    0 |    36 |      0 |      0 |          1 |
|         (gen_pair[2].gen_row[6].u_simd)                                   |                                               mac_simd_pair_607 |          2 |          2 |       0 |    0 |     2 |      0 |      0 |          1 |
|         u_corr                                                            |                                               sign_corr_lut_940 |         10 |         10 |       0 |    0 |    34 |      0 |      0 |          0 |
|         u_wrf_0                                                           |                                                      std_rf_941 |          4 |          0 |       4 |    0 |     0 |      0 |      0 |          0 |
|         u_wrf_1                                                           |                                                      std_rf_942 |          8 |          0 |       8 |    0 |     0 |      0 |      0 |          0 |
|       gen_pair[2].gen_row[7].u_simd                                       |                                               mac_simd_pair_608 |         34 |         26 |       8 |    0 |    36 |      0 |      0 |          1 |
|         (gen_pair[2].gen_row[7].u_simd)                                   |                                               mac_simd_pair_608 |          2 |          2 |       0 |    0 |     2 |      0 |      0 |          1 |
|         u_corr                                                            |                                               sign_corr_lut_937 |         24 |         24 |       0 |    0 |    34 |      0 |      0 |          0 |
|         u_wrf_0                                                           |                                                      std_rf_938 |          4 |          0 |       4 |    0 |     0 |      0 |      0 |          0 |
|         u_wrf_1                                                           |                                                      std_rf_939 |          4 |          0 |       4 |    0 |     0 |      0 |      0 |          0 |
|       gen_pair[2].gen_row[8].u_simd                                       |                                               mac_simd_pair_609 |         58 |         46 |      12 |    0 |    36 |      0 |      0 |          1 |
|         (gen_pair[2].gen_row[8].u_simd)                                   |                                               mac_simd_pair_609 |          2 |          2 |       0 |    0 |     2 |      0 |      0 |          1 |
|         u_corr                                                            |                                               sign_corr_lut_934 |         44 |         44 |       0 |    0 |    34 |      0 |      0 |          0 |
|         u_wrf_0                                                           |                                                      std_rf_935 |          8 |          0 |       8 |    0 |     0 |      0 |      0 |          0 |
|         u_wrf_1                                                           |                                                      std_rf_936 |          4 |          0 |       4 |    0 |     0 |      0 |      0 |          0 |
|       gen_pair[2].gen_row[9].u_simd                                       |                                               mac_simd_pair_610 |         24 |         12 |      12 |    0 |    44 |      0 |      0 |          1 |
|         (gen_pair[2].gen_row[9].u_simd)                                   |                                               mac_simd_pair_610 |          2 |          2 |       0 |    0 |    10 |      0 |      0 |          1 |
|         u_corr                                                            |                                               sign_corr_lut_931 |         10 |         10 |       0 |    0 |    34 |      0 |      0 |          0 |
|         u_wrf_0                                                           |                                                      std_rf_932 |          4 |          0 |       4 |    0 |     0 |      0 |      0 |          0 |
|         u_wrf_1                                                           |                                                      std_rf_933 |          8 |          0 |       8 |    0 |     0 |      0 |      0 |          0 |
|       gen_pair[3].gen_row[0].u_simd                                       |                                               mac_simd_pair_611 |         32 |         24 |       8 |    0 |    43 |      0 |      0 |          1 |
|         (gen_pair[3].gen_row[0].u_simd)                                   |                                               mac_simd_pair_611 |          2 |          2 |       0 |    0 |     9 |      0 |      0 |          1 |
|         u_corr                                                            |                                               sign_corr_lut_928 |         22 |         22 |       0 |    0 |    34 |      0 |      0 |          0 |
|         u_wrf_0                                                           |                                                      std_rf_929 |          4 |          0 |       4 |    0 |     0 |      0 |      0 |          0 |
|         u_wrf_1                                                           |                                                      std_rf_930 |          4 |          0 |       4 |    0 |     0 |      0 |      0 |          0 |
|       gen_pair[3].gen_row[10].u_simd                                      |                                               mac_simd_pair_612 |         42 |         30 |      12 |    0 |    36 |      0 |      0 |          1 |
|         (gen_pair[3].gen_row[10].u_simd)                                  |                                               mac_simd_pair_612 |          2 |          2 |       0 |    0 |     2 |      0 |      0 |          1 |
|         u_corr                                                            |                                               sign_corr_lut_925 |         28 |         28 |       0 |    0 |    34 |      0 |      0 |          0 |
|         u_wrf_0                                                           |                                                      std_rf_926 |          8 |          0 |       8 |    0 |     0 |      0 |      0 |          0 |
|         u_wrf_1                                                           |                                                      std_rf_927 |          4 |          0 |       4 |    0 |     0 |      0 |      0 |          0 |
|       gen_pair[3].gen_row[11].u_simd                                      |                                               mac_simd_pair_613 |         54 |         42 |      12 |    0 |    39 |      0 |      0 |          1 |
|         (gen_pair[3].gen_row[11].u_simd)                                  |                                               mac_simd_pair_613 |          2 |          2 |       0 |    0 |     5 |      0 |      0 |          1 |
|         u_corr                                                            |                                               sign_corr_lut_922 |         40 |         40 |       0 |    0 |    34 |      0 |      0 |          0 |
|         u_wrf_0                                                           |                                                      std_rf_923 |          4 |          0 |       4 |    0 |     0 |      0 |      0 |          0 |
|         u_wrf_1                                                           |                                                      std_rf_924 |          8 |          0 |       8 |    0 |     0 |      0 |      0 |          0 |
|       gen_pair[3].gen_row[12].u_simd                                      |                                               mac_simd_pair_614 |         86 |         78 |       8 |    0 |    36 |      0 |      0 |          1 |
|         (gen_pair[3].gen_row[12].u_simd)                                  |                                               mac_simd_pair_614 |          2 |          2 |       0 |    0 |     2 |      0 |      0 |          1 |
|         u_corr                                                            |                                               sign_corr_lut_919 |         76 |         76 |       0 |    0 |    34 |      0 |      0 |          0 |
|         u_wrf_0                                                           |                                                      std_rf_920 |          4 |          0 |       4 |    0 |     0 |      0 |      0 |          0 |
|         u_wrf_1                                                           |                                                      std_rf_921 |          4 |          0 |       4 |    0 |     0 |      0 |      0 |          0 |
|       gen_pair[3].gen_row[13].u_simd                                      |                                               mac_simd_pair_615 |        102 |         90 |      12 |    0 |    36 |      0 |      0 |          1 |
|         (gen_pair[3].gen_row[13].u_simd)                                  |                                               mac_simd_pair_615 |          2 |          2 |       0 |    0 |     2 |      0 |      0 |          1 |
|         u_corr                                                            |                                               sign_corr_lut_916 |         88 |         88 |       0 |    0 |    34 |      0 |      0 |          0 |
|         u_wrf_0                                                           |                                                      std_rf_917 |          8 |          0 |       8 |    0 |     0 |      0 |      0 |          0 |
|         u_wrf_1                                                           |                                                      std_rf_918 |          4 |          0 |       4 |    0 |     0 |      0 |      0 |          0 |
|       gen_pair[3].gen_row[14].u_simd                                      |                                               mac_simd_pair_616 |         54 |         42 |      12 |    0 |    36 |      0 |      0 |          1 |
|         (gen_pair[3].gen_row[14].u_simd)                                  |                                               mac_simd_pair_616 |          2 |          2 |       0 |    0 |     2 |      0 |      0 |          1 |
|         u_corr                                                            |                                               sign_corr_lut_913 |         40 |         40 |       0 |    0 |    34 |      0 |      0 |          0 |
|         u_wrf_0                                                           |                                                      std_rf_914 |          4 |          0 |       4 |    0 |     0 |      0 |      0 |          0 |
|         u_wrf_1                                                           |                                                      std_rf_915 |          8 |          0 |       8 |    0 |     0 |      0 |      0 |          0 |
|       gen_pair[3].gen_row[15].u_simd                                      |                                               mac_simd_pair_617 |         78 |         70 |       8 |    0 |    39 |      0 |      0 |          1 |
|         (gen_pair[3].gen_row[15].u_simd)                                  |                                               mac_simd_pair_617 |          2 |          2 |       0 |    0 |     5 |      0 |      0 |          1 |
|         u_corr                                                            |                                               sign_corr_lut_910 |         68 |         68 |       0 |    0 |    34 |      0 |      0 |          0 |
|         u_wrf_0                                                           |                                                      std_rf_911 |          4 |          0 |       4 |    0 |     0 |      0 |      0 |          0 |
|         u_wrf_1                                                           |                                                      std_rf_912 |          4 |          0 |       4 |    0 |     0 |      0 |      0 |          0 |
|       gen_pair[3].gen_row[1].u_simd                                       |                                               mac_simd_pair_618 |         53 |         41 |      12 |    0 |    39 |      0 |      0 |          1 |
|         (gen_pair[3].gen_row[1].u_simd)                                   |                                               mac_simd_pair_618 |          2 |          2 |       0 |    0 |     5 |      0 |      0 |          1 |
|         u_corr                                                            |                                               sign_corr_lut_907 |         39 |         39 |       0 |    0 |    34 |      0 |      0 |          0 |
|         u_wrf_0                                                           |                                                      std_rf_908 |          8 |          0 |       8 |    0 |     0 |      0 |      0 |          0 |
|         u_wrf_1                                                           |                                                      std_rf_909 |          4 |          0 |       4 |    0 |     0 |      0 |      0 |          0 |
|       gen_pair[3].gen_row[2].u_simd                                       |                                               mac_simd_pair_619 |        114 |        102 |      12 |    0 |    36 |      0 |      0 |          1 |
|         (gen_pair[3].gen_row[2].u_simd)                                   |                                               mac_simd_pair_619 |          2 |          2 |       0 |    0 |     2 |      0 |      0 |          1 |
|         u_corr                                                            |                                               sign_corr_lut_904 |        100 |        100 |       0 |    0 |    34 |      0 |      0 |          0 |
|         u_wrf_0                                                           |                                                      std_rf_905 |          4 |          0 |       4 |    0 |     0 |      0 |      0 |          0 |
|         u_wrf_1                                                           |                                                      std_rf_906 |          8 |          0 |       8 |    0 |     0 |      0 |      0 |          0 |
|       gen_pair[3].gen_row[3].u_simd                                       |                                               mac_simd_pair_620 |         20 |         12 |       8 |    0 |    36 |      0 |      0 |          1 |
|         (gen_pair[3].gen_row[3].u_simd)                                   |                                               mac_simd_pair_620 |          2 |          2 |       0 |    0 |     2 |      0 |      0 |          1 |
|         u_corr                                                            |                                               sign_corr_lut_901 |         10 |         10 |       0 |    0 |    34 |      0 |      0 |          0 |
|         u_wrf_0                                                           |                                                      std_rf_902 |          4 |          0 |       4 |    0 |     0 |      0 |      0 |          0 |
|         u_wrf_1                                                           |                                                      std_rf_903 |          4 |          0 |       4 |    0 |     0 |      0 |      0 |          0 |
|       gen_pair[3].gen_row[4].u_simd                                       |                                               mac_simd_pair_621 |         36 |         24 |      12 |    0 |    36 |      0 |      0 |          1 |
|         (gen_pair[3].gen_row[4].u_simd)                                   |                                               mac_simd_pair_621 |          2 |          2 |       0 |    0 |     2 |      0 |      0 |          1 |
|         u_corr                                                            |                                               sign_corr_lut_898 |         22 |         22 |       0 |    0 |    34 |      0 |      0 |          0 |
|         u_wrf_0                                                           |                                                      std_rf_899 |          8 |          0 |       8 |    0 |     0 |      0 |      0 |          0 |
|         u_wrf_1                                                           |                                                      std_rf_900 |          4 |          0 |       4 |    0 |     0 |      0 |      0 |          0 |
|       gen_pair[3].gen_row[5].u_simd                                       |                                               mac_simd_pair_622 |         56 |         44 |      12 |    0 |    36 |      0 |      0 |          1 |
|         (gen_pair[3].gen_row[5].u_simd)                                   |                                               mac_simd_pair_622 |          2 |          2 |       0 |    0 |     2 |      0 |      0 |          1 |
|         u_corr                                                            |                                               sign_corr_lut_895 |         42 |         42 |       0 |    0 |    34 |      0 |      0 |          0 |
|         u_wrf_0                                                           |                                                      std_rf_896 |          4 |          0 |       4 |    0 |     0 |      0 |      0 |          0 |
|         u_wrf_1                                                           |                                                      std_rf_897 |          8 |          0 |       8 |    0 |     0 |      0 |      0 |          0 |
|       gen_pair[3].gen_row[6].u_simd                                       |                                               mac_simd_pair_623 |         20 |         12 |       8 |    0 |    36 |      0 |      0 |          1 |
|         (gen_pair[3].gen_row[6].u_simd)                                   |                                               mac_simd_pair_623 |          2 |          2 |       0 |    0 |     2 |      0 |      0 |          1 |
|         u_corr                                                            |                                               sign_corr_lut_892 |         10 |         10 |       0 |    0 |    34 |      0 |      0 |          0 |
|         u_wrf_0                                                           |                                                      std_rf_893 |          4 |          0 |       4 |    0 |     0 |      0 |      0 |          0 |
|         u_wrf_1                                                           |                                                      std_rf_894 |          4 |          0 |       4 |    0 |     0 |      0 |      0 |          0 |
|       gen_pair[3].gen_row[7].u_simd                                       |                                               mac_simd_pair_624 |         36 |         24 |      12 |    0 |    36 |      0 |      0 |          1 |
|         (gen_pair[3].gen_row[7].u_simd)                                   |                                               mac_simd_pair_624 |          2 |          2 |       0 |    0 |     2 |      0 |      0 |          1 |
|         u_corr                                                            |                                               sign_corr_lut_889 |         22 |         22 |       0 |    0 |    34 |      0 |      0 |          0 |
|         u_wrf_0                                                           |                                                      std_rf_890 |          8 |          0 |       8 |    0 |     0 |      0 |      0 |          0 |
|         u_wrf_1                                                           |                                                      std_rf_891 |          4 |          0 |       4 |    0 |     0 |      0 |      0 |          0 |
|       gen_pair[3].gen_row[8].u_simd                                       |                                               mac_simd_pair_625 |        108 |         96 |      12 |    0 |    36 |      0 |      0 |          1 |
|         (gen_pair[3].gen_row[8].u_simd)                                   |                                               mac_simd_pair_625 |          2 |          2 |       0 |    0 |     2 |      0 |      0 |          1 |
|         u_corr                                                            |                                               sign_corr_lut_886 |         94 |         94 |       0 |    0 |    34 |      0 |      0 |          0 |
|         u_wrf_0                                                           |                                                      std_rf_887 |          4 |          0 |       4 |    0 |     0 |      0 |      0 |          0 |
|         u_wrf_1                                                           |                                                      std_rf_888 |          8 |          0 |       8 |    0 |     0 |      0 |      0 |          0 |
|       gen_pair[3].gen_row[9].u_simd                                       |                                               mac_simd_pair_626 |         20 |         12 |       8 |    0 |    36 |      0 |      0 |          1 |
|         (gen_pair[3].gen_row[9].u_simd)                                   |                                               mac_simd_pair_626 |          2 |          2 |       0 |    0 |     2 |      0 |      0 |          1 |
|         u_corr                                                            |                                               sign_corr_lut_883 |         10 |         10 |       0 |    0 |    34 |      0 |      0 |          0 |
|         u_wrf_0                                                           |                                                      std_rf_884 |          4 |          0 |       4 |    0 |     0 |      0 |      0 |          0 |
|         u_wrf_1                                                           |                                                      std_rf_885 |          4 |          0 |       4 |    0 |     0 |      0 |      0 |          0 |
|       gen_pair[4].gen_row[0].u_simd                                       |                                               mac_simd_pair_627 |         39 |         27 |      12 |    0 |    37 |      0 |      0 |          1 |
|         (gen_pair[4].gen_row[0].u_simd)                                   |                                               mac_simd_pair_627 |          2 |          2 |       0 |    0 |     3 |      0 |      0 |          1 |
|         u_corr                                                            |                                               sign_corr_lut_880 |         25 |         25 |       0 |    0 |    34 |      0 |      0 |          0 |
|         u_wrf_0                                                           |                                                      std_rf_881 |          8 |          0 |       8 |    0 |     0 |      0 |      0 |          0 |
|         u_wrf_1                                                           |                                                      std_rf_882 |          4 |          0 |       4 |    0 |     0 |      0 |      0 |          0 |
|       gen_pair[4].gen_row[10].u_simd                                      |                                               mac_simd_pair_628 |         37 |         25 |      12 |    0 |    36 |      0 |      0 |          1 |
|         (gen_pair[4].gen_row[10].u_simd)                                  |                                               mac_simd_pair_628 |          2 |          2 |       0 |    0 |     2 |      0 |      0 |          1 |
|         u_corr                                                            |                                               sign_corr_lut_877 |         23 |         23 |       0 |    0 |    34 |      0 |      0 |          0 |
|         u_wrf_0                                                           |                                                      std_rf_878 |          4 |          0 |       4 |    0 |     0 |      0 |      0 |          0 |
|         u_wrf_1                                                           |                                                      std_rf_879 |          8 |          0 |       8 |    0 |     0 |      0 |      0 |          0 |
|       gen_pair[4].gen_row[11].u_simd                                      |                                               mac_simd_pair_629 |         69 |         61 |       8 |    0 |    41 |      0 |      0 |          1 |
|         (gen_pair[4].gen_row[11].u_simd)                                  |                                               mac_simd_pair_629 |          2 |          2 |       0 |    0 |     7 |      0 |      0 |          1 |
|         u_corr                                                            |                                               sign_corr_lut_874 |         59 |         59 |       0 |    0 |    34 |      0 |      0 |          0 |
|         u_wrf_0                                                           |                                                      std_rf_875 |          4 |          0 |       4 |    0 |     0 |      0 |      0 |          0 |
|         u_wrf_1                                                           |                                                      std_rf_876 |          4 |          0 |       4 |    0 |     0 |      0 |      0 |          0 |
|       gen_pair[4].gen_row[12].u_simd                                      |                                               mac_simd_pair_630 |         53 |         41 |      12 |    0 |    36 |      0 |      0 |          1 |
|         (gen_pair[4].gen_row[12].u_simd)                                  |                                               mac_simd_pair_630 |          2 |          2 |       0 |    0 |     2 |      0 |      0 |          1 |
|         u_corr                                                            |                                               sign_corr_lut_871 |         39 |         39 |       0 |    0 |    34 |      0 |      0 |          0 |
|         u_wrf_0                                                           |                                                      std_rf_872 |          8 |          0 |       8 |    0 |     0 |      0 |      0 |          0 |
|         u_wrf_1                                                           |                                                      std_rf_873 |          4 |          0 |       4 |    0 |     0 |      0 |      0 |          0 |
|       gen_pair[4].gen_row[13].u_simd                                      |                                               mac_simd_pair_631 |        100 |         88 |      12 |    0 |    36 |      0 |      0 |          1 |
|         (gen_pair[4].gen_row[13].u_simd)                                  |                                               mac_simd_pair_631 |          2 |          2 |       0 |    0 |     2 |      0 |      0 |          1 |
|         u_corr                                                            |                                               sign_corr_lut_868 |         86 |         86 |       0 |    0 |    34 |      0 |      0 |          0 |
|         u_wrf_0                                                           |                                                      std_rf_869 |          4 |          0 |       4 |    0 |     0 |      0 |      0 |          0 |
|         u_wrf_1                                                           |                                                      std_rf_870 |          8 |          0 |       8 |    0 |     0 |      0 |      0 |          0 |
|       gen_pair[4].gen_row[14].u_simd                                      |                                               mac_simd_pair_632 |         51 |         43 |       8 |    0 |    39 |      0 |      0 |          1 |
|         (gen_pair[4].gen_row[14].u_simd)                                  |                                               mac_simd_pair_632 |          2 |          2 |       0 |    0 |     5 |      0 |      0 |          1 |
|         u_corr                                                            |                                               sign_corr_lut_865 |         41 |         41 |       0 |    0 |    34 |      0 |      0 |          0 |
|         u_wrf_0                                                           |                                                      std_rf_866 |          4 |          0 |       4 |    0 |     0 |      0 |      0 |          0 |
|         u_wrf_1                                                           |                                                      std_rf_867 |          4 |          0 |       4 |    0 |     0 |      0 |      0 |          0 |
|       gen_pair[4].gen_row[15].u_simd                                      |                                               mac_simd_pair_633 |         63 |         51 |      12 |    0 |    36 |      0 |      0 |          1 |
|         (gen_pair[4].gen_row[15].u_simd)                                  |                                               mac_simd_pair_633 |          2 |          2 |       0 |    0 |     2 |      0 |      0 |          1 |
|         u_corr                                                            |                                               sign_corr_lut_862 |         49 |         49 |       0 |    0 |    34 |      0 |      0 |          0 |
|         u_wrf_0                                                           |                                                      std_rf_863 |          8 |          0 |       8 |    0 |     0 |      0 |      0 |          0 |
|         u_wrf_1                                                           |                                                      std_rf_864 |          4 |          0 |       4 |    0 |     0 |      0 |      0 |          0 |
|       gen_pair[4].gen_row[1].u_simd                                       |                                               mac_simd_pair_634 |         38 |         26 |      12 |    0 |    37 |      0 |      0 |          1 |
|         (gen_pair[4].gen_row[1].u_simd)                                   |                                               mac_simd_pair_634 |          2 |          2 |       0 |    0 |     3 |      0 |      0 |          1 |
|         u_corr                                                            |                                               sign_corr_lut_859 |         24 |         24 |       0 |    0 |    34 |      0 |      0 |          0 |
|         u_wrf_0                                                           |                                                      std_rf_860 |          4 |          0 |       4 |    0 |     0 |      0 |      0 |          0 |
|         u_wrf_1                                                           |                                                      std_rf_861 |          8 |          0 |       8 |    0 |     0 |      0 |      0 |          0 |
|       gen_pair[4].gen_row[2].u_simd                                       |                                               mac_simd_pair_635 |        110 |        102 |       8 |    0 |    44 |      0 |      0 |          1 |
|         (gen_pair[4].gen_row[2].u_simd)                                   |                                               mac_simd_pair_635 |          2 |          2 |       0 |    0 |    10 |      0 |      0 |          1 |
|         u_corr                                                            |                                               sign_corr_lut_856 |        100 |        100 |       0 |    0 |    34 |      0 |      0 |          0 |
|         u_wrf_0                                                           |                                                      std_rf_857 |          4 |          0 |       4 |    0 |     0 |      0 |      0 |          0 |
|         u_wrf_1                                                           |                                                      std_rf_858 |          4 |          0 |       4 |    0 |     0 |      0 |      0 |          0 |
|       gen_pair[4].gen_row[3].u_simd                                       |                                               mac_simd_pair_636 |         24 |         12 |      12 |    0 |    37 |      0 |      0 |          1 |
|         (gen_pair[4].gen_row[3].u_simd)                                   |                                               mac_simd_pair_636 |          2 |          2 |       0 |    0 |     3 |      0 |      0 |          1 |
|         u_corr                                                            |                                               sign_corr_lut_853 |         10 |         10 |       0 |    0 |    34 |      0 |      0 |          0 |
|         u_wrf_0                                                           |                                                      std_rf_854 |          8 |          0 |       8 |    0 |     0 |      0 |      0 |          0 |
|         u_wrf_1                                                           |                                                      std_rf_855 |          4 |          0 |       4 |    0 |     0 |      0 |      0 |          0 |
|       gen_pair[4].gen_row[4].u_simd                                       |                                               mac_simd_pair_637 |         38 |         26 |      12 |    0 |    36 |      0 |      0 |          1 |
|         (gen_pair[4].gen_row[4].u_simd)                                   |                                               mac_simd_pair_637 |          2 |          2 |       0 |    0 |     2 |      0 |      0 |          1 |
|         u_corr                                                            |                                               sign_corr_lut_850 |         24 |         24 |       0 |    0 |    34 |      0 |      0 |          0 |
|         u_wrf_0                                                           |                                                      std_rf_851 |          4 |          0 |       4 |    0 |     0 |      0 |      0 |          0 |
|         u_wrf_1                                                           |                                                      std_rf_852 |          8 |          0 |       8 |    0 |     0 |      0 |      0 |          0 |
|       gen_pair[4].gen_row[5].u_simd                                       |                                               mac_simd_pair_638 |         52 |         44 |       8 |    0 |    37 |      0 |      0 |          1 |
|         (gen_pair[4].gen_row[5].u_simd)                                   |                                               mac_simd_pair_638 |          2 |          2 |       0 |    0 |     3 |      0 |      0 |          1 |
|         u_corr                                                            |                                               sign_corr_lut_847 |         42 |         42 |       0 |    0 |    34 |      0 |      0 |          0 |
|         u_wrf_0                                                           |                                                      std_rf_848 |          4 |          0 |       4 |    0 |     0 |      0 |      0 |          0 |
|         u_wrf_1                                                           |                                                      std_rf_849 |          4 |          0 |       4 |    0 |     0 |      0 |      0 |          0 |
|       gen_pair[4].gen_row[6].u_simd                                       |                                               mac_simd_pair_639 |         25 |         13 |      12 |    0 |    37 |      0 |      0 |          1 |
|         (gen_pair[4].gen_row[6].u_simd)                                   |                                               mac_simd_pair_639 |          2 |          2 |       0 |    0 |     3 |      0 |      0 |          1 |
|         u_corr                                                            |                                               sign_corr_lut_844 |         11 |         11 |       0 |    0 |    34 |      0 |      0 |          0 |
|         u_wrf_0                                                           |                                                      std_rf_845 |          8 |          0 |       8 |    0 |     0 |      0 |      0 |          0 |
|         u_wrf_1                                                           |                                                      std_rf_846 |          4 |          0 |       4 |    0 |     0 |      0 |      0 |          0 |
|       gen_pair[4].gen_row[7].u_simd                                       |                                               mac_simd_pair_640 |         37 |         25 |      12 |    0 |    37 |      0 |      0 |          1 |
|         (gen_pair[4].gen_row[7].u_simd)                                   |                                               mac_simd_pair_640 |          2 |          2 |       0 |    0 |     3 |      0 |      0 |          1 |
|         u_corr                                                            |                                               sign_corr_lut_841 |         23 |         23 |       0 |    0 |    34 |      0 |      0 |          0 |
|         u_wrf_0                                                           |                                                      std_rf_842 |          4 |          0 |       4 |    0 |     0 |      0 |      0 |          0 |
|         u_wrf_1                                                           |                                                      std_rf_843 |          8 |          0 |       8 |    0 |     0 |      0 |      0 |          0 |
|       gen_pair[4].gen_row[8].u_simd                                       |                                               mac_simd_pair_641 |         79 |         71 |       8 |    0 |    37 |      0 |      0 |          1 |
|         (gen_pair[4].gen_row[8].u_simd)                                   |                                               mac_simd_pair_641 |          2 |          2 |       0 |    0 |     3 |      0 |      0 |          1 |
|         u_corr                                                            |                                               sign_corr_lut_838 |         69 |         69 |       0 |    0 |    34 |      0 |      0 |          0 |
|         u_wrf_0                                                           |                                                      std_rf_839 |          4 |          0 |       4 |    0 |     0 |      0 |      0 |          0 |
|         u_wrf_1                                                           |                                                      std_rf_840 |          4 |          0 |       4 |    0 |     0 |      0 |      0 |          0 |
|       gen_pair[4].gen_row[9].u_simd                                       |                                               mac_simd_pair_642 |         24 |         12 |      12 |    0 |    36 |      0 |      0 |          1 |
|         (gen_pair[4].gen_row[9].u_simd)                                   |                                               mac_simd_pair_642 |          2 |          2 |       0 |    0 |     2 |      0 |      0 |          1 |
|         u_corr                                                            |                                               sign_corr_lut_835 |         10 |         10 |       0 |    0 |    34 |      0 |      0 |          0 |
|         u_wrf_0                                                           |                                                      std_rf_836 |          8 |          0 |       8 |    0 |     0 |      0 |      0 |          0 |
|         u_wrf_1                                                           |                                                      std_rf_837 |          4 |          0 |       4 |    0 |     0 |      0 |      0 |          0 |
|       gen_pair[5].gen_row[0].u_simd                                       |                                               mac_simd_pair_643 |         42 |         30 |      12 |    0 |    36 |      0 |      0 |          1 |
|         (gen_pair[5].gen_row[0].u_simd)                                   |                                               mac_simd_pair_643 |          2 |          2 |       0 |    0 |     2 |      0 |      0 |          1 |
|         u_corr                                                            |                                               sign_corr_lut_832 |         28 |         28 |       0 |    0 |    34 |      0 |      0 |          0 |
|         u_wrf_0                                                           |                                                      std_rf_833 |          4 |          0 |       4 |    0 |     0 |      0 |      0 |          0 |
|         u_wrf_1                                                           |                                                      std_rf_834 |          8 |          0 |       8 |    0 |     0 |      0 |      0 |          0 |
|       gen_pair[5].gen_row[10].u_simd                                      |                                               mac_simd_pair_644 |         28 |         20 |       8 |    0 |    36 |      0 |      0 |          1 |
|         (gen_pair[5].gen_row[10].u_simd)                                  |                                               mac_simd_pair_644 |          2 |          2 |       0 |    0 |     2 |      0 |      0 |          1 |
|         u_corr                                                            |                                               sign_corr_lut_829 |         18 |         18 |       0 |    0 |    34 |      0 |      0 |          0 |
|         u_wrf_0                                                           |                                                      std_rf_830 |          4 |          0 |       4 |    0 |     0 |      0 |      0 |          0 |
|         u_wrf_1                                                           |                                                      std_rf_831 |          4 |          0 |       4 |    0 |     0 |      0 |      0 |          0 |
|       gen_pair[5].gen_row[11].u_simd                                      |                                               mac_simd_pair_645 |         92 |         80 |      12 |    0 |    36 |      0 |      0 |          1 |
|         (gen_pair[5].gen_row[11].u_simd)                                  |                                               mac_simd_pair_645 |          2 |          2 |       0 |    0 |     2 |      0 |      0 |          1 |
|         u_corr                                                            |                                               sign_corr_lut_826 |         78 |         78 |       0 |    0 |    34 |      0 |      0 |          0 |
|         u_wrf_0                                                           |                                                      std_rf_827 |          8 |          0 |       8 |    0 |     0 |      0 |      0 |          0 |
|         u_wrf_1                                                           |                                                      std_rf_828 |          4 |          0 |       4 |    0 |     0 |      0 |      0 |          0 |
|       gen_pair[5].gen_row[12].u_simd                                      |                                               mac_simd_pair_646 |         24 |         12 |      12 |    0 |    36 |      0 |      0 |          1 |
|         (gen_pair[5].gen_row[12].u_simd)                                  |                                               mac_simd_pair_646 |          2 |          2 |       0 |    0 |     2 |      0 |      0 |          1 |
|         u_corr                                                            |                                               sign_corr_lut_823 |         10 |         10 |       0 |    0 |    34 |      0 |      0 |          0 |
|         u_wrf_0                                                           |                                                      std_rf_824 |          4 |          0 |       4 |    0 |     0 |      0 |      0 |          0 |
|         u_wrf_1                                                           |                                                      std_rf_825 |          8 |          0 |       8 |    0 |     0 |      0 |      0 |          0 |
|       gen_pair[5].gen_row[13].u_simd                                      |                                               mac_simd_pair_647 |         94 |         86 |       8 |    0 |    36 |      0 |      0 |          1 |
|         (gen_pair[5].gen_row[13].u_simd)                                  |                                               mac_simd_pair_647 |          2 |          2 |       0 |    0 |     2 |      0 |      0 |          1 |
|         u_corr                                                            |                                               sign_corr_lut_820 |         84 |         84 |       0 |    0 |    34 |      0 |      0 |          0 |
|         u_wrf_0                                                           |                                                      std_rf_821 |          4 |          0 |       4 |    0 |     0 |      0 |      0 |          0 |
|         u_wrf_1                                                           |                                                      std_rf_822 |          4 |          0 |       4 |    0 |     0 |      0 |      0 |          0 |
|       gen_pair[5].gen_row[14].u_simd                                      |                                               mac_simd_pair_648 |         56 |         44 |      12 |    0 |    36 |      0 |      0 |          1 |
|         (gen_pair[5].gen_row[14].u_simd)                                  |                                               mac_simd_pair_648 |          2 |          2 |       0 |    0 |     2 |      0 |      0 |          1 |
|         u_corr                                                            |                                               sign_corr_lut_817 |         42 |         42 |       0 |    0 |    34 |      0 |      0 |          0 |
|         u_wrf_0                                                           |                                                      std_rf_818 |          8 |          0 |       8 |    0 |     0 |      0 |      0 |          0 |
|         u_wrf_1                                                           |                                                      std_rf_819 |          4 |          0 |       4 |    0 |     0 |      0 |      0 |          0 |
|       gen_pair[5].gen_row[15].u_simd                                      |                                               mac_simd_pair_649 |         24 |         12 |      12 |    0 |    36 |      0 |      0 |          1 |
|         (gen_pair[5].gen_row[15].u_simd)                                  |                                               mac_simd_pair_649 |          2 |          2 |       0 |    0 |     2 |      0 |      0 |          1 |
|         u_corr                                                            |                                               sign_corr_lut_814 |         10 |         10 |       0 |    0 |    34 |      0 |      0 |          0 |
|         u_wrf_0                                                           |                                                      std_rf_815 |          4 |          0 |       4 |    0 |     0 |      0 |      0 |          0 |
|         u_wrf_1                                                           |                                                      std_rf_816 |          8 |          0 |       8 |    0 |     0 |      0 |      0 |          0 |
|       gen_pair[5].gen_row[1].u_simd                                       |                                               mac_simd_pair_650 |         28 |         20 |       8 |    0 |    36 |      0 |      0 |          1 |
|         (gen_pair[5].gen_row[1].u_simd)                                   |                                               mac_simd_pair_650 |          2 |          2 |       0 |    0 |     2 |      0 |      0 |          1 |
|         u_corr                                                            |                                               sign_corr_lut_811 |         18 |         18 |       0 |    0 |    34 |      0 |      0 |          0 |
|         u_wrf_0                                                           |                                                      std_rf_812 |          4 |          0 |       4 |    0 |     0 |      0 |      0 |          0 |
|         u_wrf_1                                                           |                                                      std_rf_813 |          4 |          0 |       4 |    0 |     0 |      0 |      0 |          0 |
|       gen_pair[5].gen_row[2].u_simd                                       |                                               mac_simd_pair_651 |        120 |        108 |      12 |    0 |    36 |      0 |      0 |          1 |
|         (gen_pair[5].gen_row[2].u_simd)                                   |                                               mac_simd_pair_651 |          2 |          2 |       0 |    0 |     2 |      0 |      0 |          1 |
|         u_corr                                                            |                                               sign_corr_lut_808 |        106 |        106 |       0 |    0 |    34 |      0 |      0 |          0 |
|         u_wrf_0                                                           |                                                      std_rf_809 |          8 |          0 |       8 |    0 |     0 |      0 |      0 |          0 |
|         u_wrf_1                                                           |                                                      std_rf_810 |          4 |          0 |       4 |    0 |     0 |      0 |      0 |          0 |
|       gen_pair[5].gen_row[3].u_simd                                       |                                               mac_simd_pair_652 |         24 |         12 |      12 |    0 |    36 |      0 |      0 |          1 |
|         (gen_pair[5].gen_row[3].u_simd)                                   |                                               mac_simd_pair_652 |          2 |          2 |       0 |    0 |     2 |      0 |      0 |          1 |
|         u_corr                                                            |                                               sign_corr_lut_805 |         10 |         10 |       0 |    0 |    34 |      0 |      0 |          0 |
|         u_wrf_0                                                           |                                                      std_rf_806 |          4 |          0 |       4 |    0 |     0 |      0 |      0 |          0 |
|         u_wrf_1                                                           |                                                      std_rf_807 |          8 |          0 |       8 |    0 |     0 |      0 |      0 |          0 |
|       gen_pair[5].gen_row[4].u_simd                                       |                                               mac_simd_pair_653 |         36 |         28 |       8 |    0 |    44 |      0 |      0 |          1 |
|         (gen_pair[5].gen_row[4].u_simd)                                   |                                               mac_simd_pair_653 |          2 |          2 |       0 |    0 |    10 |      0 |      0 |          1 |
|         u_corr                                                            |                                               sign_corr_lut_802 |         26 |         26 |       0 |    0 |    34 |      0 |      0 |          0 |
|         u_wrf_0                                                           |                                                      std_rf_803 |          4 |          0 |       4 |    0 |     0 |      0 |      0 |          0 |
|         u_wrf_1                                                           |                                                      std_rf_804 |          4 |          0 |       4 |    0 |     0 |      0 |      0 |          0 |
|       gen_pair[5].gen_row[5].u_simd                                       |                                               mac_simd_pair_654 |         56 |         44 |      12 |    0 |    36 |      0 |      0 |          1 |
|         (gen_pair[5].gen_row[5].u_simd)                                   |                                               mac_simd_pair_654 |          2 |          2 |       0 |    0 |     2 |      0 |      0 |          1 |
|         u_corr                                                            |                                               sign_corr_lut_799 |         42 |         42 |       0 |    0 |    34 |      0 |      0 |          0 |
|         u_wrf_0                                                           |                                                      std_rf_800 |          8 |          0 |       8 |    0 |     0 |      0 |      0 |          0 |
|         u_wrf_1                                                           |                                                      std_rf_801 |          4 |          0 |       4 |    0 |     0 |      0 |      0 |          0 |
|       gen_pair[5].gen_row[6].u_simd                                       |                                               mac_simd_pair_655 |         24 |         12 |      12 |    0 |    36 |      0 |      0 |          1 |
|         (gen_pair[5].gen_row[6].u_simd)                                   |                                               mac_simd_pair_655 |          2 |          2 |       0 |    0 |     2 |      0 |      0 |          1 |
|         u_corr                                                            |                                               sign_corr_lut_796 |         10 |         10 |       0 |    0 |    34 |      0 |      0 |          0 |
|         u_wrf_0                                                           |                                                      std_rf_797 |          4 |          0 |       4 |    0 |     0 |      0 |      0 |          0 |
|         u_wrf_1                                                           |                                                      std_rf_798 |          8 |          0 |       8 |    0 |     0 |      0 |      0 |          0 |
|       gen_pair[5].gen_row[7].u_simd                                       |                                               mac_simd_pair_656 |         34 |         26 |       8 |    0 |    36 |      0 |      0 |          1 |
|         (gen_pair[5].gen_row[7].u_simd)                                   |                                               mac_simd_pair_656 |          2 |          2 |       0 |    0 |     2 |      0 |      0 |          1 |
|         u_corr                                                            |                                               sign_corr_lut_793 |         24 |         24 |       0 |    0 |    34 |      0 |      0 |          0 |
|         u_wrf_0                                                           |                                                      std_rf_794 |          4 |          0 |       4 |    0 |     0 |      0 |      0 |          0 |
|         u_wrf_1                                                           |                                                      std_rf_795 |          4 |          0 |       4 |    0 |     0 |      0 |      0 |          0 |
|       gen_pair[5].gen_row[8].u_simd                                       |                                               mac_simd_pair_657 |         58 |         46 |      12 |    0 |    36 |      0 |      0 |          1 |
|         (gen_pair[5].gen_row[8].u_simd)                                   |                                               mac_simd_pair_657 |          2 |          2 |       0 |    0 |     2 |      0 |      0 |          1 |
|         u_corr                                                            |                                               sign_corr_lut_790 |         44 |         44 |       0 |    0 |    34 |      0 |      0 |          0 |
|         u_wrf_0                                                           |                                                      std_rf_791 |          8 |          0 |       8 |    0 |     0 |      0 |      0 |          0 |
|         u_wrf_1                                                           |                                                      std_rf_792 |          4 |          0 |       4 |    0 |     0 |      0 |      0 |          0 |
|       gen_pair[5].gen_row[9].u_simd                                       |                                               mac_simd_pair_658 |         24 |         12 |      12 |    0 |    36 |      0 |      0 |          1 |
|         (gen_pair[5].gen_row[9].u_simd)                                   |                                               mac_simd_pair_658 |          2 |          2 |       0 |    0 |     2 |      0 |      0 |          1 |
|         u_corr                                                            |                                               sign_corr_lut_787 |         10 |         10 |       0 |    0 |    34 |      0 |      0 |          0 |
|         u_wrf_0                                                           |                                                      std_rf_788 |          4 |          0 |       4 |    0 |     0 |      0 |      0 |          0 |
|         u_wrf_1                                                           |                                                      std_rf_789 |          8 |          0 |       8 |    0 |     0 |      0 |      0 |          0 |
|       gen_pair[6].gen_row[0].u_simd                                       |                                               mac_simd_pair_659 |         38 |         30 |       8 |    0 |    36 |      0 |      0 |          1 |
|         (gen_pair[6].gen_row[0].u_simd)                                   |                                               mac_simd_pair_659 |          2 |          2 |       0 |    0 |     2 |      0 |      0 |          1 |
|         u_corr                                                            |                                               sign_corr_lut_784 |         28 |         28 |       0 |    0 |    34 |      0 |      0 |          0 |
|         u_wrf_0                                                           |                                                      std_rf_785 |          4 |          0 |       4 |    0 |     0 |      0 |      0 |          0 |
|         u_wrf_1                                                           |                                                      std_rf_786 |          4 |          0 |       4 |    0 |     0 |      0 |      0 |          0 |
|       gen_pair[6].gen_row[10].u_simd                                      |                                               mac_simd_pair_660 |         32 |         20 |      12 |    0 |    36 |      0 |      0 |          1 |
|         (gen_pair[6].gen_row[10].u_simd)                                  |                                               mac_simd_pair_660 |          2 |          2 |       0 |    0 |     2 |      0 |      0 |          1 |
|         u_corr                                                            |                                               sign_corr_lut_781 |         18 |         18 |       0 |    0 |    34 |      0 |      0 |          0 |
|         u_wrf_0                                                           |                                                      std_rf_782 |          8 |          0 |       8 |    0 |     0 |      0 |      0 |          0 |
|         u_wrf_1                                                           |                                                      std_rf_783 |          4 |          0 |       4 |    0 |     0 |      0 |      0 |          0 |
|       gen_pair[6].gen_row[11].u_simd                                      |                                               mac_simd_pair_661 |         92 |         80 |      12 |    0 |    36 |      0 |      0 |          1 |
|         (gen_pair[6].gen_row[11].u_simd)                                  |                                               mac_simd_pair_661 |          2 |          2 |       0 |    0 |     2 |      0 |      0 |          1 |
|         u_corr                                                            |                                               sign_corr_lut_778 |         78 |         78 |       0 |    0 |    34 |      0 |      0 |          0 |
|         u_wrf_0                                                           |                                                      std_rf_779 |          4 |          0 |       4 |    0 |     0 |      0 |      0 |          0 |
|         u_wrf_1                                                           |                                                      std_rf_780 |          8 |          0 |       8 |    0 |     0 |      0 |      0 |          0 |
|       gen_pair[6].gen_row[12].u_simd                                      |                                               mac_simd_pair_662 |         20 |         12 |       8 |    0 |    36 |      0 |      0 |          1 |
|         (gen_pair[6].gen_row[12].u_simd)                                  |                                               mac_simd_pair_662 |          2 |          2 |       0 |    0 |     2 |      0 |      0 |          1 |
|         u_corr                                                            |                                               sign_corr_lut_775 |         10 |         10 |       0 |    0 |    34 |      0 |      0 |          0 |
|         u_wrf_0                                                           |                                                      std_rf_776 |          4 |          0 |       4 |    0 |     0 |      0 |      0 |          0 |
|         u_wrf_1                                                           |                                                      std_rf_777 |          4 |          0 |       4 |    0 |     0 |      0 |      0 |          0 |
|       gen_pair[6].gen_row[13].u_simd                                      |                                               mac_simd_pair_663 |         98 |         86 |      12 |    0 |    36 |      0 |      0 |          1 |
|         (gen_pair[6].gen_row[13].u_simd)                                  |                                               mac_simd_pair_663 |          2 |          2 |       0 |    0 |     2 |      0 |      0 |          1 |
|         u_corr                                                            |                                               sign_corr_lut_772 |         84 |         84 |       0 |    0 |    34 |      0 |      0 |          0 |
|         u_wrf_0                                                           |                                                      std_rf_773 |          8 |          0 |       8 |    0 |     0 |      0 |      0 |          0 |
|         u_wrf_1                                                           |                                                      std_rf_774 |          4 |          0 |       4 |    0 |     0 |      0 |      0 |          0 |
|       gen_pair[6].gen_row[14].u_simd                                      |                                               mac_simd_pair_664 |         56 |         44 |      12 |    0 |    36 |      0 |      0 |          1 |
|         (gen_pair[6].gen_row[14].u_simd)                                  |                                               mac_simd_pair_664 |          2 |          2 |       0 |    0 |     2 |      0 |      0 |          1 |
|         u_corr                                                            |                                               sign_corr_lut_769 |         42 |         42 |       0 |    0 |    34 |      0 |      0 |          0 |
|         u_wrf_0                                                           |                                                      std_rf_770 |          4 |          0 |       4 |    0 |     0 |      0 |      0 |          0 |
|         u_wrf_1                                                           |                                                      std_rf_771 |          8 |          0 |       8 |    0 |     0 |      0 |      0 |          0 |
|       gen_pair[6].gen_row[15].u_simd                                      |                                               mac_simd_pair_665 |         20 |         12 |       8 |    0 |    36 |      0 |      0 |          1 |
|         (gen_pair[6].gen_row[15].u_simd)                                  |                                               mac_simd_pair_665 |          2 |          2 |       0 |    0 |     2 |      0 |      0 |          1 |
|         u_corr                                                            |                                               sign_corr_lut_766 |         10 |         10 |       0 |    0 |    34 |      0 |      0 |          0 |
|         u_wrf_0                                                           |                                                      std_rf_767 |          4 |          0 |       4 |    0 |     0 |      0 |      0 |          0 |
|         u_wrf_1                                                           |                                                      std_rf_768 |          4 |          0 |       4 |    0 |     0 |      0 |      0 |          0 |
|       gen_pair[6].gen_row[1].u_simd                                       |                                               mac_simd_pair_666 |         32 |         20 |      12 |    0 |    36 |      0 |      0 |          1 |
|         (gen_pair[6].gen_row[1].u_simd)                                   |                                               mac_simd_pair_666 |          2 |          2 |       0 |    0 |     2 |      0 |      0 |          1 |
|         u_corr                                                            |                                               sign_corr_lut_763 |         18 |         18 |       0 |    0 |    34 |      0 |      0 |          0 |
|         u_wrf_0                                                           |                                                      std_rf_764 |          8 |          0 |       8 |    0 |     0 |      0 |      0 |          0 |
|         u_wrf_1                                                           |                                                      std_rf_765 |          4 |          0 |       4 |    0 |     0 |      0 |      0 |          0 |
|       gen_pair[6].gen_row[2].u_simd                                       |                                               mac_simd_pair_667 |        118 |        106 |      12 |    0 |    36 |      0 |      0 |          1 |
|         (gen_pair[6].gen_row[2].u_simd)                                   |                                               mac_simd_pair_667 |          2 |          2 |       0 |    0 |     2 |      0 |      0 |          1 |
|         u_corr                                                            |                                               sign_corr_lut_760 |        104 |        104 |       0 |    0 |    34 |      0 |      0 |          0 |
|         u_wrf_0                                                           |                                                      std_rf_761 |          4 |          0 |       4 |    0 |     0 |      0 |      0 |          0 |
|         u_wrf_1                                                           |                                                      std_rf_762 |          8 |          0 |       8 |    0 |     0 |      0 |      0 |          0 |
|       gen_pair[6].gen_row[3].u_simd                                       |                                               mac_simd_pair_668 |         20 |         12 |       8 |    0 |    36 |      0 |      0 |          1 |
|         (gen_pair[6].gen_row[3].u_simd)                                   |                                               mac_simd_pair_668 |          2 |          2 |       0 |    0 |     2 |      0 |      0 |          1 |
|         u_corr                                                            |                                               sign_corr_lut_757 |         10 |         10 |       0 |    0 |    34 |      0 |      0 |          0 |
|         u_wrf_0                                                           |                                                      std_rf_758 |          4 |          0 |       4 |    0 |     0 |      0 |      0 |          0 |
|         u_wrf_1                                                           |                                                      std_rf_759 |          4 |          0 |       4 |    0 |     0 |      0 |      0 |          0 |
|       gen_pair[6].gen_row[4].u_simd                                       |                                               mac_simd_pair_669 |         40 |         28 |      12 |    0 |    36 |      0 |      0 |          1 |
|         (gen_pair[6].gen_row[4].u_simd)                                   |                                               mac_simd_pair_669 |          2 |          2 |       0 |    0 |     2 |      0 |      0 |          1 |
|         u_corr                                                            |                                               sign_corr_lut_754 |         26 |         26 |       0 |    0 |    34 |      0 |      0 |          0 |
|         u_wrf_0                                                           |                                                      std_rf_755 |          8 |          0 |       8 |    0 |     0 |      0 |      0 |          0 |
|         u_wrf_1                                                           |                                                      std_rf_756 |          4 |          0 |       4 |    0 |     0 |      0 |      0 |          0 |
|       gen_pair[6].gen_row[5].u_simd                                       |                                               mac_simd_pair_670 |         56 |         44 |      12 |    0 |    36 |      0 |      0 |          1 |
|         (gen_pair[6].gen_row[5].u_simd)                                   |                                               mac_simd_pair_670 |          2 |          2 |       0 |    0 |     2 |      0 |      0 |          1 |
|         u_corr                                                            |                                               sign_corr_lut_751 |         42 |         42 |       0 |    0 |    34 |      0 |      0 |          0 |
|         u_wrf_0                                                           |                                                      std_rf_752 |          4 |          0 |       4 |    0 |     0 |      0 |      0 |          0 |
|         u_wrf_1                                                           |                                                      std_rf_753 |          8 |          0 |       8 |    0 |     0 |      0 |      0 |          0 |
|       gen_pair[6].gen_row[6].u_simd                                       |                                               mac_simd_pair_671 |         20 |         12 |       8 |    0 |    36 |      0 |      0 |          1 |
|         (gen_pair[6].gen_row[6].u_simd)                                   |                                               mac_simd_pair_671 |          2 |          2 |       0 |    0 |     2 |      0 |      0 |          1 |
|         u_corr                                                            |                                               sign_corr_lut_748 |         10 |         10 |       0 |    0 |    34 |      0 |      0 |          0 |
|         u_wrf_0                                                           |                                                      std_rf_749 |          4 |          0 |       4 |    0 |     0 |      0 |      0 |          0 |
|         u_wrf_1                                                           |                                                      std_rf_750 |          4 |          0 |       4 |    0 |     0 |      0 |      0 |          0 |
|       gen_pair[6].gen_row[7].u_simd                                       |                                               mac_simd_pair_672 |         38 |         26 |      12 |    0 |    36 |      0 |      0 |          1 |
|         (gen_pair[6].gen_row[7].u_simd)                                   |                                               mac_simd_pair_672 |          2 |          2 |       0 |    0 |     2 |      0 |      0 |          1 |
|         u_corr                                                            |                                               sign_corr_lut_745 |         24 |         24 |       0 |    0 |    34 |      0 |      0 |          0 |
|         u_wrf_0                                                           |                                                      std_rf_746 |          8 |          0 |       8 |    0 |     0 |      0 |      0 |          0 |
|         u_wrf_1                                                           |                                                      std_rf_747 |          4 |          0 |       4 |    0 |     0 |      0 |      0 |          0 |
|       gen_pair[6].gen_row[8].u_simd                                       |                                               mac_simd_pair_673 |         58 |         46 |      12 |    0 |    36 |      0 |      0 |          1 |
|         (gen_pair[6].gen_row[8].u_simd)                                   |                                               mac_simd_pair_673 |          2 |          2 |       0 |    0 |     2 |      0 |      0 |          1 |
|         u_corr                                                            |                                               sign_corr_lut_742 |         44 |         44 |       0 |    0 |    34 |      0 |      0 |          0 |
|         u_wrf_0                                                           |                                                      std_rf_743 |          4 |          0 |       4 |    0 |     0 |      0 |      0 |          0 |
|         u_wrf_1                                                           |                                                      std_rf_744 |          8 |          0 |       8 |    0 |     0 |      0 |      0 |          0 |
|       gen_pair[6].gen_row[9].u_simd                                       |                                               mac_simd_pair_674 |         20 |         12 |       8 |    0 |    36 |      0 |      0 |          1 |
|         (gen_pair[6].gen_row[9].u_simd)                                   |                                               mac_simd_pair_674 |          2 |          2 |       0 |    0 |     2 |      0 |      0 |          1 |
|         u_corr                                                            |                                               sign_corr_lut_739 |         10 |         10 |       0 |    0 |    34 |      0 |      0 |          0 |
|         u_wrf_0                                                           |                                                      std_rf_740 |          4 |          0 |       4 |    0 |     0 |      0 |      0 |          0 |
|         u_wrf_1                                                           |                                                      std_rf_741 |          4 |          0 |       4 |    0 |     0 |      0 |      0 |          0 |
|       gen_pair[7].gen_row[0].u_simd                                       |                                               mac_simd_pair_675 |         42 |         30 |      12 |    0 |    36 |      0 |      0 |          1 |
|         (gen_pair[7].gen_row[0].u_simd)                                   |                                               mac_simd_pair_675 |          2 |          2 |       0 |    0 |     2 |      0 |      0 |          1 |
|         u_corr                                                            |                                               sign_corr_lut_736 |         28 |         28 |       0 |    0 |    34 |      0 |      0 |          0 |
|         u_wrf_0                                                           |                                                      std_rf_737 |          8 |          0 |       8 |    0 |     0 |      0 |      0 |          0 |
|         u_wrf_1                                                           |                                                      std_rf_738 |          4 |          0 |       4 |    0 |     0 |      0 |      0 |          0 |
|       gen_pair[7].gen_row[10].u_simd                                      |                                               mac_simd_pair_676 |         32 |         20 |      12 |    0 |    44 |      0 |      0 |          1 |
|         (gen_pair[7].gen_row[10].u_simd)                                  |                                               mac_simd_pair_676 |          2 |          2 |       0 |    0 |    10 |      0 |      0 |          1 |
|         u_corr                                                            |                                               sign_corr_lut_733 |         18 |         18 |       0 |    0 |    34 |      0 |      0 |          0 |
|         u_wrf_0                                                           |                                                      std_rf_734 |          4 |          0 |       4 |    0 |     0 |      0 |      0 |          0 |
|         u_wrf_1                                                           |                                                      std_rf_735 |          8 |          0 |       8 |    0 |     0 |      0 |      0 |          0 |
|       gen_pair[7].gen_row[11].u_simd                                      |                                               mac_simd_pair_677 |         88 |         80 |       8 |    0 |    36 |      0 |      0 |          1 |
|         (gen_pair[7].gen_row[11].u_simd)                                  |                                               mac_simd_pair_677 |          2 |          2 |       0 |    0 |     2 |      0 |      0 |          1 |
|         u_corr                                                            |                                               sign_corr_lut_730 |         78 |         78 |       0 |    0 |    34 |      0 |      0 |          0 |
|         u_wrf_0                                                           |                                                      std_rf_731 |          4 |          0 |       4 |    0 |     0 |      0 |      0 |          0 |
|         u_wrf_1                                                           |                                                      std_rf_732 |          4 |          0 |       4 |    0 |     0 |      0 |      0 |          0 |
|       gen_pair[7].gen_row[12].u_simd                                      |                                               mac_simd_pair_678 |         24 |         12 |      12 |    0 |    44 |      0 |      0 |          1 |
|         (gen_pair[7].gen_row[12].u_simd)                                  |                                               mac_simd_pair_678 |          2 |          2 |       0 |    0 |    10 |      0 |      0 |          1 |
|         u_corr                                                            |                                               sign_corr_lut_727 |         10 |         10 |       0 |    0 |    34 |      0 |      0 |          0 |
|         u_wrf_0                                                           |                                                      std_rf_728 |          8 |          0 |       8 |    0 |     0 |      0 |      0 |          0 |
|         u_wrf_1                                                           |                                                      std_rf_729 |          4 |          0 |       4 |    0 |     0 |      0 |      0 |          0 |
|       gen_pair[7].gen_row[13].u_simd                                      |                                               mac_simd_pair_679 |         98 |         86 |      12 |    0 |    44 |      0 |      0 |          1 |
|         (gen_pair[7].gen_row[13].u_simd)                                  |                                               mac_simd_pair_679 |          2 |          2 |       0 |    0 |    10 |      0 |      0 |          1 |
|         u_corr                                                            |                                               sign_corr_lut_724 |         84 |         84 |       0 |    0 |    34 |      0 |      0 |          0 |
|         u_wrf_0                                                           |                                                      std_rf_725 |          4 |          0 |       4 |    0 |     0 |      0 |      0 |          0 |
|         u_wrf_1                                                           |                                                      std_rf_726 |          8 |          0 |       8 |    0 |     0 |      0 |      0 |          0 |
|       gen_pair[7].gen_row[14].u_simd                                      |                                               mac_simd_pair_680 |         52 |         44 |       8 |    0 |    41 |      0 |      0 |          1 |
|         (gen_pair[7].gen_row[14].u_simd)                                  |                                               mac_simd_pair_680 |          2 |          2 |       0 |    0 |     7 |      0 |      0 |          1 |
|         u_corr                                                            |                                               sign_corr_lut_721 |         42 |         42 |       0 |    0 |    34 |      0 |      0 |          0 |
|         u_wrf_0                                                           |                                                      std_rf_722 |          4 |          0 |       4 |    0 |     0 |      0 |      0 |          0 |
|         u_wrf_1                                                           |                                                      std_rf_723 |          4 |          0 |       4 |    0 |     0 |      0 |      0 |          0 |
|       gen_pair[7].gen_row[15].u_simd                                      |                                               mac_simd_pair_681 |         24 |         12 |      12 |    0 |    41 |      0 |      0 |          1 |
|         (gen_pair[7].gen_row[15].u_simd)                                  |                                               mac_simd_pair_681 |          2 |          2 |       0 |    0 |     7 |      0 |      0 |          1 |
|         u_corr                                                            |                                               sign_corr_lut_718 |         10 |         10 |       0 |    0 |    34 |      0 |      0 |          0 |
|         u_wrf_0                                                           |                                                      std_rf_719 |          8 |          0 |       8 |    0 |     0 |      0 |      0 |          0 |
|         u_wrf_1                                                           |                                                      std_rf_720 |          4 |          0 |       4 |    0 |     0 |      0 |      0 |          0 |
|       gen_pair[7].gen_row[1].u_simd                                       |                                               mac_simd_pair_682 |         33 |         21 |      12 |    0 |    40 |      0 |      0 |          1 |
|         (gen_pair[7].gen_row[1].u_simd)                                   |                                               mac_simd_pair_682 |          2 |          2 |       0 |    0 |     6 |      0 |      0 |          1 |
|         u_corr                                                            |                                               sign_corr_lut_715 |         19 |         19 |       0 |    0 |    34 |      0 |      0 |          0 |
|         u_wrf_0                                                           |                                                      std_rf_716 |          4 |          0 |       4 |    0 |     0 |      0 |      0 |          0 |
|         u_wrf_1                                                           |                                                      std_rf_717 |          8 |          0 |       8 |    0 |     0 |      0 |      0 |          0 |
|       gen_pair[7].gen_row[2].u_simd                                       |                                               mac_simd_pair_683 |        113 |        105 |       8 |    0 |    36 |      0 |      0 |          1 |
|         (gen_pair[7].gen_row[2].u_simd)                                   |                                               mac_simd_pair_683 |          2 |          2 |       0 |    0 |     2 |      0 |      0 |          1 |
|         u_corr                                                            |                                               sign_corr_lut_712 |        103 |        103 |       0 |    0 |    34 |      0 |      0 |          0 |
|         u_wrf_0                                                           |                                                      std_rf_713 |          4 |          0 |       4 |    0 |     0 |      0 |      0 |          0 |
|         u_wrf_1                                                           |                                                      std_rf_714 |          4 |          0 |       4 |    0 |     0 |      0 |      0 |          0 |
|       gen_pair[7].gen_row[3].u_simd                                       |                                               mac_simd_pair_684 |         24 |         12 |      12 |    0 |    43 |      0 |      0 |          1 |
|         (gen_pair[7].gen_row[3].u_simd)                                   |                                               mac_simd_pair_684 |          2 |          2 |       0 |    0 |     9 |      0 |      0 |          1 |
|         u_corr                                                            |                                               sign_corr_lut_709 |         10 |         10 |       0 |    0 |    34 |      0 |      0 |          0 |
|         u_wrf_0                                                           |                                                      std_rf_710 |          8 |          0 |       8 |    0 |     0 |      0 |      0 |          0 |
|         u_wrf_1                                                           |                                                      std_rf_711 |          4 |          0 |       4 |    0 |     0 |      0 |      0 |          0 |
|       gen_pair[7].gen_row[4].u_simd                                       |                                               mac_simd_pair_685 |         41 |         29 |      12 |    0 |    36 |      0 |      0 |          1 |
|         (gen_pair[7].gen_row[4].u_simd)                                   |                                               mac_simd_pair_685 |          2 |          2 |       0 |    0 |     2 |      0 |      0 |          1 |
|         u_corr                                                            |                                               sign_corr_lut_706 |         27 |         27 |       0 |    0 |    34 |      0 |      0 |          0 |
|         u_wrf_0                                                           |                                                      std_rf_707 |          4 |          0 |       4 |    0 |     0 |      0 |      0 |          0 |
|         u_wrf_1                                                           |                                                      std_rf_708 |          8 |          0 |       8 |    0 |     0 |      0 |      0 |          0 |
|       gen_pair[7].gen_row[5].u_simd                                       |                                               mac_simd_pair_686 |         52 |         44 |       8 |    0 |    43 |      0 |      0 |          1 |
|         (gen_pair[7].gen_row[5].u_simd)                                   |                                               mac_simd_pair_686 |          2 |          2 |       0 |    0 |     9 |      0 |      0 |          1 |
|         u_corr                                                            |                                               sign_corr_lut_703 |         42 |         42 |       0 |    0 |    34 |      0 |      0 |          0 |
|         u_wrf_0                                                           |                                                      std_rf_704 |          4 |          0 |       4 |    0 |     0 |      0 |      0 |          0 |
|         u_wrf_1                                                           |                                                      std_rf_705 |          4 |          0 |       4 |    0 |     0 |      0 |      0 |          0 |
|       gen_pair[7].gen_row[6].u_simd                                       |                                               mac_simd_pair_687 |         24 |         12 |      12 |    0 |    43 |      0 |      0 |          1 |
|         (gen_pair[7].gen_row[6].u_simd)                                   |                                               mac_simd_pair_687 |          2 |          2 |       0 |    0 |     9 |      0 |      0 |          1 |
|         u_corr                                                            |                                               sign_corr_lut_700 |         10 |         10 |       0 |    0 |    34 |      0 |      0 |          0 |
|         u_wrf_0                                                           |                                                      std_rf_701 |          8 |          0 |       8 |    0 |     0 |      0 |      0 |          0 |
|         u_wrf_1                                                           |                                                      std_rf_702 |          4 |          0 |       4 |    0 |     0 |      0 |      0 |          0 |
|       gen_pair[7].gen_row[7].u_simd                                       |                                               mac_simd_pair_688 |         38 |         26 |      12 |    0 |    43 |      0 |      0 |          1 |
|         (gen_pair[7].gen_row[7].u_simd)                                   |                                               mac_simd_pair_688 |          2 |          2 |       0 |    0 |     9 |      0 |      0 |          1 |
|         u_corr                                                            |                                               sign_corr_lut_697 |         24 |         24 |       0 |    0 |    34 |      0 |      0 |          0 |
|         u_wrf_0                                                           |                                                      std_rf_698 |          4 |          0 |       4 |    0 |     0 |      0 |      0 |          0 |
|         u_wrf_1                                                           |                                                      std_rf_699 |          8 |          0 |       8 |    0 |     0 |      0 |      0 |          0 |
|       gen_pair[7].gen_row[8].u_simd                                       |                                               mac_simd_pair_689 |         54 |         46 |       8 |    0 |    43 |      0 |      0 |          1 |
|         (gen_pair[7].gen_row[8].u_simd)                                   |                                               mac_simd_pair_689 |          2 |          2 |       0 |    0 |     9 |      0 |      0 |          1 |
|         u_corr                                                            |                                               sign_corr_lut_694 |         44 |         44 |       0 |    0 |    34 |      0 |      0 |          0 |
|         u_wrf_0                                                           |                                                      std_rf_695 |          4 |          0 |       4 |    0 |     0 |      0 |      0 |          0 |
|         u_wrf_1                                                           |                                                      std_rf_696 |          4 |          0 |       4 |    0 |     0 |      0 |      0 |          0 |
|       gen_pair[7].gen_row[9].u_simd                                       |                                               mac_simd_pair_690 |         26 |         12 |      14 |    0 |    36 |      0 |      0 |          1 |
|         (gen_pair[7].gen_row[9].u_simd)                                   |                                               mac_simd_pair_690 |          2 |          2 |       0 |    0 |     2 |      0 |      0 |          1 |
|         u_corr                                                            |                                               sign_corr_lut_691 |         10 |         10 |       0 |    0 |    34 |      0 |      0 |          0 |
|         u_wrf_0                                                           |                                                      std_rf_692 |          8 |          0 |       8 |    0 |     0 |      0 |      0 |          0 |
|         u_wrf_1                                                           |                                                      std_rf_693 |          6 |          0 |       6 |    0 |     0 |      0 |      0 |          0 |
|     u_mm2s_arb                                                            |                                                    mm2s_arb_536 |        107 |        103 |       4 |    0 |    26 |      0 |      0 |          0 |
|     u_ofb                                                                 |                                                  sram_model_537 |          0 |          0 |       0 |    0 |     0 |      4 |      0 |          0 |
|     u_ofb_writer                                                          |                                                  ofb_writer_538 |       5744 |       5744 |       0 |    0 |  2782 |      0 |      0 |         80 |
|       (u_ofb_writer)                                                      |                                                  ofb_writer_538 |        139 |        139 |       0 |    0 |  1180 |      0 |      0 |          0 |
|       u_sdp                                                               |                                                         sdp_562 |       5605 |       5605 |       0 |    0 |  1602 |      0 |      0 |         80 |
|     u_parf_accum                                                          |                                                  parf_accum_539 |       1065 |        553 |     512 |    0 |    43 |      0 |      0 |          0 |
|       (u_parf_accum)                                                      |                                                  parf_accum_539 |         32 |         32 |       0 |    0 |    43 |      0 |      0 |          0 |
|       g_col[0].u_col                                                      |                                                    parf_col_546 |         64 |         32 |      32 |    0 |     0 |      0 |      0 |          0 |
|       g_col[10].u_col                                                     |                                                    parf_col_547 |         64 |         32 |      32 |    0 |     0 |      0 |      0 |          0 |
|       g_col[11].u_col                                                     |                                                    parf_col_548 |         64 |         32 |      32 |    0 |     0 |      0 |      0 |          0 |
|       g_col[12].u_col                                                     |                                                    parf_col_549 |         64 |         32 |      32 |    0 |     0 |      0 |      0 |          0 |
|       g_col[13].u_col                                                     |                                                    parf_col_550 |         68 |         36 |      32 |    0 |     0 |      0 |      0 |          0 |
|       g_col[14].u_col                                                     |                                                    parf_col_551 |         64 |         32 |      32 |    0 |     0 |      0 |      0 |          0 |
|       g_col[15].u_col                                                     |                                                    parf_col_552 |         69 |         37 |      32 |    0 |     0 |      0 |      0 |          0 |
|       g_col[1].u_col                                                      |                                                    parf_col_553 |         64 |         32 |      32 |    0 |     0 |      0 |      0 |          0 |
|       g_col[2].u_col                                                      |                                                    parf_col_554 |         64 |         32 |      32 |    0 |     0 |      0 |      0 |          0 |
|       g_col[3].u_col                                                      |                                                    parf_col_555 |         64 |         32 |      32 |    0 |     0 |      0 |      0 |          0 |
|       g_col[4].u_col                                                      |                                                    parf_col_556 |         64 |         32 |      32 |    0 |     0 |      0 |      0 |          0 |
|       g_col[5].u_col                                                      |                                                    parf_col_557 |         64 |         32 |      32 |    0 |     0 |      0 |      0 |          0 |
|       g_col[6].u_col                                                      |                                                    parf_col_558 |         64 |         32 |      32 |    0 |     0 |      0 |      0 |          0 |
|       g_col[7].u_col                                                      |                                                    parf_col_559 |         64 |         32 |      32 |    0 |     0 |      0 |      0 |          0 |
|       g_col[8].u_col                                                      |                                                    parf_col_560 |         64 |         32 |      32 |    0 |     0 |      0 |      0 |          0 |
|       g_col[9].u_col                                                      |                                                    parf_col_561 |         64 |         32 |      32 |    0 |     0 |      0 |      0 |          0 |
|     u_rdma                                                                |                                                   rdma_ctrl_540 |         81 |         81 |       0 |    0 |    14 |      0 |      0 |          0 |
|     u_sequencer                                                           |                                                   sequencer_541 |        189 |        189 |       0 |    0 |    30 |      0 |      0 |          0 |
|     u_shortcut_bank                                                       |                                  sram_model__parameterized1_542 |          0 |          0 |       0 |    0 |     0 |      7 |      1 |          0 |
|     u_wb                                                                  |                                  sram_model__parameterized0_543 |         35 |         35 |       0 |    0 |     0 |     57 |      0 |          0 |
|     u_wdma                                                                |                                                   wdma_ctrl_544 |       1065 |       1065 |       0 |    0 |  1937 |      0 |      0 |          0 |
|     u_wgt_buffer                                                          |                                                  wgt_buffer_545 |        226 |        226 |       0 |    0 |   209 |      0 |      0 |          0 |
|   gen_core[3].u_core                                                      |                                                        core_top |      23626 |      21310 |    2148 |  168 | 15710 |     72 |      1 |        208 |
|     (gen_core[3].u_core)                                                  |                                                        core_top |         67 |         67 |       0 |    0 |     0 |      0 |      0 |          0 |
|     g_idma_sg.u_idma_sg                                                   |                                              idma_sg_dispatcher |         66 |         66 |       0 |    0 |   156 |      0 |      0 |          0 |
|     g_odma_sg.u_odma_sg                                                   |                                              odma_sg_dispatcher |        155 |        155 |       0 |    0 |   179 |      0 |      0 |          0 |
|     u_axi_dm                                                              |                                                   axi_dm_HD3933 |       3440 |       3256 |      16 |  168 |  2987 |      0 |      0 |          0 |
|       U0                                                                  |                                      axi_dmaxi_datamover_HD3934 |       3440 |       3256 |      16 |  168 |  2987 |      0 |      0 |          0 |
|         GEN_MM2S_FULL.I_MM2S_FULL_WRAPPER                                 |                       axi_dmaxi_datamover_mm2s_full_wrap_HD3935 |       1464 |       1389 |       0 |   75 |  1093 |      0 |      0 |          0 |
|         GEN_S2MM_FULL.I_S2MM_FULL_WRAPPER                                 |                       axi_dmaxi_datamover_s2mm_full_wrap_HD3964 |       1976 |       1867 |      16 |   93 |  1894 |      0 |      0 |          0 |
|     u_axi_mux                                                             |                                                       axi_m_mux |        139 |        139 |       0 |    0 |     6 |      0 |      0 |          0 |
|       u_arbiter                                                           |                                              axi_master_arbiter |        139 |        139 |       0 |    0 |     6 |      0 |      0 |          0 |
|     u_bias_rf                                                             |                                                         bias_rf |         19 |         19 |       0 |    0 |   525 |      0 |      0 |          0 |
|     u_cfg                                                                 |                                                        cfg_regs |       3412 |       3412 |       0 |    0 |  1069 |      0 |      0 |          0 |
|     u_csr_bridge                                                          |                                                    axi_lite_csr |        447 |        447 |       0 |    0 |    62 |      0 |      0 |          0 |
|     u_desc_fifo                                                           |                                                       desc_fifo |        317 |        165 |     152 |    0 |    22 |      0 |      0 |          0 |
|     u_dfe                                                                 |                                                             dfe |         47 |         47 |       0 |    0 |   100 |      0 |      0 |          0 |
|     u_ifb                                                                 |                                                      sram_model |          2 |          2 |       0 |    0 |     0 |      4 |      0 |          0 |
|     u_line_buffer                                                         |                                                     line_buffer |        815 |        729 |      86 |    0 |   290 |      0 |      0 |          0 |
|     u_mac_array                                                           |                                                  mac_array_simd |       6363 |       4997 |    1366 |    0 |  5251 |      0 |      0 |        128 |
|       (u_mac_array)                                                       |                                                  mac_array_simd |          1 |          1 |       0 |    0 |   515 |      0 |      0 |          0 |
|       gen_pair[0].gen_row[0].u_simd                                       |                                                   mac_simd_pair |         32 |         24 |       8 |    0 |    36 |      0 |      0 |          1 |
|         (gen_pair[0].gen_row[0].u_simd)                                   |                                                   mac_simd_pair |          2 |          2 |       0 |    0 |     2 |      0 |      0 |          1 |
|         u_corr                                                            |                                               sign_corr_lut_522 |         22 |         22 |       0 |    0 |    34 |      0 |      0 |          0 |
|         u_wrf_0                                                           |                                                      std_rf_523 |          4 |          0 |       4 |    0 |     0 |      0 |      0 |          0 |
|         u_wrf_1                                                           |                                                      std_rf_524 |          4 |          0 |       4 |    0 |     0 |      0 |      0 |          0 |
|       gen_pair[0].gen_row[10].u_simd                                      |                                                mac_simd_pair_16 |         42 |         30 |      12 |    0 |    36 |      0 |      0 |          1 |
|         (gen_pair[0].gen_row[10].u_simd)                                  |                                                mac_simd_pair_16 |          2 |          2 |       0 |    0 |     2 |      0 |      0 |          1 |
|         u_corr                                                            |                                               sign_corr_lut_519 |         28 |         28 |       0 |    0 |    34 |      0 |      0 |          0 |
|         u_wrf_0                                                           |                                                      std_rf_520 |          8 |          0 |       8 |    0 |     0 |      0 |      0 |          0 |
|         u_wrf_1                                                           |                                                      std_rf_521 |          4 |          0 |       4 |    0 |     0 |      0 |      0 |          0 |
|       gen_pair[0].gen_row[11].u_simd                                      |                                                mac_simd_pair_17 |         54 |         42 |      12 |    0 |    36 |      0 |      0 |          1 |
|         (gen_pair[0].gen_row[11].u_simd)                                  |                                                mac_simd_pair_17 |          2 |          2 |       0 |    0 |     2 |      0 |      0 |          1 |
|         u_corr                                                            |                                               sign_corr_lut_516 |         40 |         40 |       0 |    0 |    34 |      0 |      0 |          0 |
|         u_wrf_0                                                           |                                                      std_rf_517 |          4 |          0 |       4 |    0 |     0 |      0 |      0 |          0 |
|         u_wrf_1                                                           |                                                      std_rf_518 |          8 |          0 |       8 |    0 |     0 |      0 |      0 |          0 |
|       gen_pair[0].gen_row[12].u_simd                                      |                                                mac_simd_pair_18 |         86 |         78 |       8 |    0 |    36 |      0 |      0 |          1 |
|         (gen_pair[0].gen_row[12].u_simd)                                  |                                                mac_simd_pair_18 |          2 |          2 |       0 |    0 |     2 |      0 |      0 |          1 |
|         u_corr                                                            |                                               sign_corr_lut_513 |         76 |         76 |       0 |    0 |    34 |      0 |      0 |          0 |
|         u_wrf_0                                                           |                                                      std_rf_514 |          4 |          0 |       4 |    0 |     0 |      0 |      0 |          0 |
|         u_wrf_1                                                           |                                                      std_rf_515 |          4 |          0 |       4 |    0 |     0 |      0 |      0 |          0 |
|       gen_pair[0].gen_row[13].u_simd                                      |                                                mac_simd_pair_19 |        102 |         90 |      12 |    0 |    36 |      0 |      0 |          1 |
|         (gen_pair[0].gen_row[13].u_simd)                                  |                                                mac_simd_pair_19 |          2 |          2 |       0 |    0 |     2 |      0 |      0 |          1 |
|         u_corr                                                            |                                               sign_corr_lut_510 |         88 |         88 |       0 |    0 |    34 |      0 |      0 |          0 |
|         u_wrf_0                                                           |                                                      std_rf_511 |          8 |          0 |       8 |    0 |     0 |      0 |      0 |          0 |
|         u_wrf_1                                                           |                                                      std_rf_512 |          4 |          0 |       4 |    0 |     0 |      0 |      0 |          0 |
|       gen_pair[0].gen_row[14].u_simd                                      |                                                mac_simd_pair_20 |         54 |         42 |      12 |    0 |    36 |      0 |      0 |          1 |
|         (gen_pair[0].gen_row[14].u_simd)                                  |                                                mac_simd_pair_20 |          2 |          2 |       0 |    0 |     2 |      0 |      0 |          1 |
|         u_corr                                                            |                                               sign_corr_lut_507 |         40 |         40 |       0 |    0 |    34 |      0 |      0 |          0 |
|         u_wrf_0                                                           |                                                      std_rf_508 |          4 |          0 |       4 |    0 |     0 |      0 |      0 |          0 |
|         u_wrf_1                                                           |                                                      std_rf_509 |          8 |          0 |       8 |    0 |     0 |      0 |      0 |          0 |
|       gen_pair[0].gen_row[15].u_simd                                      |                                                mac_simd_pair_21 |         78 |         70 |       8 |    0 |    36 |      0 |      0 |          1 |
|         (gen_pair[0].gen_row[15].u_simd)                                  |                                                mac_simd_pair_21 |          2 |          2 |       0 |    0 |     2 |      0 |      0 |          1 |
|         u_corr                                                            |                                               sign_corr_lut_504 |         68 |         68 |       0 |    0 |    34 |      0 |      0 |          0 |
|         u_wrf_0                                                           |                                                      std_rf_505 |          4 |          0 |       4 |    0 |     0 |      0 |      0 |          0 |
|         u_wrf_1                                                           |                                                      std_rf_506 |          4 |          0 |       4 |    0 |     0 |      0 |      0 |          0 |
|       gen_pair[0].gen_row[1].u_simd                                       |                                                mac_simd_pair_22 |         54 |         42 |      12 |    0 |    36 |      0 |      0 |          1 |
|         (gen_pair[0].gen_row[1].u_simd)                                   |                                                mac_simd_pair_22 |          2 |          2 |       0 |    0 |     2 |      0 |      0 |          1 |
|         u_corr                                                            |                                               sign_corr_lut_501 |         40 |         40 |       0 |    0 |    34 |      0 |      0 |          0 |
|         u_wrf_0                                                           |                                                      std_rf_502 |          8 |          0 |       8 |    0 |     0 |      0 |      0 |          0 |
|         u_wrf_1                                                           |                                                      std_rf_503 |          4 |          0 |       4 |    0 |     0 |      0 |      0 |          0 |
|       gen_pair[0].gen_row[2].u_simd                                       |                                                mac_simd_pair_23 |        114 |        102 |      12 |    0 |    36 |      0 |      0 |          1 |
|         (gen_pair[0].gen_row[2].u_simd)                                   |                                                mac_simd_pair_23 |          2 |          2 |       0 |    0 |     2 |      0 |      0 |          1 |
|         u_corr                                                            |                                               sign_corr_lut_498 |        100 |        100 |       0 |    0 |    34 |      0 |      0 |          0 |
|         u_wrf_0                                                           |                                                      std_rf_499 |          4 |          0 |       4 |    0 |     0 |      0 |      0 |          0 |
|         u_wrf_1                                                           |                                                      std_rf_500 |          8 |          0 |       8 |    0 |     0 |      0 |      0 |          0 |
|       gen_pair[0].gen_row[3].u_simd                                       |                                                mac_simd_pair_24 |         20 |         12 |       8 |    0 |    36 |      0 |      0 |          1 |
|         (gen_pair[0].gen_row[3].u_simd)                                   |                                                mac_simd_pair_24 |          2 |          2 |       0 |    0 |     2 |      0 |      0 |          1 |
|         u_corr                                                            |                                               sign_corr_lut_495 |         10 |         10 |       0 |    0 |    34 |      0 |      0 |          0 |
|         u_wrf_0                                                           |                                                      std_rf_496 |          4 |          0 |       4 |    0 |     0 |      0 |      0 |          0 |
|         u_wrf_1                                                           |                                                      std_rf_497 |          4 |          0 |       4 |    0 |     0 |      0 |      0 |          0 |
|       gen_pair[0].gen_row[4].u_simd                                       |                                                mac_simd_pair_25 |         38 |         26 |      12 |    0 |    36 |      0 |      0 |          1 |
|         (gen_pair[0].gen_row[4].u_simd)                                   |                                                mac_simd_pair_25 |          2 |          2 |       0 |    0 |     2 |      0 |      0 |          1 |
|         u_corr                                                            |                                               sign_corr_lut_492 |         24 |         24 |       0 |    0 |    34 |      0 |      0 |          0 |
|         u_wrf_0                                                           |                                                      std_rf_493 |          8 |          0 |       8 |    0 |     0 |      0 |      0 |          0 |
|         u_wrf_1                                                           |                                                      std_rf_494 |          4 |          0 |       4 |    0 |     0 |      0 |      0 |          0 |
|       gen_pair[0].gen_row[5].u_simd                                       |                                                mac_simd_pair_26 |         56 |         44 |      12 |    0 |    36 |      0 |      0 |          1 |
|         (gen_pair[0].gen_row[5].u_simd)                                   |                                                mac_simd_pair_26 |          2 |          2 |       0 |    0 |     2 |      0 |      0 |          1 |
|         u_corr                                                            |                                               sign_corr_lut_489 |         42 |         42 |       0 |    0 |    34 |      0 |      0 |          0 |
|         u_wrf_0                                                           |                                                      std_rf_490 |          4 |          0 |       4 |    0 |     0 |      0 |      0 |          0 |
|         u_wrf_1                                                           |                                                      std_rf_491 |          8 |          0 |       8 |    0 |     0 |      0 |      0 |          0 |
|       gen_pair[0].gen_row[6].u_simd                                       |                                                mac_simd_pair_27 |         20 |         12 |       8 |    0 |    36 |      0 |      0 |          1 |
|         (gen_pair[0].gen_row[6].u_simd)                                   |                                                mac_simd_pair_27 |          2 |          2 |       0 |    0 |     2 |      0 |      0 |          1 |
|         u_corr                                                            |                                               sign_corr_lut_486 |         10 |         10 |       0 |    0 |    34 |      0 |      0 |          0 |
|         u_wrf_0                                                           |                                                      std_rf_487 |          4 |          0 |       4 |    0 |     0 |      0 |      0 |          0 |
|         u_wrf_1                                                           |                                                      std_rf_488 |          4 |          0 |       4 |    0 |     0 |      0 |      0 |          0 |
|       gen_pair[0].gen_row[7].u_simd                                       |                                                mac_simd_pair_28 |         36 |         24 |      12 |    0 |    36 |      0 |      0 |          1 |
|         (gen_pair[0].gen_row[7].u_simd)                                   |                                                mac_simd_pair_28 |          2 |          2 |       0 |    0 |     2 |      0 |      0 |          1 |
|         u_corr                                                            |                                               sign_corr_lut_483 |         22 |         22 |       0 |    0 |    34 |      0 |      0 |          0 |
|         u_wrf_0                                                           |                                                      std_rf_484 |          8 |          0 |       8 |    0 |     0 |      0 |      0 |          0 |
|         u_wrf_1                                                           |                                                      std_rf_485 |          4 |          0 |       4 |    0 |     0 |      0 |      0 |          0 |
|       gen_pair[0].gen_row[8].u_simd                                       |                                                mac_simd_pair_29 |        108 |         96 |      12 |    0 |    36 |      0 |      0 |          1 |
|         (gen_pair[0].gen_row[8].u_simd)                                   |                                                mac_simd_pair_29 |          2 |          2 |       0 |    0 |     2 |      0 |      0 |          1 |
|         u_corr                                                            |                                               sign_corr_lut_480 |         94 |         94 |       0 |    0 |    34 |      0 |      0 |          0 |
|         u_wrf_0                                                           |                                                      std_rf_481 |          4 |          0 |       4 |    0 |     0 |      0 |      0 |          0 |
|         u_wrf_1                                                           |                                                      std_rf_482 |          8 |          0 |       8 |    0 |     0 |      0 |      0 |          0 |
|       gen_pair[0].gen_row[9].u_simd                                       |                                                mac_simd_pair_30 |         20 |         12 |       8 |    0 |    36 |      0 |      0 |          1 |
|         (gen_pair[0].gen_row[9].u_simd)                                   |                                                mac_simd_pair_30 |          2 |          2 |       0 |    0 |     2 |      0 |      0 |          1 |
|         u_corr                                                            |                                               sign_corr_lut_477 |         10 |         10 |       0 |    0 |    34 |      0 |      0 |          0 |
|         u_wrf_0                                                           |                                                      std_rf_478 |          4 |          0 |       4 |    0 |     0 |      0 |      0 |          0 |
|         u_wrf_1                                                           |                                                      std_rf_479 |          4 |          0 |       4 |    0 |     0 |      0 |      0 |          0 |
|       gen_pair[1].gen_row[0].u_simd                                       |                                                mac_simd_pair_31 |         42 |         30 |      12 |    0 |    36 |      0 |      0 |          1 |
|         (gen_pair[1].gen_row[0].u_simd)                                   |                                                mac_simd_pair_31 |          2 |          2 |       0 |    0 |     2 |      0 |      0 |          1 |
|         u_corr                                                            |                                               sign_corr_lut_474 |         28 |         28 |       0 |    0 |    34 |      0 |      0 |          0 |
|         u_wrf_0                                                           |                                                      std_rf_475 |          8 |          0 |       8 |    0 |     0 |      0 |      0 |          0 |
|         u_wrf_1                                                           |                                                      std_rf_476 |          4 |          0 |       4 |    0 |     0 |      0 |      0 |          0 |
|       gen_pair[1].gen_row[10].u_simd                                      |                                                mac_simd_pair_32 |         32 |         20 |      12 |    0 |    36 |      0 |      0 |          1 |
|         (gen_pair[1].gen_row[10].u_simd)                                  |                                                mac_simd_pair_32 |          2 |          2 |       0 |    0 |     2 |      0 |      0 |          1 |
|         u_corr                                                            |                                               sign_corr_lut_471 |         18 |         18 |       0 |    0 |    34 |      0 |      0 |          0 |
|         u_wrf_0                                                           |                                                      std_rf_472 |          4 |          0 |       4 |    0 |     0 |      0 |      0 |          0 |
|         u_wrf_1                                                           |                                                      std_rf_473 |          8 |          0 |       8 |    0 |     0 |      0 |      0 |          0 |
|       gen_pair[1].gen_row[11].u_simd                                      |                                                mac_simd_pair_33 |         88 |         80 |       8 |    0 |    36 |      0 |      0 |          1 |
|         (gen_pair[1].gen_row[11].u_simd)                                  |                                                mac_simd_pair_33 |          2 |          2 |       0 |    0 |     2 |      0 |      0 |          1 |
|         u_corr                                                            |                                               sign_corr_lut_468 |         78 |         78 |       0 |    0 |    34 |      0 |      0 |          0 |
|         u_wrf_0                                                           |                                                      std_rf_469 |          4 |          0 |       4 |    0 |     0 |      0 |      0 |          0 |
|         u_wrf_1                                                           |                                                      std_rf_470 |          4 |          0 |       4 |    0 |     0 |      0 |      0 |          0 |
|       gen_pair[1].gen_row[12].u_simd                                      |                                                mac_simd_pair_34 |         24 |         12 |      12 |    0 |    36 |      0 |      0 |          1 |
|         (gen_pair[1].gen_row[12].u_simd)                                  |                                                mac_simd_pair_34 |          2 |          2 |       0 |    0 |     2 |      0 |      0 |          1 |
|         u_corr                                                            |                                               sign_corr_lut_465 |         10 |         10 |       0 |    0 |    34 |      0 |      0 |          0 |
|         u_wrf_0                                                           |                                                      std_rf_466 |          8 |          0 |       8 |    0 |     0 |      0 |      0 |          0 |
|         u_wrf_1                                                           |                                                      std_rf_467 |          4 |          0 |       4 |    0 |     0 |      0 |      0 |          0 |
|       gen_pair[1].gen_row[13].u_simd                                      |                                                mac_simd_pair_35 |         98 |         86 |      12 |    0 |    36 |      0 |      0 |          1 |
|         (gen_pair[1].gen_row[13].u_simd)                                  |                                                mac_simd_pair_35 |          2 |          2 |       0 |    0 |     2 |      0 |      0 |          1 |
|         u_corr                                                            |                                               sign_corr_lut_462 |         84 |         84 |       0 |    0 |    34 |      0 |      0 |          0 |
|         u_wrf_0                                                           |                                                      std_rf_463 |          4 |          0 |       4 |    0 |     0 |      0 |      0 |          0 |
|         u_wrf_1                                                           |                                                      std_rf_464 |          8 |          0 |       8 |    0 |     0 |      0 |      0 |          0 |
|       gen_pair[1].gen_row[14].u_simd                                      |                                                mac_simd_pair_36 |         52 |         44 |       8 |    0 |    36 |      0 |      0 |          1 |
|         (gen_pair[1].gen_row[14].u_simd)                                  |                                                mac_simd_pair_36 |          2 |          2 |       0 |    0 |     2 |      0 |      0 |          1 |
|         u_corr                                                            |                                               sign_corr_lut_459 |         42 |         42 |       0 |    0 |    34 |      0 |      0 |          0 |
|         u_wrf_0                                                           |                                                      std_rf_460 |          4 |          0 |       4 |    0 |     0 |      0 |      0 |          0 |
|         u_wrf_1                                                           |                                                      std_rf_461 |          4 |          0 |       4 |    0 |     0 |      0 |      0 |          0 |
|       gen_pair[1].gen_row[15].u_simd                                      |                                                mac_simd_pair_37 |         24 |         12 |      12 |    0 |    36 |      0 |      0 |          1 |
|         (gen_pair[1].gen_row[15].u_simd)                                  |                                                mac_simd_pair_37 |          2 |          2 |       0 |    0 |     2 |      0 |      0 |          1 |
|         u_corr                                                            |                                               sign_corr_lut_456 |         10 |         10 |       0 |    0 |    34 |      0 |      0 |          0 |
|         u_wrf_0                                                           |                                                      std_rf_457 |          8 |          0 |       8 |    0 |     0 |      0 |      0 |          0 |
|         u_wrf_1                                                           |                                                      std_rf_458 |          4 |          0 |       4 |    0 |     0 |      0 |      0 |          0 |
|       gen_pair[1].gen_row[1].u_simd                                       |                                                mac_simd_pair_38 |         32 |         20 |      12 |    0 |    36 |      0 |      0 |          1 |
|         (gen_pair[1].gen_row[1].u_simd)                                   |                                                mac_simd_pair_38 |          2 |          2 |       0 |    0 |     2 |      0 |      0 |          1 |
|         u_corr                                                            |                                               sign_corr_lut_453 |         18 |         18 |       0 |    0 |    34 |      0 |      0 |          0 |
|         u_wrf_0                                                           |                                                      std_rf_454 |          4 |          0 |       4 |    0 |     0 |      0 |      0 |          0 |
|         u_wrf_1                                                           |                                                      std_rf_455 |          8 |          0 |       8 |    0 |     0 |      0 |      0 |          0 |
|       gen_pair[1].gen_row[2].u_simd                                       |                                                mac_simd_pair_39 |        110 |        102 |       8 |    0 |    36 |      0 |      0 |          1 |
|         (gen_pair[1].gen_row[2].u_simd)                                   |                                                mac_simd_pair_39 |          2 |          2 |       0 |    0 |     2 |      0 |      0 |          1 |
|         u_corr                                                            |                                               sign_corr_lut_450 |        100 |        100 |       0 |    0 |    34 |      0 |      0 |          0 |
|         u_wrf_0                                                           |                                                      std_rf_451 |          4 |          0 |       4 |    0 |     0 |      0 |      0 |          0 |
|         u_wrf_1                                                           |                                                      std_rf_452 |          4 |          0 |       4 |    0 |     0 |      0 |      0 |          0 |
|       gen_pair[1].gen_row[3].u_simd                                       |                                                mac_simd_pair_40 |         24 |         12 |      12 |    0 |    36 |      0 |      0 |          1 |
|         (gen_pair[1].gen_row[3].u_simd)                                   |                                                mac_simd_pair_40 |          2 |          2 |       0 |    0 |     2 |      0 |      0 |          1 |
|         u_corr                                                            |                                               sign_corr_lut_447 |         10 |         10 |       0 |    0 |    34 |      0 |      0 |          0 |
|         u_wrf_0                                                           |                                                      std_rf_448 |          8 |          0 |       8 |    0 |     0 |      0 |      0 |          0 |
|         u_wrf_1                                                           |                                                      std_rf_449 |          4 |          0 |       4 |    0 |     0 |      0 |      0 |          0 |
|       gen_pair[1].gen_row[4].u_simd                                       |                                                mac_simd_pair_41 |         40 |         28 |      12 |    0 |    36 |      0 |      0 |          1 |
|         (gen_pair[1].gen_row[4].u_simd)                                   |                                                mac_simd_pair_41 |          2 |          2 |       0 |    0 |     2 |      0 |      0 |          1 |
|         u_corr                                                            |                                               sign_corr_lut_444 |         26 |         26 |       0 |    0 |    34 |      0 |      0 |          0 |
|         u_wrf_0                                                           |                                                      std_rf_445 |          4 |          0 |       4 |    0 |     0 |      0 |      0 |          0 |
|         u_wrf_1                                                           |                                                      std_rf_446 |          8 |          0 |       8 |    0 |     0 |      0 |      0 |          0 |
|       gen_pair[1].gen_row[5].u_simd                                       |                                                mac_simd_pair_42 |         52 |         44 |       8 |    0 |    36 |      0 |      0 |          1 |
|         (gen_pair[1].gen_row[5].u_simd)                                   |                                                mac_simd_pair_42 |          2 |          2 |       0 |    0 |     2 |      0 |      0 |          1 |
|         u_corr                                                            |                                               sign_corr_lut_441 |         42 |         42 |       0 |    0 |    34 |      0 |      0 |          0 |
|         u_wrf_0                                                           |                                                      std_rf_442 |          4 |          0 |       4 |    0 |     0 |      0 |      0 |          0 |
|         u_wrf_1                                                           |                                                      std_rf_443 |          4 |          0 |       4 |    0 |     0 |      0 |      0 |          0 |
|       gen_pair[1].gen_row[6].u_simd                                       |                                                mac_simd_pair_43 |         24 |         12 |      12 |    0 |    36 |      0 |      0 |          1 |
|         (gen_pair[1].gen_row[6].u_simd)                                   |                                                mac_simd_pair_43 |          2 |          2 |       0 |    0 |     2 |      0 |      0 |          1 |
|         u_corr                                                            |                                               sign_corr_lut_438 |         10 |         10 |       0 |    0 |    34 |      0 |      0 |          0 |
|         u_wrf_0                                                           |                                                      std_rf_439 |          8 |          0 |       8 |    0 |     0 |      0 |      0 |          0 |
|         u_wrf_1                                                           |                                                      std_rf_440 |          4 |          0 |       4 |    0 |     0 |      0 |      0 |          0 |
|       gen_pair[1].gen_row[7].u_simd                                       |                                                mac_simd_pair_44 |         38 |         26 |      12 |    0 |    36 |      0 |      0 |          1 |
|         (gen_pair[1].gen_row[7].u_simd)                                   |                                                mac_simd_pair_44 |          2 |          2 |       0 |    0 |     2 |      0 |      0 |          1 |
|         u_corr                                                            |                                               sign_corr_lut_435 |         24 |         24 |       0 |    0 |    34 |      0 |      0 |          0 |
|         u_wrf_0                                                           |                                                      std_rf_436 |          4 |          0 |       4 |    0 |     0 |      0 |      0 |          0 |
|         u_wrf_1                                                           |                                                      std_rf_437 |          8 |          0 |       8 |    0 |     0 |      0 |      0 |          0 |
|       gen_pair[1].gen_row[8].u_simd                                       |                                                mac_simd_pair_45 |         54 |         46 |       8 |    0 |    36 |      0 |      0 |          1 |
|         (gen_pair[1].gen_row[8].u_simd)                                   |                                                mac_simd_pair_45 |          2 |          2 |       0 |    0 |     2 |      0 |      0 |          1 |
|         u_corr                                                            |                                               sign_corr_lut_432 |         44 |         44 |       0 |    0 |    34 |      0 |      0 |          0 |
|         u_wrf_0                                                           |                                                      std_rf_433 |          4 |          0 |       4 |    0 |     0 |      0 |      0 |          0 |
|         u_wrf_1                                                           |                                                      std_rf_434 |          4 |          0 |       4 |    0 |     0 |      0 |      0 |          0 |
|       gen_pair[1].gen_row[9].u_simd                                       |                                                mac_simd_pair_46 |         24 |         12 |      12 |    0 |    36 |      0 |      0 |          1 |
|         (gen_pair[1].gen_row[9].u_simd)                                   |                                                mac_simd_pair_46 |          2 |          2 |       0 |    0 |     2 |      0 |      0 |          1 |
|         u_corr                                                            |                                               sign_corr_lut_429 |         10 |         10 |       0 |    0 |    34 |      0 |      0 |          0 |
|         u_wrf_0                                                           |                                                      std_rf_430 |          8 |          0 |       8 |    0 |     0 |      0 |      0 |          0 |
|         u_wrf_1                                                           |                                                      std_rf_431 |          4 |          0 |       4 |    0 |     0 |      0 |      0 |          0 |
|       gen_pair[2].gen_row[0].u_simd                                       |                                                mac_simd_pair_47 |         42 |         30 |      12 |    0 |    36 |      0 |      0 |          1 |
|         (gen_pair[2].gen_row[0].u_simd)                                   |                                                mac_simd_pair_47 |          2 |          2 |       0 |    0 |     2 |      0 |      0 |          1 |
|         u_corr                                                            |                                               sign_corr_lut_426 |         28 |         28 |       0 |    0 |    34 |      0 |      0 |          0 |
|         u_wrf_0                                                           |                                                      std_rf_427 |          4 |          0 |       4 |    0 |     0 |      0 |      0 |          0 |
|         u_wrf_1                                                           |                                                      std_rf_428 |          8 |          0 |       8 |    0 |     0 |      0 |      0 |          0 |
|       gen_pair[2].gen_row[10].u_simd                                      |                                                mac_simd_pair_48 |         28 |         20 |       8 |    0 |    36 |      0 |      0 |          1 |
|         (gen_pair[2].gen_row[10].u_simd)                                  |                                                mac_simd_pair_48 |          2 |          2 |       0 |    0 |     2 |      0 |      0 |          1 |
|         u_corr                                                            |                                               sign_corr_lut_423 |         18 |         18 |       0 |    0 |    34 |      0 |      0 |          0 |
|         u_wrf_0                                                           |                                                      std_rf_424 |          4 |          0 |       4 |    0 |     0 |      0 |      0 |          0 |
|         u_wrf_1                                                           |                                                      std_rf_425 |          4 |          0 |       4 |    0 |     0 |      0 |      0 |          0 |
|       gen_pair[2].gen_row[11].u_simd                                      |                                                mac_simd_pair_49 |         92 |         80 |      12 |    0 |    36 |      0 |      0 |          1 |
|         (gen_pair[2].gen_row[11].u_simd)                                  |                                                mac_simd_pair_49 |          2 |          2 |       0 |    0 |     2 |      0 |      0 |          1 |
|         u_corr                                                            |                                               sign_corr_lut_420 |         78 |         78 |       0 |    0 |    34 |      0 |      0 |          0 |
|         u_wrf_0                                                           |                                                      std_rf_421 |          8 |          0 |       8 |    0 |     0 |      0 |      0 |          0 |
|         u_wrf_1                                                           |                                                      std_rf_422 |          4 |          0 |       4 |    0 |     0 |      0 |      0 |          0 |
|       gen_pair[2].gen_row[12].u_simd                                      |                                                mac_simd_pair_50 |         24 |         12 |      12 |    0 |    36 |      0 |      0 |          1 |
|         (gen_pair[2].gen_row[12].u_simd)                                  |                                                mac_simd_pair_50 |          2 |          2 |       0 |    0 |     2 |      0 |      0 |          1 |
|         u_corr                                                            |                                               sign_corr_lut_417 |         10 |         10 |       0 |    0 |    34 |      0 |      0 |          0 |
|         u_wrf_0                                                           |                                                      std_rf_418 |          4 |          0 |       4 |    0 |     0 |      0 |      0 |          0 |
|         u_wrf_1                                                           |                                                      std_rf_419 |          8 |          0 |       8 |    0 |     0 |      0 |      0 |          0 |
|       gen_pair[2].gen_row[13].u_simd                                      |                                                mac_simd_pair_51 |         94 |         86 |       8 |    0 |    36 |      0 |      0 |          1 |
|         (gen_pair[2].gen_row[13].u_simd)                                  |                                                mac_simd_pair_51 |          2 |          2 |       0 |    0 |     2 |      0 |      0 |          1 |
|         u_corr                                                            |                                               sign_corr_lut_414 |         84 |         84 |       0 |    0 |    34 |      0 |      0 |          0 |
|         u_wrf_0                                                           |                                                      std_rf_415 |          4 |          0 |       4 |    0 |     0 |      0 |      0 |          0 |
|         u_wrf_1                                                           |                                                      std_rf_416 |          4 |          0 |       4 |    0 |     0 |      0 |      0 |          0 |
|       gen_pair[2].gen_row[14].u_simd                                      |                                                mac_simd_pair_52 |         56 |         44 |      12 |    0 |    36 |      0 |      0 |          1 |
|         (gen_pair[2].gen_row[14].u_simd)                                  |                                                mac_simd_pair_52 |          2 |          2 |       0 |    0 |     2 |      0 |      0 |          1 |
|         u_corr                                                            |                                               sign_corr_lut_411 |         42 |         42 |       0 |    0 |    34 |      0 |      0 |          0 |
|         u_wrf_0                                                           |                                                      std_rf_412 |          8 |          0 |       8 |    0 |     0 |      0 |      0 |          0 |
|         u_wrf_1                                                           |                                                      std_rf_413 |          4 |          0 |       4 |    0 |     0 |      0 |      0 |          0 |
|       gen_pair[2].gen_row[15].u_simd                                      |                                                mac_simd_pair_53 |         24 |         12 |      12 |    0 |    36 |      0 |      0 |          1 |
|         (gen_pair[2].gen_row[15].u_simd)                                  |                                                mac_simd_pair_53 |          2 |          2 |       0 |    0 |     2 |      0 |      0 |          1 |
|         u_corr                                                            |                                               sign_corr_lut_408 |         10 |         10 |       0 |    0 |    34 |      0 |      0 |          0 |
|         u_wrf_0                                                           |                                                      std_rf_409 |          4 |          0 |       4 |    0 |     0 |      0 |      0 |          0 |
|         u_wrf_1                                                           |                                                      std_rf_410 |          8 |          0 |       8 |    0 |     0 |      0 |      0 |          0 |
|       gen_pair[2].gen_row[1].u_simd                                       |                                                mac_simd_pair_54 |         28 |         20 |       8 |    0 |    36 |      0 |      0 |          1 |
|         (gen_pair[2].gen_row[1].u_simd)                                   |                                                mac_simd_pair_54 |          2 |          2 |       0 |    0 |     2 |      0 |      0 |          1 |
|         u_corr                                                            |                                               sign_corr_lut_405 |         18 |         18 |       0 |    0 |    34 |      0 |      0 |          0 |
|         u_wrf_0                                                           |                                                      std_rf_406 |          4 |          0 |       4 |    0 |     0 |      0 |      0 |          0 |
|         u_wrf_1                                                           |                                                      std_rf_407 |          4 |          0 |       4 |    0 |     0 |      0 |      0 |          0 |
|       gen_pair[2].gen_row[2].u_simd                                       |                                                mac_simd_pair_55 |        115 |        103 |      12 |    0 |    36 |      0 |      0 |          1 |
|         (gen_pair[2].gen_row[2].u_simd)                                   |                                                mac_simd_pair_55 |          2 |          2 |       0 |    0 |     2 |      0 |      0 |          1 |
|         u_corr                                                            |                                               sign_corr_lut_402 |        101 |        101 |       0 |    0 |    34 |      0 |      0 |          0 |
|         u_wrf_0                                                           |                                                      std_rf_403 |          8 |          0 |       8 |    0 |     0 |      0 |      0 |          0 |
|         u_wrf_1                                                           |                                                      std_rf_404 |          4 |          0 |       4 |    0 |     0 |      0 |      0 |          0 |
|       gen_pair[2].gen_row[3].u_simd                                       |                                                mac_simd_pair_56 |         24 |         12 |      12 |    0 |    36 |      0 |      0 |          1 |
|         (gen_pair[2].gen_row[3].u_simd)                                   |                                                mac_simd_pair_56 |          2 |          2 |       0 |    0 |     2 |      0 |      0 |          1 |
|         u_corr                                                            |                                               sign_corr_lut_399 |         10 |         10 |       0 |    0 |    34 |      0 |      0 |          0 |
|         u_wrf_0                                                           |                                                      std_rf_400 |          4 |          0 |       4 |    0 |     0 |      0 |      0 |          0 |
|         u_wrf_1                                                           |                                                      std_rf_401 |          8 |          0 |       8 |    0 |     0 |      0 |      0 |          0 |
|       gen_pair[2].gen_row[4].u_simd                                       |                                                mac_simd_pair_57 |         36 |         28 |       8 |    0 |    36 |      0 |      0 |          1 |
|         (gen_pair[2].gen_row[4].u_simd)                                   |                                                mac_simd_pair_57 |          2 |          2 |       0 |    0 |     2 |      0 |      0 |          1 |
|         u_corr                                                            |                                               sign_corr_lut_396 |         26 |         26 |       0 |    0 |    34 |      0 |      0 |          0 |
|         u_wrf_0                                                           |                                                      std_rf_397 |          4 |          0 |       4 |    0 |     0 |      0 |      0 |          0 |
|         u_wrf_1                                                           |                                                      std_rf_398 |          4 |          0 |       4 |    0 |     0 |      0 |      0 |          0 |
|       gen_pair[2].gen_row[5].u_simd                                       |                                                mac_simd_pair_58 |         56 |         44 |      12 |    0 |    36 |      0 |      0 |          1 |
|         (gen_pair[2].gen_row[5].u_simd)                                   |                                                mac_simd_pair_58 |          2 |          2 |       0 |    0 |     2 |      0 |      0 |          1 |
|         u_corr                                                            |                                               sign_corr_lut_393 |         42 |         42 |       0 |    0 |    34 |      0 |      0 |          0 |
|         u_wrf_0                                                           |                                                      std_rf_394 |          8 |          0 |       8 |    0 |     0 |      0 |      0 |          0 |
|         u_wrf_1                                                           |                                                      std_rf_395 |          4 |          0 |       4 |    0 |     0 |      0 |      0 |          0 |
|       gen_pair[2].gen_row[6].u_simd                                       |                                                mac_simd_pair_59 |         24 |         12 |      12 |    0 |    36 |      0 |      0 |          1 |
|         (gen_pair[2].gen_row[6].u_simd)                                   |                                                mac_simd_pair_59 |          2 |          2 |       0 |    0 |     2 |      0 |      0 |          1 |
|         u_corr                                                            |                                               sign_corr_lut_390 |         10 |         10 |       0 |    0 |    34 |      0 |      0 |          0 |
|         u_wrf_0                                                           |                                                      std_rf_391 |          4 |          0 |       4 |    0 |     0 |      0 |      0 |          0 |
|         u_wrf_1                                                           |                                                      std_rf_392 |          8 |          0 |       8 |    0 |     0 |      0 |      0 |          0 |
|       gen_pair[2].gen_row[7].u_simd                                       |                                                mac_simd_pair_60 |         34 |         26 |       8 |    0 |    36 |      0 |      0 |          1 |
|         (gen_pair[2].gen_row[7].u_simd)                                   |                                                mac_simd_pair_60 |          2 |          2 |       0 |    0 |     2 |      0 |      0 |          1 |
|         u_corr                                                            |                                               sign_corr_lut_387 |         24 |         24 |       0 |    0 |    34 |      0 |      0 |          0 |
|         u_wrf_0                                                           |                                                      std_rf_388 |          4 |          0 |       4 |    0 |     0 |      0 |      0 |          0 |
|         u_wrf_1                                                           |                                                      std_rf_389 |          4 |          0 |       4 |    0 |     0 |      0 |      0 |          0 |
|       gen_pair[2].gen_row[8].u_simd                                       |                                                mac_simd_pair_61 |         58 |         46 |      12 |    0 |    36 |      0 |      0 |          1 |
|         (gen_pair[2].gen_row[8].u_simd)                                   |                                                mac_simd_pair_61 |          2 |          2 |       0 |    0 |     2 |      0 |      0 |          1 |
|         u_corr                                                            |                                               sign_corr_lut_384 |         44 |         44 |       0 |    0 |    34 |      0 |      0 |          0 |
|         u_wrf_0                                                           |                                                      std_rf_385 |          8 |          0 |       8 |    0 |     0 |      0 |      0 |          0 |
|         u_wrf_1                                                           |                                                      std_rf_386 |          4 |          0 |       4 |    0 |     0 |      0 |      0 |          0 |
|       gen_pair[2].gen_row[9].u_simd                                       |                                                mac_simd_pair_62 |         24 |         12 |      12 |    0 |    44 |      0 |      0 |          1 |
|         (gen_pair[2].gen_row[9].u_simd)                                   |                                                mac_simd_pair_62 |          2 |          2 |       0 |    0 |    10 |      0 |      0 |          1 |
|         u_corr                                                            |                                               sign_corr_lut_381 |         10 |         10 |       0 |    0 |    34 |      0 |      0 |          0 |
|         u_wrf_0                                                           |                                                      std_rf_382 |          4 |          0 |       4 |    0 |     0 |      0 |      0 |          0 |
|         u_wrf_1                                                           |                                                      std_rf_383 |          8 |          0 |       8 |    0 |     0 |      0 |      0 |          0 |
|       gen_pair[3].gen_row[0].u_simd                                       |                                                mac_simd_pair_63 |         32 |         24 |       8 |    0 |    43 |      0 |      0 |          1 |
|         (gen_pair[3].gen_row[0].u_simd)                                   |                                                mac_simd_pair_63 |          2 |          2 |       0 |    0 |     9 |      0 |      0 |          1 |
|         u_corr                                                            |                                               sign_corr_lut_378 |         22 |         22 |       0 |    0 |    34 |      0 |      0 |          0 |
|         u_wrf_0                                                           |                                                      std_rf_379 |          4 |          0 |       4 |    0 |     0 |      0 |      0 |          0 |
|         u_wrf_1                                                           |                                                      std_rf_380 |          4 |          0 |       4 |    0 |     0 |      0 |      0 |          0 |
|       gen_pair[3].gen_row[10].u_simd                                      |                                                mac_simd_pair_64 |         42 |         30 |      12 |    0 |    36 |      0 |      0 |          1 |
|         (gen_pair[3].gen_row[10].u_simd)                                  |                                                mac_simd_pair_64 |          2 |          2 |       0 |    0 |     2 |      0 |      0 |          1 |
|         u_corr                                                            |                                               sign_corr_lut_375 |         28 |         28 |       0 |    0 |    34 |      0 |      0 |          0 |
|         u_wrf_0                                                           |                                                      std_rf_376 |          8 |          0 |       8 |    0 |     0 |      0 |      0 |          0 |
|         u_wrf_1                                                           |                                                      std_rf_377 |          4 |          0 |       4 |    0 |     0 |      0 |      0 |          0 |
|       gen_pair[3].gen_row[11].u_simd                                      |                                                mac_simd_pair_65 |         54 |         42 |      12 |    0 |    39 |      0 |      0 |          1 |
|         (gen_pair[3].gen_row[11].u_simd)                                  |                                                mac_simd_pair_65 |          2 |          2 |       0 |    0 |     5 |      0 |      0 |          1 |
|         u_corr                                                            |                                               sign_corr_lut_372 |         40 |         40 |       0 |    0 |    34 |      0 |      0 |          0 |
|         u_wrf_0                                                           |                                                      std_rf_373 |          4 |          0 |       4 |    0 |     0 |      0 |      0 |          0 |
|         u_wrf_1                                                           |                                                      std_rf_374 |          8 |          0 |       8 |    0 |     0 |      0 |      0 |          0 |
|       gen_pair[3].gen_row[12].u_simd                                      |                                                mac_simd_pair_66 |         86 |         78 |       8 |    0 |    36 |      0 |      0 |          1 |
|         (gen_pair[3].gen_row[12].u_simd)                                  |                                                mac_simd_pair_66 |          2 |          2 |       0 |    0 |     2 |      0 |      0 |          1 |
|         u_corr                                                            |                                               sign_corr_lut_369 |         76 |         76 |       0 |    0 |    34 |      0 |      0 |          0 |
|         u_wrf_0                                                           |                                                      std_rf_370 |          4 |          0 |       4 |    0 |     0 |      0 |      0 |          0 |
|         u_wrf_1                                                           |                                                      std_rf_371 |          4 |          0 |       4 |    0 |     0 |      0 |      0 |          0 |
|       gen_pair[3].gen_row[13].u_simd                                      |                                                mac_simd_pair_67 |        102 |         90 |      12 |    0 |    36 |      0 |      0 |          1 |
|         (gen_pair[3].gen_row[13].u_simd)                                  |                                                mac_simd_pair_67 |          2 |          2 |       0 |    0 |     2 |      0 |      0 |          1 |
|         u_corr                                                            |                                               sign_corr_lut_366 |         88 |         88 |       0 |    0 |    34 |      0 |      0 |          0 |
|         u_wrf_0                                                           |                                                      std_rf_367 |          8 |          0 |       8 |    0 |     0 |      0 |      0 |          0 |
|         u_wrf_1                                                           |                                                      std_rf_368 |          4 |          0 |       4 |    0 |     0 |      0 |      0 |          0 |
|       gen_pair[3].gen_row[14].u_simd                                      |                                                mac_simd_pair_68 |         54 |         42 |      12 |    0 |    36 |      0 |      0 |          1 |
|         (gen_pair[3].gen_row[14].u_simd)                                  |                                                mac_simd_pair_68 |          2 |          2 |       0 |    0 |     2 |      0 |      0 |          1 |
|         u_corr                                                            |                                               sign_corr_lut_363 |         40 |         40 |       0 |    0 |    34 |      0 |      0 |          0 |
|         u_wrf_0                                                           |                                                      std_rf_364 |          4 |          0 |       4 |    0 |     0 |      0 |      0 |          0 |
|         u_wrf_1                                                           |                                                      std_rf_365 |          8 |          0 |       8 |    0 |     0 |      0 |      0 |          0 |
|       gen_pair[3].gen_row[15].u_simd                                      |                                                mac_simd_pair_69 |         78 |         70 |       8 |    0 |    39 |      0 |      0 |          1 |
|         (gen_pair[3].gen_row[15].u_simd)                                  |                                                mac_simd_pair_69 |          2 |          2 |       0 |    0 |     5 |      0 |      0 |          1 |
|         u_corr                                                            |                                               sign_corr_lut_360 |         68 |         68 |       0 |    0 |    34 |      0 |      0 |          0 |
|         u_wrf_0                                                           |                                                      std_rf_361 |          4 |          0 |       4 |    0 |     0 |      0 |      0 |          0 |
|         u_wrf_1                                                           |                                                      std_rf_362 |          4 |          0 |       4 |    0 |     0 |      0 |      0 |          0 |
|       gen_pair[3].gen_row[1].u_simd                                       |                                                mac_simd_pair_70 |         53 |         41 |      12 |    0 |    39 |      0 |      0 |          1 |
|         (gen_pair[3].gen_row[1].u_simd)                                   |                                                mac_simd_pair_70 |          2 |          2 |       0 |    0 |     5 |      0 |      0 |          1 |
|         u_corr                                                            |                                               sign_corr_lut_357 |         39 |         39 |       0 |    0 |    34 |      0 |      0 |          0 |
|         u_wrf_0                                                           |                                                      std_rf_358 |          8 |          0 |       8 |    0 |     0 |      0 |      0 |          0 |
|         u_wrf_1                                                           |                                                      std_rf_359 |          4 |          0 |       4 |    0 |     0 |      0 |      0 |          0 |
|       gen_pair[3].gen_row[2].u_simd                                       |                                                mac_simd_pair_71 |        113 |        101 |      12 |    0 |    36 |      0 |      0 |          1 |
|         (gen_pair[3].gen_row[2].u_simd)                                   |                                                mac_simd_pair_71 |          2 |          2 |       0 |    0 |     2 |      0 |      0 |          1 |
|         u_corr                                                            |                                               sign_corr_lut_354 |         99 |         99 |       0 |    0 |    34 |      0 |      0 |          0 |
|         u_wrf_0                                                           |                                                      std_rf_355 |          4 |          0 |       4 |    0 |     0 |      0 |      0 |          0 |
|         u_wrf_1                                                           |                                                      std_rf_356 |          8 |          0 |       8 |    0 |     0 |      0 |      0 |          0 |
|       gen_pair[3].gen_row[3].u_simd                                       |                                                mac_simd_pair_72 |         20 |         12 |       8 |    0 |    36 |      0 |      0 |          1 |
|         (gen_pair[3].gen_row[3].u_simd)                                   |                                                mac_simd_pair_72 |          2 |          2 |       0 |    0 |     2 |      0 |      0 |          1 |
|         u_corr                                                            |                                               sign_corr_lut_351 |         10 |         10 |       0 |    0 |    34 |      0 |      0 |          0 |
|         u_wrf_0                                                           |                                                      std_rf_352 |          4 |          0 |       4 |    0 |     0 |      0 |      0 |          0 |
|         u_wrf_1                                                           |                                                      std_rf_353 |          4 |          0 |       4 |    0 |     0 |      0 |      0 |          0 |
|       gen_pair[3].gen_row[4].u_simd                                       |                                                mac_simd_pair_73 |         36 |         24 |      12 |    0 |    36 |      0 |      0 |          1 |
|         (gen_pair[3].gen_row[4].u_simd)                                   |                                                mac_simd_pair_73 |          2 |          2 |       0 |    0 |     2 |      0 |      0 |          1 |
|         u_corr                                                            |                                               sign_corr_lut_348 |         22 |         22 |       0 |    0 |    34 |      0 |      0 |          0 |
|         u_wrf_0                                                           |                                                      std_rf_349 |          8 |          0 |       8 |    0 |     0 |      0 |      0 |          0 |
|         u_wrf_1                                                           |                                                      std_rf_350 |          4 |          0 |       4 |    0 |     0 |      0 |      0 |          0 |
|       gen_pair[3].gen_row[5].u_simd                                       |                                                mac_simd_pair_74 |         56 |         44 |      12 |    0 |    36 |      0 |      0 |          1 |
|         (gen_pair[3].gen_row[5].u_simd)                                   |                                                mac_simd_pair_74 |          2 |          2 |       0 |    0 |     2 |      0 |      0 |          1 |
|         u_corr                                                            |                                               sign_corr_lut_345 |         42 |         42 |       0 |    0 |    34 |      0 |      0 |          0 |
|         u_wrf_0                                                           |                                                      std_rf_346 |          4 |          0 |       4 |    0 |     0 |      0 |      0 |          0 |
|         u_wrf_1                                                           |                                                      std_rf_347 |          8 |          0 |       8 |    0 |     0 |      0 |      0 |          0 |
|       gen_pair[3].gen_row[6].u_simd                                       |                                                mac_simd_pair_75 |         20 |         12 |       8 |    0 |    36 |      0 |      0 |          1 |
|         (gen_pair[3].gen_row[6].u_simd)                                   |                                                mac_simd_pair_75 |          2 |          2 |       0 |    0 |     2 |      0 |      0 |          1 |
|         u_corr                                                            |                                               sign_corr_lut_342 |         10 |         10 |       0 |    0 |    34 |      0 |      0 |          0 |
|         u_wrf_0                                                           |                                                      std_rf_343 |          4 |          0 |       4 |    0 |     0 |      0 |      0 |          0 |
|         u_wrf_1                                                           |                                                      std_rf_344 |          4 |          0 |       4 |    0 |     0 |      0 |      0 |          0 |
|       gen_pair[3].gen_row[7].u_simd                                       |                                                mac_simd_pair_76 |         36 |         24 |      12 |    0 |    36 |      0 |      0 |          1 |
|         (gen_pair[3].gen_row[7].u_simd)                                   |                                                mac_simd_pair_76 |          2 |          2 |       0 |    0 |     2 |      0 |      0 |          1 |
|         u_corr                                                            |                                               sign_corr_lut_339 |         22 |         22 |       0 |    0 |    34 |      0 |      0 |          0 |
|         u_wrf_0                                                           |                                                      std_rf_340 |          8 |          0 |       8 |    0 |     0 |      0 |      0 |          0 |
|         u_wrf_1                                                           |                                                      std_rf_341 |          4 |          0 |       4 |    0 |     0 |      0 |      0 |          0 |
|       gen_pair[3].gen_row[8].u_simd                                       |                                                mac_simd_pair_77 |        108 |         96 |      12 |    0 |    36 |      0 |      0 |          1 |
|         (gen_pair[3].gen_row[8].u_simd)                                   |                                                mac_simd_pair_77 |          2 |          2 |       0 |    0 |     2 |      0 |      0 |          1 |
|         u_corr                                                            |                                               sign_corr_lut_336 |         94 |         94 |       0 |    0 |    34 |      0 |      0 |          0 |
|         u_wrf_0                                                           |                                                      std_rf_337 |          4 |          0 |       4 |    0 |     0 |      0 |      0 |          0 |
|         u_wrf_1                                                           |                                                      std_rf_338 |          8 |          0 |       8 |    0 |     0 |      0 |      0 |          0 |
|       gen_pair[3].gen_row[9].u_simd                                       |                                                mac_simd_pair_78 |         20 |         12 |       8 |    0 |    36 |      0 |      0 |          1 |
|         (gen_pair[3].gen_row[9].u_simd)                                   |                                                mac_simd_pair_78 |          2 |          2 |       0 |    0 |     2 |      0 |      0 |          1 |
|         u_corr                                                            |                                               sign_corr_lut_333 |         10 |         10 |       0 |    0 |    34 |      0 |      0 |          0 |
|         u_wrf_0                                                           |                                                      std_rf_334 |          4 |          0 |       4 |    0 |     0 |      0 |      0 |          0 |
|         u_wrf_1                                                           |                                                      std_rf_335 |          4 |          0 |       4 |    0 |     0 |      0 |      0 |          0 |
|       gen_pair[4].gen_row[0].u_simd                                       |                                                mac_simd_pair_79 |         39 |         27 |      12 |    0 |    37 |      0 |      0 |          1 |
|         (gen_pair[4].gen_row[0].u_simd)                                   |                                                mac_simd_pair_79 |          2 |          2 |       0 |    0 |     3 |      0 |      0 |          1 |
|         u_corr                                                            |                                               sign_corr_lut_330 |         25 |         25 |       0 |    0 |    34 |      0 |      0 |          0 |
|         u_wrf_0                                                           |                                                      std_rf_331 |          8 |          0 |       8 |    0 |     0 |      0 |      0 |          0 |
|         u_wrf_1                                                           |                                                      std_rf_332 |          4 |          0 |       4 |    0 |     0 |      0 |      0 |          0 |
|       gen_pair[4].gen_row[10].u_simd                                      |                                                mac_simd_pair_80 |         37 |         25 |      12 |    0 |    36 |      0 |      0 |          1 |
|         (gen_pair[4].gen_row[10].u_simd)                                  |                                                mac_simd_pair_80 |          2 |          2 |       0 |    0 |     2 |      0 |      0 |          1 |
|         u_corr                                                            |                                               sign_corr_lut_327 |         23 |         23 |       0 |    0 |    34 |      0 |      0 |          0 |
|         u_wrf_0                                                           |                                                      std_rf_328 |          4 |          0 |       4 |    0 |     0 |      0 |      0 |          0 |
|         u_wrf_1                                                           |                                                      std_rf_329 |          8 |          0 |       8 |    0 |     0 |      0 |      0 |          0 |
|       gen_pair[4].gen_row[11].u_simd                                      |                                                mac_simd_pair_81 |         69 |         61 |       8 |    0 |    41 |      0 |      0 |          1 |
|         (gen_pair[4].gen_row[11].u_simd)                                  |                                                mac_simd_pair_81 |          2 |          2 |       0 |    0 |     7 |      0 |      0 |          1 |
|         u_corr                                                            |                                               sign_corr_lut_324 |         59 |         59 |       0 |    0 |    34 |      0 |      0 |          0 |
|         u_wrf_0                                                           |                                                      std_rf_325 |          4 |          0 |       4 |    0 |     0 |      0 |      0 |          0 |
|         u_wrf_1                                                           |                                                      std_rf_326 |          4 |          0 |       4 |    0 |     0 |      0 |      0 |          0 |
|       gen_pair[4].gen_row[12].u_simd                                      |                                                mac_simd_pair_82 |         53 |         41 |      12 |    0 |    36 |      0 |      0 |          1 |
|         (gen_pair[4].gen_row[12].u_simd)                                  |                                                mac_simd_pair_82 |          2 |          2 |       0 |    0 |     2 |      0 |      0 |          1 |
|         u_corr                                                            |                                               sign_corr_lut_321 |         39 |         39 |       0 |    0 |    34 |      0 |      0 |          0 |
|         u_wrf_0                                                           |                                                      std_rf_322 |          8 |          0 |       8 |    0 |     0 |      0 |      0 |          0 |
|         u_wrf_1                                                           |                                                      std_rf_323 |          4 |          0 |       4 |    0 |     0 |      0 |      0 |          0 |
|       gen_pair[4].gen_row[13].u_simd                                      |                                                mac_simd_pair_83 |        100 |         88 |      12 |    0 |    36 |      0 |      0 |          1 |
|         (gen_pair[4].gen_row[13].u_simd)                                  |                                                mac_simd_pair_83 |          2 |          2 |       0 |    0 |     2 |      0 |      0 |          1 |
|         u_corr                                                            |                                               sign_corr_lut_318 |         86 |         86 |       0 |    0 |    34 |      0 |      0 |          0 |
|         u_wrf_0                                                           |                                                      std_rf_319 |          4 |          0 |       4 |    0 |     0 |      0 |      0 |          0 |
|         u_wrf_1                                                           |                                                      std_rf_320 |          8 |          0 |       8 |    0 |     0 |      0 |      0 |          0 |
|       gen_pair[4].gen_row[14].u_simd                                      |                                                mac_simd_pair_84 |         51 |         43 |       8 |    0 |    39 |      0 |      0 |          1 |
|         (gen_pair[4].gen_row[14].u_simd)                                  |                                                mac_simd_pair_84 |          2 |          2 |       0 |    0 |     5 |      0 |      0 |          1 |
|         u_corr                                                            |                                               sign_corr_lut_315 |         41 |         41 |       0 |    0 |    34 |      0 |      0 |          0 |
|         u_wrf_0                                                           |                                                      std_rf_316 |          4 |          0 |       4 |    0 |     0 |      0 |      0 |          0 |
|         u_wrf_1                                                           |                                                      std_rf_317 |          4 |          0 |       4 |    0 |     0 |      0 |      0 |          0 |
|       gen_pair[4].gen_row[15].u_simd                                      |                                                mac_simd_pair_85 |         62 |         50 |      12 |    0 |    36 |      0 |      0 |          1 |
|         (gen_pair[4].gen_row[15].u_simd)                                  |                                                mac_simd_pair_85 |          2 |          2 |       0 |    0 |     2 |      0 |      0 |          1 |
|         u_corr                                                            |                                               sign_corr_lut_312 |         48 |         48 |       0 |    0 |    34 |      0 |      0 |          0 |
|         u_wrf_0                                                           |                                                      std_rf_313 |          8 |          0 |       8 |    0 |     0 |      0 |      0 |          0 |
|         u_wrf_1                                                           |                                                      std_rf_314 |          4 |          0 |       4 |    0 |     0 |      0 |      0 |          0 |
|       gen_pair[4].gen_row[1].u_simd                                       |                                                mac_simd_pair_86 |         38 |         26 |      12 |    0 |    37 |      0 |      0 |          1 |
|         (gen_pair[4].gen_row[1].u_simd)                                   |                                                mac_simd_pair_86 |          2 |          2 |       0 |    0 |     3 |      0 |      0 |          1 |
|         u_corr                                                            |                                               sign_corr_lut_309 |         24 |         24 |       0 |    0 |    34 |      0 |      0 |          0 |
|         u_wrf_0                                                           |                                                      std_rf_310 |          4 |          0 |       4 |    0 |     0 |      0 |      0 |          0 |
|         u_wrf_1                                                           |                                                      std_rf_311 |          8 |          0 |       8 |    0 |     0 |      0 |      0 |          0 |
|       gen_pair[4].gen_row[2].u_simd                                       |                                                mac_simd_pair_87 |        109 |        101 |       8 |    0 |    44 |      0 |      0 |          1 |
|         (gen_pair[4].gen_row[2].u_simd)                                   |                                                mac_simd_pair_87 |          2 |          2 |       0 |    0 |    10 |      0 |      0 |          1 |
|         u_corr                                                            |                                               sign_corr_lut_306 |         99 |         99 |       0 |    0 |    34 |      0 |      0 |          0 |
|         u_wrf_0                                                           |                                                      std_rf_307 |          4 |          0 |       4 |    0 |     0 |      0 |      0 |          0 |
|         u_wrf_1                                                           |                                                      std_rf_308 |          4 |          0 |       4 |    0 |     0 |      0 |      0 |          0 |
|       gen_pair[4].gen_row[3].u_simd                                       |                                                mac_simd_pair_88 |         24 |         12 |      12 |    0 |    37 |      0 |      0 |          1 |
|         (gen_pair[4].gen_row[3].u_simd)                                   |                                                mac_simd_pair_88 |          2 |          2 |       0 |    0 |     3 |      0 |      0 |          1 |
|         u_corr                                                            |                                               sign_corr_lut_303 |         10 |         10 |       0 |    0 |    34 |      0 |      0 |          0 |
|         u_wrf_0                                                           |                                                      std_rf_304 |          8 |          0 |       8 |    0 |     0 |      0 |      0 |          0 |
|         u_wrf_1                                                           |                                                      std_rf_305 |          4 |          0 |       4 |    0 |     0 |      0 |      0 |          0 |
|       gen_pair[4].gen_row[4].u_simd                                       |                                                mac_simd_pair_89 |         39 |         27 |      12 |    0 |    36 |      0 |      0 |          1 |
|         (gen_pair[4].gen_row[4].u_simd)                                   |                                                mac_simd_pair_89 |          2 |          2 |       0 |    0 |     2 |      0 |      0 |          1 |
|         u_corr                                                            |                                               sign_corr_lut_300 |         25 |         25 |       0 |    0 |    34 |      0 |      0 |          0 |
|         u_wrf_0                                                           |                                                      std_rf_301 |          4 |          0 |       4 |    0 |     0 |      0 |      0 |          0 |
|         u_wrf_1                                                           |                                                      std_rf_302 |          8 |          0 |       8 |    0 |     0 |      0 |      0 |          0 |
|       gen_pair[4].gen_row[5].u_simd                                       |                                                mac_simd_pair_90 |         52 |         44 |       8 |    0 |    37 |      0 |      0 |          1 |
|         (gen_pair[4].gen_row[5].u_simd)                                   |                                                mac_simd_pair_90 |          2 |          2 |       0 |    0 |     3 |      0 |      0 |          1 |
|         u_corr                                                            |                                               sign_corr_lut_297 |         42 |         42 |       0 |    0 |    34 |      0 |      0 |          0 |
|         u_wrf_0                                                           |                                                      std_rf_298 |          4 |          0 |       4 |    0 |     0 |      0 |      0 |          0 |
|         u_wrf_1                                                           |                                                      std_rf_299 |          4 |          0 |       4 |    0 |     0 |      0 |      0 |          0 |
|       gen_pair[4].gen_row[6].u_simd                                       |                                                mac_simd_pair_91 |         25 |         13 |      12 |    0 |    37 |      0 |      0 |          1 |
|         (gen_pair[4].gen_row[6].u_simd)                                   |                                                mac_simd_pair_91 |          2 |          2 |       0 |    0 |     3 |      0 |      0 |          1 |
|         u_corr                                                            |                                               sign_corr_lut_294 |         11 |         11 |       0 |    0 |    34 |      0 |      0 |          0 |
|         u_wrf_0                                                           |                                                      std_rf_295 |          8 |          0 |       8 |    0 |     0 |      0 |      0 |          0 |
|         u_wrf_1                                                           |                                                      std_rf_296 |          4 |          0 |       4 |    0 |     0 |      0 |      0 |          0 |
|       gen_pair[4].gen_row[7].u_simd                                       |                                                mac_simd_pair_92 |         37 |         25 |      12 |    0 |    37 |      0 |      0 |          1 |
|         (gen_pair[4].gen_row[7].u_simd)                                   |                                                mac_simd_pair_92 |          2 |          2 |       0 |    0 |     3 |      0 |      0 |          1 |
|         u_corr                                                            |                                               sign_corr_lut_291 |         23 |         23 |       0 |    0 |    34 |      0 |      0 |          0 |
|         u_wrf_0                                                           |                                                      std_rf_292 |          4 |          0 |       4 |    0 |     0 |      0 |      0 |          0 |
|         u_wrf_1                                                           |                                                      std_rf_293 |          8 |          0 |       8 |    0 |     0 |      0 |      0 |          0 |
|       gen_pair[4].gen_row[8].u_simd                                       |                                                mac_simd_pair_93 |         79 |         71 |       8 |    0 |    37 |      0 |      0 |          1 |
|         (gen_pair[4].gen_row[8].u_simd)                                   |                                                mac_simd_pair_93 |          2 |          2 |       0 |    0 |     3 |      0 |      0 |          1 |
|         u_corr                                                            |                                               sign_corr_lut_288 |         69 |         69 |       0 |    0 |    34 |      0 |      0 |          0 |
|         u_wrf_0                                                           |                                                      std_rf_289 |          4 |          0 |       4 |    0 |     0 |      0 |      0 |          0 |
|         u_wrf_1                                                           |                                                      std_rf_290 |          4 |          0 |       4 |    0 |     0 |      0 |      0 |          0 |
|       gen_pair[4].gen_row[9].u_simd                                       |                                                mac_simd_pair_94 |         24 |         12 |      12 |    0 |    36 |      0 |      0 |          1 |
|         (gen_pair[4].gen_row[9].u_simd)                                   |                                                mac_simd_pair_94 |          2 |          2 |       0 |    0 |     2 |      0 |      0 |          1 |
|         u_corr                                                            |                                               sign_corr_lut_285 |         10 |         10 |       0 |    0 |    34 |      0 |      0 |          0 |
|         u_wrf_0                                                           |                                                      std_rf_286 |          8 |          0 |       8 |    0 |     0 |      0 |      0 |          0 |
|         u_wrf_1                                                           |                                                      std_rf_287 |          4 |          0 |       4 |    0 |     0 |      0 |      0 |          0 |
|       gen_pair[5].gen_row[0].u_simd                                       |                                                mac_simd_pair_95 |         42 |         30 |      12 |    0 |    36 |      0 |      0 |          1 |
|         (gen_pair[5].gen_row[0].u_simd)                                   |                                                mac_simd_pair_95 |          2 |          2 |       0 |    0 |     2 |      0 |      0 |          1 |
|         u_corr                                                            |                                               sign_corr_lut_282 |         28 |         28 |       0 |    0 |    34 |      0 |      0 |          0 |
|         u_wrf_0                                                           |                                                      std_rf_283 |          4 |          0 |       4 |    0 |     0 |      0 |      0 |          0 |
|         u_wrf_1                                                           |                                                      std_rf_284 |          8 |          0 |       8 |    0 |     0 |      0 |      0 |          0 |
|       gen_pair[5].gen_row[10].u_simd                                      |                                                mac_simd_pair_96 |         28 |         20 |       8 |    0 |    36 |      0 |      0 |          1 |
|         (gen_pair[5].gen_row[10].u_simd)                                  |                                                mac_simd_pair_96 |          2 |          2 |       0 |    0 |     2 |      0 |      0 |          1 |
|         u_corr                                                            |                                               sign_corr_lut_279 |         18 |         18 |       0 |    0 |    34 |      0 |      0 |          0 |
|         u_wrf_0                                                           |                                                      std_rf_280 |          4 |          0 |       4 |    0 |     0 |      0 |      0 |          0 |
|         u_wrf_1                                                           |                                                      std_rf_281 |          4 |          0 |       4 |    0 |     0 |      0 |      0 |          0 |
|       gen_pair[5].gen_row[11].u_simd                                      |                                                mac_simd_pair_97 |         92 |         80 |      12 |    0 |    36 |      0 |      0 |          1 |
|         (gen_pair[5].gen_row[11].u_simd)                                  |                                                mac_simd_pair_97 |          2 |          2 |       0 |    0 |     2 |      0 |      0 |          1 |
|         u_corr                                                            |                                               sign_corr_lut_276 |         78 |         78 |       0 |    0 |    34 |      0 |      0 |          0 |
|         u_wrf_0                                                           |                                                      std_rf_277 |          8 |          0 |       8 |    0 |     0 |      0 |      0 |          0 |
|         u_wrf_1                                                           |                                                      std_rf_278 |          4 |          0 |       4 |    0 |     0 |      0 |      0 |          0 |
|       gen_pair[5].gen_row[12].u_simd                                      |                                                mac_simd_pair_98 |         24 |         12 |      12 |    0 |    36 |      0 |      0 |          1 |
|         (gen_pair[5].gen_row[12].u_simd)                                  |                                                mac_simd_pair_98 |          2 |          2 |       0 |    0 |     2 |      0 |      0 |          1 |
|         u_corr                                                            |                                               sign_corr_lut_273 |         10 |         10 |       0 |    0 |    34 |      0 |      0 |          0 |
|         u_wrf_0                                                           |                                                      std_rf_274 |          4 |          0 |       4 |    0 |     0 |      0 |      0 |          0 |
|         u_wrf_1                                                           |                                                      std_rf_275 |          8 |          0 |       8 |    0 |     0 |      0 |      0 |          0 |
|       gen_pair[5].gen_row[13].u_simd                                      |                                                mac_simd_pair_99 |         94 |         86 |       8 |    0 |    36 |      0 |      0 |          1 |
|         (gen_pair[5].gen_row[13].u_simd)                                  |                                                mac_simd_pair_99 |          2 |          2 |       0 |    0 |     2 |      0 |      0 |          1 |
|         u_corr                                                            |                                               sign_corr_lut_270 |         84 |         84 |       0 |    0 |    34 |      0 |      0 |          0 |
|         u_wrf_0                                                           |                                                      std_rf_271 |          4 |          0 |       4 |    0 |     0 |      0 |      0 |          0 |
|         u_wrf_1                                                           |                                                      std_rf_272 |          4 |          0 |       4 |    0 |     0 |      0 |      0 |          0 |
|       gen_pair[5].gen_row[14].u_simd                                      |                                               mac_simd_pair_100 |         56 |         44 |      12 |    0 |    36 |      0 |      0 |          1 |
|         (gen_pair[5].gen_row[14].u_simd)                                  |                                               mac_simd_pair_100 |          2 |          2 |       0 |    0 |     2 |      0 |      0 |          1 |
|         u_corr                                                            |                                               sign_corr_lut_267 |         42 |         42 |       0 |    0 |    34 |      0 |      0 |          0 |
|         u_wrf_0                                                           |                                                      std_rf_268 |          8 |          0 |       8 |    0 |     0 |      0 |      0 |          0 |
|         u_wrf_1                                                           |                                                      std_rf_269 |          4 |          0 |       4 |    0 |     0 |      0 |      0 |          0 |
|       gen_pair[5].gen_row[15].u_simd                                      |                                               mac_simd_pair_101 |         24 |         12 |      12 |    0 |    36 |      0 |      0 |          1 |
|         (gen_pair[5].gen_row[15].u_simd)                                  |                                               mac_simd_pair_101 |          2 |          2 |       0 |    0 |     2 |      0 |      0 |          1 |
|         u_corr                                                            |                                               sign_corr_lut_264 |         10 |         10 |       0 |    0 |    34 |      0 |      0 |          0 |
|         u_wrf_0                                                           |                                                      std_rf_265 |          4 |          0 |       4 |    0 |     0 |      0 |      0 |          0 |
|         u_wrf_1                                                           |                                                      std_rf_266 |          8 |          0 |       8 |    0 |     0 |      0 |      0 |          0 |
|       gen_pair[5].gen_row[1].u_simd                                       |                                               mac_simd_pair_102 |         28 |         20 |       8 |    0 |    36 |      0 |      0 |          1 |
|         (gen_pair[5].gen_row[1].u_simd)                                   |                                               mac_simd_pair_102 |          2 |          2 |       0 |    0 |     2 |      0 |      0 |          1 |
|         u_corr                                                            |                                               sign_corr_lut_261 |         18 |         18 |       0 |    0 |    34 |      0 |      0 |          0 |
|         u_wrf_0                                                           |                                                      std_rf_262 |          4 |          0 |       4 |    0 |     0 |      0 |      0 |          0 |
|         u_wrf_1                                                           |                                                      std_rf_263 |          4 |          0 |       4 |    0 |     0 |      0 |      0 |          0 |
|       gen_pair[5].gen_row[2].u_simd                                       |                                               mac_simd_pair_103 |        114 |        102 |      12 |    0 |    36 |      0 |      0 |          1 |
|         (gen_pair[5].gen_row[2].u_simd)                                   |                                               mac_simd_pair_103 |          2 |          2 |       0 |    0 |     2 |      0 |      0 |          1 |
|         u_corr                                                            |                                               sign_corr_lut_258 |        100 |        100 |       0 |    0 |    34 |      0 |      0 |          0 |
|         u_wrf_0                                                           |                                                      std_rf_259 |          8 |          0 |       8 |    0 |     0 |      0 |      0 |          0 |
|         u_wrf_1                                                           |                                                      std_rf_260 |          4 |          0 |       4 |    0 |     0 |      0 |      0 |          0 |
|       gen_pair[5].gen_row[3].u_simd                                       |                                               mac_simd_pair_104 |         24 |         12 |      12 |    0 |    36 |      0 |      0 |          1 |
|         (gen_pair[5].gen_row[3].u_simd)                                   |                                               mac_simd_pair_104 |          2 |          2 |       0 |    0 |     2 |      0 |      0 |          1 |
|         u_corr                                                            |                                               sign_corr_lut_255 |         10 |         10 |       0 |    0 |    34 |      0 |      0 |          0 |
|         u_wrf_0                                                           |                                                      std_rf_256 |          4 |          0 |       4 |    0 |     0 |      0 |      0 |          0 |
|         u_wrf_1                                                           |                                                      std_rf_257 |          8 |          0 |       8 |    0 |     0 |      0 |      0 |          0 |
|       gen_pair[5].gen_row[4].u_simd                                       |                                               mac_simd_pair_105 |         36 |         28 |       8 |    0 |    44 |      0 |      0 |          1 |
|         (gen_pair[5].gen_row[4].u_simd)                                   |                                               mac_simd_pair_105 |          2 |          2 |       0 |    0 |    10 |      0 |      0 |          1 |
|         u_corr                                                            |                                               sign_corr_lut_252 |         26 |         26 |       0 |    0 |    34 |      0 |      0 |          0 |
|         u_wrf_0                                                           |                                                      std_rf_253 |          4 |          0 |       4 |    0 |     0 |      0 |      0 |          0 |
|         u_wrf_1                                                           |                                                      std_rf_254 |          4 |          0 |       4 |    0 |     0 |      0 |      0 |          0 |
|       gen_pair[5].gen_row[5].u_simd                                       |                                               mac_simd_pair_106 |         56 |         44 |      12 |    0 |    36 |      0 |      0 |          1 |
|         (gen_pair[5].gen_row[5].u_simd)                                   |                                               mac_simd_pair_106 |          2 |          2 |       0 |    0 |     2 |      0 |      0 |          1 |
|         u_corr                                                            |                                               sign_corr_lut_249 |         42 |         42 |       0 |    0 |    34 |      0 |      0 |          0 |
|         u_wrf_0                                                           |                                                      std_rf_250 |          8 |          0 |       8 |    0 |     0 |      0 |      0 |          0 |
|         u_wrf_1                                                           |                                                      std_rf_251 |          4 |          0 |       4 |    0 |     0 |      0 |      0 |          0 |
|       gen_pair[5].gen_row[6].u_simd                                       |                                               mac_simd_pair_107 |         24 |         12 |      12 |    0 |    36 |      0 |      0 |          1 |
|         (gen_pair[5].gen_row[6].u_simd)                                   |                                               mac_simd_pair_107 |          2 |          2 |       0 |    0 |     2 |      0 |      0 |          1 |
|         u_corr                                                            |                                               sign_corr_lut_246 |         10 |         10 |       0 |    0 |    34 |      0 |      0 |          0 |
|         u_wrf_0                                                           |                                                      std_rf_247 |          4 |          0 |       4 |    0 |     0 |      0 |      0 |          0 |
|         u_wrf_1                                                           |                                                      std_rf_248 |          8 |          0 |       8 |    0 |     0 |      0 |      0 |          0 |
|       gen_pair[5].gen_row[7].u_simd                                       |                                               mac_simd_pair_108 |         34 |         26 |       8 |    0 |    36 |      0 |      0 |          1 |
|         (gen_pair[5].gen_row[7].u_simd)                                   |                                               mac_simd_pair_108 |          2 |          2 |       0 |    0 |     2 |      0 |      0 |          1 |
|         u_corr                                                            |                                               sign_corr_lut_243 |         24 |         24 |       0 |    0 |    34 |      0 |      0 |          0 |
|         u_wrf_0                                                           |                                                      std_rf_244 |          4 |          0 |       4 |    0 |     0 |      0 |      0 |          0 |
|         u_wrf_1                                                           |                                                      std_rf_245 |          4 |          0 |       4 |    0 |     0 |      0 |      0 |          0 |
|       gen_pair[5].gen_row[8].u_simd                                       |                                               mac_simd_pair_109 |         58 |         46 |      12 |    0 |    36 |      0 |      0 |          1 |
|         (gen_pair[5].gen_row[8].u_simd)                                   |                                               mac_simd_pair_109 |          2 |          2 |       0 |    0 |     2 |      0 |      0 |          1 |
|         u_corr                                                            |                                               sign_corr_lut_240 |         44 |         44 |       0 |    0 |    34 |      0 |      0 |          0 |
|         u_wrf_0                                                           |                                                      std_rf_241 |          8 |          0 |       8 |    0 |     0 |      0 |      0 |          0 |
|         u_wrf_1                                                           |                                                      std_rf_242 |          4 |          0 |       4 |    0 |     0 |      0 |      0 |          0 |
|       gen_pair[5].gen_row[9].u_simd                                       |                                               mac_simd_pair_110 |         24 |         12 |      12 |    0 |    36 |      0 |      0 |          1 |
|         (gen_pair[5].gen_row[9].u_simd)                                   |                                               mac_simd_pair_110 |          2 |          2 |       0 |    0 |     2 |      0 |      0 |          1 |
|         u_corr                                                            |                                               sign_corr_lut_237 |         10 |         10 |       0 |    0 |    34 |      0 |      0 |          0 |
|         u_wrf_0                                                           |                                                      std_rf_238 |          4 |          0 |       4 |    0 |     0 |      0 |      0 |          0 |
|         u_wrf_1                                                           |                                                      std_rf_239 |          8 |          0 |       8 |    0 |     0 |      0 |      0 |          0 |
|       gen_pair[6].gen_row[0].u_simd                                       |                                               mac_simd_pair_111 |         38 |         30 |       8 |    0 |    36 |      0 |      0 |          1 |
|         (gen_pair[6].gen_row[0].u_simd)                                   |                                               mac_simd_pair_111 |          2 |          2 |       0 |    0 |     2 |      0 |      0 |          1 |
|         u_corr                                                            |                                               sign_corr_lut_234 |         28 |         28 |       0 |    0 |    34 |      0 |      0 |          0 |
|         u_wrf_0                                                           |                                                      std_rf_235 |          4 |          0 |       4 |    0 |     0 |      0 |      0 |          0 |
|         u_wrf_1                                                           |                                                      std_rf_236 |          4 |          0 |       4 |    0 |     0 |      0 |      0 |          0 |
|       gen_pair[6].gen_row[10].u_simd                                      |                                               mac_simd_pair_112 |         32 |         20 |      12 |    0 |    36 |      0 |      0 |          1 |
|         (gen_pair[6].gen_row[10].u_simd)                                  |                                               mac_simd_pair_112 |          2 |          2 |       0 |    0 |     2 |      0 |      0 |          1 |
|         u_corr                                                            |                                               sign_corr_lut_231 |         18 |         18 |       0 |    0 |    34 |      0 |      0 |          0 |
|         u_wrf_0                                                           |                                                      std_rf_232 |          8 |          0 |       8 |    0 |     0 |      0 |      0 |          0 |
|         u_wrf_1                                                           |                                                      std_rf_233 |          4 |          0 |       4 |    0 |     0 |      0 |      0 |          0 |
|       gen_pair[6].gen_row[11].u_simd                                      |                                               mac_simd_pair_113 |         92 |         80 |      12 |    0 |    36 |      0 |      0 |          1 |
|         (gen_pair[6].gen_row[11].u_simd)                                  |                                               mac_simd_pair_113 |          2 |          2 |       0 |    0 |     2 |      0 |      0 |          1 |
|         u_corr                                                            |                                               sign_corr_lut_228 |         78 |         78 |       0 |    0 |    34 |      0 |      0 |          0 |
|         u_wrf_0                                                           |                                                      std_rf_229 |          4 |          0 |       4 |    0 |     0 |      0 |      0 |          0 |
|         u_wrf_1                                                           |                                                      std_rf_230 |          8 |          0 |       8 |    0 |     0 |      0 |      0 |          0 |
|       gen_pair[6].gen_row[12].u_simd                                      |                                               mac_simd_pair_114 |         20 |         12 |       8 |    0 |    36 |      0 |      0 |          1 |
|         (gen_pair[6].gen_row[12].u_simd)                                  |                                               mac_simd_pair_114 |          2 |          2 |       0 |    0 |     2 |      0 |      0 |          1 |
|         u_corr                                                            |                                               sign_corr_lut_225 |         10 |         10 |       0 |    0 |    34 |      0 |      0 |          0 |
|         u_wrf_0                                                           |                                                      std_rf_226 |          4 |          0 |       4 |    0 |     0 |      0 |      0 |          0 |
|         u_wrf_1                                                           |                                                      std_rf_227 |          4 |          0 |       4 |    0 |     0 |      0 |      0 |          0 |
|       gen_pair[6].gen_row[13].u_simd                                      |                                               mac_simd_pair_115 |         98 |         86 |      12 |    0 |    36 |      0 |      0 |          1 |
|         (gen_pair[6].gen_row[13].u_simd)                                  |                                               mac_simd_pair_115 |          2 |          2 |       0 |    0 |     2 |      0 |      0 |          1 |
|         u_corr                                                            |                                               sign_corr_lut_222 |         84 |         84 |       0 |    0 |    34 |      0 |      0 |          0 |
|         u_wrf_0                                                           |                                                      std_rf_223 |          8 |          0 |       8 |    0 |     0 |      0 |      0 |          0 |
|         u_wrf_1                                                           |                                                      std_rf_224 |          4 |          0 |       4 |    0 |     0 |      0 |      0 |          0 |
|       gen_pair[6].gen_row[14].u_simd                                      |                                               mac_simd_pair_116 |         56 |         44 |      12 |    0 |    36 |      0 |      0 |          1 |
|         (gen_pair[6].gen_row[14].u_simd)                                  |                                               mac_simd_pair_116 |          2 |          2 |       0 |    0 |     2 |      0 |      0 |          1 |
|         u_corr                                                            |                                               sign_corr_lut_219 |         42 |         42 |       0 |    0 |    34 |      0 |      0 |          0 |
|         u_wrf_0                                                           |                                                      std_rf_220 |          4 |          0 |       4 |    0 |     0 |      0 |      0 |          0 |
|         u_wrf_1                                                           |                                                      std_rf_221 |          8 |          0 |       8 |    0 |     0 |      0 |      0 |          0 |
|       gen_pair[6].gen_row[15].u_simd                                      |                                               mac_simd_pair_117 |         20 |         12 |       8 |    0 |    36 |      0 |      0 |          1 |
|         (gen_pair[6].gen_row[15].u_simd)                                  |                                               mac_simd_pair_117 |          2 |          2 |       0 |    0 |     2 |      0 |      0 |          1 |
|         u_corr                                                            |                                               sign_corr_lut_216 |         10 |         10 |       0 |    0 |    34 |      0 |      0 |          0 |
|         u_wrf_0                                                           |                                                      std_rf_217 |          4 |          0 |       4 |    0 |     0 |      0 |      0 |          0 |
|         u_wrf_1                                                           |                                                      std_rf_218 |          4 |          0 |       4 |    0 |     0 |      0 |      0 |          0 |
|       gen_pair[6].gen_row[1].u_simd                                       |                                               mac_simd_pair_118 |         32 |         20 |      12 |    0 |    36 |      0 |      0 |          1 |
|         (gen_pair[6].gen_row[1].u_simd)                                   |                                               mac_simd_pair_118 |          2 |          2 |       0 |    0 |     2 |      0 |      0 |          1 |
|         u_corr                                                            |                                               sign_corr_lut_213 |         18 |         18 |       0 |    0 |    34 |      0 |      0 |          0 |
|         u_wrf_0                                                           |                                                      std_rf_214 |          8 |          0 |       8 |    0 |     0 |      0 |      0 |          0 |
|         u_wrf_1                                                           |                                                      std_rf_215 |          4 |          0 |       4 |    0 |     0 |      0 |      0 |          0 |
|       gen_pair[6].gen_row[2].u_simd                                       |                                               mac_simd_pair_119 |        114 |        102 |      12 |    0 |    36 |      0 |      0 |          1 |
|         (gen_pair[6].gen_row[2].u_simd)                                   |                                               mac_simd_pair_119 |          2 |          2 |       0 |    0 |     2 |      0 |      0 |          1 |
|         u_corr                                                            |                                               sign_corr_lut_210 |        100 |        100 |       0 |    0 |    34 |      0 |      0 |          0 |
|         u_wrf_0                                                           |                                                      std_rf_211 |          4 |          0 |       4 |    0 |     0 |      0 |      0 |          0 |
|         u_wrf_1                                                           |                                                      std_rf_212 |          8 |          0 |       8 |    0 |     0 |      0 |      0 |          0 |
|       gen_pair[6].gen_row[3].u_simd                                       |                                               mac_simd_pair_120 |         20 |         12 |       8 |    0 |    36 |      0 |      0 |          1 |
|         (gen_pair[6].gen_row[3].u_simd)                                   |                                               mac_simd_pair_120 |          2 |          2 |       0 |    0 |     2 |      0 |      0 |          1 |
|         u_corr                                                            |                                               sign_corr_lut_207 |         10 |         10 |       0 |    0 |    34 |      0 |      0 |          0 |
|         u_wrf_0                                                           |                                                      std_rf_208 |          4 |          0 |       4 |    0 |     0 |      0 |      0 |          0 |
|         u_wrf_1                                                           |                                                      std_rf_209 |          4 |          0 |       4 |    0 |     0 |      0 |      0 |          0 |
|       gen_pair[6].gen_row[4].u_simd                                       |                                               mac_simd_pair_121 |         40 |         28 |      12 |    0 |    36 |      0 |      0 |          1 |
|         (gen_pair[6].gen_row[4].u_simd)                                   |                                               mac_simd_pair_121 |          2 |          2 |       0 |    0 |     2 |      0 |      0 |          1 |
|         u_corr                                                            |                                               sign_corr_lut_204 |         26 |         26 |       0 |    0 |    34 |      0 |      0 |          0 |
|         u_wrf_0                                                           |                                                      std_rf_205 |          8 |          0 |       8 |    0 |     0 |      0 |      0 |          0 |
|         u_wrf_1                                                           |                                                      std_rf_206 |          4 |          0 |       4 |    0 |     0 |      0 |      0 |          0 |
|       gen_pair[6].gen_row[5].u_simd                                       |                                               mac_simd_pair_122 |         56 |         44 |      12 |    0 |    36 |      0 |      0 |          1 |
|         (gen_pair[6].gen_row[5].u_simd)                                   |                                               mac_simd_pair_122 |          2 |          2 |       0 |    0 |     2 |      0 |      0 |          1 |
|         u_corr                                                            |                                               sign_corr_lut_201 |         42 |         42 |       0 |    0 |    34 |      0 |      0 |          0 |
|         u_wrf_0                                                           |                                                      std_rf_202 |          4 |          0 |       4 |    0 |     0 |      0 |      0 |          0 |
|         u_wrf_1                                                           |                                                      std_rf_203 |          8 |          0 |       8 |    0 |     0 |      0 |      0 |          0 |
|       gen_pair[6].gen_row[6].u_simd                                       |                                               mac_simd_pair_123 |         20 |         12 |       8 |    0 |    36 |      0 |      0 |          1 |
|         (gen_pair[6].gen_row[6].u_simd)                                   |                                               mac_simd_pair_123 |          2 |          2 |       0 |    0 |     2 |      0 |      0 |          1 |
|         u_corr                                                            |                                               sign_corr_lut_198 |         10 |         10 |       0 |    0 |    34 |      0 |      0 |          0 |
|         u_wrf_0                                                           |                                                      std_rf_199 |          4 |          0 |       4 |    0 |     0 |      0 |      0 |          0 |
|         u_wrf_1                                                           |                                                      std_rf_200 |          4 |          0 |       4 |    0 |     0 |      0 |      0 |          0 |
|       gen_pair[6].gen_row[7].u_simd                                       |                                               mac_simd_pair_124 |         38 |         26 |      12 |    0 |    36 |      0 |      0 |          1 |
|         (gen_pair[6].gen_row[7].u_simd)                                   |                                               mac_simd_pair_124 |          2 |          2 |       0 |    0 |     2 |      0 |      0 |          1 |
|         u_corr                                                            |                                               sign_corr_lut_195 |         24 |         24 |       0 |    0 |    34 |      0 |      0 |          0 |
|         u_wrf_0                                                           |                                                      std_rf_196 |          8 |          0 |       8 |    0 |     0 |      0 |      0 |          0 |
|         u_wrf_1                                                           |                                                      std_rf_197 |          4 |          0 |       4 |    0 |     0 |      0 |      0 |          0 |
|       gen_pair[6].gen_row[8].u_simd                                       |                                               mac_simd_pair_125 |         58 |         46 |      12 |    0 |    36 |      0 |      0 |          1 |
|         (gen_pair[6].gen_row[8].u_simd)                                   |                                               mac_simd_pair_125 |          2 |          2 |       0 |    0 |     2 |      0 |      0 |          1 |
|         u_corr                                                            |                                               sign_corr_lut_192 |         44 |         44 |       0 |    0 |    34 |      0 |      0 |          0 |
|         u_wrf_0                                                           |                                                      std_rf_193 |          4 |          0 |       4 |    0 |     0 |      0 |      0 |          0 |
|         u_wrf_1                                                           |                                                      std_rf_194 |          8 |          0 |       8 |    0 |     0 |      0 |      0 |          0 |
|       gen_pair[6].gen_row[9].u_simd                                       |                                               mac_simd_pair_126 |         20 |         12 |       8 |    0 |    36 |      0 |      0 |          1 |
|         (gen_pair[6].gen_row[9].u_simd)                                   |                                               mac_simd_pair_126 |          2 |          2 |       0 |    0 |     2 |      0 |      0 |          1 |
|         u_corr                                                            |                                               sign_corr_lut_189 |         10 |         10 |       0 |    0 |    34 |      0 |      0 |          0 |
|         u_wrf_0                                                           |                                                      std_rf_190 |          4 |          0 |       4 |    0 |     0 |      0 |      0 |          0 |
|         u_wrf_1                                                           |                                                      std_rf_191 |          4 |          0 |       4 |    0 |     0 |      0 |      0 |          0 |
|       gen_pair[7].gen_row[0].u_simd                                       |                                               mac_simd_pair_127 |         42 |         30 |      12 |    0 |    36 |      0 |      0 |          1 |
|         (gen_pair[7].gen_row[0].u_simd)                                   |                                               mac_simd_pair_127 |          2 |          2 |       0 |    0 |     2 |      0 |      0 |          1 |
|         u_corr                                                            |                                               sign_corr_lut_186 |         28 |         28 |       0 |    0 |    34 |      0 |      0 |          0 |
|         u_wrf_0                                                           |                                                      std_rf_187 |          8 |          0 |       8 |    0 |     0 |      0 |      0 |          0 |
|         u_wrf_1                                                           |                                                      std_rf_188 |          4 |          0 |       4 |    0 |     0 |      0 |      0 |          0 |
|       gen_pair[7].gen_row[10].u_simd                                      |                                               mac_simd_pair_128 |         32 |         20 |      12 |    0 |    44 |      0 |      0 |          1 |
|         (gen_pair[7].gen_row[10].u_simd)                                  |                                               mac_simd_pair_128 |          2 |          2 |       0 |    0 |    10 |      0 |      0 |          1 |
|         u_corr                                                            |                                               sign_corr_lut_183 |         18 |         18 |       0 |    0 |    34 |      0 |      0 |          0 |
|         u_wrf_0                                                           |                                                      std_rf_184 |          4 |          0 |       4 |    0 |     0 |      0 |      0 |          0 |
|         u_wrf_1                                                           |                                                      std_rf_185 |          8 |          0 |       8 |    0 |     0 |      0 |      0 |          0 |
|       gen_pair[7].gen_row[11].u_simd                                      |                                               mac_simd_pair_129 |         88 |         80 |       8 |    0 |    36 |      0 |      0 |          1 |
|         (gen_pair[7].gen_row[11].u_simd)                                  |                                               mac_simd_pair_129 |          2 |          2 |       0 |    0 |     2 |      0 |      0 |          1 |
|         u_corr                                                            |                                               sign_corr_lut_180 |         78 |         78 |       0 |    0 |    34 |      0 |      0 |          0 |
|         u_wrf_0                                                           |                                                      std_rf_181 |          4 |          0 |       4 |    0 |     0 |      0 |      0 |          0 |
|         u_wrf_1                                                           |                                                      std_rf_182 |          4 |          0 |       4 |    0 |     0 |      0 |      0 |          0 |
|       gen_pair[7].gen_row[12].u_simd                                      |                                               mac_simd_pair_130 |         24 |         12 |      12 |    0 |    44 |      0 |      0 |          1 |
|         (gen_pair[7].gen_row[12].u_simd)                                  |                                               mac_simd_pair_130 |          2 |          2 |       0 |    0 |    10 |      0 |      0 |          1 |
|         u_corr                                                            |                                               sign_corr_lut_177 |         10 |         10 |       0 |    0 |    34 |      0 |      0 |          0 |
|         u_wrf_0                                                           |                                                      std_rf_178 |          8 |          0 |       8 |    0 |     0 |      0 |      0 |          0 |
|         u_wrf_1                                                           |                                                      std_rf_179 |          4 |          0 |       4 |    0 |     0 |      0 |      0 |          0 |
|       gen_pair[7].gen_row[13].u_simd                                      |                                               mac_simd_pair_131 |         98 |         86 |      12 |    0 |    44 |      0 |      0 |          1 |
|         (gen_pair[7].gen_row[13].u_simd)                                  |                                               mac_simd_pair_131 |          2 |          2 |       0 |    0 |    10 |      0 |      0 |          1 |
|         u_corr                                                            |                                               sign_corr_lut_174 |         84 |         84 |       0 |    0 |    34 |      0 |      0 |          0 |
|         u_wrf_0                                                           |                                                      std_rf_175 |          4 |          0 |       4 |    0 |     0 |      0 |      0 |          0 |
|         u_wrf_1                                                           |                                                      std_rf_176 |          8 |          0 |       8 |    0 |     0 |      0 |      0 |          0 |
|       gen_pair[7].gen_row[14].u_simd                                      |                                               mac_simd_pair_132 |         52 |         44 |       8 |    0 |    41 |      0 |      0 |          1 |
|         (gen_pair[7].gen_row[14].u_simd)                                  |                                               mac_simd_pair_132 |          2 |          2 |       0 |    0 |     7 |      0 |      0 |          1 |
|         u_corr                                                            |                                               sign_corr_lut_171 |         42 |         42 |       0 |    0 |    34 |      0 |      0 |          0 |
|         u_wrf_0                                                           |                                                      std_rf_172 |          4 |          0 |       4 |    0 |     0 |      0 |      0 |          0 |
|         u_wrf_1                                                           |                                                      std_rf_173 |          4 |          0 |       4 |    0 |     0 |      0 |      0 |          0 |
|       gen_pair[7].gen_row[15].u_simd                                      |                                               mac_simd_pair_133 |         24 |         12 |      12 |    0 |    41 |      0 |      0 |          1 |
|         (gen_pair[7].gen_row[15].u_simd)                                  |                                               mac_simd_pair_133 |          2 |          2 |       0 |    0 |     7 |      0 |      0 |          1 |
|         u_corr                                                            |                                               sign_corr_lut_168 |         10 |         10 |       0 |    0 |    34 |      0 |      0 |          0 |
|         u_wrf_0                                                           |                                                      std_rf_169 |          8 |          0 |       8 |    0 |     0 |      0 |      0 |          0 |
|         u_wrf_1                                                           |                                                      std_rf_170 |          4 |          0 |       4 |    0 |     0 |      0 |      0 |          0 |
|       gen_pair[7].gen_row[1].u_simd                                       |                                               mac_simd_pair_134 |         32 |         20 |      12 |    0 |    40 |      0 |      0 |          1 |
|         (gen_pair[7].gen_row[1].u_simd)                                   |                                               mac_simd_pair_134 |          2 |          2 |       0 |    0 |     6 |      0 |      0 |          1 |
|         u_corr                                                            |                                               sign_corr_lut_165 |         18 |         18 |       0 |    0 |    34 |      0 |      0 |          0 |
|         u_wrf_0                                                           |                                                      std_rf_166 |          4 |          0 |       4 |    0 |     0 |      0 |      0 |          0 |
|         u_wrf_1                                                           |                                                      std_rf_167 |          8 |          0 |       8 |    0 |     0 |      0 |      0 |          0 |
|       gen_pair[7].gen_row[2].u_simd                                       |                                               mac_simd_pair_135 |        110 |        102 |       8 |    0 |    36 |      0 |      0 |          1 |
|         (gen_pair[7].gen_row[2].u_simd)                                   |                                               mac_simd_pair_135 |          2 |          2 |       0 |    0 |     2 |      0 |      0 |          1 |
|         u_corr                                                            |                                               sign_corr_lut_162 |        100 |        100 |       0 |    0 |    34 |      0 |      0 |          0 |
|         u_wrf_0                                                           |                                                      std_rf_163 |          4 |          0 |       4 |    0 |     0 |      0 |      0 |          0 |
|         u_wrf_1                                                           |                                                      std_rf_164 |          4 |          0 |       4 |    0 |     0 |      0 |      0 |          0 |
|       gen_pair[7].gen_row[3].u_simd                                       |                                               mac_simd_pair_136 |         24 |         12 |      12 |    0 |    43 |      0 |      0 |          1 |
|         (gen_pair[7].gen_row[3].u_simd)                                   |                                               mac_simd_pair_136 |          2 |          2 |       0 |    0 |     9 |      0 |      0 |          1 |
|         u_corr                                                            |                                               sign_corr_lut_159 |         10 |         10 |       0 |    0 |    34 |      0 |      0 |          0 |
|         u_wrf_0                                                           |                                                      std_rf_160 |          8 |          0 |       8 |    0 |     0 |      0 |      0 |          0 |
|         u_wrf_1                                                           |                                                      std_rf_161 |          4 |          0 |       4 |    0 |     0 |      0 |      0 |          0 |
|       gen_pair[7].gen_row[4].u_simd                                       |                                               mac_simd_pair_137 |         40 |         28 |      12 |    0 |    36 |      0 |      0 |          1 |
|         (gen_pair[7].gen_row[4].u_simd)                                   |                                               mac_simd_pair_137 |          2 |          2 |       0 |    0 |     2 |      0 |      0 |          1 |
|         u_corr                                                            |                                               sign_corr_lut_156 |         26 |         26 |       0 |    0 |    34 |      0 |      0 |          0 |
|         u_wrf_0                                                           |                                                      std_rf_157 |          4 |          0 |       4 |    0 |     0 |      0 |      0 |          0 |
|         u_wrf_1                                                           |                                                      std_rf_158 |          8 |          0 |       8 |    0 |     0 |      0 |      0 |          0 |
|       gen_pair[7].gen_row[5].u_simd                                       |                                               mac_simd_pair_138 |         52 |         44 |       8 |    0 |    43 |      0 |      0 |          1 |
|         (gen_pair[7].gen_row[5].u_simd)                                   |                                               mac_simd_pair_138 |          2 |          2 |       0 |    0 |     9 |      0 |      0 |          1 |
|         u_corr                                                            |                                               sign_corr_lut_153 |         42 |         42 |       0 |    0 |    34 |      0 |      0 |          0 |
|         u_wrf_0                                                           |                                                      std_rf_154 |          4 |          0 |       4 |    0 |     0 |      0 |      0 |          0 |
|         u_wrf_1                                                           |                                                      std_rf_155 |          4 |          0 |       4 |    0 |     0 |      0 |      0 |          0 |
|       gen_pair[7].gen_row[6].u_simd                                       |                                               mac_simd_pair_139 |         24 |         12 |      12 |    0 |    43 |      0 |      0 |          1 |
|         (gen_pair[7].gen_row[6].u_simd)                                   |                                               mac_simd_pair_139 |          2 |          2 |       0 |    0 |     9 |      0 |      0 |          1 |
|         u_corr                                                            |                                               sign_corr_lut_150 |         10 |         10 |       0 |    0 |    34 |      0 |      0 |          0 |
|         u_wrf_0                                                           |                                                      std_rf_151 |          8 |          0 |       8 |    0 |     0 |      0 |      0 |          0 |
|         u_wrf_1                                                           |                                                      std_rf_152 |          4 |          0 |       4 |    0 |     0 |      0 |      0 |          0 |
|       gen_pair[7].gen_row[7].u_simd                                       |                                               mac_simd_pair_140 |         38 |         26 |      12 |    0 |    43 |      0 |      0 |          1 |
|         (gen_pair[7].gen_row[7].u_simd)                                   |                                               mac_simd_pair_140 |          2 |          2 |       0 |    0 |     9 |      0 |      0 |          1 |
|         u_corr                                                            |                                               sign_corr_lut_147 |         24 |         24 |       0 |    0 |    34 |      0 |      0 |          0 |
|         u_wrf_0                                                           |                                                      std_rf_148 |          4 |          0 |       4 |    0 |     0 |      0 |      0 |          0 |
|         u_wrf_1                                                           |                                                      std_rf_149 |          8 |          0 |       8 |    0 |     0 |      0 |      0 |          0 |
|       gen_pair[7].gen_row[8].u_simd                                       |                                               mac_simd_pair_141 |         54 |         46 |       8 |    0 |    43 |      0 |      0 |          1 |
|         (gen_pair[7].gen_row[8].u_simd)                                   |                                               mac_simd_pair_141 |          2 |          2 |       0 |    0 |     9 |      0 |      0 |          1 |
|         u_corr                                                            |                                               sign_corr_lut_144 |         44 |         44 |       0 |    0 |    34 |      0 |      0 |          0 |
|         u_wrf_0                                                           |                                                      std_rf_145 |          4 |          0 |       4 |    0 |     0 |      0 |      0 |          0 |
|         u_wrf_1                                                           |                                                      std_rf_146 |          4 |          0 |       4 |    0 |     0 |      0 |      0 |          0 |
|       gen_pair[7].gen_row[9].u_simd                                       |                                               mac_simd_pair_142 |         26 |         12 |      14 |    0 |    36 |      0 |      0 |          1 |
|         (gen_pair[7].gen_row[9].u_simd)                                   |                                               mac_simd_pair_142 |          2 |          2 |       0 |    0 |     2 |      0 |      0 |          1 |
|         u_corr                                                            |                                                   sign_corr_lut |         10 |         10 |       0 |    0 |    34 |      0 |      0 |          0 |
|         u_wrf_0                                                           |                                                          std_rf |          8 |          0 |       8 |    0 |     0 |      0 |      0 |          0 |
|         u_wrf_1                                                           |                                                      std_rf_143 |          6 |          0 |       6 |    0 |     0 |      0 |      0 |          0 |
|     u_mm2s_arb                                                            |                                                        mm2s_arb |        105 |        101 |       4 |    0 |    26 |      0 |      0 |          0 |
|     u_ofb                                                                 |                                                    sram_model_0 |          0 |          0 |       0 |    0 |     0 |      4 |      0 |          0 |
|     u_ofb_writer                                                          |                                                      ofb_writer |       5713 |       5713 |       0 |    0 |  2782 |      0 |      0 |         80 |
|       (u_ofb_writer)                                                      |                                                      ofb_writer |        143 |        143 |       0 |    0 |  1180 |      0 |      0 |          0 |
|       u_sdp                                                               |                                                             sdp |       5570 |       5570 |       0 |    0 |  1602 |      0 |      0 |         80 |
|     u_parf_accum                                                          |                                                      parf_accum |       1107 |        583 |     524 |    0 |    62 |      0 |      0 |          0 |
|       (u_parf_accum)                                                      |                                                      parf_accum |         59 |         59 |       0 |    0 |    62 |      0 |      0 |          0 |
|       g_col[0].u_col                                                      |                                                        parf_col |         64 |         32 |      32 |    0 |     0 |      0 |      0 |          0 |
|       g_col[10].u_col                                                     |                                                      parf_col_1 |         64 |         32 |      32 |    0 |     0 |      0 |      0 |          0 |
|       g_col[11].u_col                                                     |                                                      parf_col_2 |         66 |         32 |      34 |    0 |     0 |      0 |      0 |          0 |
|       g_col[12].u_col                                                     |                                                      parf_col_3 |         64 |         32 |      32 |    0 |     0 |      0 |      0 |          0 |
|       g_col[13].u_col                                                     |                                                      parf_col_4 |         64 |         32 |      32 |    0 |     0 |      0 |      0 |          0 |
|       g_col[14].u_col                                                     |                                                      parf_col_5 |         64 |         32 |      32 |    0 |     0 |      0 |      0 |          0 |
|       g_col[15].u_col                                                     |                                                      parf_col_6 |         76 |         44 |      32 |    0 |     0 |      0 |      0 |          0 |
|       g_col[1].u_col                                                      |                                                      parf_col_7 |         64 |         32 |      32 |    0 |     0 |      0 |      0 |          0 |
|       g_col[2].u_col                                                      |                                                      parf_col_8 |         66 |         32 |      34 |    0 |     0 |      0 |      0 |          0 |
|       g_col[3].u_col                                                      |                                                      parf_col_9 |         64 |         32 |      32 |    0 |     0 |      0 |      0 |          0 |
|       g_col[4].u_col                                                      |                                                     parf_col_10 |         64 |         32 |      32 |    0 |     0 |      0 |      0 |          0 |
|       g_col[5].u_col                                                      |                                                     parf_col_11 |         66 |         32 |      34 |    0 |     0 |      0 |      0 |          0 |
|       g_col[6].u_col                                                      |                                                     parf_col_12 |         66 |         32 |      34 |    0 |     0 |      0 |      0 |          0 |
|       g_col[7].u_col                                                      |                                                     parf_col_13 |         64 |         32 |      32 |    0 |     0 |      0 |      0 |          0 |
|       g_col[8].u_col                                                      |                                                     parf_col_14 |         66 |         32 |      34 |    0 |     0 |      0 |      0 |          0 |
|       g_col[9].u_col                                                      |                                                     parf_col_15 |         66 |         32 |      34 |    0 |     0 |      0 |      0 |          0 |
|     u_rdma                                                                |                                                       rdma_ctrl |         81 |         81 |       0 |    0 |    14 |      0 |      0 |          0 |
|     u_sequencer                                                           |                                                       sequencer |        191 |        191 |       0 |    0 |    30 |      0 |      0 |          0 |
|     u_shortcut_bank                                                       |                                      sram_model__parameterized1 |          0 |          0 |       0 |    0 |     0 |      7 |      1 |          0 |
|     u_wb                                                                  |                                      sram_model__parameterized0 |         34 |         34 |       0 |    0 |     0 |     57 |      0 |          0 |
|     u_wdma                                                                |                                                       wdma_ctrl |       1065 |       1065 |       0 |    0 |  1937 |      0 |      0 |          0 |
|     u_wgt_buffer                                                          |                                                      wgt_buffer |        208 |        208 |       0 |    0 |   212 |      0 |      0 |          0 |
|   u_csr_xbar                                                              |                                                   axi_lite_1to4 |        125 |        125 |       0 |    0 |   106 |      0 |      0 |          0 |
|     inst                                                                  |                  axi_lite_1to4axi_crossbar_v2_1_29_axi_crossbar |        125 |        125 |       0 |    0 |   106 |      0 |      0 |          0 |
|       gen_sasd.crossbar_sasd_0                                            |                 axi_lite_1to4axi_crossbar_v2_1_29_crossbar_sasd |        125 |        125 |       0 |    0 |   106 |      0 |      0 |          0 |
|         (gen_sasd.crossbar_sasd_0)                                        |                 axi_lite_1to4axi_crossbar_v2_1_29_crossbar_sasd |          0 |          0 |       0 |    0 |     7 |      0 |      0 |          0 |
|         addr_arbiter_inst                                                 |             axi_lite_1to4axi_crossbar_v2_1_29_addr_arbiter_sasd |         49 |         49 |       0 |    0 |    20 |      0 |      0 |          0 |
|         reg_slice_r                                                       |     axi_lite_1to4axi_register_slice_v2_1_28_axic_register_slice |         70 |         70 |       0 |    0 |    74 |      0 |      0 |          0 |
|         splitter_ar                                                       |      axi_lite_1to4axi_crossbar_v2_1_29_splitter__parameterized0 |          1 |          1 |       0 |    0 |     2 |      0 |      0 |          0 |
|         splitter_aw                                                       |                      axi_lite_1to4axi_crossbar_v2_1_29_splitter |          5 |          5 |       0 |    0 |     3 |      0 |      0 |          0 |
|   u_smc                                                                   |                                                    axi_smc_4to4 |       4207 |       4185 |       0 |   22 |  2797 |      0 |      0 |          0 |
|     inst                                                                  |                   axi_smc_4to4axi_crossbar_v2_1_29_axi_crossbar |       4207 |       4185 |       0 |   22 |  2797 |      0 |      0 |          0 |
|       gen_samd.crossbar_samd                                              |                       axi_smc_4to4axi_crossbar_v2_1_29_crossbar |       4207 |       4185 |       0 |   22 |  2797 |      0 |      0 |          0 |
|         (gen_samd.crossbar_samd)                                          |                       axi_smc_4to4axi_crossbar_v2_1_29_crossbar |          8 |          8 |       0 |    0 |    43 |      0 |      0 |          0 |
|         addr_arbiter_ar                                                   |                   axi_smc_4to4axi_crossbar_v2_1_29_addr_arbiter |        109 |        109 |       0 |    0 |    70 |      0 |      0 |          0 |
|         addr_arbiter_aw                                                   |                 axi_smc_4to4axi_crossbar_v2_1_29_addr_arbiter_0 |        114 |        114 |       0 |    0 |    69 |      0 |      0 |          0 |
|         gen_decerr_slave.decerr_slave_inst                                |                   axi_smc_4to4axi_crossbar_v2_1_29_decerr_slave |         24 |         24 |       0 |    0 |    24 |      0 |      0 |          0 |
|         gen_master_slots[0].gen_mi_write.wdata_mux_w                      |                      axi_smc_4to4axi_crossbar_v2_1_29_wdata_mux |        166 |        164 |       0 |    2 |    11 |      0 |      0 |          0 |
|         gen_master_slots[0].reg_slice_mi                                  |       axi_smc_4to4axi_register_slice_v2_1_28_axi_register_slice |        131 |        131 |       0 |    0 |   280 |      0 |      0 |          0 |
|         gen_master_slots[1].gen_mi_read.gen_rid_decoder.rid_decoder_inst  |   axi_smc_4to4axi_crossbar_v2_1_29_addr_decoder__parameterized0 |          1 |          1 |       0 |    0 |     0 |      0 |      0 |          0 |
|         gen_master_slots[1].gen_mi_write.wdata_mux_w                      |                    axi_smc_4to4axi_crossbar_v2_1_29_wdata_mux_1 |        166 |        164 |       0 |    2 |    11 |      0 |      0 |          0 |
|         gen_master_slots[1].reg_slice_mi                                  |     axi_smc_4to4axi_register_slice_v2_1_28_axi_register_slice_2 |        162 |        162 |       0 |    0 |   280 |      0 |      0 |          0 |
|         gen_master_slots[2].gen_mi_read.gen_rid_decoder.rid_decoder_inst  | axi_smc_4to4axi_crossbar_v2_1_29_addr_decoder__parameterized0_3 |          1 |          1 |       0 |    0 |     0 |      0 |      0 |          0 |
|         gen_master_slots[2].gen_mi_write.gen_bid_decoder.bid_decoder_inst | axi_smc_4to4axi_crossbar_v2_1_29_addr_decoder__parameterized0_4 |          1 |          1 |       0 |    0 |     0 |      0 |      0 |          0 |
|         gen_master_slots[2].gen_mi_write.wdata_mux_w                      |                    axi_smc_4to4axi_crossbar_v2_1_29_wdata_mux_5 |        159 |        157 |       0 |    2 |    11 |      0 |      0 |          0 |
|         gen_master_slots[2].reg_slice_mi                                  |     axi_smc_4to4axi_register_slice_v2_1_28_axi_register_slice_6 |        132 |        132 |       0 |    0 |   280 |      0 |      0 |          0 |
|         gen_master_slots[3].gen_mi_read.gen_rid_decoder.rid_decoder_inst  | axi_smc_4to4axi_crossbar_v2_1_29_addr_decoder__parameterized0_7 |          1 |          1 |       0 |    0 |     0 |      0 |      0 |          0 |
|         gen_master_slots[3].gen_mi_write.gen_bid_decoder.bid_decoder_inst | axi_smc_4to4axi_crossbar_v2_1_29_addr_decoder__parameterized0_8 |          1 |          1 |       0 |    0 |     0 |      0 |      0 |          0 |
|         gen_master_slots[3].gen_mi_write.wdata_mux_w                      |                    axi_smc_4to4axi_crossbar_v2_1_29_wdata_mux_9 |        166 |        164 |       0 |    2 |    11 |      0 |      0 |          0 |
|         gen_master_slots[3].reg_slice_mi                                  |    axi_smc_4to4axi_register_slice_v2_1_28_axi_register_slice_10 |        147 |        147 |       0 |    0 |   281 |      0 |      0 |          0 |
|         gen_master_slots[4].gen_mi_write.wdata_mux_w                      |      axi_smc_4to4axi_crossbar_v2_1_29_wdata_mux__parameterized0 |         20 |         18 |       0 |    2 |     9 |      0 |      0 |          0 |
|         gen_master_slots[4].reg_slice_mi                                  |    axi_smc_4to4axi_register_slice_v2_1_28_axi_register_slice_11 |         59 |         59 |       0 |    0 |    19 |      0 |      0 |          0 |
|         gen_slave_slots[0].gen_si_read.si_transactor_ar                   |                  axi_smc_4to4axi_crossbar_v2_1_29_si_transactor |        456 |        456 |       0 |    0 |   175 |      0 |      0 |          0 |
|         gen_slave_slots[0].gen_si_write.si_transactor_aw                  |  axi_smc_4to4axi_crossbar_v2_1_29_si_transactor__parameterized0 |        175 |        175 |       0 |    0 |   159 |      0 |      0 |          0 |
|         gen_slave_slots[0].gen_si_write.splitter_aw_si                    |                       axi_smc_4to4axi_crossbar_v2_1_29_splitter |          5 |          5 |       0 |    0 |     2 |      0 |      0 |          0 |
|         gen_slave_slots[0].gen_si_write.wdata_router_w                    |                   axi_smc_4to4axi_crossbar_v2_1_29_wdata_router |         28 |         25 |       0 |    3 |    13 |      0 |      0 |          0 |
|         gen_slave_slots[1].gen_si_read.si_transactor_ar                   |  axi_smc_4to4axi_crossbar_v2_1_29_si_transactor__parameterized1 |        448 |        448 |       0 |    0 |   175 |      0 |      0 |          0 |
|         gen_slave_slots[1].gen_si_write.si_transactor_aw                  |  axi_smc_4to4axi_crossbar_v2_1_29_si_transactor__parameterized2 |        169 |        169 |       0 |    0 |   159 |      0 |      0 |          0 |
|         gen_slave_slots[1].gen_si_write.splitter_aw_si                    |                    axi_smc_4to4axi_crossbar_v2_1_29_splitter_12 |          5 |          5 |       0 |    0 |     2 |      0 |      0 |          0 |
|         gen_slave_slots[1].gen_si_write.wdata_router_w                    |                axi_smc_4to4axi_crossbar_v2_1_29_wdata_router_13 |         28 |         25 |       0 |    3 |    13 |      0 |      0 |          0 |
|         gen_slave_slots[2].gen_si_read.si_transactor_ar                   |  axi_smc_4to4axi_crossbar_v2_1_29_si_transactor__parameterized3 |        461 |        461 |       0 |    0 |   175 |      0 |      0 |          0 |
|         gen_slave_slots[2].gen_si_write.si_transactor_aw                  |  axi_smc_4to4axi_crossbar_v2_1_29_si_transactor__parameterized4 |        172 |        172 |       0 |    0 |   159 |      0 |      0 |          0 |
|         gen_slave_slots[2].gen_si_write.splitter_aw_si                    |                    axi_smc_4to4axi_crossbar_v2_1_29_splitter_14 |          5 |          5 |       0 |    0 |     2 |      0 |      0 |          0 |
|         gen_slave_slots[2].gen_si_write.wdata_router_w                    |                axi_smc_4to4axi_crossbar_v2_1_29_wdata_router_15 |         33 |         30 |       0 |    3 |    13 |      0 |      0 |          0 |
|         gen_slave_slots[3].gen_si_read.si_transactor_ar                   |  axi_smc_4to4axi_crossbar_v2_1_29_si_transactor__parameterized5 |        453 |        453 |       0 |    0 |   175 |      0 |      0 |          0 |
|         gen_slave_slots[3].gen_si_write.si_transactor_aw                  |  axi_smc_4to4axi_crossbar_v2_1_29_si_transactor__parameterized6 |        174 |        174 |       0 |    0 |   159 |      0 |      0 |          0 |
|         gen_slave_slots[3].gen_si_write.splitter_aw_si                    |                    axi_smc_4to4axi_crossbar_v2_1_29_splitter_16 |          5 |          5 |       0 |    0 |     2 |      0 |      0 |          0 |
|         gen_slave_slots[3].gen_si_write.wdata_router_w                    |                axi_smc_4to4axi_crossbar_v2_1_29_wdata_router_17 |         28 |         25 |       0 |    3 |    13 |      0 |      0 |          0 |
|         splitter_aw_mi                                                    |                    axi_smc_4to4axi_crossbar_v2_1_29_splitter_18 |          1 |          1 |       0 |    0 |     2 |      0 |      0 |          0 |
+---------------------------------------------------------------------------+-----------------------------------------------------------------+------------+------------+---------+------+-------+--------+--------+------------+
* Note: The sum of lower-level cells may be larger than their parent cells total, due to cross-hierarchy LUT combining


