Copyright 1986-2022 Xilinx, Inc. All Rights Reserved. Copyright 2022-2023 Advanced Micro Devices, Inc. All Rights Reserved.
---------------------------------------------------------------------------------------------------------------------------------------------
| Tool Version : Vivado v.2023.1 (win64) Build 3865809 Sun May  7 15:05:29 MDT 2023
| Date         : Thu May  7 10:18:01 2026
| Host         : DESKTOP-73784OM running 64-bit major release  (build 9200)
| Command      : report_utilization -file C:/_Project/FLUX_CNN/Syn/reports_smc/utilization_synth.rpt -hierarchical -hierarchical_depth 4
| Design       : multicore_top_smc
| Device       : xc7k325tffg900-2
| Speed File   : -2
| Design State : Synthesized
---------------------------------------------------------------------------------------------------------------------------------------------

Utilization Design Information

Table of Contents
-----------------
1. Utilization by Hierarchy

1. Utilization by Hierarchy
---------------------------

+---------------------------------------------------------------------------+-----------------------------------------------------------------+------------+------------+---------+------+-------+--------+--------+------------+
|                                  Instance                                 |                              Module                             | Total LUTs | Logic LUTs | LUTRAMs | SRLs |  FFs  | RAMB36 | RAMB18 | DSP Blocks |
+---------------------------------------------------------------------------+-----------------------------------------------------------------+------------+------------+---------+------+-------+--------+--------+------------+
| multicore_top_smc                                                         |                                                           (top) |     162584 |     150450 |   10624 | 1510 | 63732 |    288 |      4 |        320 |
|   (multicore_top_smc)                                                     |                                                           (top) |       9216 |       9216 |       0 |    0 |     0 |      0 |      0 |          0 |
|   gen_core[0].u_core                                                      |                                             core_top__xdcDup__1 |      37212 |      34184 |    2656 |  372 | 15108 |     72 |      1 |         80 |
|     (gen_core[0].u_core)                                                  |                                             core_top__xdcDup__1 |         68 |         68 |       0 |    0 |     0 |      0 |      0 |          0 |
|     g_idma_sg.u_idma_sg                                                   |                                         idma_sg_dispatcher_1675 |        264 |        264 |       0 |    0 |   121 |      0 |      0 |          0 |
|     g_odma_sg.u_odma_sg                                                   |                                         odma_sg_dispatcher_1676 |        161 |        161 |       0 |    0 |   179 |      0 |      0 |          0 |
|     u_axi_dm                                                              |                                                          axi_dm |       3745 |       3357 |      16 |  372 |  3076 |      0 |      0 |          0 |
|       (u_axi_dm)                                                          |                                                          axi_dm |          0 |          0 |       0 |    0 |     0 |      0 |      0 |          0 |
|       U0                                                                  |                                             axi_dmaxi_datamover |       3745 |       3357 |      16 |  372 |  3076 |      0 |      0 |          0 |
|         (U0)                                                              |                                             axi_dmaxi_datamover |          0 |          0 |       0 |    0 |     0 |      0 |      0 |          0 |
|         GEN_MM2S_FULL.I_MM2S_FULL_WRAPPER                                 |                              axi_dmaxi_datamover_mm2s_full_wrap |       1614 |       1440 |       0 |  174 |  1160 |      0 |      0 |          0 |
|         GEN_S2MM_FULL.I_S2MM_FULL_WRAPPER                                 |                              axi_dmaxi_datamover_s2mm_full_wrap |       2131 |       1917 |      16 |  198 |  1916 |      0 |      0 |          0 |
|     u_axi_mux                                                             |                                                  axi_m_mux_1677 |        144 |        144 |       0 |    0 |     6 |      0 |      0 |          0 |
|       u_arbiter                                                           |                                         axi_master_arbiter_2241 |        144 |        144 |       0 |    0 |     6 |      0 |      0 |          0 |
|     u_bias_rf                                                             |                                                    bias_rf_1678 |         22 |         22 |       0 |    0 |   525 |      0 |      0 |          0 |
|     u_cfg                                                                 |                                                   cfg_regs_1679 |       3414 |       3414 |       0 |    0 |  1066 |      0 |      0 |          0 |
|     u_csr_bridge                                                          |                                               axi_lite_csr_1680 |        435 |        435 |       0 |    0 |    62 |      0 |      0 |          0 |
|     u_desc_fifo                                                           |                                                  desc_fifo_1681 |        337 |        185 |     152 |    0 |    22 |      0 |      0 |          0 |
|     u_dfe                                                                 |                                                        dfe_1682 |         48 |         48 |       0 |    0 |   100 |      0 |      0 |          0 |
|     u_ifb                                                                 |                                                 sram_model_1683 |          0 |          0 |       0 |    0 |     0 |      4 |      0 |          0 |
|     u_line_buffer                                                         |                                                line_buffer_1684 |       6004 |       5916 |      88 |    0 |   290 |      0 |      0 |          0 |
|     u_mac_array                                                           |                                                  mac_array_1685 |      14669 |      13301 |    1368 |    0 |  4610 |      0 |      0 |          0 |
|       (u_mac_array)                                                       |                                                  mac_array_1685 |          5 |          5 |       0 |    0 |     2 |      0 |      0 |          0 |
|       gen_col[0].u_col                                                    |                                                    mac_col_1713 |        908 |        824 |      84 |    0 |   288 |      0 |      0 |          0 |
|         (gen_col[0].u_col)                                                |                                                    mac_col_1713 |          0 |          0 |       0 |    0 |    32 |      0 |      0 |          0 |
|         gen_pe[0].u_pe                                                    |                                                     mac_pe_2209 |         43 |         39 |       4 |    0 |    16 |      0 |      0 |          0 |
|         gen_pe[10].u_pe                                                   |                                                     mac_pe_2210 |         42 |         38 |       4 |    0 |    16 |      0 |      0 |          0 |
|         gen_pe[11].u_pe                                                   |                                                     mac_pe_2211 |         94 |         86 |       8 |    0 |    16 |      0 |      0 |          0 |
|         gen_pe[12].u_pe                                                   |                                                     mac_pe_2212 |         38 |         34 |       4 |    0 |    16 |      0 |      0 |          0 |
|         gen_pe[13].u_pe                                                   |                                                     mac_pe_2213 |         81 |         77 |       4 |    0 |    16 |      0 |      0 |          0 |
|         gen_pe[14].u_pe                                                   |                                                     mac_pe_2214 |         77 |         69 |       8 |    0 |    16 |      0 |      0 |          0 |
|         gen_pe[15].u_pe                                                   |                                                     mac_pe_2215 |         38 |         34 |       4 |    0 |    16 |      0 |      0 |          0 |
|         gen_pe[1].u_pe                                                    |                                                     mac_pe_2216 |         42 |         38 |       4 |    0 |    16 |      0 |      0 |          0 |
|         gen_pe[2].u_pe                                                    |                                                     mac_pe_2217 |        120 |        112 |       8 |    0 |    16 |      0 |      0 |          0 |
|         gen_pe[3].u_pe                                                    |                                                     mac_pe_2218 |         38 |         34 |       4 |    0 |    16 |      0 |      0 |          0 |
|         gen_pe[4].u_pe                                                    |                                                     mac_pe_2219 |         43 |         39 |       4 |    0 |    16 |      0 |      0 |          0 |
|         gen_pe[5].u_pe                                                    |                                                     mac_pe_2220 |         76 |         68 |       8 |    0 |    16 |      0 |      0 |          0 |
|         gen_pe[6].u_pe                                                    |                                                     mac_pe_2221 |         38 |         34 |       4 |    0 |    16 |      0 |      0 |          0 |
|         gen_pe[7].u_pe                                                    |                                                     mac_pe_2222 |         46 |         42 |       4 |    0 |    16 |      0 |      0 |          0 |
|         gen_pe[8].u_pe                                                    |                                                     mac_pe_2223 |         77 |         69 |       8 |    0 |    16 |      0 |      0 |          0 |
|         gen_pe[9].u_pe                                                    |                                                     mac_pe_2224 |         36 |         32 |       4 |    0 |    16 |      0 |      0 |          0 |
|       gen_col[10].u_col                                                   |                                                    mac_col_1714 |        908 |        824 |      84 |    0 |   288 |      0 |      0 |          0 |
|         (gen_col[10].u_col)                                               |                                                    mac_col_1714 |          0 |          0 |       0 |    0 |    32 |      0 |      0 |          0 |
|         gen_pe[0].u_pe                                                    |                                                     mac_pe_2177 |         43 |         39 |       4 |    0 |    16 |      0 |      0 |          0 |
|         gen_pe[10].u_pe                                                   |                                                     mac_pe_2178 |         65 |         57 |       8 |    0 |    16 |      0 |      0 |          0 |
|         gen_pe[11].u_pe                                                   |                                                     mac_pe_2179 |         71 |         67 |       4 |    0 |    16 |      0 |      0 |          0 |
|         gen_pe[12].u_pe                                                   |                                                     mac_pe_2180 |         38 |         34 |       4 |    0 |    16 |      0 |      0 |          0 |
|         gen_pe[13].u_pe                                                   |                                                     mac_pe_2181 |        104 |         96 |       8 |    0 |    16 |      0 |      0 |          0 |
|         gen_pe[14].u_pe                                                   |                                                     mac_pe_2182 |         54 |         50 |       4 |    0 |    16 |      0 |      0 |          0 |
|         gen_pe[15].u_pe                                                   |                                                     mac_pe_2183 |         38 |         34 |       4 |    0 |    16 |      0 |      0 |          0 |
|         gen_pe[1].u_pe                                                    |                                                     mac_pe_2184 |         65 |         57 |       8 |    0 |    16 |      0 |      0 |          0 |
|         gen_pe[2].u_pe                                                    |                                                     mac_pe_2185 |         97 |         93 |       4 |    0 |    16 |      0 |      0 |          0 |
|         gen_pe[3].u_pe                                                    |                                                     mac_pe_2186 |         38 |         34 |       4 |    0 |    16 |      0 |      0 |          0 |
|         gen_pe[4].u_pe                                                    |                                                     mac_pe_2187 |         66 |         58 |       8 |    0 |    16 |      0 |      0 |          0 |
|         gen_pe[5].u_pe                                                    |                                                     mac_pe_2188 |         53 |         49 |       4 |    0 |    16 |      0 |      0 |          0 |
|         gen_pe[6].u_pe                                                    |                                                     mac_pe_2189 |         38 |         34 |       4 |    0 |    16 |      0 |      0 |          0 |
|         gen_pe[7].u_pe                                                    |                                                     mac_pe_2190 |         69 |         61 |       8 |    0 |    16 |      0 |      0 |          0 |
|         gen_pe[8].u_pe                                                    |                                                     mac_pe_2191 |         52 |         48 |       4 |    0 |    16 |      0 |      0 |          0 |
|         gen_pe[9].u_pe                                                    |                                                     mac_pe_2192 |         38 |         34 |       4 |    0 |    16 |      0 |      0 |          0 |
|       gen_col[11].u_col                                                   |                                                    mac_col_1715 |        933 |        845 |      88 |    0 |   288 |      0 |      0 |          0 |
|         (gen_col[11].u_col)                                               |                                                    mac_col_1715 |          0 |          0 |       0 |    0 |    32 |      0 |      0 |          0 |
|         gen_pe[0].u_pe                                                    |                                                     mac_pe_2145 |         66 |         58 |       8 |    0 |    16 |      0 |      0 |          0 |
|         gen_pe[10].u_pe                                                   |                                                     mac_pe_2146 |         42 |         38 |       4 |    0 |    16 |      0 |      0 |          0 |
|         gen_pe[11].u_pe                                                   |                                                     mac_pe_2147 |         71 |         67 |       4 |    0 |    16 |      0 |      0 |          0 |
|         gen_pe[12].u_pe                                                   |                                                     mac_pe_2148 |         61 |         53 |       8 |    0 |    16 |      0 |      0 |          0 |
|         gen_pe[13].u_pe                                                   |                                                     mac_pe_2149 |         81 |         77 |       4 |    0 |    16 |      0 |      0 |          0 |
|         gen_pe[14].u_pe                                                   |                                                     mac_pe_2150 |         54 |         50 |       4 |    0 |    16 |      0 |      0 |          0 |
|         gen_pe[15].u_pe                                                   |                                                     mac_pe_2151 |         61 |         53 |       8 |    0 |    16 |      0 |      0 |          0 |
|         gen_pe[1].u_pe                                                    |                                                     mac_pe_2152 |         42 |         38 |       4 |    0 |    16 |      0 |      0 |          0 |
|         gen_pe[2].u_pe                                                    |                                                     mac_pe_2153 |         97 |         93 |       4 |    0 |    16 |      0 |      0 |          0 |
|         gen_pe[3].u_pe                                                    |                                                     mac_pe_2154 |         61 |         53 |       8 |    0 |    16 |      0 |      0 |          0 |
|         gen_pe[4].u_pe                                                    |                                                     mac_pe_2155 |         43 |         39 |       4 |    0 |    16 |      0 |      0 |          0 |
|         gen_pe[5].u_pe                                                    |                                                     mac_pe_2156 |         53 |         49 |       4 |    0 |    16 |      0 |      0 |          0 |
|         gen_pe[6].u_pe                                                    |                                                     mac_pe_2157 |         61 |         53 |       8 |    0 |    16 |      0 |      0 |          0 |
|         gen_pe[7].u_pe                                                    |                                                     mac_pe_2158 |         46 |         42 |       4 |    0 |    16 |      0 |      0 |          0 |
|         gen_pe[8].u_pe                                                    |                                                     mac_pe_2159 |         56 |         52 |       4 |    0 |    16 |      0 |      0 |          0 |
|         gen_pe[9].u_pe                                                    |                                                     mac_pe_2160 |         63 |         55 |       8 |    0 |    16 |      0 |      0 |          0 |
|       gen_col[12].u_col                                                   |                                                    mac_col_1716 |        908 |        824 |      84 |    0 |   288 |      0 |      0 |          0 |
|         (gen_col[12].u_col)                                               |                                                    mac_col_1716 |          0 |          0 |       0 |    0 |    32 |      0 |      0 |          0 |
|         gen_pe[0].u_pe                                                    |                                                     mac_pe_2113 |         43 |         39 |       4 |    0 |    16 |      0 |      0 |          0 |
|         gen_pe[10].u_pe                                                   |                                                     mac_pe_2114 |         42 |         38 |       4 |    0 |    16 |      0 |      0 |          0 |
|         gen_pe[11].u_pe                                                   |                                                     mac_pe_2115 |         94 |         86 |       8 |    0 |    16 |      0 |      0 |          0 |
|         gen_pe[12].u_pe                                                   |                                                     mac_pe_2116 |         38 |         34 |       4 |    0 |    16 |      0 |      0 |          0 |
|         gen_pe[13].u_pe                                                   |                                                     mac_pe_2117 |         81 |         77 |       4 |    0 |    16 |      0 |      0 |          0 |
|         gen_pe[14].u_pe                                                   |                                                     mac_pe_2118 |         77 |         69 |       8 |    0 |    16 |      0 |      0 |          0 |
|         gen_pe[15].u_pe                                                   |                                                     mac_pe_2119 |         38 |         34 |       4 |    0 |    16 |      0 |      0 |          0 |
|         gen_pe[1].u_pe                                                    |                                                     mac_pe_2120 |         42 |         38 |       4 |    0 |    16 |      0 |      0 |          0 |
|         gen_pe[2].u_pe                                                    |                                                     mac_pe_2121 |        120 |        112 |       8 |    0 |    16 |      0 |      0 |          0 |
|         gen_pe[3].u_pe                                                    |                                                     mac_pe_2122 |         38 |         34 |       4 |    0 |    16 |      0 |      0 |          0 |
|         gen_pe[4].u_pe                                                    |                                                     mac_pe_2123 |         43 |         39 |       4 |    0 |    16 |      0 |      0 |          0 |
|         gen_pe[5].u_pe                                                    |                                                     mac_pe_2124 |         76 |         68 |       8 |    0 |    16 |      0 |      0 |          0 |
|         gen_pe[6].u_pe                                                    |                                                     mac_pe_2125 |         38 |         34 |       4 |    0 |    16 |      0 |      0 |          0 |
|         gen_pe[7].u_pe                                                    |                                                     mac_pe_2126 |         46 |         42 |       4 |    0 |    16 |      0 |      0 |          0 |
|         gen_pe[8].u_pe                                                    |                                                     mac_pe_2127 |         77 |         69 |       8 |    0 |    16 |      0 |      0 |          0 |
|         gen_pe[9].u_pe                                                    |                                                     mac_pe_2128 |         36 |         32 |       4 |    0 |    16 |      0 |      0 |          0 |
|       gen_col[13].u_col                                                   |                                                    mac_col_1717 |        908 |        824 |      84 |    0 |   288 |      0 |      0 |          0 |
|         (gen_col[13].u_col)                                               |                                                    mac_col_1717 |          0 |          0 |       0 |    0 |    32 |      0 |      0 |          0 |
|         gen_pe[0].u_pe                                                    |                                                     mac_pe_2081 |         43 |         39 |       4 |    0 |    16 |      0 |      0 |          0 |
|         gen_pe[10].u_pe                                                   |                                                     mac_pe_2082 |         65 |         57 |       8 |    0 |    16 |      0 |      0 |          0 |
|         gen_pe[11].u_pe                                                   |                                                     mac_pe_2083 |         71 |         67 |       4 |    0 |    16 |      0 |      0 |          0 |
|         gen_pe[12].u_pe                                                   |                                                     mac_pe_2084 |         38 |         34 |       4 |    0 |    16 |      0 |      0 |          0 |
|         gen_pe[13].u_pe                                                   |                                                     mac_pe_2085 |        104 |         96 |       8 |    0 |    16 |      0 |      0 |          0 |
|         gen_pe[14].u_pe                                                   |                                                     mac_pe_2086 |         54 |         50 |       4 |    0 |    16 |      0 |      0 |          0 |
|         gen_pe[15].u_pe                                                   |                                                     mac_pe_2087 |         38 |         34 |       4 |    0 |    16 |      0 |      0 |          0 |
|         gen_pe[1].u_pe                                                    |                                                     mac_pe_2088 |         65 |         57 |       8 |    0 |    16 |      0 |      0 |          0 |
|         gen_pe[2].u_pe                                                    |                                                     mac_pe_2089 |         97 |         93 |       4 |    0 |    16 |      0 |      0 |          0 |
|         gen_pe[3].u_pe                                                    |                                                     mac_pe_2090 |         38 |         34 |       4 |    0 |    16 |      0 |      0 |          0 |
|         gen_pe[4].u_pe                                                    |                                                     mac_pe_2091 |         66 |         58 |       8 |    0 |    16 |      0 |      0 |          0 |
|         gen_pe[5].u_pe                                                    |                                                     mac_pe_2092 |         53 |         49 |       4 |    0 |    16 |      0 |      0 |          0 |
|         gen_pe[6].u_pe                                                    |                                                     mac_pe_2093 |         38 |         34 |       4 |    0 |    16 |      0 |      0 |          0 |
|         gen_pe[7].u_pe                                                    |                                                     mac_pe_2094 |         69 |         61 |       8 |    0 |    16 |      0 |      0 |          0 |
|         gen_pe[8].u_pe                                                    |                                                     mac_pe_2095 |         52 |         48 |       4 |    0 |    16 |      0 |      0 |          0 |
|         gen_pe[9].u_pe                                                    |                                                     mac_pe_2096 |         38 |         34 |       4 |    0 |    16 |      0 |      0 |          0 |
|       gen_col[14].u_col                                                   |                                                    mac_col_1718 |        933 |        845 |      88 |    0 |   288 |      0 |      0 |          0 |
|         (gen_col[14].u_col)                                               |                                                    mac_col_1718 |          0 |          0 |       0 |    0 |    32 |      0 |      0 |          0 |
|         gen_pe[0].u_pe                                                    |                                                     mac_pe_2049 |         66 |         58 |       8 |    0 |    16 |      0 |      0 |          0 |
|         gen_pe[10].u_pe                                                   |                                                     mac_pe_2050 |         42 |         38 |       4 |    0 |    16 |      0 |      0 |          0 |
|         gen_pe[11].u_pe                                                   |                                                     mac_pe_2051 |         71 |         67 |       4 |    0 |    16 |      0 |      0 |          0 |
|         gen_pe[12].u_pe                                                   |                                                     mac_pe_2052 |         61 |         53 |       8 |    0 |    16 |      0 |      0 |          0 |
|         gen_pe[13].u_pe                                                   |                                                     mac_pe_2053 |         81 |         77 |       4 |    0 |    16 |      0 |      0 |          0 |
|         gen_pe[14].u_pe                                                   |                                                     mac_pe_2054 |         54 |         50 |       4 |    0 |    16 |      0 |      0 |          0 |
|         gen_pe[15].u_pe                                                   |                                                     mac_pe_2055 |         61 |         53 |       8 |    0 |    16 |      0 |      0 |          0 |
|         gen_pe[1].u_pe                                                    |                                                     mac_pe_2056 |         42 |         38 |       4 |    0 |    16 |      0 |      0 |          0 |
|         gen_pe[2].u_pe                                                    |                                                     mac_pe_2057 |         97 |         93 |       4 |    0 |    16 |      0 |      0 |          0 |
|         gen_pe[3].u_pe                                                    |                                                     mac_pe_2058 |         61 |         53 |       8 |    0 |    16 |      0 |      0 |          0 |
|         gen_pe[4].u_pe                                                    |                                                     mac_pe_2059 |         43 |         39 |       4 |    0 |    16 |      0 |      0 |          0 |
|         gen_pe[5].u_pe                                                    |                                                     mac_pe_2060 |         53 |         49 |       4 |    0 |    16 |      0 |      0 |          0 |
|         gen_pe[6].u_pe                                                    |                                                     mac_pe_2061 |         61 |         53 |       8 |    0 |    16 |      0 |      0 |          0 |
|         gen_pe[7].u_pe                                                    |                                                     mac_pe_2062 |         46 |         42 |       4 |    0 |    16 |      0 |      0 |          0 |
|         gen_pe[8].u_pe                                                    |                                                     mac_pe_2063 |         56 |         52 |       4 |    0 |    16 |      0 |      0 |          0 |
|         gen_pe[9].u_pe                                                    |                                                     mac_pe_2064 |         63 |         55 |       8 |    0 |    16 |      0 |      0 |          0 |
|       gen_col[15].u_col                                                   |                                                    mac_col_1719 |        908 |        824 |      84 |    0 |   288 |      0 |      0 |          0 |
|         (gen_col[15].u_col)                                               |                                                    mac_col_1719 |          0 |          0 |       0 |    0 |    32 |      0 |      0 |          0 |
|         gen_pe[0].u_pe                                                    |                                                     mac_pe_2017 |         43 |         39 |       4 |    0 |    16 |      0 |      0 |          0 |
|         gen_pe[10].u_pe                                                   |                                                     mac_pe_2018 |         42 |         38 |       4 |    0 |    16 |      0 |      0 |          0 |
|         gen_pe[11].u_pe                                                   |                                                     mac_pe_2019 |         94 |         86 |       8 |    0 |    16 |      0 |      0 |          0 |
|         gen_pe[12].u_pe                                                   |                                                     mac_pe_2020 |         38 |         34 |       4 |    0 |    16 |      0 |      0 |          0 |
|         gen_pe[13].u_pe                                                   |                                                     mac_pe_2021 |         81 |         77 |       4 |    0 |    16 |      0 |      0 |          0 |
|         gen_pe[14].u_pe                                                   |                                                     mac_pe_2022 |         77 |         69 |       8 |    0 |    16 |      0 |      0 |          0 |
|         gen_pe[15].u_pe                                                   |                                                     mac_pe_2023 |         38 |         34 |       4 |    0 |    16 |      0 |      0 |          0 |
|         gen_pe[1].u_pe                                                    |                                                     mac_pe_2024 |         42 |         38 |       4 |    0 |    16 |      0 |      0 |          0 |
|         gen_pe[2].u_pe                                                    |                                                     mac_pe_2025 |        120 |        112 |       8 |    0 |    16 |      0 |      0 |          0 |
|         gen_pe[3].u_pe                                                    |                                                     mac_pe_2026 |         38 |         34 |       4 |    0 |    16 |      0 |      0 |          0 |
|         gen_pe[4].u_pe                                                    |                                                     mac_pe_2027 |         43 |         39 |       4 |    0 |    16 |      0 |      0 |          0 |
|         gen_pe[5].u_pe                                                    |                                                     mac_pe_2028 |         76 |         68 |       8 |    0 |    16 |      0 |      0 |          0 |
|         gen_pe[6].u_pe                                                    |                                                     mac_pe_2029 |         38 |         34 |       4 |    0 |    16 |      0 |      0 |          0 |
|         gen_pe[7].u_pe                                                    |                                                     mac_pe_2030 |         46 |         42 |       4 |    0 |    16 |      0 |      0 |          0 |
|         gen_pe[8].u_pe                                                    |                                                     mac_pe_2031 |         77 |         69 |       8 |    0 |    16 |      0 |      0 |          0 |
|         gen_pe[9].u_pe                                                    |                                                     mac_pe_2032 |         36 |         32 |       4 |    0 |    16 |      0 |      0 |          0 |
|       gen_col[1].u_col                                                    |                                                    mac_col_1720 |        908 |        824 |      84 |    0 |   288 |      0 |      0 |          0 |
|         (gen_col[1].u_col)                                                |                                                    mac_col_1720 |          0 |          0 |       0 |    0 |    32 |      0 |      0 |          0 |
|         gen_pe[0].u_pe                                                    |                                                     mac_pe_1985 |         43 |         39 |       4 |    0 |    16 |      0 |      0 |          0 |
|         gen_pe[10].u_pe                                                   |                                                     mac_pe_1986 |         65 |         57 |       8 |    0 |    16 |      0 |      0 |          0 |
|         gen_pe[11].u_pe                                                   |                                                     mac_pe_1987 |         71 |         67 |       4 |    0 |    16 |      0 |      0 |          0 |
|         gen_pe[12].u_pe                                                   |                                                     mac_pe_1988 |         38 |         34 |       4 |    0 |    16 |      0 |      0 |          0 |
|         gen_pe[13].u_pe                                                   |                                                     mac_pe_1989 |        104 |         96 |       8 |    0 |    16 |      0 |      0 |          0 |
|         gen_pe[14].u_pe                                                   |                                                     mac_pe_1990 |         54 |         50 |       4 |    0 |    16 |      0 |      0 |          0 |
|         gen_pe[15].u_pe                                                   |                                                     mac_pe_1991 |         38 |         34 |       4 |    0 |    16 |      0 |      0 |          0 |
|         gen_pe[1].u_pe                                                    |                                                     mac_pe_1992 |         65 |         57 |       8 |    0 |    16 |      0 |      0 |          0 |
|         gen_pe[2].u_pe                                                    |                                                     mac_pe_1993 |         97 |         93 |       4 |    0 |    16 |      0 |      0 |          0 |
|         gen_pe[3].u_pe                                                    |                                                     mac_pe_1994 |         38 |         34 |       4 |    0 |    16 |      0 |      0 |          0 |
|         gen_pe[4].u_pe                                                    |                                                     mac_pe_1995 |         66 |         58 |       8 |    0 |    16 |      0 |      0 |          0 |
|         gen_pe[5].u_pe                                                    |                                                     mac_pe_1996 |         53 |         49 |       4 |    0 |    16 |      0 |      0 |          0 |
|         gen_pe[6].u_pe                                                    |                                                     mac_pe_1997 |         38 |         34 |       4 |    0 |    16 |      0 |      0 |          0 |
|         gen_pe[7].u_pe                                                    |                                                     mac_pe_1998 |         69 |         61 |       8 |    0 |    16 |      0 |      0 |          0 |
|         gen_pe[8].u_pe                                                    |                                                     mac_pe_1999 |         52 |         48 |       4 |    0 |    16 |      0 |      0 |          0 |
|         gen_pe[9].u_pe                                                    |                                                     mac_pe_2000 |         38 |         34 |       4 |    0 |    16 |      0 |      0 |          0 |
|       gen_col[2].u_col                                                    |                                                    mac_col_1721 |        933 |        845 |      88 |    0 |   288 |      0 |      0 |          0 |
|         (gen_col[2].u_col)                                                |                                                    mac_col_1721 |          0 |          0 |       0 |    0 |    32 |      0 |      0 |          0 |
|         gen_pe[0].u_pe                                                    |                                                     mac_pe_1953 |         66 |         58 |       8 |    0 |    16 |      0 |      0 |          0 |
|         gen_pe[10].u_pe                                                   |                                                     mac_pe_1954 |         42 |         38 |       4 |    0 |    16 |      0 |      0 |          0 |
|         gen_pe[11].u_pe                                                   |                                                     mac_pe_1955 |         71 |         67 |       4 |    0 |    16 |      0 |      0 |          0 |
|         gen_pe[12].u_pe                                                   |                                                     mac_pe_1956 |         61 |         53 |       8 |    0 |    16 |      0 |      0 |          0 |
|         gen_pe[13].u_pe                                                   |                                                     mac_pe_1957 |         81 |         77 |       4 |    0 |    16 |      0 |      0 |          0 |
|         gen_pe[14].u_pe                                                   |                                                     mac_pe_1958 |         54 |         50 |       4 |    0 |    16 |      0 |      0 |          0 |
|         gen_pe[15].u_pe                                                   |                                                     mac_pe_1959 |         61 |         53 |       8 |    0 |    16 |      0 |      0 |          0 |
|         gen_pe[1].u_pe                                                    |                                                     mac_pe_1960 |         42 |         38 |       4 |    0 |    16 |      0 |      0 |          0 |
|         gen_pe[2].u_pe                                                    |                                                     mac_pe_1961 |         97 |         93 |       4 |    0 |    16 |      0 |      0 |          0 |
|         gen_pe[3].u_pe                                                    |                                                     mac_pe_1962 |         61 |         53 |       8 |    0 |    16 |      0 |      0 |          0 |
|         gen_pe[4].u_pe                                                    |                                                     mac_pe_1963 |         43 |         39 |       4 |    0 |    16 |      0 |      0 |          0 |
|         gen_pe[5].u_pe                                                    |                                                     mac_pe_1964 |         53 |         49 |       4 |    0 |    16 |      0 |      0 |          0 |
|         gen_pe[6].u_pe                                                    |                                                     mac_pe_1965 |         61 |         53 |       8 |    0 |    16 |      0 |      0 |          0 |
|         gen_pe[7].u_pe                                                    |                                                     mac_pe_1966 |         46 |         42 |       4 |    0 |    16 |      0 |      0 |          0 |
|         gen_pe[8].u_pe                                                    |                                                     mac_pe_1967 |         56 |         52 |       4 |    0 |    16 |      0 |      0 |          0 |
|         gen_pe[9].u_pe                                                    |                                                     mac_pe_1968 |         63 |         55 |       8 |    0 |    16 |      0 |      0 |          0 |
|       gen_col[3].u_col                                                    |                                                    mac_col_1722 |        908 |        824 |      84 |    0 |   288 |      0 |      0 |          0 |
|         (gen_col[3].u_col)                                                |                                                    mac_col_1722 |          0 |          0 |       0 |    0 |    32 |      0 |      0 |          0 |
|         gen_pe[0].u_pe                                                    |                                                     mac_pe_1921 |         43 |         39 |       4 |    0 |    16 |      0 |      0 |          0 |
|         gen_pe[10].u_pe                                                   |                                                     mac_pe_1922 |         42 |         38 |       4 |    0 |    16 |      0 |      0 |          0 |
|         gen_pe[11].u_pe                                                   |                                                     mac_pe_1923 |         94 |         86 |       8 |    0 |    16 |      0 |      0 |          0 |
|         gen_pe[12].u_pe                                                   |                                                     mac_pe_1924 |         38 |         34 |       4 |    0 |    16 |      0 |      0 |          0 |
|         gen_pe[13].u_pe                                                   |                                                     mac_pe_1925 |         81 |         77 |       4 |    0 |    16 |      0 |      0 |          0 |
|         gen_pe[14].u_pe                                                   |                                                     mac_pe_1926 |         77 |         69 |       8 |    0 |    16 |      0 |      0 |          0 |
|         gen_pe[15].u_pe                                                   |                                                     mac_pe_1927 |         38 |         34 |       4 |    0 |    16 |      0 |      0 |          0 |
|         gen_pe[1].u_pe                                                    |                                                     mac_pe_1928 |         42 |         38 |       4 |    0 |    16 |      0 |      0 |          0 |
|         gen_pe[2].u_pe                                                    |                                                     mac_pe_1929 |        120 |        112 |       8 |    0 |    16 |      0 |      0 |          0 |
|         gen_pe[3].u_pe                                                    |                                                     mac_pe_1930 |         38 |         34 |       4 |    0 |    16 |      0 |      0 |          0 |
|         gen_pe[4].u_pe                                                    |                                                     mac_pe_1931 |         43 |         39 |       4 |    0 |    16 |      0 |      0 |          0 |
|         gen_pe[5].u_pe                                                    |                                                     mac_pe_1932 |         76 |         68 |       8 |    0 |    16 |      0 |      0 |          0 |
|         gen_pe[6].u_pe                                                    |                                                     mac_pe_1933 |         38 |         34 |       4 |    0 |    16 |      0 |      0 |          0 |
|         gen_pe[7].u_pe                                                    |                                                     mac_pe_1934 |         46 |         42 |       4 |    0 |    16 |      0 |      0 |          0 |
|         gen_pe[8].u_pe                                                    |                                                     mac_pe_1935 |         77 |         69 |       8 |    0 |    16 |      0 |      0 |          0 |
|         gen_pe[9].u_pe                                                    |                                                     mac_pe_1936 |         36 |         32 |       4 |    0 |    16 |      0 |      0 |          0 |
|       gen_col[4].u_col                                                    |                                                    mac_col_1723 |        908 |        824 |      84 |    0 |   288 |      0 |      0 |          0 |
|         (gen_col[4].u_col)                                                |                                                    mac_col_1723 |          0 |          0 |       0 |    0 |    32 |      0 |      0 |          0 |
|         gen_pe[0].u_pe                                                    |                                                     mac_pe_1889 |         43 |         39 |       4 |    0 |    16 |      0 |      0 |          0 |
|         gen_pe[10].u_pe                                                   |                                                     mac_pe_1890 |         65 |         57 |       8 |    0 |    16 |      0 |      0 |          0 |
|         gen_pe[11].u_pe                                                   |                                                     mac_pe_1891 |         71 |         67 |       4 |    0 |    16 |      0 |      0 |          0 |
|         gen_pe[12].u_pe                                                   |                                                     mac_pe_1892 |         38 |         34 |       4 |    0 |    16 |      0 |      0 |          0 |
|         gen_pe[13].u_pe                                                   |                                                     mac_pe_1893 |        104 |         96 |       8 |    0 |    16 |      0 |      0 |          0 |
|         gen_pe[14].u_pe                                                   |                                                     mac_pe_1894 |         54 |         50 |       4 |    0 |    16 |      0 |      0 |          0 |
|         gen_pe[15].u_pe                                                   |                                                     mac_pe_1895 |         38 |         34 |       4 |    0 |    16 |      0 |      0 |          0 |
|         gen_pe[1].u_pe                                                    |                                                     mac_pe_1896 |         65 |         57 |       8 |    0 |    16 |      0 |      0 |          0 |
|         gen_pe[2].u_pe                                                    |                                                     mac_pe_1897 |         97 |         93 |       4 |    0 |    16 |      0 |      0 |          0 |
|         gen_pe[3].u_pe                                                    |                                                     mac_pe_1898 |         38 |         34 |       4 |    0 |    16 |      0 |      0 |          0 |
|         gen_pe[4].u_pe                                                    |                                                     mac_pe_1899 |         66 |         58 |       8 |    0 |    16 |      0 |      0 |          0 |
|         gen_pe[5].u_pe                                                    |                                                     mac_pe_1900 |         53 |         49 |       4 |    0 |    16 |      0 |      0 |          0 |
|         gen_pe[6].u_pe                                                    |                                                     mac_pe_1901 |         38 |         34 |       4 |    0 |    16 |      0 |      0 |          0 |
|         gen_pe[7].u_pe                                                    |                                                     mac_pe_1902 |         69 |         61 |       8 |    0 |    16 |      0 |      0 |          0 |
|         gen_pe[8].u_pe                                                    |                                                     mac_pe_1903 |         52 |         48 |       4 |    0 |    16 |      0 |      0 |          0 |
|         gen_pe[9].u_pe                                                    |                                                     mac_pe_1904 |         38 |         34 |       4 |    0 |    16 |      0 |      0 |          0 |
|       gen_col[5].u_col                                                    |                                                    mac_col_1724 |        933 |        845 |      88 |    0 |   288 |      0 |      0 |          0 |
|         (gen_col[5].u_col)                                                |                                                    mac_col_1724 |          0 |          0 |       0 |    0 |    32 |      0 |      0 |          0 |
|         gen_pe[0].u_pe                                                    |                                                     mac_pe_1857 |         66 |         58 |       8 |    0 |    16 |      0 |      0 |          0 |
|         gen_pe[10].u_pe                                                   |                                                     mac_pe_1858 |         42 |         38 |       4 |    0 |    16 |      0 |      0 |          0 |
|         gen_pe[11].u_pe                                                   |                                                     mac_pe_1859 |         71 |         67 |       4 |    0 |    16 |      0 |      0 |          0 |
|         gen_pe[12].u_pe                                                   |                                                     mac_pe_1860 |         61 |         53 |       8 |    0 |    16 |      0 |      0 |          0 |
|         gen_pe[13].u_pe                                                   |                                                     mac_pe_1861 |         81 |         77 |       4 |    0 |    16 |      0 |      0 |          0 |
|         gen_pe[14].u_pe                                                   |                                                     mac_pe_1862 |         54 |         50 |       4 |    0 |    16 |      0 |      0 |          0 |
|         gen_pe[15].u_pe                                                   |                                                     mac_pe_1863 |         61 |         53 |       8 |    0 |    16 |      0 |      0 |          0 |
|         gen_pe[1].u_pe                                                    |                                                     mac_pe_1864 |         42 |         38 |       4 |    0 |    16 |      0 |      0 |          0 |
|         gen_pe[2].u_pe                                                    |                                                     mac_pe_1865 |         97 |         93 |       4 |    0 |    16 |      0 |      0 |          0 |
|         gen_pe[3].u_pe                                                    |                                                     mac_pe_1866 |         61 |         53 |       8 |    0 |    16 |      0 |      0 |          0 |
|         gen_pe[4].u_pe                                                    |                                                     mac_pe_1867 |         43 |         39 |       4 |    0 |    16 |      0 |      0 |          0 |
|         gen_pe[5].u_pe                                                    |                                                     mac_pe_1868 |         53 |         49 |       4 |    0 |    16 |      0 |      0 |          0 |
|         gen_pe[6].u_pe                                                    |                                                     mac_pe_1869 |         61 |         53 |       8 |    0 |    16 |      0 |      0 |          0 |
|         gen_pe[7].u_pe                                                    |                                                     mac_pe_1870 |         46 |         42 |       4 |    0 |    16 |      0 |      0 |          0 |
|         gen_pe[8].u_pe                                                    |                                                     mac_pe_1871 |         56 |         52 |       4 |    0 |    16 |      0 |      0 |          0 |
|         gen_pe[9].u_pe                                                    |                                                     mac_pe_1872 |         63 |         55 |       8 |    0 |    16 |      0 |      0 |          0 |
|       gen_col[6].u_col                                                    |                                                    mac_col_1725 |        908 |        824 |      84 |    0 |   288 |      0 |      0 |          0 |
|         (gen_col[6].u_col)                                                |                                                    mac_col_1725 |          0 |          0 |       0 |    0 |    32 |      0 |      0 |          0 |
|         gen_pe[0].u_pe                                                    |                                                     mac_pe_1825 |         43 |         39 |       4 |    0 |    16 |      0 |      0 |          0 |
|         gen_pe[10].u_pe                                                   |                                                     mac_pe_1826 |         42 |         38 |       4 |    0 |    16 |      0 |      0 |          0 |
|         gen_pe[11].u_pe                                                   |                                                     mac_pe_1827 |         94 |         86 |       8 |    0 |    16 |      0 |      0 |          0 |
|         gen_pe[12].u_pe                                                   |                                                     mac_pe_1828 |         38 |         34 |       4 |    0 |    16 |      0 |      0 |          0 |
|         gen_pe[13].u_pe                                                   |                                                     mac_pe_1829 |         81 |         77 |       4 |    0 |    16 |      0 |      0 |          0 |
|         gen_pe[14].u_pe                                                   |                                                     mac_pe_1830 |         77 |         69 |       8 |    0 |    16 |      0 |      0 |          0 |
|         gen_pe[15].u_pe                                                   |                                                     mac_pe_1831 |         38 |         34 |       4 |    0 |    16 |      0 |      0 |          0 |
|         gen_pe[1].u_pe                                                    |                                                     mac_pe_1832 |         42 |         38 |       4 |    0 |    16 |      0 |      0 |          0 |
|         gen_pe[2].u_pe                                                    |                                                     mac_pe_1833 |        120 |        112 |       8 |    0 |    16 |      0 |      0 |          0 |
|         gen_pe[3].u_pe                                                    |                                                     mac_pe_1834 |         38 |         34 |       4 |    0 |    16 |      0 |      0 |          0 |
|         gen_pe[4].u_pe                                                    |                                                     mac_pe_1835 |         43 |         39 |       4 |    0 |    16 |      0 |      0 |          0 |
|         gen_pe[5].u_pe                                                    |                                                     mac_pe_1836 |         76 |         68 |       8 |    0 |    16 |      0 |      0 |          0 |
|         gen_pe[6].u_pe                                                    |                                                     mac_pe_1837 |         38 |         34 |       4 |    0 |    16 |      0 |      0 |          0 |
|         gen_pe[7].u_pe                                                    |                                                     mac_pe_1838 |         46 |         42 |       4 |    0 |    16 |      0 |      0 |          0 |
|         gen_pe[8].u_pe                                                    |                                                     mac_pe_1839 |         77 |         69 |       8 |    0 |    16 |      0 |      0 |          0 |
|         gen_pe[9].u_pe                                                    |                                                     mac_pe_1840 |         36 |         32 |       4 |    0 |    16 |      0 |      0 |          0 |
|       gen_col[7].u_col                                                    |                                                    mac_col_1726 |        908 |        824 |      84 |    0 |   288 |      0 |      0 |          0 |
|         (gen_col[7].u_col)                                                |                                                    mac_col_1726 |          0 |          0 |       0 |    0 |    32 |      0 |      0 |          0 |
|         gen_pe[0].u_pe                                                    |                                                     mac_pe_1793 |         43 |         39 |       4 |    0 |    16 |      0 |      0 |          0 |
|         gen_pe[10].u_pe                                                   |                                                     mac_pe_1794 |         65 |         57 |       8 |    0 |    16 |      0 |      0 |          0 |
|         gen_pe[11].u_pe                                                   |                                                     mac_pe_1795 |         71 |         67 |       4 |    0 |    16 |      0 |      0 |          0 |
|         gen_pe[12].u_pe                                                   |                                                     mac_pe_1796 |         38 |         34 |       4 |    0 |    16 |      0 |      0 |          0 |
|         gen_pe[13].u_pe                                                   |                                                     mac_pe_1797 |        104 |         96 |       8 |    0 |    16 |      0 |      0 |          0 |
|         gen_pe[14].u_pe                                                   |                                                     mac_pe_1798 |         54 |         50 |       4 |    0 |    16 |      0 |      0 |          0 |
|         gen_pe[15].u_pe                                                   |                                                     mac_pe_1799 |         38 |         34 |       4 |    0 |    16 |      0 |      0 |          0 |
|         gen_pe[1].u_pe                                                    |                                                     mac_pe_1800 |         65 |         57 |       8 |    0 |    16 |      0 |      0 |          0 |
|         gen_pe[2].u_pe                                                    |                                                     mac_pe_1801 |         97 |         93 |       4 |    0 |    16 |      0 |      0 |          0 |
|         gen_pe[3].u_pe                                                    |                                                     mac_pe_1802 |         38 |         34 |       4 |    0 |    16 |      0 |      0 |          0 |
|         gen_pe[4].u_pe                                                    |                                                     mac_pe_1803 |         66 |         58 |       8 |    0 |    16 |      0 |      0 |          0 |
|         gen_pe[5].u_pe                                                    |                                                     mac_pe_1804 |         53 |         49 |       4 |    0 |    16 |      0 |      0 |          0 |
|         gen_pe[6].u_pe                                                    |                                                     mac_pe_1805 |         38 |         34 |       4 |    0 |    16 |      0 |      0 |          0 |
|         gen_pe[7].u_pe                                                    |                                                     mac_pe_1806 |         69 |         61 |       8 |    0 |    16 |      0 |      0 |          0 |
|         gen_pe[8].u_pe                                                    |                                                     mac_pe_1807 |         52 |         48 |       4 |    0 |    16 |      0 |      0 |          0 |
|         gen_pe[9].u_pe                                                    |                                                     mac_pe_1808 |         38 |         34 |       4 |    0 |    16 |      0 |      0 |          0 |
|       gen_col[8].u_col                                                    |                                                    mac_col_1727 |        933 |        845 |      88 |    0 |   288 |      0 |      0 |          0 |
|         (gen_col[8].u_col)                                                |                                                    mac_col_1727 |          0 |          0 |       0 |    0 |    32 |      0 |      0 |          0 |
|         gen_pe[0].u_pe                                                    |                                                     mac_pe_1761 |         66 |         58 |       8 |    0 |    16 |      0 |      0 |          0 |
|         gen_pe[10].u_pe                                                   |                                                     mac_pe_1762 |         42 |         38 |       4 |    0 |    16 |      0 |      0 |          0 |
|         gen_pe[11].u_pe                                                   |                                                     mac_pe_1763 |         71 |         67 |       4 |    0 |    16 |      0 |      0 |          0 |
|         gen_pe[12].u_pe                                                   |                                                     mac_pe_1764 |         61 |         53 |       8 |    0 |    16 |      0 |      0 |          0 |
|         gen_pe[13].u_pe                                                   |                                                     mac_pe_1765 |         81 |         77 |       4 |    0 |    16 |      0 |      0 |          0 |
|         gen_pe[14].u_pe                                                   |                                                     mac_pe_1766 |         54 |         50 |       4 |    0 |    16 |      0 |      0 |          0 |
|         gen_pe[15].u_pe                                                   |                                                     mac_pe_1767 |         61 |         53 |       8 |    0 |    16 |      0 |      0 |          0 |
|         gen_pe[1].u_pe                                                    |                                                     mac_pe_1768 |         42 |         38 |       4 |    0 |    16 |      0 |      0 |          0 |
|         gen_pe[2].u_pe                                                    |                                                     mac_pe_1769 |         97 |         93 |       4 |    0 |    16 |      0 |      0 |          0 |
|         gen_pe[3].u_pe                                                    |                                                     mac_pe_1770 |         61 |         53 |       8 |    0 |    16 |      0 |      0 |          0 |
|         gen_pe[4].u_pe                                                    |                                                     mac_pe_1771 |         43 |         39 |       4 |    0 |    16 |      0 |      0 |          0 |
|         gen_pe[5].u_pe                                                    |                                                     mac_pe_1772 |         53 |         49 |       4 |    0 |    16 |      0 |      0 |          0 |
|         gen_pe[6].u_pe                                                    |                                                     mac_pe_1773 |         61 |         53 |       8 |    0 |    16 |      0 |      0 |          0 |
|         gen_pe[7].u_pe                                                    |                                                     mac_pe_1774 |         46 |         42 |       4 |    0 |    16 |      0 |      0 |          0 |
|         gen_pe[8].u_pe                                                    |                                                     mac_pe_1775 |         56 |         52 |       4 |    0 |    16 |      0 |      0 |          0 |
|         gen_pe[9].u_pe                                                    |                                                     mac_pe_1776 |         63 |         55 |       8 |    0 |    16 |      0 |      0 |          0 |
|       gen_col[9].u_col                                                    |                                                    mac_col_1728 |        919 |        831 |      88 |    0 |   288 |      0 |      0 |          0 |
|         (gen_col[9].u_col)                                                |                                                    mac_col_1728 |          0 |          0 |       0 |    0 |    32 |      0 |      0 |          0 |
|         gen_pe[0].u_pe                                                    |                                                     mac_pe_1729 |         43 |         39 |       4 |    0 |    16 |      0 |      0 |          0 |
|         gen_pe[10].u_pe                                                   |                                                     mac_pe_1730 |         42 |         38 |       4 |    0 |    16 |      0 |      0 |          0 |
|         gen_pe[11].u_pe                                                   |                                                     mac_pe_1731 |         94 |         86 |       8 |    0 |    16 |      0 |      0 |          0 |
|         gen_pe[12].u_pe                                                   |                                                     mac_pe_1732 |         38 |         34 |       4 |    0 |    16 |      0 |      0 |          0 |
|         gen_pe[13].u_pe                                                   |                                                     mac_pe_1733 |         81 |         77 |       4 |    0 |    16 |      0 |      0 |          0 |
|         gen_pe[14].u_pe                                                   |                                                     mac_pe_1734 |         77 |         69 |       8 |    0 |    16 |      0 |      0 |          0 |
|         gen_pe[15].u_pe                                                   |                                                     mac_pe_1735 |         38 |         34 |       4 |    0 |    16 |      0 |      0 |          0 |
|         gen_pe[1].u_pe                                                    |                                                     mac_pe_1736 |         42 |         38 |       4 |    0 |    16 |      0 |      0 |          0 |
|         gen_pe[2].u_pe                                                    |                                                     mac_pe_1737 |        120 |        112 |       8 |    0 |    16 |      0 |      0 |          0 |
|         gen_pe[3].u_pe                                                    |                                                     mac_pe_1738 |         38 |         34 |       4 |    0 |    16 |      0 |      0 |          0 |
|         gen_pe[4].u_pe                                                    |                                                     mac_pe_1739 |         43 |         39 |       4 |    0 |    16 |      0 |      0 |          0 |
|         gen_pe[5].u_pe                                                    |                                                     mac_pe_1740 |         76 |         68 |       8 |    0 |    16 |      0 |      0 |          0 |
|         gen_pe[6].u_pe                                                    |                                                     mac_pe_1741 |         38 |         34 |       4 |    0 |    16 |      0 |      0 |          0 |
|         gen_pe[7].u_pe                                                    |                                                     mac_pe_1742 |         46 |         42 |       4 |    0 |    16 |      0 |      0 |          0 |
|         gen_pe[8].u_pe                                                    |                                                     mac_pe_1743 |         77 |         69 |       8 |    0 |    16 |      0 |      0 |          0 |
|         gen_pe[9].u_pe                                                    |                                                     mac_pe_1744 |         47 |         39 |       8 |    0 |    16 |      0 |      0 |          0 |
|     u_mm2s_arb                                                            |                                                   mm2s_arb_1686 |         39 |         31 |       8 |    0 |    20 |      0 |      0 |          0 |
|     u_ofb                                                                 |                                                 sram_model_1687 |          0 |          0 |       0 |    0 |     0 |      4 |      0 |          0 |
|     u_ofb_writer                                                          |                                                 ofb_writer_1688 |       5686 |       5686 |       0 |    0 |  2782 |      0 |      0 |         80 |
|       (u_ofb_writer)                                                      |                                                 ofb_writer_1688 |        148 |        148 |       0 |    0 |  1180 |      0 |      0 |          0 |
|       u_sdp                                                               |                                                        sdp_1712 |       5538 |       5538 |       0 |    0 |  1602 |      0 |      0 |         80 |
|     u_parf_accum                                                          |                                                 parf_accum_1689 |       1608 |        584 |    1024 |    0 |    62 |      0 |      0 |          0 |
|       (u_parf_accum)                                                      |                                                 parf_accum_1689 |         60 |         60 |       0 |    0 |    62 |      0 |      0 |          0 |
|       g_col[0].u_col                                                      |                                                   parf_col_1696 |         96 |         32 |      64 |    0 |     0 |      0 |      0 |          0 |
|       g_col[10].u_col                                                     |                                                   parf_col_1697 |         96 |         32 |      64 |    0 |     0 |      0 |      0 |          0 |
|       g_col[11].u_col                                                     |                                                   parf_col_1698 |         96 |         32 |      64 |    0 |     0 |      0 |      0 |          0 |
|       g_col[12].u_col                                                     |                                                   parf_col_1699 |         96 |         32 |      64 |    0 |     0 |      0 |      0 |          0 |
|       g_col[13].u_col                                                     |                                                   parf_col_1700 |         96 |         32 |      64 |    0 |     0 |      0 |      0 |          0 |
|       g_col[14].u_col                                                     |                                                   parf_col_1701 |         96 |         32 |      64 |    0 |     0 |      0 |      0 |          0 |
|       g_col[15].u_col                                                     |                                                   parf_col_1702 |        108 |         44 |      64 |    0 |     0 |      0 |      0 |          0 |
|       g_col[1].u_col                                                      |                                                   parf_col_1703 |         96 |         32 |      64 |    0 |     0 |      0 |      0 |          0 |
|       g_col[2].u_col                                                      |                                                   parf_col_1704 |         96 |         32 |      64 |    0 |     0 |      0 |      0 |          0 |
|       g_col[3].u_col                                                      |                                                   parf_col_1705 |         96 |         32 |      64 |    0 |     0 |      0 |      0 |          0 |
|       g_col[4].u_col                                                      |                                                   parf_col_1706 |         96 |         32 |      64 |    0 |     0 |      0 |      0 |          0 |
|       g_col[5].u_col                                                      |                                                   parf_col_1707 |         96 |         32 |      64 |    0 |     0 |      0 |      0 |          0 |
|       g_col[6].u_col                                                      |                                                   parf_col_1708 |         96 |         32 |      64 |    0 |     0 |      0 |      0 |          0 |
|       g_col[7].u_col                                                      |                                                   parf_col_1709 |         96 |         32 |      64 |    0 |     0 |      0 |      0 |          0 |
|       g_col[8].u_col                                                      |                                                   parf_col_1710 |         96 |         32 |      64 |    0 |     0 |      0 |      0 |          0 |
|       g_col[9].u_col                                                      |                                                   parf_col_1711 |         96 |         32 |      64 |    0 |     0 |      0 |      0 |          0 |
|     u_rdma                                                                |                                                  rdma_ctrl_1690 |         11 |         11 |       0 |    0 |    14 |      0 |      0 |          0 |
|     u_sequencer                                                           |                                                  sequencer_1691 |        192 |        192 |       0 |    0 |    30 |      0 |      0 |          0 |
|     u_shortcut_bank                                                       |                                 sram_model__parameterized1_1692 |          0 |          0 |       0 |    0 |     0 |      7 |      1 |          0 |
|     u_wb                                                                  |                                 sram_model__parameterized0_1693 |          0 |          0 |       0 |    0 |     0 |     57 |      0 |          0 |
|     u_wdma                                                                |                                                  wdma_ctrl_1694 |       2095 |       2095 |       0 |    0 |  1937 |      0 |      0 |          0 |
|     u_wgt_buffer                                                          |                                                 wgt_buffer_1695 |        221 |        221 |       0 |    0 |   206 |      0 |      0 |          0 |
|   gen_core[1].u_core                                                      |                                             core_top__xdcDup__2 |      37208 |      34180 |    2656 |  372 | 15105 |     72 |      1 |         80 |
|     (gen_core[1].u_core)                                                  |                                             core_top__xdcDup__2 |         68 |         68 |       0 |    0 |     0 |      0 |      0 |          0 |
|     g_idma_sg.u_idma_sg                                                   |                                         idma_sg_dispatcher_1108 |        264 |        264 |       0 |    0 |   121 |      0 |      0 |          0 |
|     g_odma_sg.u_odma_sg                                                   |                                         odma_sg_dispatcher_1109 |        161 |        161 |       0 |    0 |   179 |      0 |      0 |          0 |
|     u_axi_dm                                                              |                                                   axi_dm_HD3813 |       3745 |       3357 |      16 |  372 |  3076 |      0 |      0 |          0 |
|       (u_axi_dm)                                                          |                                                   axi_dm_HD3813 |          0 |          0 |       0 |    0 |     0 |      0 |      0 |          0 |
|       U0                                                                  |                                      axi_dmaxi_datamover_HD3814 |       3745 |       3357 |      16 |  372 |  3076 |      0 |      0 |          0 |
|         (U0)                                                              |                                      axi_dmaxi_datamover_HD3814 |          0 |          0 |       0 |    0 |     0 |      0 |      0 |          0 |
|         GEN_MM2S_FULL.I_MM2S_FULL_WRAPPER                                 |                       axi_dmaxi_datamover_mm2s_full_wrap_HD3815 |       1614 |       1440 |       0 |  174 |  1160 |      0 |      0 |          0 |
|         GEN_S2MM_FULL.I_S2MM_FULL_WRAPPER                                 |                       axi_dmaxi_datamover_s2mm_full_wrap_HD3844 |       2131 |       1917 |      16 |  198 |  1916 |      0 |      0 |          0 |
|     u_axi_mux                                                             |                                                  axi_m_mux_1110 |        144 |        144 |       0 |    0 |     6 |      0 |      0 |          0 |
|       u_arbiter                                                           |                                         axi_master_arbiter_1674 |        144 |        144 |       0 |    0 |     6 |      0 |      0 |          0 |
|     u_bias_rf                                                             |                                                    bias_rf_1111 |         22 |         22 |       0 |    0 |   525 |      0 |      0 |          0 |
|     u_cfg                                                                 |                                                   cfg_regs_1112 |       3414 |       3414 |       0 |    0 |  1066 |      0 |      0 |          0 |
|     u_csr_bridge                                                          |                                               axi_lite_csr_1113 |        435 |        435 |       0 |    0 |    62 |      0 |      0 |          0 |
|     u_desc_fifo                                                           |                                                  desc_fifo_1114 |        337 |        185 |     152 |    0 |    22 |      0 |      0 |          0 |
|     u_dfe                                                                 |                                                        dfe_1115 |         48 |         48 |       0 |    0 |   100 |      0 |      0 |          0 |
|     u_ifb                                                                 |                                                 sram_model_1116 |          0 |          0 |       0 |    0 |     0 |      4 |      0 |          0 |
|     u_line_buffer                                                         |                                                line_buffer_1117 |       6004 |       5916 |      88 |    0 |   290 |      0 |      0 |          0 |
|     u_mac_array                                                           |                                                  mac_array_1118 |      14669 |      13301 |    1368 |    0 |  4610 |      0 |      0 |          0 |
|       (u_mac_array)                                                       |                                                  mac_array_1118 |          5 |          5 |       0 |    0 |     2 |      0 |      0 |          0 |
|       gen_col[0].u_col                                                    |                                                    mac_col_1146 |        908 |        824 |      84 |    0 |   288 |      0 |      0 |          0 |
|         (gen_col[0].u_col)                                                |                                                    mac_col_1146 |          0 |          0 |       0 |    0 |    32 |      0 |      0 |          0 |
|         gen_pe[0].u_pe                                                    |                                                     mac_pe_1642 |         43 |         39 |       4 |    0 |    16 |      0 |      0 |          0 |
|         gen_pe[10].u_pe                                                   |                                                     mac_pe_1643 |         42 |         38 |       4 |    0 |    16 |      0 |      0 |          0 |
|         gen_pe[11].u_pe                                                   |                                                     mac_pe_1644 |         94 |         86 |       8 |    0 |    16 |      0 |      0 |          0 |
|         gen_pe[12].u_pe                                                   |                                                     mac_pe_1645 |         38 |         34 |       4 |    0 |    16 |      0 |      0 |          0 |
|         gen_pe[13].u_pe                                                   |                                                     mac_pe_1646 |         81 |         77 |       4 |    0 |    16 |      0 |      0 |          0 |
|         gen_pe[14].u_pe                                                   |                                                     mac_pe_1647 |         77 |         69 |       8 |    0 |    16 |      0 |      0 |          0 |
|         gen_pe[15].u_pe                                                   |                                                     mac_pe_1648 |         38 |         34 |       4 |    0 |    16 |      0 |      0 |          0 |
|         gen_pe[1].u_pe                                                    |                                                     mac_pe_1649 |         42 |         38 |       4 |    0 |    16 |      0 |      0 |          0 |
|         gen_pe[2].u_pe                                                    |                                                     mac_pe_1650 |        120 |        112 |       8 |    0 |    16 |      0 |      0 |          0 |
|         gen_pe[3].u_pe                                                    |                                                     mac_pe_1651 |         38 |         34 |       4 |    0 |    16 |      0 |      0 |          0 |
|         gen_pe[4].u_pe                                                    |                                                     mac_pe_1652 |         43 |         39 |       4 |    0 |    16 |      0 |      0 |          0 |
|         gen_pe[5].u_pe                                                    |                                                     mac_pe_1653 |         76 |         68 |       8 |    0 |    16 |      0 |      0 |          0 |
|         gen_pe[6].u_pe                                                    |                                                     mac_pe_1654 |         38 |         34 |       4 |    0 |    16 |      0 |      0 |          0 |
|         gen_pe[7].u_pe                                                    |                                                     mac_pe_1655 |         46 |         42 |       4 |    0 |    16 |      0 |      0 |          0 |
|         gen_pe[8].u_pe                                                    |                                                     mac_pe_1656 |         77 |         69 |       8 |    0 |    16 |      0 |      0 |          0 |
|         gen_pe[9].u_pe                                                    |                                                     mac_pe_1657 |         36 |         32 |       4 |    0 |    16 |      0 |      0 |          0 |
|       gen_col[10].u_col                                                   |                                                    mac_col_1147 |        908 |        824 |      84 |    0 |   288 |      0 |      0 |          0 |
|         (gen_col[10].u_col)                                               |                                                    mac_col_1147 |          0 |          0 |       0 |    0 |    32 |      0 |      0 |          0 |
|         gen_pe[0].u_pe                                                    |                                                     mac_pe_1610 |         43 |         39 |       4 |    0 |    16 |      0 |      0 |          0 |
|         gen_pe[10].u_pe                                                   |                                                     mac_pe_1611 |         65 |         57 |       8 |    0 |    16 |      0 |      0 |          0 |
|         gen_pe[11].u_pe                                                   |                                                     mac_pe_1612 |         71 |         67 |       4 |    0 |    16 |      0 |      0 |          0 |
|         gen_pe[12].u_pe                                                   |                                                     mac_pe_1613 |         38 |         34 |       4 |    0 |    16 |      0 |      0 |          0 |
|         gen_pe[13].u_pe                                                   |                                                     mac_pe_1614 |        104 |         96 |       8 |    0 |    16 |      0 |      0 |          0 |
|         gen_pe[14].u_pe                                                   |                                                     mac_pe_1615 |         54 |         50 |       4 |    0 |    16 |      0 |      0 |          0 |
|         gen_pe[15].u_pe                                                   |                                                     mac_pe_1616 |         38 |         34 |       4 |    0 |    16 |      0 |      0 |          0 |
|         gen_pe[1].u_pe                                                    |                                                     mac_pe_1617 |         65 |         57 |       8 |    0 |    16 |      0 |      0 |          0 |
|         gen_pe[2].u_pe                                                    |                                                     mac_pe_1618 |         97 |         93 |       4 |    0 |    16 |      0 |      0 |          0 |
|         gen_pe[3].u_pe                                                    |                                                     mac_pe_1619 |         38 |         34 |       4 |    0 |    16 |      0 |      0 |          0 |
|         gen_pe[4].u_pe                                                    |                                                     mac_pe_1620 |         66 |         58 |       8 |    0 |    16 |      0 |      0 |          0 |
|         gen_pe[5].u_pe                                                    |                                                     mac_pe_1621 |         53 |         49 |       4 |    0 |    16 |      0 |      0 |          0 |
|         gen_pe[6].u_pe                                                    |                                                     mac_pe_1622 |         38 |         34 |       4 |    0 |    16 |      0 |      0 |          0 |
|         gen_pe[7].u_pe                                                    |                                                     mac_pe_1623 |         69 |         61 |       8 |    0 |    16 |      0 |      0 |          0 |
|         gen_pe[8].u_pe                                                    |                                                     mac_pe_1624 |         52 |         48 |       4 |    0 |    16 |      0 |      0 |          0 |
|         gen_pe[9].u_pe                                                    |                                                     mac_pe_1625 |         38 |         34 |       4 |    0 |    16 |      0 |      0 |          0 |
|       gen_col[11].u_col                                                   |                                                    mac_col_1148 |        933 |        845 |      88 |    0 |   288 |      0 |      0 |          0 |
|         (gen_col[11].u_col)                                               |                                                    mac_col_1148 |          0 |          0 |       0 |    0 |    32 |      0 |      0 |          0 |
|         gen_pe[0].u_pe                                                    |                                                     mac_pe_1578 |         66 |         58 |       8 |    0 |    16 |      0 |      0 |          0 |
|         gen_pe[10].u_pe                                                   |                                                     mac_pe_1579 |         42 |         38 |       4 |    0 |    16 |      0 |      0 |          0 |
|         gen_pe[11].u_pe                                                   |                                                     mac_pe_1580 |         71 |         67 |       4 |    0 |    16 |      0 |      0 |          0 |
|         gen_pe[12].u_pe                                                   |                                                     mac_pe_1581 |         61 |         53 |       8 |    0 |    16 |      0 |      0 |          0 |
|         gen_pe[13].u_pe                                                   |                                                     mac_pe_1582 |         81 |         77 |       4 |    0 |    16 |      0 |      0 |          0 |
|         gen_pe[14].u_pe                                                   |                                                     mac_pe_1583 |         54 |         50 |       4 |    0 |    16 |      0 |      0 |          0 |
|         gen_pe[15].u_pe                                                   |                                                     mac_pe_1584 |         61 |         53 |       8 |    0 |    16 |      0 |      0 |          0 |
|         gen_pe[1].u_pe                                                    |                                                     mac_pe_1585 |         42 |         38 |       4 |    0 |    16 |      0 |      0 |          0 |
|         gen_pe[2].u_pe                                                    |                                                     mac_pe_1586 |         97 |         93 |       4 |    0 |    16 |      0 |      0 |          0 |
|         gen_pe[3].u_pe                                                    |                                                     mac_pe_1587 |         61 |         53 |       8 |    0 |    16 |      0 |      0 |          0 |
|         gen_pe[4].u_pe                                                    |                                                     mac_pe_1588 |         43 |         39 |       4 |    0 |    16 |      0 |      0 |          0 |
|         gen_pe[5].u_pe                                                    |                                                     mac_pe_1589 |         53 |         49 |       4 |    0 |    16 |      0 |      0 |          0 |
|         gen_pe[6].u_pe                                                    |                                                     mac_pe_1590 |         61 |         53 |       8 |    0 |    16 |      0 |      0 |          0 |
|         gen_pe[7].u_pe                                                    |                                                     mac_pe_1591 |         46 |         42 |       4 |    0 |    16 |      0 |      0 |          0 |
|         gen_pe[8].u_pe                                                    |                                                     mac_pe_1592 |         56 |         52 |       4 |    0 |    16 |      0 |      0 |          0 |
|         gen_pe[9].u_pe                                                    |                                                     mac_pe_1593 |         63 |         55 |       8 |    0 |    16 |      0 |      0 |          0 |
|       gen_col[12].u_col                                                   |                                                    mac_col_1149 |        908 |        824 |      84 |    0 |   288 |      0 |      0 |          0 |
|         (gen_col[12].u_col)                                               |                                                    mac_col_1149 |          0 |          0 |       0 |    0 |    32 |      0 |      0 |          0 |
|         gen_pe[0].u_pe                                                    |                                                     mac_pe_1546 |         43 |         39 |       4 |    0 |    16 |      0 |      0 |          0 |
|         gen_pe[10].u_pe                                                   |                                                     mac_pe_1547 |         42 |         38 |       4 |    0 |    16 |      0 |      0 |          0 |
|         gen_pe[11].u_pe                                                   |                                                     mac_pe_1548 |         94 |         86 |       8 |    0 |    16 |      0 |      0 |          0 |
|         gen_pe[12].u_pe                                                   |                                                     mac_pe_1549 |         38 |         34 |       4 |    0 |    16 |      0 |      0 |          0 |
|         gen_pe[13].u_pe                                                   |                                                     mac_pe_1550 |         81 |         77 |       4 |    0 |    16 |      0 |      0 |          0 |
|         gen_pe[14].u_pe                                                   |                                                     mac_pe_1551 |         77 |         69 |       8 |    0 |    16 |      0 |      0 |          0 |
|         gen_pe[15].u_pe                                                   |                                                     mac_pe_1552 |         38 |         34 |       4 |    0 |    16 |      0 |      0 |          0 |
|         gen_pe[1].u_pe                                                    |                                                     mac_pe_1553 |         42 |         38 |       4 |    0 |    16 |      0 |      0 |          0 |
|         gen_pe[2].u_pe                                                    |                                                     mac_pe_1554 |        120 |        112 |       8 |    0 |    16 |      0 |      0 |          0 |
|         gen_pe[3].u_pe                                                    |                                                     mac_pe_1555 |         38 |         34 |       4 |    0 |    16 |      0 |      0 |          0 |
|         gen_pe[4].u_pe                                                    |                                                     mac_pe_1556 |         43 |         39 |       4 |    0 |    16 |      0 |      0 |          0 |
|         gen_pe[5].u_pe                                                    |                                                     mac_pe_1557 |         76 |         68 |       8 |    0 |    16 |      0 |      0 |          0 |
|         gen_pe[6].u_pe                                                    |                                                     mac_pe_1558 |         38 |         34 |       4 |    0 |    16 |      0 |      0 |          0 |
|         gen_pe[7].u_pe                                                    |                                                     mac_pe_1559 |         46 |         42 |       4 |    0 |    16 |      0 |      0 |          0 |
|         gen_pe[8].u_pe                                                    |                                                     mac_pe_1560 |         77 |         69 |       8 |    0 |    16 |      0 |      0 |          0 |
|         gen_pe[9].u_pe                                                    |                                                     mac_pe_1561 |         36 |         32 |       4 |    0 |    16 |      0 |      0 |          0 |
|       gen_col[13].u_col                                                   |                                                    mac_col_1150 |        908 |        824 |      84 |    0 |   288 |      0 |      0 |          0 |
|         (gen_col[13].u_col)                                               |                                                    mac_col_1150 |          0 |          0 |       0 |    0 |    32 |      0 |      0 |          0 |
|         gen_pe[0].u_pe                                                    |                                                     mac_pe_1514 |         43 |         39 |       4 |    0 |    16 |      0 |      0 |          0 |
|         gen_pe[10].u_pe                                                   |                                                     mac_pe_1515 |         65 |         57 |       8 |    0 |    16 |      0 |      0 |          0 |
|         gen_pe[11].u_pe                                                   |                                                     mac_pe_1516 |         71 |         67 |       4 |    0 |    16 |      0 |      0 |          0 |
|         gen_pe[12].u_pe                                                   |                                                     mac_pe_1517 |         38 |         34 |       4 |    0 |    16 |      0 |      0 |          0 |
|         gen_pe[13].u_pe                                                   |                                                     mac_pe_1518 |        104 |         96 |       8 |    0 |    16 |      0 |      0 |          0 |
|         gen_pe[14].u_pe                                                   |                                                     mac_pe_1519 |         54 |         50 |       4 |    0 |    16 |      0 |      0 |          0 |
|         gen_pe[15].u_pe                                                   |                                                     mac_pe_1520 |         38 |         34 |       4 |    0 |    16 |      0 |      0 |          0 |
|         gen_pe[1].u_pe                                                    |                                                     mac_pe_1521 |         65 |         57 |       8 |    0 |    16 |      0 |      0 |          0 |
|         gen_pe[2].u_pe                                                    |                                                     mac_pe_1522 |         97 |         93 |       4 |    0 |    16 |      0 |      0 |          0 |
|         gen_pe[3].u_pe                                                    |                                                     mac_pe_1523 |         38 |         34 |       4 |    0 |    16 |      0 |      0 |          0 |
|         gen_pe[4].u_pe                                                    |                                                     mac_pe_1524 |         66 |         58 |       8 |    0 |    16 |      0 |      0 |          0 |
|         gen_pe[5].u_pe                                                    |                                                     mac_pe_1525 |         53 |         49 |       4 |    0 |    16 |      0 |      0 |          0 |
|         gen_pe[6].u_pe                                                    |                                                     mac_pe_1526 |         38 |         34 |       4 |    0 |    16 |      0 |      0 |          0 |
|         gen_pe[7].u_pe                                                    |                                                     mac_pe_1527 |         69 |         61 |       8 |    0 |    16 |      0 |      0 |          0 |
|         gen_pe[8].u_pe                                                    |                                                     mac_pe_1528 |         52 |         48 |       4 |    0 |    16 |      0 |      0 |          0 |
|         gen_pe[9].u_pe                                                    |                                                     mac_pe_1529 |         38 |         34 |       4 |    0 |    16 |      0 |      0 |          0 |
|       gen_col[14].u_col                                                   |                                                    mac_col_1151 |        933 |        845 |      88 |    0 |   288 |      0 |      0 |          0 |
|         (gen_col[14].u_col)                                               |                                                    mac_col_1151 |          0 |          0 |       0 |    0 |    32 |      0 |      0 |          0 |
|         gen_pe[0].u_pe                                                    |                                                     mac_pe_1482 |         66 |         58 |       8 |    0 |    16 |      0 |      0 |          0 |
|         gen_pe[10].u_pe                                                   |                                                     mac_pe_1483 |         42 |         38 |       4 |    0 |    16 |      0 |      0 |          0 |
|         gen_pe[11].u_pe                                                   |                                                     mac_pe_1484 |         71 |         67 |       4 |    0 |    16 |      0 |      0 |          0 |
|         gen_pe[12].u_pe                                                   |                                                     mac_pe_1485 |         61 |         53 |       8 |    0 |    16 |      0 |      0 |          0 |
|         gen_pe[13].u_pe                                                   |                                                     mac_pe_1486 |         81 |         77 |       4 |    0 |    16 |      0 |      0 |          0 |
|         gen_pe[14].u_pe                                                   |                                                     mac_pe_1487 |         54 |         50 |       4 |    0 |    16 |      0 |      0 |          0 |
|         gen_pe[15].u_pe                                                   |                                                     mac_pe_1488 |         61 |         53 |       8 |    0 |    16 |      0 |      0 |          0 |
|         gen_pe[1].u_pe                                                    |                                                     mac_pe_1489 |         42 |         38 |       4 |    0 |    16 |      0 |      0 |          0 |
|         gen_pe[2].u_pe                                                    |                                                     mac_pe_1490 |         97 |         93 |       4 |    0 |    16 |      0 |      0 |          0 |
|         gen_pe[3].u_pe                                                    |                                                     mac_pe_1491 |         61 |         53 |       8 |    0 |    16 |      0 |      0 |          0 |
|         gen_pe[4].u_pe                                                    |                                                     mac_pe_1492 |         43 |         39 |       4 |    0 |    16 |      0 |      0 |          0 |
|         gen_pe[5].u_pe                                                    |                                                     mac_pe_1493 |         53 |         49 |       4 |    0 |    16 |      0 |      0 |          0 |
|         gen_pe[6].u_pe                                                    |                                                     mac_pe_1494 |         61 |         53 |       8 |    0 |    16 |      0 |      0 |          0 |
|         gen_pe[7].u_pe                                                    |                                                     mac_pe_1495 |         46 |         42 |       4 |    0 |    16 |      0 |      0 |          0 |
|         gen_pe[8].u_pe                                                    |                                                     mac_pe_1496 |         56 |         52 |       4 |    0 |    16 |      0 |      0 |          0 |
|         gen_pe[9].u_pe                                                    |                                                     mac_pe_1497 |         63 |         55 |       8 |    0 |    16 |      0 |      0 |          0 |
|       gen_col[15].u_col                                                   |                                                    mac_col_1152 |        908 |        824 |      84 |    0 |   288 |      0 |      0 |          0 |
|         (gen_col[15].u_col)                                               |                                                    mac_col_1152 |          0 |          0 |       0 |    0 |    32 |      0 |      0 |          0 |
|         gen_pe[0].u_pe                                                    |                                                     mac_pe_1450 |         43 |         39 |       4 |    0 |    16 |      0 |      0 |          0 |
|         gen_pe[10].u_pe                                                   |                                                     mac_pe_1451 |         42 |         38 |       4 |    0 |    16 |      0 |      0 |          0 |
|         gen_pe[11].u_pe                                                   |                                                     mac_pe_1452 |         94 |         86 |       8 |    0 |    16 |      0 |      0 |          0 |
|         gen_pe[12].u_pe                                                   |                                                     mac_pe_1453 |         38 |         34 |       4 |    0 |    16 |      0 |      0 |          0 |
|         gen_pe[13].u_pe                                                   |                                                     mac_pe_1454 |         81 |         77 |       4 |    0 |    16 |      0 |      0 |          0 |
|         gen_pe[14].u_pe                                                   |                                                     mac_pe_1455 |         77 |         69 |       8 |    0 |    16 |      0 |      0 |          0 |
|         gen_pe[15].u_pe                                                   |                                                     mac_pe_1456 |         38 |         34 |       4 |    0 |    16 |      0 |      0 |          0 |
|         gen_pe[1].u_pe                                                    |                                                     mac_pe_1457 |         42 |         38 |       4 |    0 |    16 |      0 |      0 |          0 |
|         gen_pe[2].u_pe                                                    |                                                     mac_pe_1458 |        120 |        112 |       8 |    0 |    16 |      0 |      0 |          0 |
|         gen_pe[3].u_pe                                                    |                                                     mac_pe_1459 |         38 |         34 |       4 |    0 |    16 |      0 |      0 |          0 |
|         gen_pe[4].u_pe                                                    |                                                     mac_pe_1460 |         43 |         39 |       4 |    0 |    16 |      0 |      0 |          0 |
|         gen_pe[5].u_pe                                                    |                                                     mac_pe_1461 |         76 |         68 |       8 |    0 |    16 |      0 |      0 |          0 |
|         gen_pe[6].u_pe                                                    |                                                     mac_pe_1462 |         38 |         34 |       4 |    0 |    16 |      0 |      0 |          0 |
|         gen_pe[7].u_pe                                                    |                                                     mac_pe_1463 |         46 |         42 |       4 |    0 |    16 |      0 |      0 |          0 |
|         gen_pe[8].u_pe                                                    |                                                     mac_pe_1464 |         77 |         69 |       8 |    0 |    16 |      0 |      0 |          0 |
|         gen_pe[9].u_pe                                                    |                                                     mac_pe_1465 |         36 |         32 |       4 |    0 |    16 |      0 |      0 |          0 |
|       gen_col[1].u_col                                                    |                                                    mac_col_1153 |        908 |        824 |      84 |    0 |   288 |      0 |      0 |          0 |
|         (gen_col[1].u_col)                                                |                                                    mac_col_1153 |          0 |          0 |       0 |    0 |    32 |      0 |      0 |          0 |
|         gen_pe[0].u_pe                                                    |                                                     mac_pe_1418 |         43 |         39 |       4 |    0 |    16 |      0 |      0 |          0 |
|         gen_pe[10].u_pe                                                   |                                                     mac_pe_1419 |         65 |         57 |       8 |    0 |    16 |      0 |      0 |          0 |
|         gen_pe[11].u_pe                                                   |                                                     mac_pe_1420 |         71 |         67 |       4 |    0 |    16 |      0 |      0 |          0 |
|         gen_pe[12].u_pe                                                   |                                                     mac_pe_1421 |         38 |         34 |       4 |    0 |    16 |      0 |      0 |          0 |
|         gen_pe[13].u_pe                                                   |                                                     mac_pe_1422 |        104 |         96 |       8 |    0 |    16 |      0 |      0 |          0 |
|         gen_pe[14].u_pe                                                   |                                                     mac_pe_1423 |         54 |         50 |       4 |    0 |    16 |      0 |      0 |          0 |
|         gen_pe[15].u_pe                                                   |                                                     mac_pe_1424 |         38 |         34 |       4 |    0 |    16 |      0 |      0 |          0 |
|         gen_pe[1].u_pe                                                    |                                                     mac_pe_1425 |         65 |         57 |       8 |    0 |    16 |      0 |      0 |          0 |
|         gen_pe[2].u_pe                                                    |                                                     mac_pe_1426 |         97 |         93 |       4 |    0 |    16 |      0 |      0 |          0 |
|         gen_pe[3].u_pe                                                    |                                                     mac_pe_1427 |         38 |         34 |       4 |    0 |    16 |      0 |      0 |          0 |
|         gen_pe[4].u_pe                                                    |                                                     mac_pe_1428 |         66 |         58 |       8 |    0 |    16 |      0 |      0 |          0 |
|         gen_pe[5].u_pe                                                    |                                                     mac_pe_1429 |         53 |         49 |       4 |    0 |    16 |      0 |      0 |          0 |
|         gen_pe[6].u_pe                                                    |                                                     mac_pe_1430 |         38 |         34 |       4 |    0 |    16 |      0 |      0 |          0 |
|         gen_pe[7].u_pe                                                    |                                                     mac_pe_1431 |         69 |         61 |       8 |    0 |    16 |      0 |      0 |          0 |
|         gen_pe[8].u_pe                                                    |                                                     mac_pe_1432 |         52 |         48 |       4 |    0 |    16 |      0 |      0 |          0 |
|         gen_pe[9].u_pe                                                    |                                                     mac_pe_1433 |         38 |         34 |       4 |    0 |    16 |      0 |      0 |          0 |
|       gen_col[2].u_col                                                    |                                                    mac_col_1154 |        933 |        845 |      88 |    0 |   288 |      0 |      0 |          0 |
|         (gen_col[2].u_col)                                                |                                                    mac_col_1154 |          0 |          0 |       0 |    0 |    32 |      0 |      0 |          0 |
|         gen_pe[0].u_pe                                                    |                                                     mac_pe_1386 |         66 |         58 |       8 |    0 |    16 |      0 |      0 |          0 |
|         gen_pe[10].u_pe                                                   |                                                     mac_pe_1387 |         42 |         38 |       4 |    0 |    16 |      0 |      0 |          0 |
|         gen_pe[11].u_pe                                                   |                                                     mac_pe_1388 |         71 |         67 |       4 |    0 |    16 |      0 |      0 |          0 |
|         gen_pe[12].u_pe                                                   |                                                     mac_pe_1389 |         61 |         53 |       8 |    0 |    16 |      0 |      0 |          0 |
|         gen_pe[13].u_pe                                                   |                                                     mac_pe_1390 |         81 |         77 |       4 |    0 |    16 |      0 |      0 |          0 |
|         gen_pe[14].u_pe                                                   |                                                     mac_pe_1391 |         54 |         50 |       4 |    0 |    16 |      0 |      0 |          0 |
|         gen_pe[15].u_pe                                                   |                                                     mac_pe_1392 |         61 |         53 |       8 |    0 |    16 |      0 |      0 |          0 |
|         gen_pe[1].u_pe                                                    |                                                     mac_pe_1393 |         42 |         38 |       4 |    0 |    16 |      0 |      0 |          0 |
|         gen_pe[2].u_pe                                                    |                                                     mac_pe_1394 |         97 |         93 |       4 |    0 |    16 |      0 |      0 |          0 |
|         gen_pe[3].u_pe                                                    |                                                     mac_pe_1395 |         61 |         53 |       8 |    0 |    16 |      0 |      0 |          0 |
|         gen_pe[4].u_pe                                                    |                                                     mac_pe_1396 |         43 |         39 |       4 |    0 |    16 |      0 |      0 |          0 |
|         gen_pe[5].u_pe                                                    |                                                     mac_pe_1397 |         53 |         49 |       4 |    0 |    16 |      0 |      0 |          0 |
|         gen_pe[6].u_pe                                                    |                                                     mac_pe_1398 |         61 |         53 |       8 |    0 |    16 |      0 |      0 |          0 |
|         gen_pe[7].u_pe                                                    |                                                     mac_pe_1399 |         46 |         42 |       4 |    0 |    16 |      0 |      0 |          0 |
|         gen_pe[8].u_pe                                                    |                                                     mac_pe_1400 |         56 |         52 |       4 |    0 |    16 |      0 |      0 |          0 |
|         gen_pe[9].u_pe                                                    |                                                     mac_pe_1401 |         63 |         55 |       8 |    0 |    16 |      0 |      0 |          0 |
|       gen_col[3].u_col                                                    |                                                    mac_col_1155 |        908 |        824 |      84 |    0 |   288 |      0 |      0 |          0 |
|         (gen_col[3].u_col)                                                |                                                    mac_col_1155 |          0 |          0 |       0 |    0 |    32 |      0 |      0 |          0 |
|         gen_pe[0].u_pe                                                    |                                                     mac_pe_1354 |         43 |         39 |       4 |    0 |    16 |      0 |      0 |          0 |
|         gen_pe[10].u_pe                                                   |                                                     mac_pe_1355 |         42 |         38 |       4 |    0 |    16 |      0 |      0 |          0 |
|         gen_pe[11].u_pe                                                   |                                                     mac_pe_1356 |         94 |         86 |       8 |    0 |    16 |      0 |      0 |          0 |
|         gen_pe[12].u_pe                                                   |                                                     mac_pe_1357 |         38 |         34 |       4 |    0 |    16 |      0 |      0 |          0 |
|         gen_pe[13].u_pe                                                   |                                                     mac_pe_1358 |         81 |         77 |       4 |    0 |    16 |      0 |      0 |          0 |
|         gen_pe[14].u_pe                                                   |                                                     mac_pe_1359 |         77 |         69 |       8 |    0 |    16 |      0 |      0 |          0 |
|         gen_pe[15].u_pe                                                   |                                                     mac_pe_1360 |         38 |         34 |       4 |    0 |    16 |      0 |      0 |          0 |
|         gen_pe[1].u_pe                                                    |                                                     mac_pe_1361 |         42 |         38 |       4 |    0 |    16 |      0 |      0 |          0 |
|         gen_pe[2].u_pe                                                    |                                                     mac_pe_1362 |        120 |        112 |       8 |    0 |    16 |      0 |      0 |          0 |
|         gen_pe[3].u_pe                                                    |                                                     mac_pe_1363 |         38 |         34 |       4 |    0 |    16 |      0 |      0 |          0 |
|         gen_pe[4].u_pe                                                    |                                                     mac_pe_1364 |         43 |         39 |       4 |    0 |    16 |      0 |      0 |          0 |
|         gen_pe[5].u_pe                                                    |                                                     mac_pe_1365 |         76 |         68 |       8 |    0 |    16 |      0 |      0 |          0 |
|         gen_pe[6].u_pe                                                    |                                                     mac_pe_1366 |         38 |         34 |       4 |    0 |    16 |      0 |      0 |          0 |
|         gen_pe[7].u_pe                                                    |                                                     mac_pe_1367 |         46 |         42 |       4 |    0 |    16 |      0 |      0 |          0 |
|         gen_pe[8].u_pe                                                    |                                                     mac_pe_1368 |         77 |         69 |       8 |    0 |    16 |      0 |      0 |          0 |
|         gen_pe[9].u_pe                                                    |                                                     mac_pe_1369 |         36 |         32 |       4 |    0 |    16 |      0 |      0 |          0 |
|       gen_col[4].u_col                                                    |                                                    mac_col_1156 |        908 |        824 |      84 |    0 |   288 |      0 |      0 |          0 |
|         (gen_col[4].u_col)                                                |                                                    mac_col_1156 |          0 |          0 |       0 |    0 |    32 |      0 |      0 |          0 |
|         gen_pe[0].u_pe                                                    |                                                     mac_pe_1322 |         43 |         39 |       4 |    0 |    16 |      0 |      0 |          0 |
|         gen_pe[10].u_pe                                                   |                                                     mac_pe_1323 |         65 |         57 |       8 |    0 |    16 |      0 |      0 |          0 |
|         gen_pe[11].u_pe                                                   |                                                     mac_pe_1324 |         71 |         67 |       4 |    0 |    16 |      0 |      0 |          0 |
|         gen_pe[12].u_pe                                                   |                                                     mac_pe_1325 |         38 |         34 |       4 |    0 |    16 |      0 |      0 |          0 |
|         gen_pe[13].u_pe                                                   |                                                     mac_pe_1326 |        104 |         96 |       8 |    0 |    16 |      0 |      0 |          0 |
|         gen_pe[14].u_pe                                                   |                                                     mac_pe_1327 |         54 |         50 |       4 |    0 |    16 |      0 |      0 |          0 |
|         gen_pe[15].u_pe                                                   |                                                     mac_pe_1328 |         38 |         34 |       4 |    0 |    16 |      0 |      0 |          0 |
|         gen_pe[1].u_pe                                                    |                                                     mac_pe_1329 |         65 |         57 |       8 |    0 |    16 |      0 |      0 |          0 |
|         gen_pe[2].u_pe                                                    |                                                     mac_pe_1330 |         97 |         93 |       4 |    0 |    16 |      0 |      0 |          0 |
|         gen_pe[3].u_pe                                                    |                                                     mac_pe_1331 |         38 |         34 |       4 |    0 |    16 |      0 |      0 |          0 |
|         gen_pe[4].u_pe                                                    |                                                     mac_pe_1332 |         66 |         58 |       8 |    0 |    16 |      0 |      0 |          0 |
|         gen_pe[5].u_pe                                                    |                                                     mac_pe_1333 |         53 |         49 |       4 |    0 |    16 |      0 |      0 |          0 |
|         gen_pe[6].u_pe                                                    |                                                     mac_pe_1334 |         38 |         34 |       4 |    0 |    16 |      0 |      0 |          0 |
|         gen_pe[7].u_pe                                                    |                                                     mac_pe_1335 |         69 |         61 |       8 |    0 |    16 |      0 |      0 |          0 |
|         gen_pe[8].u_pe                                                    |                                                     mac_pe_1336 |         52 |         48 |       4 |    0 |    16 |      0 |      0 |          0 |
|         gen_pe[9].u_pe                                                    |                                                     mac_pe_1337 |         38 |         34 |       4 |    0 |    16 |      0 |      0 |          0 |
|       gen_col[5].u_col                                                    |                                                    mac_col_1157 |        933 |        845 |      88 |    0 |   288 |      0 |      0 |          0 |
|         (gen_col[5].u_col)                                                |                                                    mac_col_1157 |          0 |          0 |       0 |    0 |    32 |      0 |      0 |          0 |
|         gen_pe[0].u_pe                                                    |                                                     mac_pe_1290 |         66 |         58 |       8 |    0 |    16 |      0 |      0 |          0 |
|         gen_pe[10].u_pe                                                   |                                                     mac_pe_1291 |         42 |         38 |       4 |    0 |    16 |      0 |      0 |          0 |
|         gen_pe[11].u_pe                                                   |                                                     mac_pe_1292 |         71 |         67 |       4 |    0 |    16 |      0 |      0 |          0 |
|         gen_pe[12].u_pe                                                   |                                                     mac_pe_1293 |         61 |         53 |       8 |    0 |    16 |      0 |      0 |          0 |
|         gen_pe[13].u_pe                                                   |                                                     mac_pe_1294 |         81 |         77 |       4 |    0 |    16 |      0 |      0 |          0 |
|         gen_pe[14].u_pe                                                   |                                                     mac_pe_1295 |         54 |         50 |       4 |    0 |    16 |      0 |      0 |          0 |
|         gen_pe[15].u_pe                                                   |                                                     mac_pe_1296 |         61 |         53 |       8 |    0 |    16 |      0 |      0 |          0 |
|         gen_pe[1].u_pe                                                    |                                                     mac_pe_1297 |         42 |         38 |       4 |    0 |    16 |      0 |      0 |          0 |
|         gen_pe[2].u_pe                                                    |                                                     mac_pe_1298 |         97 |         93 |       4 |    0 |    16 |      0 |      0 |          0 |
|         gen_pe[3].u_pe                                                    |                                                     mac_pe_1299 |         61 |         53 |       8 |    0 |    16 |      0 |      0 |          0 |
|         gen_pe[4].u_pe                                                    |                                                     mac_pe_1300 |         43 |         39 |       4 |    0 |    16 |      0 |      0 |          0 |
|         gen_pe[5].u_pe                                                    |                                                     mac_pe_1301 |         53 |         49 |       4 |    0 |    16 |      0 |      0 |          0 |
|         gen_pe[6].u_pe                                                    |                                                     mac_pe_1302 |         61 |         53 |       8 |    0 |    16 |      0 |      0 |          0 |
|         gen_pe[7].u_pe                                                    |                                                     mac_pe_1303 |         46 |         42 |       4 |    0 |    16 |      0 |      0 |          0 |
|         gen_pe[8].u_pe                                                    |                                                     mac_pe_1304 |         56 |         52 |       4 |    0 |    16 |      0 |      0 |          0 |
|         gen_pe[9].u_pe                                                    |                                                     mac_pe_1305 |         63 |         55 |       8 |    0 |    16 |      0 |      0 |          0 |
|       gen_col[6].u_col                                                    |                                                    mac_col_1158 |        908 |        824 |      84 |    0 |   288 |      0 |      0 |          0 |
|         (gen_col[6].u_col)                                                |                                                    mac_col_1158 |          0 |          0 |       0 |    0 |    32 |      0 |      0 |          0 |
|         gen_pe[0].u_pe                                                    |                                                     mac_pe_1258 |         43 |         39 |       4 |    0 |    16 |      0 |      0 |          0 |
|         gen_pe[10].u_pe                                                   |                                                     mac_pe_1259 |         42 |         38 |       4 |    0 |    16 |      0 |      0 |          0 |
|         gen_pe[11].u_pe                                                   |                                                     mac_pe_1260 |         94 |         86 |       8 |    0 |    16 |      0 |      0 |          0 |
|         gen_pe[12].u_pe                                                   |                                                     mac_pe_1261 |         38 |         34 |       4 |    0 |    16 |      0 |      0 |          0 |
|         gen_pe[13].u_pe                                                   |                                                     mac_pe_1262 |         81 |         77 |       4 |    0 |    16 |      0 |      0 |          0 |
|         gen_pe[14].u_pe                                                   |                                                     mac_pe_1263 |         77 |         69 |       8 |    0 |    16 |      0 |      0 |          0 |
|         gen_pe[15].u_pe                                                   |                                                     mac_pe_1264 |         38 |         34 |       4 |    0 |    16 |      0 |      0 |          0 |
|         gen_pe[1].u_pe                                                    |                                                     mac_pe_1265 |         42 |         38 |       4 |    0 |    16 |      0 |      0 |          0 |
|         gen_pe[2].u_pe                                                    |                                                     mac_pe_1266 |        120 |        112 |       8 |    0 |    16 |      0 |      0 |          0 |
|         gen_pe[3].u_pe                                                    |                                                     mac_pe_1267 |         38 |         34 |       4 |    0 |    16 |      0 |      0 |          0 |
|         gen_pe[4].u_pe                                                    |                                                     mac_pe_1268 |         43 |         39 |       4 |    0 |    16 |      0 |      0 |          0 |
|         gen_pe[5].u_pe                                                    |                                                     mac_pe_1269 |         76 |         68 |       8 |    0 |    16 |      0 |      0 |          0 |
|         gen_pe[6].u_pe                                                    |                                                     mac_pe_1270 |         38 |         34 |       4 |    0 |    16 |      0 |      0 |          0 |
|         gen_pe[7].u_pe                                                    |                                                     mac_pe_1271 |         46 |         42 |       4 |    0 |    16 |      0 |      0 |          0 |
|         gen_pe[8].u_pe                                                    |                                                     mac_pe_1272 |         77 |         69 |       8 |    0 |    16 |      0 |      0 |          0 |
|         gen_pe[9].u_pe                                                    |                                                     mac_pe_1273 |         36 |         32 |       4 |    0 |    16 |      0 |      0 |          0 |
|       gen_col[7].u_col                                                    |                                                    mac_col_1159 |        908 |        824 |      84 |    0 |   288 |      0 |      0 |          0 |
|         (gen_col[7].u_col)                                                |                                                    mac_col_1159 |          0 |          0 |       0 |    0 |    32 |      0 |      0 |          0 |
|         gen_pe[0].u_pe                                                    |                                                     mac_pe_1226 |         43 |         39 |       4 |    0 |    16 |      0 |      0 |          0 |
|         gen_pe[10].u_pe                                                   |                                                     mac_pe_1227 |         65 |         57 |       8 |    0 |    16 |      0 |      0 |          0 |
|         gen_pe[11].u_pe                                                   |                                                     mac_pe_1228 |         71 |         67 |       4 |    0 |    16 |      0 |      0 |          0 |
|         gen_pe[12].u_pe                                                   |                                                     mac_pe_1229 |         38 |         34 |       4 |    0 |    16 |      0 |      0 |          0 |
|         gen_pe[13].u_pe                                                   |                                                     mac_pe_1230 |        104 |         96 |       8 |    0 |    16 |      0 |      0 |          0 |
|         gen_pe[14].u_pe                                                   |                                                     mac_pe_1231 |         54 |         50 |       4 |    0 |    16 |      0 |      0 |          0 |
|         gen_pe[15].u_pe                                                   |                                                     mac_pe_1232 |         38 |         34 |       4 |    0 |    16 |      0 |      0 |          0 |
|         gen_pe[1].u_pe                                                    |                                                     mac_pe_1233 |         65 |         57 |       8 |    0 |    16 |      0 |      0 |          0 |
|         gen_pe[2].u_pe                                                    |                                                     mac_pe_1234 |         97 |         93 |       4 |    0 |    16 |      0 |      0 |          0 |
|         gen_pe[3].u_pe                                                    |                                                     mac_pe_1235 |         38 |         34 |       4 |    0 |    16 |      0 |      0 |          0 |
|         gen_pe[4].u_pe                                                    |                                                     mac_pe_1236 |         66 |         58 |       8 |    0 |    16 |      0 |      0 |          0 |
|         gen_pe[5].u_pe                                                    |                                                     mac_pe_1237 |         53 |         49 |       4 |    0 |    16 |      0 |      0 |          0 |
|         gen_pe[6].u_pe                                                    |                                                     mac_pe_1238 |         38 |         34 |       4 |    0 |    16 |      0 |      0 |          0 |
|         gen_pe[7].u_pe                                                    |                                                     mac_pe_1239 |         69 |         61 |       8 |    0 |    16 |      0 |      0 |          0 |
|         gen_pe[8].u_pe                                                    |                                                     mac_pe_1240 |         52 |         48 |       4 |    0 |    16 |      0 |      0 |          0 |
|         gen_pe[9].u_pe                                                    |                                                     mac_pe_1241 |         38 |         34 |       4 |    0 |    16 |      0 |      0 |          0 |
|       gen_col[8].u_col                                                    |                                                    mac_col_1160 |        933 |        845 |      88 |    0 |   288 |      0 |      0 |          0 |
|         (gen_col[8].u_col)                                                |                                                    mac_col_1160 |          0 |          0 |       0 |    0 |    32 |      0 |      0 |          0 |
|         gen_pe[0].u_pe                                                    |                                                     mac_pe_1194 |         66 |         58 |       8 |    0 |    16 |      0 |      0 |          0 |
|         gen_pe[10].u_pe                                                   |                                                     mac_pe_1195 |         42 |         38 |       4 |    0 |    16 |      0 |      0 |          0 |
|         gen_pe[11].u_pe                                                   |                                                     mac_pe_1196 |         71 |         67 |       4 |    0 |    16 |      0 |      0 |          0 |
|         gen_pe[12].u_pe                                                   |                                                     mac_pe_1197 |         61 |         53 |       8 |    0 |    16 |      0 |      0 |          0 |
|         gen_pe[13].u_pe                                                   |                                                     mac_pe_1198 |         81 |         77 |       4 |    0 |    16 |      0 |      0 |          0 |
|         gen_pe[14].u_pe                                                   |                                                     mac_pe_1199 |         54 |         50 |       4 |    0 |    16 |      0 |      0 |          0 |
|         gen_pe[15].u_pe                                                   |                                                     mac_pe_1200 |         61 |         53 |       8 |    0 |    16 |      0 |      0 |          0 |
|         gen_pe[1].u_pe                                                    |                                                     mac_pe_1201 |         42 |         38 |       4 |    0 |    16 |      0 |      0 |          0 |
|         gen_pe[2].u_pe                                                    |                                                     mac_pe_1202 |         97 |         93 |       4 |    0 |    16 |      0 |      0 |          0 |
|         gen_pe[3].u_pe                                                    |                                                     mac_pe_1203 |         61 |         53 |       8 |    0 |    16 |      0 |      0 |          0 |
|         gen_pe[4].u_pe                                                    |                                                     mac_pe_1204 |         43 |         39 |       4 |    0 |    16 |      0 |      0 |          0 |
|         gen_pe[5].u_pe                                                    |                                                     mac_pe_1205 |         53 |         49 |       4 |    0 |    16 |      0 |      0 |          0 |
|         gen_pe[6].u_pe                                                    |                                                     mac_pe_1206 |         61 |         53 |       8 |    0 |    16 |      0 |      0 |          0 |
|         gen_pe[7].u_pe                                                    |                                                     mac_pe_1207 |         46 |         42 |       4 |    0 |    16 |      0 |      0 |          0 |
|         gen_pe[8].u_pe                                                    |                                                     mac_pe_1208 |         56 |         52 |       4 |    0 |    16 |      0 |      0 |          0 |
|         gen_pe[9].u_pe                                                    |                                                     mac_pe_1209 |         63 |         55 |       8 |    0 |    16 |      0 |      0 |          0 |
|       gen_col[9].u_col                                                    |                                                    mac_col_1161 |        919 |        831 |      88 |    0 |   288 |      0 |      0 |          0 |
|         (gen_col[9].u_col)                                                |                                                    mac_col_1161 |          0 |          0 |       0 |    0 |    32 |      0 |      0 |          0 |
|         gen_pe[0].u_pe                                                    |                                                     mac_pe_1162 |         43 |         39 |       4 |    0 |    16 |      0 |      0 |          0 |
|         gen_pe[10].u_pe                                                   |                                                     mac_pe_1163 |         42 |         38 |       4 |    0 |    16 |      0 |      0 |          0 |
|         gen_pe[11].u_pe                                                   |                                                     mac_pe_1164 |         94 |         86 |       8 |    0 |    16 |      0 |      0 |          0 |
|         gen_pe[12].u_pe                                                   |                                                     mac_pe_1165 |         38 |         34 |       4 |    0 |    16 |      0 |      0 |          0 |
|         gen_pe[13].u_pe                                                   |                                                     mac_pe_1166 |         81 |         77 |       4 |    0 |    16 |      0 |      0 |          0 |
|         gen_pe[14].u_pe                                                   |                                                     mac_pe_1167 |         77 |         69 |       8 |    0 |    16 |      0 |      0 |          0 |
|         gen_pe[15].u_pe                                                   |                                                     mac_pe_1168 |         38 |         34 |       4 |    0 |    16 |      0 |      0 |          0 |
|         gen_pe[1].u_pe                                                    |                                                     mac_pe_1169 |         42 |         38 |       4 |    0 |    16 |      0 |      0 |          0 |
|         gen_pe[2].u_pe                                                    |                                                     mac_pe_1170 |        120 |        112 |       8 |    0 |    16 |      0 |      0 |          0 |
|         gen_pe[3].u_pe                                                    |                                                     mac_pe_1171 |         38 |         34 |       4 |    0 |    16 |      0 |      0 |          0 |
|         gen_pe[4].u_pe                                                    |                                                     mac_pe_1172 |         43 |         39 |       4 |    0 |    16 |      0 |      0 |          0 |
|         gen_pe[5].u_pe                                                    |                                                     mac_pe_1173 |         76 |         68 |       8 |    0 |    16 |      0 |      0 |          0 |
|         gen_pe[6].u_pe                                                    |                                                     mac_pe_1174 |         38 |         34 |       4 |    0 |    16 |      0 |      0 |          0 |
|         gen_pe[7].u_pe                                                    |                                                     mac_pe_1175 |         46 |         42 |       4 |    0 |    16 |      0 |      0 |          0 |
|         gen_pe[8].u_pe                                                    |                                                     mac_pe_1176 |         77 |         69 |       8 |    0 |    16 |      0 |      0 |          0 |
|         gen_pe[9].u_pe                                                    |                                                     mac_pe_1177 |         47 |         39 |       8 |    0 |    16 |      0 |      0 |          0 |
|     u_mm2s_arb                                                            |                                                   mm2s_arb_1119 |         39 |         31 |       8 |    0 |    20 |      0 |      0 |          0 |
|     u_ofb                                                                 |                                                 sram_model_1120 |          0 |          0 |       0 |    0 |     0 |      4 |      0 |          0 |
|     u_ofb_writer                                                          |                                                 ofb_writer_1121 |       5686 |       5686 |       0 |    0 |  2782 |      0 |      0 |         80 |
|       (u_ofb_writer)                                                      |                                                 ofb_writer_1121 |        148 |        148 |       0 |    0 |  1180 |      0 |      0 |          0 |
|       u_sdp                                                               |                                                        sdp_1145 |       5538 |       5538 |       0 |    0 |  1602 |      0 |      0 |         80 |
|     u_parf_accum                                                          |                                                 parf_accum_1122 |       1608 |        584 |    1024 |    0 |    62 |      0 |      0 |          0 |
|       (u_parf_accum)                                                      |                                                 parf_accum_1122 |         60 |         60 |       0 |    0 |    62 |      0 |      0 |          0 |
|       g_col[0].u_col                                                      |                                                   parf_col_1129 |         96 |         32 |      64 |    0 |     0 |      0 |      0 |          0 |
|       g_col[10].u_col                                                     |                                                   parf_col_1130 |         96 |         32 |      64 |    0 |     0 |      0 |      0 |          0 |
|       g_col[11].u_col                                                     |                                                   parf_col_1131 |         96 |         32 |      64 |    0 |     0 |      0 |      0 |          0 |
|       g_col[12].u_col                                                     |                                                   parf_col_1132 |         96 |         32 |      64 |    0 |     0 |      0 |      0 |          0 |
|       g_col[13].u_col                                                     |                                                   parf_col_1133 |         96 |         32 |      64 |    0 |     0 |      0 |      0 |          0 |
|       g_col[14].u_col                                                     |                                                   parf_col_1134 |         96 |         32 |      64 |    0 |     0 |      0 |      0 |          0 |
|       g_col[15].u_col                                                     |                                                   parf_col_1135 |        108 |         44 |      64 |    0 |     0 |      0 |      0 |          0 |
|       g_col[1].u_col                                                      |                                                   parf_col_1136 |         96 |         32 |      64 |    0 |     0 |      0 |      0 |          0 |
|       g_col[2].u_col                                                      |                                                   parf_col_1137 |         96 |         32 |      64 |    0 |     0 |      0 |      0 |          0 |
|       g_col[3].u_col                                                      |                                                   parf_col_1138 |         96 |         32 |      64 |    0 |     0 |      0 |      0 |          0 |
|       g_col[4].u_col                                                      |                                                   parf_col_1139 |         96 |         32 |      64 |    0 |     0 |      0 |      0 |          0 |
|       g_col[5].u_col                                                      |                                                   parf_col_1140 |         96 |         32 |      64 |    0 |     0 |      0 |      0 |          0 |
|       g_col[6].u_col                                                      |                                                   parf_col_1141 |         96 |         32 |      64 |    0 |     0 |      0 |      0 |          0 |
|       g_col[7].u_col                                                      |                                                   parf_col_1142 |         96 |         32 |      64 |    0 |     0 |      0 |      0 |          0 |
|       g_col[8].u_col                                                      |                                                   parf_col_1143 |         96 |         32 |      64 |    0 |     0 |      0 |      0 |          0 |
|       g_col[9].u_col                                                      |                                                   parf_col_1144 |         96 |         32 |      64 |    0 |     0 |      0 |      0 |          0 |
|     u_rdma                                                                |                                                  rdma_ctrl_1123 |         11 |         11 |       0 |    0 |    14 |      0 |      0 |          0 |
|     u_sequencer                                                           |                                                  sequencer_1124 |        192 |        192 |       0 |    0 |    30 |      0 |      0 |          0 |
|     u_shortcut_bank                                                       |                                 sram_model__parameterized1_1125 |          0 |          0 |       0 |    0 |     0 |      7 |      1 |          0 |
|     u_wb                                                                  |                                 sram_model__parameterized0_1126 |          0 |          0 |       0 |    0 |     0 |     57 |      0 |          0 |
|     u_wdma                                                                |                                                  wdma_ctrl_1127 |       2095 |       2095 |       0 |    0 |  1937 |      0 |      0 |          0 |
|     u_wgt_buffer                                                          |                                                 wgt_buffer_1128 |        217 |        217 |       0 |    0 |   203 |      0 |      0 |          0 |
|   gen_core[2].u_core                                                      |                                             core_top__xdcDup__3 |      37214 |      34186 |    2656 |  372 | 15109 |     72 |      1 |         80 |
|     (gen_core[2].u_core)                                                  |                                             core_top__xdcDup__3 |         68 |         68 |       0 |    0 |     0 |      0 |      0 |          0 |
|     g_idma_sg.u_idma_sg                                                   |                                          idma_sg_dispatcher_541 |        264 |        264 |       0 |    0 |   121 |      0 |      0 |          0 |
|     g_odma_sg.u_odma_sg                                                   |                                          odma_sg_dispatcher_542 |        161 |        161 |       0 |    0 |   179 |      0 |      0 |          0 |
|     u_axi_dm                                                              |                                                   axi_dm_HD3905 |       3745 |       3357 |      16 |  372 |  3076 |      0 |      0 |          0 |
|       (u_axi_dm)                                                          |                                                   axi_dm_HD3905 |          0 |          0 |       0 |    0 |     0 |      0 |      0 |          0 |
|       U0                                                                  |                                      axi_dmaxi_datamover_HD3906 |       3745 |       3357 |      16 |  372 |  3076 |      0 |      0 |          0 |
|         (U0)                                                              |                                      axi_dmaxi_datamover_HD3906 |          0 |          0 |       0 |    0 |     0 |      0 |      0 |          0 |
|         GEN_MM2S_FULL.I_MM2S_FULL_WRAPPER                                 |                       axi_dmaxi_datamover_mm2s_full_wrap_HD3907 |       1614 |       1440 |       0 |  174 |  1160 |      0 |      0 |          0 |
|         GEN_S2MM_FULL.I_S2MM_FULL_WRAPPER                                 |                       axi_dmaxi_datamover_s2mm_full_wrap_HD3936 |       2131 |       1917 |      16 |  198 |  1916 |      0 |      0 |          0 |
|     u_axi_mux                                                             |                                                   axi_m_mux_543 |        144 |        144 |       0 |    0 |     6 |      0 |      0 |          0 |
|       u_arbiter                                                           |                                         axi_master_arbiter_1107 |        144 |        144 |       0 |    0 |     6 |      0 |      0 |          0 |
|     u_bias_rf                                                             |                                                     bias_rf_544 |         22 |         22 |       0 |    0 |   525 |      0 |      0 |          0 |
|     u_cfg                                                                 |                                                    cfg_regs_545 |       3414 |       3414 |       0 |    0 |  1066 |      0 |      0 |          0 |
|     u_csr_bridge                                                          |                                                axi_lite_csr_546 |        435 |        435 |       0 |    0 |    62 |      0 |      0 |          0 |
|     u_desc_fifo                                                           |                                                   desc_fifo_547 |        337 |        185 |     152 |    0 |    22 |      0 |      0 |          0 |
|     u_dfe                                                                 |                                                         dfe_548 |         48 |         48 |       0 |    0 |   100 |      0 |      0 |          0 |
|     u_ifb                                                                 |                                                  sram_model_549 |          0 |          0 |       0 |    0 |     0 |      4 |      0 |          0 |
|     u_line_buffer                                                         |                                                 line_buffer_550 |       6004 |       5916 |      88 |    0 |   290 |      0 |      0 |          0 |
|     u_mac_array                                                           |                                                   mac_array_551 |      14669 |      13301 |    1368 |    0 |  4610 |      0 |      0 |          0 |
|       (u_mac_array)                                                       |                                                   mac_array_551 |          5 |          5 |       0 |    0 |     2 |      0 |      0 |          0 |
|       gen_col[0].u_col                                                    |                                                     mac_col_579 |        908 |        824 |      84 |    0 |   288 |      0 |      0 |          0 |
|         (gen_col[0].u_col)                                                |                                                     mac_col_579 |          0 |          0 |       0 |    0 |    32 |      0 |      0 |          0 |
|         gen_pe[0].u_pe                                                    |                                                     mac_pe_1075 |         43 |         39 |       4 |    0 |    16 |      0 |      0 |          0 |
|         gen_pe[10].u_pe                                                   |                                                     mac_pe_1076 |         42 |         38 |       4 |    0 |    16 |      0 |      0 |          0 |
|         gen_pe[11].u_pe                                                   |                                                     mac_pe_1077 |         94 |         86 |       8 |    0 |    16 |      0 |      0 |          0 |
|         gen_pe[12].u_pe                                                   |                                                     mac_pe_1078 |         38 |         34 |       4 |    0 |    16 |      0 |      0 |          0 |
|         gen_pe[13].u_pe                                                   |                                                     mac_pe_1079 |         81 |         77 |       4 |    0 |    16 |      0 |      0 |          0 |
|         gen_pe[14].u_pe                                                   |                                                     mac_pe_1080 |         77 |         69 |       8 |    0 |    16 |      0 |      0 |          0 |
|         gen_pe[15].u_pe                                                   |                                                     mac_pe_1081 |         38 |         34 |       4 |    0 |    16 |      0 |      0 |          0 |
|         gen_pe[1].u_pe                                                    |                                                     mac_pe_1082 |         42 |         38 |       4 |    0 |    16 |      0 |      0 |          0 |
|         gen_pe[2].u_pe                                                    |                                                     mac_pe_1083 |        120 |        112 |       8 |    0 |    16 |      0 |      0 |          0 |
|         gen_pe[3].u_pe                                                    |                                                     mac_pe_1084 |         38 |         34 |       4 |    0 |    16 |      0 |      0 |          0 |
|         gen_pe[4].u_pe                                                    |                                                     mac_pe_1085 |         43 |         39 |       4 |    0 |    16 |      0 |      0 |          0 |
|         gen_pe[5].u_pe                                                    |                                                     mac_pe_1086 |         76 |         68 |       8 |    0 |    16 |      0 |      0 |          0 |
|         gen_pe[6].u_pe                                                    |                                                     mac_pe_1087 |         38 |         34 |       4 |    0 |    16 |      0 |      0 |          0 |
|         gen_pe[7].u_pe                                                    |                                                     mac_pe_1088 |         46 |         42 |       4 |    0 |    16 |      0 |      0 |          0 |
|         gen_pe[8].u_pe                                                    |                                                     mac_pe_1089 |         77 |         69 |       8 |    0 |    16 |      0 |      0 |          0 |
|         gen_pe[9].u_pe                                                    |                                                     mac_pe_1090 |         36 |         32 |       4 |    0 |    16 |      0 |      0 |          0 |
|       gen_col[10].u_col                                                   |                                                     mac_col_580 |        908 |        824 |      84 |    0 |   288 |      0 |      0 |          0 |
|         (gen_col[10].u_col)                                               |                                                     mac_col_580 |          0 |          0 |       0 |    0 |    32 |      0 |      0 |          0 |
|         gen_pe[0].u_pe                                                    |                                                     mac_pe_1043 |         43 |         39 |       4 |    0 |    16 |      0 |      0 |          0 |
|         gen_pe[10].u_pe                                                   |                                                     mac_pe_1044 |         65 |         57 |       8 |    0 |    16 |      0 |      0 |          0 |
|         gen_pe[11].u_pe                                                   |                                                     mac_pe_1045 |         71 |         67 |       4 |    0 |    16 |      0 |      0 |          0 |
|         gen_pe[12].u_pe                                                   |                                                     mac_pe_1046 |         38 |         34 |       4 |    0 |    16 |      0 |      0 |          0 |
|         gen_pe[13].u_pe                                                   |                                                     mac_pe_1047 |        104 |         96 |       8 |    0 |    16 |      0 |      0 |          0 |
|         gen_pe[14].u_pe                                                   |                                                     mac_pe_1048 |         54 |         50 |       4 |    0 |    16 |      0 |      0 |          0 |
|         gen_pe[15].u_pe                                                   |                                                     mac_pe_1049 |         38 |         34 |       4 |    0 |    16 |      0 |      0 |          0 |
|         gen_pe[1].u_pe                                                    |                                                     mac_pe_1050 |         65 |         57 |       8 |    0 |    16 |      0 |      0 |          0 |
|         gen_pe[2].u_pe                                                    |                                                     mac_pe_1051 |         97 |         93 |       4 |    0 |    16 |      0 |      0 |          0 |
|         gen_pe[3].u_pe                                                    |                                                     mac_pe_1052 |         38 |         34 |       4 |    0 |    16 |      0 |      0 |          0 |
|         gen_pe[4].u_pe                                                    |                                                     mac_pe_1053 |         66 |         58 |       8 |    0 |    16 |      0 |      0 |          0 |
|         gen_pe[5].u_pe                                                    |                                                     mac_pe_1054 |         53 |         49 |       4 |    0 |    16 |      0 |      0 |          0 |
|         gen_pe[6].u_pe                                                    |                                                     mac_pe_1055 |         38 |         34 |       4 |    0 |    16 |      0 |      0 |          0 |
|         gen_pe[7].u_pe                                                    |                                                     mac_pe_1056 |         69 |         61 |       8 |    0 |    16 |      0 |      0 |          0 |
|         gen_pe[8].u_pe                                                    |                                                     mac_pe_1057 |         52 |         48 |       4 |    0 |    16 |      0 |      0 |          0 |
|         gen_pe[9].u_pe                                                    |                                                     mac_pe_1058 |         38 |         34 |       4 |    0 |    16 |      0 |      0 |          0 |
|       gen_col[11].u_col                                                   |                                                     mac_col_581 |        933 |        845 |      88 |    0 |   288 |      0 |      0 |          0 |
|         (gen_col[11].u_col)                                               |                                                     mac_col_581 |          0 |          0 |       0 |    0 |    32 |      0 |      0 |          0 |
|         gen_pe[0].u_pe                                                    |                                                     mac_pe_1011 |         66 |         58 |       8 |    0 |    16 |      0 |      0 |          0 |
|         gen_pe[10].u_pe                                                   |                                                     mac_pe_1012 |         42 |         38 |       4 |    0 |    16 |      0 |      0 |          0 |
|         gen_pe[11].u_pe                                                   |                                                     mac_pe_1013 |         71 |         67 |       4 |    0 |    16 |      0 |      0 |          0 |
|         gen_pe[12].u_pe                                                   |                                                     mac_pe_1014 |         61 |         53 |       8 |    0 |    16 |      0 |      0 |          0 |
|         gen_pe[13].u_pe                                                   |                                                     mac_pe_1015 |         81 |         77 |       4 |    0 |    16 |      0 |      0 |          0 |
|         gen_pe[14].u_pe                                                   |                                                     mac_pe_1016 |         54 |         50 |       4 |    0 |    16 |      0 |      0 |          0 |
|         gen_pe[15].u_pe                                                   |                                                     mac_pe_1017 |         61 |         53 |       8 |    0 |    16 |      0 |      0 |          0 |
|         gen_pe[1].u_pe                                                    |                                                     mac_pe_1018 |         42 |         38 |       4 |    0 |    16 |      0 |      0 |          0 |
|         gen_pe[2].u_pe                                                    |                                                     mac_pe_1019 |         97 |         93 |       4 |    0 |    16 |      0 |      0 |          0 |
|         gen_pe[3].u_pe                                                    |                                                     mac_pe_1020 |         61 |         53 |       8 |    0 |    16 |      0 |      0 |          0 |
|         gen_pe[4].u_pe                                                    |                                                     mac_pe_1021 |         43 |         39 |       4 |    0 |    16 |      0 |      0 |          0 |
|         gen_pe[5].u_pe                                                    |                                                     mac_pe_1022 |         53 |         49 |       4 |    0 |    16 |      0 |      0 |          0 |
|         gen_pe[6].u_pe                                                    |                                                     mac_pe_1023 |         61 |         53 |       8 |    0 |    16 |      0 |      0 |          0 |
|         gen_pe[7].u_pe                                                    |                                                     mac_pe_1024 |         46 |         42 |       4 |    0 |    16 |      0 |      0 |          0 |
|         gen_pe[8].u_pe                                                    |                                                     mac_pe_1025 |         56 |         52 |       4 |    0 |    16 |      0 |      0 |          0 |
|         gen_pe[9].u_pe                                                    |                                                     mac_pe_1026 |         63 |         55 |       8 |    0 |    16 |      0 |      0 |          0 |
|       gen_col[12].u_col                                                   |                                                     mac_col_582 |        908 |        824 |      84 |    0 |   288 |      0 |      0 |          0 |
|         (gen_col[12].u_col)                                               |                                                     mac_col_582 |          0 |          0 |       0 |    0 |    32 |      0 |      0 |          0 |
|         gen_pe[0].u_pe                                                    |                                                      mac_pe_979 |         43 |         39 |       4 |    0 |    16 |      0 |      0 |          0 |
|         gen_pe[10].u_pe                                                   |                                                      mac_pe_980 |         42 |         38 |       4 |    0 |    16 |      0 |      0 |          0 |
|         gen_pe[11].u_pe                                                   |                                                      mac_pe_981 |         94 |         86 |       8 |    0 |    16 |      0 |      0 |          0 |
|         gen_pe[12].u_pe                                                   |                                                      mac_pe_982 |         38 |         34 |       4 |    0 |    16 |      0 |      0 |          0 |
|         gen_pe[13].u_pe                                                   |                                                      mac_pe_983 |         81 |         77 |       4 |    0 |    16 |      0 |      0 |          0 |
|         gen_pe[14].u_pe                                                   |                                                      mac_pe_984 |         77 |         69 |       8 |    0 |    16 |      0 |      0 |          0 |
|         gen_pe[15].u_pe                                                   |                                                      mac_pe_985 |         38 |         34 |       4 |    0 |    16 |      0 |      0 |          0 |
|         gen_pe[1].u_pe                                                    |                                                      mac_pe_986 |         42 |         38 |       4 |    0 |    16 |      0 |      0 |          0 |
|         gen_pe[2].u_pe                                                    |                                                      mac_pe_987 |        120 |        112 |       8 |    0 |    16 |      0 |      0 |          0 |
|         gen_pe[3].u_pe                                                    |                                                      mac_pe_988 |         38 |         34 |       4 |    0 |    16 |      0 |      0 |          0 |
|         gen_pe[4].u_pe                                                    |                                                      mac_pe_989 |         43 |         39 |       4 |    0 |    16 |      0 |      0 |          0 |
|         gen_pe[5].u_pe                                                    |                                                      mac_pe_990 |         76 |         68 |       8 |    0 |    16 |      0 |      0 |          0 |
|         gen_pe[6].u_pe                                                    |                                                      mac_pe_991 |         38 |         34 |       4 |    0 |    16 |      0 |      0 |          0 |
|         gen_pe[7].u_pe                                                    |                                                      mac_pe_992 |         46 |         42 |       4 |    0 |    16 |      0 |      0 |          0 |
|         gen_pe[8].u_pe                                                    |                                                      mac_pe_993 |         77 |         69 |       8 |    0 |    16 |      0 |      0 |          0 |
|         gen_pe[9].u_pe                                                    |                                                      mac_pe_994 |         36 |         32 |       4 |    0 |    16 |      0 |      0 |          0 |
|       gen_col[13].u_col                                                   |                                                     mac_col_583 |        908 |        824 |      84 |    0 |   288 |      0 |      0 |          0 |
|         (gen_col[13].u_col)                                               |                                                     mac_col_583 |          0 |          0 |       0 |    0 |    32 |      0 |      0 |          0 |
|         gen_pe[0].u_pe                                                    |                                                      mac_pe_947 |         43 |         39 |       4 |    0 |    16 |      0 |      0 |          0 |
|         gen_pe[10].u_pe                                                   |                                                      mac_pe_948 |         65 |         57 |       8 |    0 |    16 |      0 |      0 |          0 |
|         gen_pe[11].u_pe                                                   |                                                      mac_pe_949 |         71 |         67 |       4 |    0 |    16 |      0 |      0 |          0 |
|         gen_pe[12].u_pe                                                   |                                                      mac_pe_950 |         38 |         34 |       4 |    0 |    16 |      0 |      0 |          0 |
|         gen_pe[13].u_pe                                                   |                                                      mac_pe_951 |        104 |         96 |       8 |    0 |    16 |      0 |      0 |          0 |
|         gen_pe[14].u_pe                                                   |                                                      mac_pe_952 |         54 |         50 |       4 |    0 |    16 |      0 |      0 |          0 |
|         gen_pe[15].u_pe                                                   |                                                      mac_pe_953 |         38 |         34 |       4 |    0 |    16 |      0 |      0 |          0 |
|         gen_pe[1].u_pe                                                    |                                                      mac_pe_954 |         65 |         57 |       8 |    0 |    16 |      0 |      0 |          0 |
|         gen_pe[2].u_pe                                                    |                                                      mac_pe_955 |         97 |         93 |       4 |    0 |    16 |      0 |      0 |          0 |
|         gen_pe[3].u_pe                                                    |                                                      mac_pe_956 |         38 |         34 |       4 |    0 |    16 |      0 |      0 |          0 |
|         gen_pe[4].u_pe                                                    |                                                      mac_pe_957 |         66 |         58 |       8 |    0 |    16 |      0 |      0 |          0 |
|         gen_pe[5].u_pe                                                    |                                                      mac_pe_958 |         53 |         49 |       4 |    0 |    16 |      0 |      0 |          0 |
|         gen_pe[6].u_pe                                                    |                                                      mac_pe_959 |         38 |         34 |       4 |    0 |    16 |      0 |      0 |          0 |
|         gen_pe[7].u_pe                                                    |                                                      mac_pe_960 |         69 |         61 |       8 |    0 |    16 |      0 |      0 |          0 |
|         gen_pe[8].u_pe                                                    |                                                      mac_pe_961 |         52 |         48 |       4 |    0 |    16 |      0 |      0 |          0 |
|         gen_pe[9].u_pe                                                    |                                                      mac_pe_962 |         38 |         34 |       4 |    0 |    16 |      0 |      0 |          0 |
|       gen_col[14].u_col                                                   |                                                     mac_col_584 |        933 |        845 |      88 |    0 |   288 |      0 |      0 |          0 |
|         (gen_col[14].u_col)                                               |                                                     mac_col_584 |          0 |          0 |       0 |    0 |    32 |      0 |      0 |          0 |
|         gen_pe[0].u_pe                                                    |                                                      mac_pe_915 |         66 |         58 |       8 |    0 |    16 |      0 |      0 |          0 |
|         gen_pe[10].u_pe                                                   |                                                      mac_pe_916 |         42 |         38 |       4 |    0 |    16 |      0 |      0 |          0 |
|         gen_pe[11].u_pe                                                   |                                                      mac_pe_917 |         71 |         67 |       4 |    0 |    16 |      0 |      0 |          0 |
|         gen_pe[12].u_pe                                                   |                                                      mac_pe_918 |         61 |         53 |       8 |    0 |    16 |      0 |      0 |          0 |
|         gen_pe[13].u_pe                                                   |                                                      mac_pe_919 |         81 |         77 |       4 |    0 |    16 |      0 |      0 |          0 |
|         gen_pe[14].u_pe                                                   |                                                      mac_pe_920 |         54 |         50 |       4 |    0 |    16 |      0 |      0 |          0 |
|         gen_pe[15].u_pe                                                   |                                                      mac_pe_921 |         61 |         53 |       8 |    0 |    16 |      0 |      0 |          0 |
|         gen_pe[1].u_pe                                                    |                                                      mac_pe_922 |         42 |         38 |       4 |    0 |    16 |      0 |      0 |          0 |
|         gen_pe[2].u_pe                                                    |                                                      mac_pe_923 |         97 |         93 |       4 |    0 |    16 |      0 |      0 |          0 |
|         gen_pe[3].u_pe                                                    |                                                      mac_pe_924 |         61 |         53 |       8 |    0 |    16 |      0 |      0 |          0 |
|         gen_pe[4].u_pe                                                    |                                                      mac_pe_925 |         43 |         39 |       4 |    0 |    16 |      0 |      0 |          0 |
|         gen_pe[5].u_pe                                                    |                                                      mac_pe_926 |         53 |         49 |       4 |    0 |    16 |      0 |      0 |          0 |
|         gen_pe[6].u_pe                                                    |                                                      mac_pe_927 |         61 |         53 |       8 |    0 |    16 |      0 |      0 |          0 |
|         gen_pe[7].u_pe                                                    |                                                      mac_pe_928 |         46 |         42 |       4 |    0 |    16 |      0 |      0 |          0 |
|         gen_pe[8].u_pe                                                    |                                                      mac_pe_929 |         56 |         52 |       4 |    0 |    16 |      0 |      0 |          0 |
|         gen_pe[9].u_pe                                                    |                                                      mac_pe_930 |         63 |         55 |       8 |    0 |    16 |      0 |      0 |          0 |
|       gen_col[15].u_col                                                   |                                                     mac_col_585 |        908 |        824 |      84 |    0 |   288 |      0 |      0 |          0 |
|         (gen_col[15].u_col)                                               |                                                     mac_col_585 |          0 |          0 |       0 |    0 |    32 |      0 |      0 |          0 |
|         gen_pe[0].u_pe                                                    |                                                      mac_pe_883 |         43 |         39 |       4 |    0 |    16 |      0 |      0 |          0 |
|         gen_pe[10].u_pe                                                   |                                                      mac_pe_884 |         42 |         38 |       4 |    0 |    16 |      0 |      0 |          0 |
|         gen_pe[11].u_pe                                                   |                                                      mac_pe_885 |         94 |         86 |       8 |    0 |    16 |      0 |      0 |          0 |
|         gen_pe[12].u_pe                                                   |                                                      mac_pe_886 |         38 |         34 |       4 |    0 |    16 |      0 |      0 |          0 |
|         gen_pe[13].u_pe                                                   |                                                      mac_pe_887 |         81 |         77 |       4 |    0 |    16 |      0 |      0 |          0 |
|         gen_pe[14].u_pe                                                   |                                                      mac_pe_888 |         77 |         69 |       8 |    0 |    16 |      0 |      0 |          0 |
|         gen_pe[15].u_pe                                                   |                                                      mac_pe_889 |         38 |         34 |       4 |    0 |    16 |      0 |      0 |          0 |
|         gen_pe[1].u_pe                                                    |                                                      mac_pe_890 |         42 |         38 |       4 |    0 |    16 |      0 |      0 |          0 |
|         gen_pe[2].u_pe                                                    |                                                      mac_pe_891 |        120 |        112 |       8 |    0 |    16 |      0 |      0 |          0 |
|         gen_pe[3].u_pe                                                    |                                                      mac_pe_892 |         38 |         34 |       4 |    0 |    16 |      0 |      0 |          0 |
|         gen_pe[4].u_pe                                                    |                                                      mac_pe_893 |         43 |         39 |       4 |    0 |    16 |      0 |      0 |          0 |
|         gen_pe[5].u_pe                                                    |                                                      mac_pe_894 |         76 |         68 |       8 |    0 |    16 |      0 |      0 |          0 |
|         gen_pe[6].u_pe                                                    |                                                      mac_pe_895 |         38 |         34 |       4 |    0 |    16 |      0 |      0 |          0 |
|         gen_pe[7].u_pe                                                    |                                                      mac_pe_896 |         46 |         42 |       4 |    0 |    16 |      0 |      0 |          0 |
|         gen_pe[8].u_pe                                                    |                                                      mac_pe_897 |         77 |         69 |       8 |    0 |    16 |      0 |      0 |          0 |
|         gen_pe[9].u_pe                                                    |                                                      mac_pe_898 |         36 |         32 |       4 |    0 |    16 |      0 |      0 |          0 |
|       gen_col[1].u_col                                                    |                                                     mac_col_586 |        908 |        824 |      84 |    0 |   288 |      0 |      0 |          0 |
|         (gen_col[1].u_col)                                                |                                                     mac_col_586 |          0 |          0 |       0 |    0 |    32 |      0 |      0 |          0 |
|         gen_pe[0].u_pe                                                    |                                                      mac_pe_851 |         43 |         39 |       4 |    0 |    16 |      0 |      0 |          0 |
|         gen_pe[10].u_pe                                                   |                                                      mac_pe_852 |         65 |         57 |       8 |    0 |    16 |      0 |      0 |          0 |
|         gen_pe[11].u_pe                                                   |                                                      mac_pe_853 |         71 |         67 |       4 |    0 |    16 |      0 |      0 |          0 |
|         gen_pe[12].u_pe                                                   |                                                      mac_pe_854 |         38 |         34 |       4 |    0 |    16 |      0 |      0 |          0 |
|         gen_pe[13].u_pe                                                   |                                                      mac_pe_855 |        104 |         96 |       8 |    0 |    16 |      0 |      0 |          0 |
|         gen_pe[14].u_pe                                                   |                                                      mac_pe_856 |         54 |         50 |       4 |    0 |    16 |      0 |      0 |          0 |
|         gen_pe[15].u_pe                                                   |                                                      mac_pe_857 |         38 |         34 |       4 |    0 |    16 |      0 |      0 |          0 |
|         gen_pe[1].u_pe                                                    |                                                      mac_pe_858 |         65 |         57 |       8 |    0 |    16 |      0 |      0 |          0 |
|         gen_pe[2].u_pe                                                    |                                                      mac_pe_859 |         97 |         93 |       4 |    0 |    16 |      0 |      0 |          0 |
|         gen_pe[3].u_pe                                                    |                                                      mac_pe_860 |         38 |         34 |       4 |    0 |    16 |      0 |      0 |          0 |
|         gen_pe[4].u_pe                                                    |                                                      mac_pe_861 |         66 |         58 |       8 |    0 |    16 |      0 |      0 |          0 |
|         gen_pe[5].u_pe                                                    |                                                      mac_pe_862 |         53 |         49 |       4 |    0 |    16 |      0 |      0 |          0 |
|         gen_pe[6].u_pe                                                    |                                                      mac_pe_863 |         38 |         34 |       4 |    0 |    16 |      0 |      0 |          0 |
|         gen_pe[7].u_pe                                                    |                                                      mac_pe_864 |         69 |         61 |       8 |    0 |    16 |      0 |      0 |          0 |
|         gen_pe[8].u_pe                                                    |                                                      mac_pe_865 |         52 |         48 |       4 |    0 |    16 |      0 |      0 |          0 |
|         gen_pe[9].u_pe                                                    |                                                      mac_pe_866 |         38 |         34 |       4 |    0 |    16 |      0 |      0 |          0 |
|       gen_col[2].u_col                                                    |                                                     mac_col_587 |        933 |        845 |      88 |    0 |   288 |      0 |      0 |          0 |
|         (gen_col[2].u_col)                                                |                                                     mac_col_587 |          0 |          0 |       0 |    0 |    32 |      0 |      0 |          0 |
|         gen_pe[0].u_pe                                                    |                                                      mac_pe_819 |         66 |         58 |       8 |    0 |    16 |      0 |      0 |          0 |
|         gen_pe[10].u_pe                                                   |                                                      mac_pe_820 |         42 |         38 |       4 |    0 |    16 |      0 |      0 |          0 |
|         gen_pe[11].u_pe                                                   |                                                      mac_pe_821 |         71 |         67 |       4 |    0 |    16 |      0 |      0 |          0 |
|         gen_pe[12].u_pe                                                   |                                                      mac_pe_822 |         61 |         53 |       8 |    0 |    16 |      0 |      0 |          0 |
|         gen_pe[13].u_pe                                                   |                                                      mac_pe_823 |         81 |         77 |       4 |    0 |    16 |      0 |      0 |          0 |
|         gen_pe[14].u_pe                                                   |                                                      mac_pe_824 |         54 |         50 |       4 |    0 |    16 |      0 |      0 |          0 |
|         gen_pe[15].u_pe                                                   |                                                      mac_pe_825 |         61 |         53 |       8 |    0 |    16 |      0 |      0 |          0 |
|         gen_pe[1].u_pe                                                    |                                                      mac_pe_826 |         42 |         38 |       4 |    0 |    16 |      0 |      0 |          0 |
|         gen_pe[2].u_pe                                                    |                                                      mac_pe_827 |         97 |         93 |       4 |    0 |    16 |      0 |      0 |          0 |
|         gen_pe[3].u_pe                                                    |                                                      mac_pe_828 |         61 |         53 |       8 |    0 |    16 |      0 |      0 |          0 |
|         gen_pe[4].u_pe                                                    |                                                      mac_pe_829 |         43 |         39 |       4 |    0 |    16 |      0 |      0 |          0 |
|         gen_pe[5].u_pe                                                    |                                                      mac_pe_830 |         53 |         49 |       4 |    0 |    16 |      0 |      0 |          0 |
|         gen_pe[6].u_pe                                                    |                                                      mac_pe_831 |         61 |         53 |       8 |    0 |    16 |      0 |      0 |          0 |
|         gen_pe[7].u_pe                                                    |                                                      mac_pe_832 |         46 |         42 |       4 |    0 |    16 |      0 |      0 |          0 |
|         gen_pe[8].u_pe                                                    |                                                      mac_pe_833 |         56 |         52 |       4 |    0 |    16 |      0 |      0 |          0 |
|         gen_pe[9].u_pe                                                    |                                                      mac_pe_834 |         63 |         55 |       8 |    0 |    16 |      0 |      0 |          0 |
|       gen_col[3].u_col                                                    |                                                     mac_col_588 |        908 |        824 |      84 |    0 |   288 |      0 |      0 |          0 |
|         (gen_col[3].u_col)                                                |                                                     mac_col_588 |          0 |          0 |       0 |    0 |    32 |      0 |      0 |          0 |
|         gen_pe[0].u_pe                                                    |                                                      mac_pe_787 |         43 |         39 |       4 |    0 |    16 |      0 |      0 |          0 |
|         gen_pe[10].u_pe                                                   |                                                      mac_pe_788 |         42 |         38 |       4 |    0 |    16 |      0 |      0 |          0 |
|         gen_pe[11].u_pe                                                   |                                                      mac_pe_789 |         94 |         86 |       8 |    0 |    16 |      0 |      0 |          0 |
|         gen_pe[12].u_pe                                                   |                                                      mac_pe_790 |         38 |         34 |       4 |    0 |    16 |      0 |      0 |          0 |
|         gen_pe[13].u_pe                                                   |                                                      mac_pe_791 |         81 |         77 |       4 |    0 |    16 |      0 |      0 |          0 |
|         gen_pe[14].u_pe                                                   |                                                      mac_pe_792 |         77 |         69 |       8 |    0 |    16 |      0 |      0 |          0 |
|         gen_pe[15].u_pe                                                   |                                                      mac_pe_793 |         38 |         34 |       4 |    0 |    16 |      0 |      0 |          0 |
|         gen_pe[1].u_pe                                                    |                                                      mac_pe_794 |         42 |         38 |       4 |    0 |    16 |      0 |      0 |          0 |
|         gen_pe[2].u_pe                                                    |                                                      mac_pe_795 |        120 |        112 |       8 |    0 |    16 |      0 |      0 |          0 |
|         gen_pe[3].u_pe                                                    |                                                      mac_pe_796 |         38 |         34 |       4 |    0 |    16 |      0 |      0 |          0 |
|         gen_pe[4].u_pe                                                    |                                                      mac_pe_797 |         43 |         39 |       4 |    0 |    16 |      0 |      0 |          0 |
|         gen_pe[5].u_pe                                                    |                                                      mac_pe_798 |         76 |         68 |       8 |    0 |    16 |      0 |      0 |          0 |
|         gen_pe[6].u_pe                                                    |                                                      mac_pe_799 |         38 |         34 |       4 |    0 |    16 |      0 |      0 |          0 |
|         gen_pe[7].u_pe                                                    |                                                      mac_pe_800 |         46 |         42 |       4 |    0 |    16 |      0 |      0 |          0 |
|         gen_pe[8].u_pe                                                    |                                                      mac_pe_801 |         77 |         69 |       8 |    0 |    16 |      0 |      0 |          0 |
|         gen_pe[9].u_pe                                                    |                                                      mac_pe_802 |         36 |         32 |       4 |    0 |    16 |      0 |      0 |          0 |
|       gen_col[4].u_col                                                    |                                                     mac_col_589 |        908 |        824 |      84 |    0 |   288 |      0 |      0 |          0 |
|         (gen_col[4].u_col)                                                |                                                     mac_col_589 |          0 |          0 |       0 |    0 |    32 |      0 |      0 |          0 |
|         gen_pe[0].u_pe                                                    |                                                      mac_pe_755 |         43 |         39 |       4 |    0 |    16 |      0 |      0 |          0 |
|         gen_pe[10].u_pe                                                   |                                                      mac_pe_756 |         65 |         57 |       8 |    0 |    16 |      0 |      0 |          0 |
|         gen_pe[11].u_pe                                                   |                                                      mac_pe_757 |         71 |         67 |       4 |    0 |    16 |      0 |      0 |          0 |
|         gen_pe[12].u_pe                                                   |                                                      mac_pe_758 |         38 |         34 |       4 |    0 |    16 |      0 |      0 |          0 |
|         gen_pe[13].u_pe                                                   |                                                      mac_pe_759 |        104 |         96 |       8 |    0 |    16 |      0 |      0 |          0 |
|         gen_pe[14].u_pe                                                   |                                                      mac_pe_760 |         54 |         50 |       4 |    0 |    16 |      0 |      0 |          0 |
|         gen_pe[15].u_pe                                                   |                                                      mac_pe_761 |         38 |         34 |       4 |    0 |    16 |      0 |      0 |          0 |
|         gen_pe[1].u_pe                                                    |                                                      mac_pe_762 |         65 |         57 |       8 |    0 |    16 |      0 |      0 |          0 |
|         gen_pe[2].u_pe                                                    |                                                      mac_pe_763 |         97 |         93 |       4 |    0 |    16 |      0 |      0 |          0 |
|         gen_pe[3].u_pe                                                    |                                                      mac_pe_764 |         38 |         34 |       4 |    0 |    16 |      0 |      0 |          0 |
|         gen_pe[4].u_pe                                                    |                                                      mac_pe_765 |         66 |         58 |       8 |    0 |    16 |      0 |      0 |          0 |
|         gen_pe[5].u_pe                                                    |                                                      mac_pe_766 |         53 |         49 |       4 |    0 |    16 |      0 |      0 |          0 |
|         gen_pe[6].u_pe                                                    |                                                      mac_pe_767 |         38 |         34 |       4 |    0 |    16 |      0 |      0 |          0 |
|         gen_pe[7].u_pe                                                    |                                                      mac_pe_768 |         69 |         61 |       8 |    0 |    16 |      0 |      0 |          0 |
|         gen_pe[8].u_pe                                                    |                                                      mac_pe_769 |         52 |         48 |       4 |    0 |    16 |      0 |      0 |          0 |
|         gen_pe[9].u_pe                                                    |                                                      mac_pe_770 |         38 |         34 |       4 |    0 |    16 |      0 |      0 |          0 |
|       gen_col[5].u_col                                                    |                                                     mac_col_590 |        933 |        845 |      88 |    0 |   288 |      0 |      0 |          0 |
|         (gen_col[5].u_col)                                                |                                                     mac_col_590 |          0 |          0 |       0 |    0 |    32 |      0 |      0 |          0 |
|         gen_pe[0].u_pe                                                    |                                                      mac_pe_723 |         66 |         58 |       8 |    0 |    16 |      0 |      0 |          0 |
|         gen_pe[10].u_pe                                                   |                                                      mac_pe_724 |         42 |         38 |       4 |    0 |    16 |      0 |      0 |          0 |
|         gen_pe[11].u_pe                                                   |                                                      mac_pe_725 |         71 |         67 |       4 |    0 |    16 |      0 |      0 |          0 |
|         gen_pe[12].u_pe                                                   |                                                      mac_pe_726 |         61 |         53 |       8 |    0 |    16 |      0 |      0 |          0 |
|         gen_pe[13].u_pe                                                   |                                                      mac_pe_727 |         81 |         77 |       4 |    0 |    16 |      0 |      0 |          0 |
|         gen_pe[14].u_pe                                                   |                                                      mac_pe_728 |         54 |         50 |       4 |    0 |    16 |      0 |      0 |          0 |
|         gen_pe[15].u_pe                                                   |                                                      mac_pe_729 |         61 |         53 |       8 |    0 |    16 |      0 |      0 |          0 |
|         gen_pe[1].u_pe                                                    |                                                      mac_pe_730 |         42 |         38 |       4 |    0 |    16 |      0 |      0 |          0 |
|         gen_pe[2].u_pe                                                    |                                                      mac_pe_731 |         97 |         93 |       4 |    0 |    16 |      0 |      0 |          0 |
|         gen_pe[3].u_pe                                                    |                                                      mac_pe_732 |         61 |         53 |       8 |    0 |    16 |      0 |      0 |          0 |
|         gen_pe[4].u_pe                                                    |                                                      mac_pe_733 |         43 |         39 |       4 |    0 |    16 |      0 |      0 |          0 |
|         gen_pe[5].u_pe                                                    |                                                      mac_pe_734 |         53 |         49 |       4 |    0 |    16 |      0 |      0 |          0 |
|         gen_pe[6].u_pe                                                    |                                                      mac_pe_735 |         61 |         53 |       8 |    0 |    16 |      0 |      0 |          0 |
|         gen_pe[7].u_pe                                                    |                                                      mac_pe_736 |         46 |         42 |       4 |    0 |    16 |      0 |      0 |          0 |
|         gen_pe[8].u_pe                                                    |                                                      mac_pe_737 |         56 |         52 |       4 |    0 |    16 |      0 |      0 |          0 |
|         gen_pe[9].u_pe                                                    |                                                      mac_pe_738 |         63 |         55 |       8 |    0 |    16 |      0 |      0 |          0 |
|       gen_col[6].u_col                                                    |                                                     mac_col_591 |        908 |        824 |      84 |    0 |   288 |      0 |      0 |          0 |
|         (gen_col[6].u_col)                                                |                                                     mac_col_591 |          0 |          0 |       0 |    0 |    32 |      0 |      0 |          0 |
|         gen_pe[0].u_pe                                                    |                                                      mac_pe_691 |         43 |         39 |       4 |    0 |    16 |      0 |      0 |          0 |
|         gen_pe[10].u_pe                                                   |                                                      mac_pe_692 |         42 |         38 |       4 |    0 |    16 |      0 |      0 |          0 |
|         gen_pe[11].u_pe                                                   |                                                      mac_pe_693 |         94 |         86 |       8 |    0 |    16 |      0 |      0 |          0 |
|         gen_pe[12].u_pe                                                   |                                                      mac_pe_694 |         38 |         34 |       4 |    0 |    16 |      0 |      0 |          0 |
|         gen_pe[13].u_pe                                                   |                                                      mac_pe_695 |         81 |         77 |       4 |    0 |    16 |      0 |      0 |          0 |
|         gen_pe[14].u_pe                                                   |                                                      mac_pe_696 |         77 |         69 |       8 |    0 |    16 |      0 |      0 |          0 |
|         gen_pe[15].u_pe                                                   |                                                      mac_pe_697 |         38 |         34 |       4 |    0 |    16 |      0 |      0 |          0 |
|         gen_pe[1].u_pe                                                    |                                                      mac_pe_698 |         42 |         38 |       4 |    0 |    16 |      0 |      0 |          0 |
|         gen_pe[2].u_pe                                                    |                                                      mac_pe_699 |        120 |        112 |       8 |    0 |    16 |      0 |      0 |          0 |
|         gen_pe[3].u_pe                                                    |                                                      mac_pe_700 |         38 |         34 |       4 |    0 |    16 |      0 |      0 |          0 |
|         gen_pe[4].u_pe                                                    |                                                      mac_pe_701 |         43 |         39 |       4 |    0 |    16 |      0 |      0 |          0 |
|         gen_pe[5].u_pe                                                    |                                                      mac_pe_702 |         76 |         68 |       8 |    0 |    16 |      0 |      0 |          0 |
|         gen_pe[6].u_pe                                                    |                                                      mac_pe_703 |         38 |         34 |       4 |    0 |    16 |      0 |      0 |          0 |
|         gen_pe[7].u_pe                                                    |                                                      mac_pe_704 |         46 |         42 |       4 |    0 |    16 |      0 |      0 |          0 |
|         gen_pe[8].u_pe                                                    |                                                      mac_pe_705 |         77 |         69 |       8 |    0 |    16 |      0 |      0 |          0 |
|         gen_pe[9].u_pe                                                    |                                                      mac_pe_706 |         36 |         32 |       4 |    0 |    16 |      0 |      0 |          0 |
|       gen_col[7].u_col                                                    |                                                     mac_col_592 |        908 |        824 |      84 |    0 |   288 |      0 |      0 |          0 |
|         (gen_col[7].u_col)                                                |                                                     mac_col_592 |          0 |          0 |       0 |    0 |    32 |      0 |      0 |          0 |
|         gen_pe[0].u_pe                                                    |                                                      mac_pe_659 |         43 |         39 |       4 |    0 |    16 |      0 |      0 |          0 |
|         gen_pe[10].u_pe                                                   |                                                      mac_pe_660 |         65 |         57 |       8 |    0 |    16 |      0 |      0 |          0 |
|         gen_pe[11].u_pe                                                   |                                                      mac_pe_661 |         71 |         67 |       4 |    0 |    16 |      0 |      0 |          0 |
|         gen_pe[12].u_pe                                                   |                                                      mac_pe_662 |         38 |         34 |       4 |    0 |    16 |      0 |      0 |          0 |
|         gen_pe[13].u_pe                                                   |                                                      mac_pe_663 |        104 |         96 |       8 |    0 |    16 |      0 |      0 |          0 |
|         gen_pe[14].u_pe                                                   |                                                      mac_pe_664 |         54 |         50 |       4 |    0 |    16 |      0 |      0 |          0 |
|         gen_pe[15].u_pe                                                   |                                                      mac_pe_665 |         38 |         34 |       4 |    0 |    16 |      0 |      0 |          0 |
|         gen_pe[1].u_pe                                                    |                                                      mac_pe_666 |         65 |         57 |       8 |    0 |    16 |      0 |      0 |          0 |
|         gen_pe[2].u_pe                                                    |                                                      mac_pe_667 |         97 |         93 |       4 |    0 |    16 |      0 |      0 |          0 |
|         gen_pe[3].u_pe                                                    |                                                      mac_pe_668 |         38 |         34 |       4 |    0 |    16 |      0 |      0 |          0 |
|         gen_pe[4].u_pe                                                    |                                                      mac_pe_669 |         66 |         58 |       8 |    0 |    16 |      0 |      0 |          0 |
|         gen_pe[5].u_pe                                                    |                                                      mac_pe_670 |         53 |         49 |       4 |    0 |    16 |      0 |      0 |          0 |
|         gen_pe[6].u_pe                                                    |                                                      mac_pe_671 |         38 |         34 |       4 |    0 |    16 |      0 |      0 |          0 |
|         gen_pe[7].u_pe                                                    |                                                      mac_pe_672 |         69 |         61 |       8 |    0 |    16 |      0 |      0 |          0 |
|         gen_pe[8].u_pe                                                    |                                                      mac_pe_673 |         52 |         48 |       4 |    0 |    16 |      0 |      0 |          0 |
|         gen_pe[9].u_pe                                                    |                                                      mac_pe_674 |         38 |         34 |       4 |    0 |    16 |      0 |      0 |          0 |
|       gen_col[8].u_col                                                    |                                                     mac_col_593 |        933 |        845 |      88 |    0 |   288 |      0 |      0 |          0 |
|         (gen_col[8].u_col)                                                |                                                     mac_col_593 |          0 |          0 |       0 |    0 |    32 |      0 |      0 |          0 |
|         gen_pe[0].u_pe                                                    |                                                      mac_pe_627 |         66 |         58 |       8 |    0 |    16 |      0 |      0 |          0 |
|         gen_pe[10].u_pe                                                   |                                                      mac_pe_628 |         42 |         38 |       4 |    0 |    16 |      0 |      0 |          0 |
|         gen_pe[11].u_pe                                                   |                                                      mac_pe_629 |         71 |         67 |       4 |    0 |    16 |      0 |      0 |          0 |
|         gen_pe[12].u_pe                                                   |                                                      mac_pe_630 |         61 |         53 |       8 |    0 |    16 |      0 |      0 |          0 |
|         gen_pe[13].u_pe                                                   |                                                      mac_pe_631 |         81 |         77 |       4 |    0 |    16 |      0 |      0 |          0 |
|         gen_pe[14].u_pe                                                   |                                                      mac_pe_632 |         54 |         50 |       4 |    0 |    16 |      0 |      0 |          0 |
|         gen_pe[15].u_pe                                                   |                                                      mac_pe_633 |         61 |         53 |       8 |    0 |    16 |      0 |      0 |          0 |
|         gen_pe[1].u_pe                                                    |                                                      mac_pe_634 |         42 |         38 |       4 |    0 |    16 |      0 |      0 |          0 |
|         gen_pe[2].u_pe                                                    |                                                      mac_pe_635 |         97 |         93 |       4 |    0 |    16 |      0 |      0 |          0 |
|         gen_pe[3].u_pe                                                    |                                                      mac_pe_636 |         61 |         53 |       8 |    0 |    16 |      0 |      0 |          0 |
|         gen_pe[4].u_pe                                                    |                                                      mac_pe_637 |         43 |         39 |       4 |    0 |    16 |      0 |      0 |          0 |
|         gen_pe[5].u_pe                                                    |                                                      mac_pe_638 |         53 |         49 |       4 |    0 |    16 |      0 |      0 |          0 |
|         gen_pe[6].u_pe                                                    |                                                      mac_pe_639 |         61 |         53 |       8 |    0 |    16 |      0 |      0 |          0 |
|         gen_pe[7].u_pe                                                    |                                                      mac_pe_640 |         46 |         42 |       4 |    0 |    16 |      0 |      0 |          0 |
|         gen_pe[8].u_pe                                                    |                                                      mac_pe_641 |         56 |         52 |       4 |    0 |    16 |      0 |      0 |          0 |
|         gen_pe[9].u_pe                                                    |                                                      mac_pe_642 |         63 |         55 |       8 |    0 |    16 |      0 |      0 |          0 |
|       gen_col[9].u_col                                                    |                                                     mac_col_594 |        919 |        831 |      88 |    0 |   288 |      0 |      0 |          0 |
|         (gen_col[9].u_col)                                                |                                                     mac_col_594 |          0 |          0 |       0 |    0 |    32 |      0 |      0 |          0 |
|         gen_pe[0].u_pe                                                    |                                                      mac_pe_595 |         43 |         39 |       4 |    0 |    16 |      0 |      0 |          0 |
|         gen_pe[10].u_pe                                                   |                                                      mac_pe_596 |         42 |         38 |       4 |    0 |    16 |      0 |      0 |          0 |
|         gen_pe[11].u_pe                                                   |                                                      mac_pe_597 |         94 |         86 |       8 |    0 |    16 |      0 |      0 |          0 |
|         gen_pe[12].u_pe                                                   |                                                      mac_pe_598 |         38 |         34 |       4 |    0 |    16 |      0 |      0 |          0 |
|         gen_pe[13].u_pe                                                   |                                                      mac_pe_599 |         81 |         77 |       4 |    0 |    16 |      0 |      0 |          0 |
|         gen_pe[14].u_pe                                                   |                                                      mac_pe_600 |         77 |         69 |       8 |    0 |    16 |      0 |      0 |          0 |
|         gen_pe[15].u_pe                                                   |                                                      mac_pe_601 |         38 |         34 |       4 |    0 |    16 |      0 |      0 |          0 |
|         gen_pe[1].u_pe                                                    |                                                      mac_pe_602 |         42 |         38 |       4 |    0 |    16 |      0 |      0 |          0 |
|         gen_pe[2].u_pe                                                    |                                                      mac_pe_603 |        120 |        112 |       8 |    0 |    16 |      0 |      0 |          0 |
|         gen_pe[3].u_pe                                                    |                                                      mac_pe_604 |         38 |         34 |       4 |    0 |    16 |      0 |      0 |          0 |
|         gen_pe[4].u_pe                                                    |                                                      mac_pe_605 |         43 |         39 |       4 |    0 |    16 |      0 |      0 |          0 |
|         gen_pe[5].u_pe                                                    |                                                      mac_pe_606 |         76 |         68 |       8 |    0 |    16 |      0 |      0 |          0 |
|         gen_pe[6].u_pe                                                    |                                                      mac_pe_607 |         38 |         34 |       4 |    0 |    16 |      0 |      0 |          0 |
|         gen_pe[7].u_pe                                                    |                                                      mac_pe_608 |         46 |         42 |       4 |    0 |    16 |      0 |      0 |          0 |
|         gen_pe[8].u_pe                                                    |                                                      mac_pe_609 |         77 |         69 |       8 |    0 |    16 |      0 |      0 |          0 |
|         gen_pe[9].u_pe                                                    |                                                      mac_pe_610 |         47 |         39 |       8 |    0 |    16 |      0 |      0 |          0 |
|     u_mm2s_arb                                                            |                                                    mm2s_arb_552 |         39 |         31 |       8 |    0 |    20 |      0 |      0 |          0 |
|     u_ofb                                                                 |                                                  sram_model_553 |          0 |          0 |       0 |    0 |     0 |      4 |      0 |          0 |
|     u_ofb_writer                                                          |                                                  ofb_writer_554 |       5686 |       5686 |       0 |    0 |  2782 |      0 |      0 |         80 |
|       (u_ofb_writer)                                                      |                                                  ofb_writer_554 |        148 |        148 |       0 |    0 |  1180 |      0 |      0 |          0 |
|       u_sdp                                                               |                                                         sdp_578 |       5538 |       5538 |       0 |    0 |  1602 |      0 |      0 |         80 |
|     u_parf_accum                                                          |                                                  parf_accum_555 |       1608 |        584 |    1024 |    0 |    62 |      0 |      0 |          0 |
|       (u_parf_accum)                                                      |                                                  parf_accum_555 |         60 |         60 |       0 |    0 |    62 |      0 |      0 |          0 |
|       g_col[0].u_col                                                      |                                                    parf_col_562 |         96 |         32 |      64 |    0 |     0 |      0 |      0 |          0 |
|       g_col[10].u_col                                                     |                                                    parf_col_563 |         96 |         32 |      64 |    0 |     0 |      0 |      0 |          0 |
|       g_col[11].u_col                                                     |                                                    parf_col_564 |         96 |         32 |      64 |    0 |     0 |      0 |      0 |          0 |
|       g_col[12].u_col                                                     |                                                    parf_col_565 |         96 |         32 |      64 |    0 |     0 |      0 |      0 |          0 |
|       g_col[13].u_col                                                     |                                                    parf_col_566 |         96 |         32 |      64 |    0 |     0 |      0 |      0 |          0 |
|       g_col[14].u_col                                                     |                                                    parf_col_567 |         96 |         32 |      64 |    0 |     0 |      0 |      0 |          0 |
|       g_col[15].u_col                                                     |                                                    parf_col_568 |        108 |         44 |      64 |    0 |     0 |      0 |      0 |          0 |
|       g_col[1].u_col                                                      |                                                    parf_col_569 |         96 |         32 |      64 |    0 |     0 |      0 |      0 |          0 |
|       g_col[2].u_col                                                      |                                                    parf_col_570 |         96 |         32 |      64 |    0 |     0 |      0 |      0 |          0 |
|       g_col[3].u_col                                                      |                                                    parf_col_571 |         96 |         32 |      64 |    0 |     0 |      0 |      0 |          0 |
|       g_col[4].u_col                                                      |                                                    parf_col_572 |         96 |         32 |      64 |    0 |     0 |      0 |      0 |          0 |
|       g_col[5].u_col                                                      |                                                    parf_col_573 |         96 |         32 |      64 |    0 |     0 |      0 |      0 |          0 |
|       g_col[6].u_col                                                      |                                                    parf_col_574 |         96 |         32 |      64 |    0 |     0 |      0 |      0 |          0 |
|       g_col[7].u_col                                                      |                                                    parf_col_575 |         96 |         32 |      64 |    0 |     0 |      0 |      0 |          0 |
|       g_col[8].u_col                                                      |                                                    parf_col_576 |         96 |         32 |      64 |    0 |     0 |      0 |      0 |          0 |
|       g_col[9].u_col                                                      |                                                    parf_col_577 |         96 |         32 |      64 |    0 |     0 |      0 |      0 |          0 |
|     u_rdma                                                                |                                                   rdma_ctrl_556 |         11 |         11 |       0 |    0 |    14 |      0 |      0 |          0 |
|     u_sequencer                                                           |                                                   sequencer_557 |        192 |        192 |       0 |    0 |    30 |      0 |      0 |          0 |
|     u_shortcut_bank                                                       |                                  sram_model__parameterized1_558 |          0 |          0 |       0 |    0 |     0 |      7 |      1 |          0 |
|     u_wb                                                                  |                                  sram_model__parameterized0_559 |          0 |          0 |       0 |    0 |     0 |     57 |      0 |          0 |
|     u_wdma                                                                |                                                   wdma_ctrl_560 |       2095 |       2095 |       0 |    0 |  1937 |      0 |      0 |          0 |
|     u_wgt_buffer                                                          |                                                  wgt_buffer_561 |        223 |        223 |       0 |    0 |   207 |      0 |      0 |          0 |
|   gen_core[3].u_core                                                      |                                                        core_top |      37216 |      34188 |    2656 |  372 | 15111 |     72 |      1 |         80 |
|     (gen_core[3].u_core)                                                  |                                                        core_top |         68 |         68 |       0 |    0 |     0 |      0 |      0 |          0 |
|     g_idma_sg.u_idma_sg                                                   |                                              idma_sg_dispatcher |        264 |        264 |       0 |    0 |   121 |      0 |      0 |          0 |
|     g_odma_sg.u_odma_sg                                                   |                                              odma_sg_dispatcher |        161 |        161 |       0 |    0 |   179 |      0 |      0 |          0 |
|     u_axi_dm                                                              |                                                   axi_dm_HD3997 |       3745 |       3357 |      16 |  372 |  3076 |      0 |      0 |          0 |
|       (u_axi_dm)                                                          |                                                   axi_dm_HD3997 |          0 |          0 |       0 |    0 |     0 |      0 |      0 |          0 |
|       U0                                                                  |                                      axi_dmaxi_datamover_HD3998 |       3745 |       3357 |      16 |  372 |  3076 |      0 |      0 |          0 |
|         (U0)                                                              |                                      axi_dmaxi_datamover_HD3998 |          0 |          0 |       0 |    0 |     0 |      0 |      0 |          0 |
|         GEN_MM2S_FULL.I_MM2S_FULL_WRAPPER                                 |                       axi_dmaxi_datamover_mm2s_full_wrap_HD3999 |       1614 |       1440 |       0 |  174 |  1160 |      0 |      0 |          0 |
|         GEN_S2MM_FULL.I_S2MM_FULL_WRAPPER                                 |                       axi_dmaxi_datamover_s2mm_full_wrap_HD4028 |       2131 |       1917 |      16 |  198 |  1916 |      0 |      0 |          0 |
|     u_axi_mux                                                             |                                                       axi_m_mux |        144 |        144 |       0 |    0 |     6 |      0 |      0 |          0 |
|       u_arbiter                                                           |                                              axi_master_arbiter |        144 |        144 |       0 |    0 |     6 |      0 |      0 |          0 |
|     u_bias_rf                                                             |                                                         bias_rf |         22 |         22 |       0 |    0 |   525 |      0 |      0 |          0 |
|     u_cfg                                                                 |                                                        cfg_regs |       3414 |       3414 |       0 |    0 |  1066 |      0 |      0 |          0 |
|     u_csr_bridge                                                          |                                                    axi_lite_csr |        435 |        435 |       0 |    0 |    62 |      0 |      0 |          0 |
|     u_desc_fifo                                                           |                                                       desc_fifo |        337 |        185 |     152 |    0 |    22 |      0 |      0 |          0 |
|     u_dfe                                                                 |                                                             dfe |         48 |         48 |       0 |    0 |   100 |      0 |      0 |          0 |
|     u_ifb                                                                 |                                                      sram_model |          0 |          0 |       0 |    0 |     0 |      4 |      0 |          0 |
|     u_line_buffer                                                         |                                                     line_buffer |       6004 |       5916 |      88 |    0 |   290 |      0 |      0 |          0 |
|     u_mac_array                                                           |                                                       mac_array |      14669 |      13301 |    1368 |    0 |  4610 |      0 |      0 |          0 |
|       (u_mac_array)                                                       |                                                       mac_array |          5 |          5 |       0 |    0 |     2 |      0 |      0 |          0 |
|       gen_col[0].u_col                                                    |                                                         mac_col |        908 |        824 |      84 |    0 |   288 |      0 |      0 |          0 |
|         (gen_col[0].u_col)                                                |                                                         mac_col |          0 |          0 |       0 |    0 |    32 |      0 |      0 |          0 |
|         gen_pe[0].u_pe                                                    |                                                      mac_pe_509 |         43 |         39 |       4 |    0 |    16 |      0 |      0 |          0 |
|         gen_pe[10].u_pe                                                   |                                                      mac_pe_510 |         42 |         38 |       4 |    0 |    16 |      0 |      0 |          0 |
|         gen_pe[11].u_pe                                                   |                                                      mac_pe_511 |         94 |         86 |       8 |    0 |    16 |      0 |      0 |          0 |
|         gen_pe[12].u_pe                                                   |                                                      mac_pe_512 |         38 |         34 |       4 |    0 |    16 |      0 |      0 |          0 |
|         gen_pe[13].u_pe                                                   |                                                      mac_pe_513 |         81 |         77 |       4 |    0 |    16 |      0 |      0 |          0 |
|         gen_pe[14].u_pe                                                   |                                                      mac_pe_514 |         77 |         69 |       8 |    0 |    16 |      0 |      0 |          0 |
|         gen_pe[15].u_pe                                                   |                                                      mac_pe_515 |         38 |         34 |       4 |    0 |    16 |      0 |      0 |          0 |
|         gen_pe[1].u_pe                                                    |                                                      mac_pe_516 |         42 |         38 |       4 |    0 |    16 |      0 |      0 |          0 |
|         gen_pe[2].u_pe                                                    |                                                      mac_pe_517 |        120 |        112 |       8 |    0 |    16 |      0 |      0 |          0 |
|         gen_pe[3].u_pe                                                    |                                                      mac_pe_518 |         38 |         34 |       4 |    0 |    16 |      0 |      0 |          0 |
|         gen_pe[4].u_pe                                                    |                                                      mac_pe_519 |         43 |         39 |       4 |    0 |    16 |      0 |      0 |          0 |
|         gen_pe[5].u_pe                                                    |                                                      mac_pe_520 |         76 |         68 |       8 |    0 |    16 |      0 |      0 |          0 |
|         gen_pe[6].u_pe                                                    |                                                      mac_pe_521 |         38 |         34 |       4 |    0 |    16 |      0 |      0 |          0 |
|         gen_pe[7].u_pe                                                    |                                                      mac_pe_522 |         46 |         42 |       4 |    0 |    16 |      0 |      0 |          0 |
|         gen_pe[8].u_pe                                                    |                                                      mac_pe_523 |         77 |         69 |       8 |    0 |    16 |      0 |      0 |          0 |
|         gen_pe[9].u_pe                                                    |                                                      mac_pe_524 |         36 |         32 |       4 |    0 |    16 |      0 |      0 |          0 |
|       gen_col[10].u_col                                                   |                                                      mac_col_16 |        908 |        824 |      84 |    0 |   288 |      0 |      0 |          0 |
|         (gen_col[10].u_col)                                               |                                                      mac_col_16 |          0 |          0 |       0 |    0 |    32 |      0 |      0 |          0 |
|         gen_pe[0].u_pe                                                    |                                                      mac_pe_477 |         43 |         39 |       4 |    0 |    16 |      0 |      0 |          0 |
|         gen_pe[10].u_pe                                                   |                                                      mac_pe_478 |         65 |         57 |       8 |    0 |    16 |      0 |      0 |          0 |
|         gen_pe[11].u_pe                                                   |                                                      mac_pe_479 |         71 |         67 |       4 |    0 |    16 |      0 |      0 |          0 |
|         gen_pe[12].u_pe                                                   |                                                      mac_pe_480 |         38 |         34 |       4 |    0 |    16 |      0 |      0 |          0 |
|         gen_pe[13].u_pe                                                   |                                                      mac_pe_481 |        104 |         96 |       8 |    0 |    16 |      0 |      0 |          0 |
|         gen_pe[14].u_pe                                                   |                                                      mac_pe_482 |         54 |         50 |       4 |    0 |    16 |      0 |      0 |          0 |
|         gen_pe[15].u_pe                                                   |                                                      mac_pe_483 |         38 |         34 |       4 |    0 |    16 |      0 |      0 |          0 |
|         gen_pe[1].u_pe                                                    |                                                      mac_pe_484 |         65 |         57 |       8 |    0 |    16 |      0 |      0 |          0 |
|         gen_pe[2].u_pe                                                    |                                                      mac_pe_485 |         97 |         93 |       4 |    0 |    16 |      0 |      0 |          0 |
|         gen_pe[3].u_pe                                                    |                                                      mac_pe_486 |         38 |         34 |       4 |    0 |    16 |      0 |      0 |          0 |
|         gen_pe[4].u_pe                                                    |                                                      mac_pe_487 |         66 |         58 |       8 |    0 |    16 |      0 |      0 |          0 |
|         gen_pe[5].u_pe                                                    |                                                      mac_pe_488 |         53 |         49 |       4 |    0 |    16 |      0 |      0 |          0 |
|         gen_pe[6].u_pe                                                    |                                                      mac_pe_489 |         38 |         34 |       4 |    0 |    16 |      0 |      0 |          0 |
|         gen_pe[7].u_pe                                                    |                                                      mac_pe_490 |         69 |         61 |       8 |    0 |    16 |      0 |      0 |          0 |
|         gen_pe[8].u_pe                                                    |                                                      mac_pe_491 |         52 |         48 |       4 |    0 |    16 |      0 |      0 |          0 |
|         gen_pe[9].u_pe                                                    |                                                      mac_pe_492 |         38 |         34 |       4 |    0 |    16 |      0 |      0 |          0 |
|       gen_col[11].u_col                                                   |                                                      mac_col_17 |        933 |        845 |      88 |    0 |   288 |      0 |      0 |          0 |
|         (gen_col[11].u_col)                                               |                                                      mac_col_17 |          0 |          0 |       0 |    0 |    32 |      0 |      0 |          0 |
|         gen_pe[0].u_pe                                                    |                                                      mac_pe_445 |         66 |         58 |       8 |    0 |    16 |      0 |      0 |          0 |
|         gen_pe[10].u_pe                                                   |                                                      mac_pe_446 |         42 |         38 |       4 |    0 |    16 |      0 |      0 |          0 |
|         gen_pe[11].u_pe                                                   |                                                      mac_pe_447 |         71 |         67 |       4 |    0 |    16 |      0 |      0 |          0 |
|         gen_pe[12].u_pe                                                   |                                                      mac_pe_448 |         61 |         53 |       8 |    0 |    16 |      0 |      0 |          0 |
|         gen_pe[13].u_pe                                                   |                                                      mac_pe_449 |         81 |         77 |       4 |    0 |    16 |      0 |      0 |          0 |
|         gen_pe[14].u_pe                                                   |                                                      mac_pe_450 |         54 |         50 |       4 |    0 |    16 |      0 |      0 |          0 |
|         gen_pe[15].u_pe                                                   |                                                      mac_pe_451 |         61 |         53 |       8 |    0 |    16 |      0 |      0 |          0 |
|         gen_pe[1].u_pe                                                    |                                                      mac_pe_452 |         42 |         38 |       4 |    0 |    16 |      0 |      0 |          0 |
|         gen_pe[2].u_pe                                                    |                                                      mac_pe_453 |         97 |         93 |       4 |    0 |    16 |      0 |      0 |          0 |
|         gen_pe[3].u_pe                                                    |                                                      mac_pe_454 |         61 |         53 |       8 |    0 |    16 |      0 |      0 |          0 |
|         gen_pe[4].u_pe                                                    |                                                      mac_pe_455 |         43 |         39 |       4 |    0 |    16 |      0 |      0 |          0 |
|         gen_pe[5].u_pe                                                    |                                                      mac_pe_456 |         53 |         49 |       4 |    0 |    16 |      0 |      0 |          0 |
|         gen_pe[6].u_pe                                                    |                                                      mac_pe_457 |         61 |         53 |       8 |    0 |    16 |      0 |      0 |          0 |
|         gen_pe[7].u_pe                                                    |                                                      mac_pe_458 |         46 |         42 |       4 |    0 |    16 |      0 |      0 |          0 |
|         gen_pe[8].u_pe                                                    |                                                      mac_pe_459 |         56 |         52 |       4 |    0 |    16 |      0 |      0 |          0 |
|         gen_pe[9].u_pe                                                    |                                                      mac_pe_460 |         63 |         55 |       8 |    0 |    16 |      0 |      0 |          0 |
|       gen_col[12].u_col                                                   |                                                      mac_col_18 |        908 |        824 |      84 |    0 |   288 |      0 |      0 |          0 |
|         (gen_col[12].u_col)                                               |                                                      mac_col_18 |          0 |          0 |       0 |    0 |    32 |      0 |      0 |          0 |
|         gen_pe[0].u_pe                                                    |                                                      mac_pe_413 |         43 |         39 |       4 |    0 |    16 |      0 |      0 |          0 |
|         gen_pe[10].u_pe                                                   |                                                      mac_pe_414 |         42 |         38 |       4 |    0 |    16 |      0 |      0 |          0 |
|         gen_pe[11].u_pe                                                   |                                                      mac_pe_415 |         94 |         86 |       8 |    0 |    16 |      0 |      0 |          0 |
|         gen_pe[12].u_pe                                                   |                                                      mac_pe_416 |         38 |         34 |       4 |    0 |    16 |      0 |      0 |          0 |
|         gen_pe[13].u_pe                                                   |                                                      mac_pe_417 |         81 |         77 |       4 |    0 |    16 |      0 |      0 |          0 |
|         gen_pe[14].u_pe                                                   |                                                      mac_pe_418 |         77 |         69 |       8 |    0 |    16 |      0 |      0 |          0 |
|         gen_pe[15].u_pe                                                   |                                                      mac_pe_419 |         38 |         34 |       4 |    0 |    16 |      0 |      0 |          0 |
|         gen_pe[1].u_pe                                                    |                                                      mac_pe_420 |         42 |         38 |       4 |    0 |    16 |      0 |      0 |          0 |
|         gen_pe[2].u_pe                                                    |                                                      mac_pe_421 |        120 |        112 |       8 |    0 |    16 |      0 |      0 |          0 |
|         gen_pe[3].u_pe                                                    |                                                      mac_pe_422 |         38 |         34 |       4 |    0 |    16 |      0 |      0 |          0 |
|         gen_pe[4].u_pe                                                    |                                                      mac_pe_423 |         43 |         39 |       4 |    0 |    16 |      0 |      0 |          0 |
|         gen_pe[5].u_pe                                                    |                                                      mac_pe_424 |         76 |         68 |       8 |    0 |    16 |      0 |      0 |          0 |
|         gen_pe[6].u_pe                                                    |                                                      mac_pe_425 |         38 |         34 |       4 |    0 |    16 |      0 |      0 |          0 |
|         gen_pe[7].u_pe                                                    |                                                      mac_pe_426 |         46 |         42 |       4 |    0 |    16 |      0 |      0 |          0 |
|         gen_pe[8].u_pe                                                    |                                                      mac_pe_427 |         77 |         69 |       8 |    0 |    16 |      0 |      0 |          0 |
|         gen_pe[9].u_pe                                                    |                                                      mac_pe_428 |         36 |         32 |       4 |    0 |    16 |      0 |      0 |          0 |
|       gen_col[13].u_col                                                   |                                                      mac_col_19 |        908 |        824 |      84 |    0 |   288 |      0 |      0 |          0 |
|         (gen_col[13].u_col)                                               |                                                      mac_col_19 |          0 |          0 |       0 |    0 |    32 |      0 |      0 |          0 |
|         gen_pe[0].u_pe                                                    |                                                      mac_pe_381 |         43 |         39 |       4 |    0 |    16 |      0 |      0 |          0 |
|         gen_pe[10].u_pe                                                   |                                                      mac_pe_382 |         65 |         57 |       8 |    0 |    16 |      0 |      0 |          0 |
|         gen_pe[11].u_pe                                                   |                                                      mac_pe_383 |         71 |         67 |       4 |    0 |    16 |      0 |      0 |          0 |
|         gen_pe[12].u_pe                                                   |                                                      mac_pe_384 |         38 |         34 |       4 |    0 |    16 |      0 |      0 |          0 |
|         gen_pe[13].u_pe                                                   |                                                      mac_pe_385 |        104 |         96 |       8 |    0 |    16 |      0 |      0 |          0 |
|         gen_pe[14].u_pe                                                   |                                                      mac_pe_386 |         54 |         50 |       4 |    0 |    16 |      0 |      0 |          0 |
|         gen_pe[15].u_pe                                                   |                                                      mac_pe_387 |         38 |         34 |       4 |    0 |    16 |      0 |      0 |          0 |
|         gen_pe[1].u_pe                                                    |                                                      mac_pe_388 |         65 |         57 |       8 |    0 |    16 |      0 |      0 |          0 |
|         gen_pe[2].u_pe                                                    |                                                      mac_pe_389 |         97 |         93 |       4 |    0 |    16 |      0 |      0 |          0 |
|         gen_pe[3].u_pe                                                    |                                                      mac_pe_390 |         38 |         34 |       4 |    0 |    16 |      0 |      0 |          0 |
|         gen_pe[4].u_pe                                                    |                                                      mac_pe_391 |         66 |         58 |       8 |    0 |    16 |      0 |      0 |          0 |
|         gen_pe[5].u_pe                                                    |                                                      mac_pe_392 |         53 |         49 |       4 |    0 |    16 |      0 |      0 |          0 |
|         gen_pe[6].u_pe                                                    |                                                      mac_pe_393 |         38 |         34 |       4 |    0 |    16 |      0 |      0 |          0 |
|         gen_pe[7].u_pe                                                    |                                                      mac_pe_394 |         69 |         61 |       8 |    0 |    16 |      0 |      0 |          0 |
|         gen_pe[8].u_pe                                                    |                                                      mac_pe_395 |         52 |         48 |       4 |    0 |    16 |      0 |      0 |          0 |
|         gen_pe[9].u_pe                                                    |                                                      mac_pe_396 |         38 |         34 |       4 |    0 |    16 |      0 |      0 |          0 |
|       gen_col[14].u_col                                                   |                                                      mac_col_20 |        933 |        845 |      88 |    0 |   288 |      0 |      0 |          0 |
|         (gen_col[14].u_col)                                               |                                                      mac_col_20 |          0 |          0 |       0 |    0 |    32 |      0 |      0 |          0 |
|         gen_pe[0].u_pe                                                    |                                                      mac_pe_349 |         66 |         58 |       8 |    0 |    16 |      0 |      0 |          0 |
|         gen_pe[10].u_pe                                                   |                                                      mac_pe_350 |         42 |         38 |       4 |    0 |    16 |      0 |      0 |          0 |
|         gen_pe[11].u_pe                                                   |                                                      mac_pe_351 |         71 |         67 |       4 |    0 |    16 |      0 |      0 |          0 |
|         gen_pe[12].u_pe                                                   |                                                      mac_pe_352 |         61 |         53 |       8 |    0 |    16 |      0 |      0 |          0 |
|         gen_pe[13].u_pe                                                   |                                                      mac_pe_353 |         81 |         77 |       4 |    0 |    16 |      0 |      0 |          0 |
|         gen_pe[14].u_pe                                                   |                                                      mac_pe_354 |         54 |         50 |       4 |    0 |    16 |      0 |      0 |          0 |
|         gen_pe[15].u_pe                                                   |                                                      mac_pe_355 |         61 |         53 |       8 |    0 |    16 |      0 |      0 |          0 |
|         gen_pe[1].u_pe                                                    |                                                      mac_pe_356 |         42 |         38 |       4 |    0 |    16 |      0 |      0 |          0 |
|         gen_pe[2].u_pe                                                    |                                                      mac_pe_357 |         97 |         93 |       4 |    0 |    16 |      0 |      0 |          0 |
|         gen_pe[3].u_pe                                                    |                                                      mac_pe_358 |         61 |         53 |       8 |    0 |    16 |      0 |      0 |          0 |
|         gen_pe[4].u_pe                                                    |                                                      mac_pe_359 |         43 |         39 |       4 |    0 |    16 |      0 |      0 |          0 |
|         gen_pe[5].u_pe                                                    |                                                      mac_pe_360 |         53 |         49 |       4 |    0 |    16 |      0 |      0 |          0 |
|         gen_pe[6].u_pe                                                    |                                                      mac_pe_361 |         61 |         53 |       8 |    0 |    16 |      0 |      0 |          0 |
|         gen_pe[7].u_pe                                                    |                                                      mac_pe_362 |         46 |         42 |       4 |    0 |    16 |      0 |      0 |          0 |
|         gen_pe[8].u_pe                                                    |                                                      mac_pe_363 |         56 |         52 |       4 |    0 |    16 |      0 |      0 |          0 |
|         gen_pe[9].u_pe                                                    |                                                      mac_pe_364 |         63 |         55 |       8 |    0 |    16 |      0 |      0 |          0 |
|       gen_col[15].u_col                                                   |                                                      mac_col_21 |        908 |        824 |      84 |    0 |   288 |      0 |      0 |          0 |
|         (gen_col[15].u_col)                                               |                                                      mac_col_21 |          0 |          0 |       0 |    0 |    32 |      0 |      0 |          0 |
|         gen_pe[0].u_pe                                                    |                                                      mac_pe_317 |         43 |         39 |       4 |    0 |    16 |      0 |      0 |          0 |
|         gen_pe[10].u_pe                                                   |                                                      mac_pe_318 |         42 |         38 |       4 |    0 |    16 |      0 |      0 |          0 |
|         gen_pe[11].u_pe                                                   |                                                      mac_pe_319 |         94 |         86 |       8 |    0 |    16 |      0 |      0 |          0 |
|         gen_pe[12].u_pe                                                   |                                                      mac_pe_320 |         38 |         34 |       4 |    0 |    16 |      0 |      0 |          0 |
|         gen_pe[13].u_pe                                                   |                                                      mac_pe_321 |         81 |         77 |       4 |    0 |    16 |      0 |      0 |          0 |
|         gen_pe[14].u_pe                                                   |                                                      mac_pe_322 |         77 |         69 |       8 |    0 |    16 |      0 |      0 |          0 |
|         gen_pe[15].u_pe                                                   |                                                      mac_pe_323 |         38 |         34 |       4 |    0 |    16 |      0 |      0 |          0 |
|         gen_pe[1].u_pe                                                    |                                                      mac_pe_324 |         42 |         38 |       4 |    0 |    16 |      0 |      0 |          0 |
|         gen_pe[2].u_pe                                                    |                                                      mac_pe_325 |        120 |        112 |       8 |    0 |    16 |      0 |      0 |          0 |
|         gen_pe[3].u_pe                                                    |                                                      mac_pe_326 |         38 |         34 |       4 |    0 |    16 |      0 |      0 |          0 |
|         gen_pe[4].u_pe                                                    |                                                      mac_pe_327 |         43 |         39 |       4 |    0 |    16 |      0 |      0 |          0 |
|         gen_pe[5].u_pe                                                    |                                                      mac_pe_328 |         76 |         68 |       8 |    0 |    16 |      0 |      0 |          0 |
|         gen_pe[6].u_pe                                                    |                                                      mac_pe_329 |         38 |         34 |       4 |    0 |    16 |      0 |      0 |          0 |
|         gen_pe[7].u_pe                                                    |                                                      mac_pe_330 |         46 |         42 |       4 |    0 |    16 |      0 |      0 |          0 |
|         gen_pe[8].u_pe                                                    |                                                      mac_pe_331 |         77 |         69 |       8 |    0 |    16 |      0 |      0 |          0 |
|         gen_pe[9].u_pe                                                    |                                                      mac_pe_332 |         36 |         32 |       4 |    0 |    16 |      0 |      0 |          0 |
|       gen_col[1].u_col                                                    |                                                      mac_col_22 |        908 |        824 |      84 |    0 |   288 |      0 |      0 |          0 |
|         (gen_col[1].u_col)                                                |                                                      mac_col_22 |          0 |          0 |       0 |    0 |    32 |      0 |      0 |          0 |
|         gen_pe[0].u_pe                                                    |                                                      mac_pe_285 |         43 |         39 |       4 |    0 |    16 |      0 |      0 |          0 |
|         gen_pe[10].u_pe                                                   |                                                      mac_pe_286 |         65 |         57 |       8 |    0 |    16 |      0 |      0 |          0 |
|         gen_pe[11].u_pe                                                   |                                                      mac_pe_287 |         71 |         67 |       4 |    0 |    16 |      0 |      0 |          0 |
|         gen_pe[12].u_pe                                                   |                                                      mac_pe_288 |         38 |         34 |       4 |    0 |    16 |      0 |      0 |          0 |
|         gen_pe[13].u_pe                                                   |                                                      mac_pe_289 |        104 |         96 |       8 |    0 |    16 |      0 |      0 |          0 |
|         gen_pe[14].u_pe                                                   |                                                      mac_pe_290 |         54 |         50 |       4 |    0 |    16 |      0 |      0 |          0 |
|         gen_pe[15].u_pe                                                   |                                                      mac_pe_291 |         38 |         34 |       4 |    0 |    16 |      0 |      0 |          0 |
|         gen_pe[1].u_pe                                                    |                                                      mac_pe_292 |         65 |         57 |       8 |    0 |    16 |      0 |      0 |          0 |
|         gen_pe[2].u_pe                                                    |                                                      mac_pe_293 |         97 |         93 |       4 |    0 |    16 |      0 |      0 |          0 |
|         gen_pe[3].u_pe                                                    |                                                      mac_pe_294 |         38 |         34 |       4 |    0 |    16 |      0 |      0 |          0 |
|         gen_pe[4].u_pe                                                    |                                                      mac_pe_295 |         66 |         58 |       8 |    0 |    16 |      0 |      0 |          0 |
|         gen_pe[5].u_pe                                                    |                                                      mac_pe_296 |         53 |         49 |       4 |    0 |    16 |      0 |      0 |          0 |
|         gen_pe[6].u_pe                                                    |                                                      mac_pe_297 |         38 |         34 |       4 |    0 |    16 |      0 |      0 |          0 |
|         gen_pe[7].u_pe                                                    |                                                      mac_pe_298 |         69 |         61 |       8 |    0 |    16 |      0 |      0 |          0 |
|         gen_pe[8].u_pe                                                    |                                                      mac_pe_299 |         52 |         48 |       4 |    0 |    16 |      0 |      0 |          0 |
|         gen_pe[9].u_pe                                                    |                                                      mac_pe_300 |         38 |         34 |       4 |    0 |    16 |      0 |      0 |          0 |
|       gen_col[2].u_col                                                    |                                                      mac_col_23 |        933 |        845 |      88 |    0 |   288 |      0 |      0 |          0 |
|         (gen_col[2].u_col)                                                |                                                      mac_col_23 |          0 |          0 |       0 |    0 |    32 |      0 |      0 |          0 |
|         gen_pe[0].u_pe                                                    |                                                      mac_pe_253 |         66 |         58 |       8 |    0 |    16 |      0 |      0 |          0 |
|         gen_pe[10].u_pe                                                   |                                                      mac_pe_254 |         42 |         38 |       4 |    0 |    16 |      0 |      0 |          0 |
|         gen_pe[11].u_pe                                                   |                                                      mac_pe_255 |         71 |         67 |       4 |    0 |    16 |      0 |      0 |          0 |
|         gen_pe[12].u_pe                                                   |                                                      mac_pe_256 |         61 |         53 |       8 |    0 |    16 |      0 |      0 |          0 |
|         gen_pe[13].u_pe                                                   |                                                      mac_pe_257 |         81 |         77 |       4 |    0 |    16 |      0 |      0 |          0 |
|         gen_pe[14].u_pe                                                   |                                                      mac_pe_258 |         54 |         50 |       4 |    0 |    16 |      0 |      0 |          0 |
|         gen_pe[15].u_pe                                                   |                                                      mac_pe_259 |         61 |         53 |       8 |    0 |    16 |      0 |      0 |          0 |
|         gen_pe[1].u_pe                                                    |                                                      mac_pe_260 |         42 |         38 |       4 |    0 |    16 |      0 |      0 |          0 |
|         gen_pe[2].u_pe                                                    |                                                      mac_pe_261 |         97 |         93 |       4 |    0 |    16 |      0 |      0 |          0 |
|         gen_pe[3].u_pe                                                    |                                                      mac_pe_262 |         61 |         53 |       8 |    0 |    16 |      0 |      0 |          0 |
|         gen_pe[4].u_pe                                                    |                                                      mac_pe_263 |         43 |         39 |       4 |    0 |    16 |      0 |      0 |          0 |
|         gen_pe[5].u_pe                                                    |                                                      mac_pe_264 |         53 |         49 |       4 |    0 |    16 |      0 |      0 |          0 |
|         gen_pe[6].u_pe                                                    |                                                      mac_pe_265 |         61 |         53 |       8 |    0 |    16 |      0 |      0 |          0 |
|         gen_pe[7].u_pe                                                    |                                                      mac_pe_266 |         46 |         42 |       4 |    0 |    16 |      0 |      0 |          0 |
|         gen_pe[8].u_pe                                                    |                                                      mac_pe_267 |         56 |         52 |       4 |    0 |    16 |      0 |      0 |          0 |
|         gen_pe[9].u_pe                                                    |                                                      mac_pe_268 |         63 |         55 |       8 |    0 |    16 |      0 |      0 |          0 |
|       gen_col[3].u_col                                                    |                                                      mac_col_24 |        908 |        824 |      84 |    0 |   288 |      0 |      0 |          0 |
|         (gen_col[3].u_col)                                                |                                                      mac_col_24 |          0 |          0 |       0 |    0 |    32 |      0 |      0 |          0 |
|         gen_pe[0].u_pe                                                    |                                                      mac_pe_221 |         43 |         39 |       4 |    0 |    16 |      0 |      0 |          0 |
|         gen_pe[10].u_pe                                                   |                                                      mac_pe_222 |         42 |         38 |       4 |    0 |    16 |      0 |      0 |          0 |
|         gen_pe[11].u_pe                                                   |                                                      mac_pe_223 |         94 |         86 |       8 |    0 |    16 |      0 |      0 |          0 |
|         gen_pe[12].u_pe                                                   |                                                      mac_pe_224 |         38 |         34 |       4 |    0 |    16 |      0 |      0 |          0 |
|         gen_pe[13].u_pe                                                   |                                                      mac_pe_225 |         81 |         77 |       4 |    0 |    16 |      0 |      0 |          0 |
|         gen_pe[14].u_pe                                                   |                                                      mac_pe_226 |         77 |         69 |       8 |    0 |    16 |      0 |      0 |          0 |
|         gen_pe[15].u_pe                                                   |                                                      mac_pe_227 |         38 |         34 |       4 |    0 |    16 |      0 |      0 |          0 |
|         gen_pe[1].u_pe                                                    |                                                      mac_pe_228 |         42 |         38 |       4 |    0 |    16 |      0 |      0 |          0 |
|         gen_pe[2].u_pe                                                    |                                                      mac_pe_229 |        120 |        112 |       8 |    0 |    16 |      0 |      0 |          0 |
|         gen_pe[3].u_pe                                                    |                                                      mac_pe_230 |         38 |         34 |       4 |    0 |    16 |      0 |      0 |          0 |
|         gen_pe[4].u_pe                                                    |                                                      mac_pe_231 |         43 |         39 |       4 |    0 |    16 |      0 |      0 |          0 |
|         gen_pe[5].u_pe                                                    |                                                      mac_pe_232 |         76 |         68 |       8 |    0 |    16 |      0 |      0 |          0 |
|         gen_pe[6].u_pe                                                    |                                                      mac_pe_233 |         38 |         34 |       4 |    0 |    16 |      0 |      0 |          0 |
|         gen_pe[7].u_pe                                                    |                                                      mac_pe_234 |         46 |         42 |       4 |    0 |    16 |      0 |      0 |          0 |
|         gen_pe[8].u_pe                                                    |                                                      mac_pe_235 |         77 |         69 |       8 |    0 |    16 |      0 |      0 |          0 |
|         gen_pe[9].u_pe                                                    |                                                      mac_pe_236 |         36 |         32 |       4 |    0 |    16 |      0 |      0 |          0 |
|       gen_col[4].u_col                                                    |                                                      mac_col_25 |        908 |        824 |      84 |    0 |   288 |      0 |      0 |          0 |
|         (gen_col[4].u_col)                                                |                                                      mac_col_25 |          0 |          0 |       0 |    0 |    32 |      0 |      0 |          0 |
|         gen_pe[0].u_pe                                                    |                                                      mac_pe_189 |         43 |         39 |       4 |    0 |    16 |      0 |      0 |          0 |
|         gen_pe[10].u_pe                                                   |                                                      mac_pe_190 |         65 |         57 |       8 |    0 |    16 |      0 |      0 |          0 |
|         gen_pe[11].u_pe                                                   |                                                      mac_pe_191 |         71 |         67 |       4 |    0 |    16 |      0 |      0 |          0 |
|         gen_pe[12].u_pe                                                   |                                                      mac_pe_192 |         38 |         34 |       4 |    0 |    16 |      0 |      0 |          0 |
|         gen_pe[13].u_pe                                                   |                                                      mac_pe_193 |        104 |         96 |       8 |    0 |    16 |      0 |      0 |          0 |
|         gen_pe[14].u_pe                                                   |                                                      mac_pe_194 |         54 |         50 |       4 |    0 |    16 |      0 |      0 |          0 |
|         gen_pe[15].u_pe                                                   |                                                      mac_pe_195 |         38 |         34 |       4 |    0 |    16 |      0 |      0 |          0 |
|         gen_pe[1].u_pe                                                    |                                                      mac_pe_196 |         65 |         57 |       8 |    0 |    16 |      0 |      0 |          0 |
|         gen_pe[2].u_pe                                                    |                                                      mac_pe_197 |         97 |         93 |       4 |    0 |    16 |      0 |      0 |          0 |
|         gen_pe[3].u_pe                                                    |                                                      mac_pe_198 |         38 |         34 |       4 |    0 |    16 |      0 |      0 |          0 |
|         gen_pe[4].u_pe                                                    |                                                      mac_pe_199 |         66 |         58 |       8 |    0 |    16 |      0 |      0 |          0 |
|         gen_pe[5].u_pe                                                    |                                                      mac_pe_200 |         53 |         49 |       4 |    0 |    16 |      0 |      0 |          0 |
|         gen_pe[6].u_pe                                                    |                                                      mac_pe_201 |         38 |         34 |       4 |    0 |    16 |      0 |      0 |          0 |
|         gen_pe[7].u_pe                                                    |                                                      mac_pe_202 |         69 |         61 |       8 |    0 |    16 |      0 |      0 |          0 |
|         gen_pe[8].u_pe                                                    |                                                      mac_pe_203 |         52 |         48 |       4 |    0 |    16 |      0 |      0 |          0 |
|         gen_pe[9].u_pe                                                    |                                                      mac_pe_204 |         38 |         34 |       4 |    0 |    16 |      0 |      0 |          0 |
|       gen_col[5].u_col                                                    |                                                      mac_col_26 |        933 |        845 |      88 |    0 |   288 |      0 |      0 |          0 |
|         (gen_col[5].u_col)                                                |                                                      mac_col_26 |          0 |          0 |       0 |    0 |    32 |      0 |      0 |          0 |
|         gen_pe[0].u_pe                                                    |                                                      mac_pe_157 |         66 |         58 |       8 |    0 |    16 |      0 |      0 |          0 |
|         gen_pe[10].u_pe                                                   |                                                      mac_pe_158 |         42 |         38 |       4 |    0 |    16 |      0 |      0 |          0 |
|         gen_pe[11].u_pe                                                   |                                                      mac_pe_159 |         71 |         67 |       4 |    0 |    16 |      0 |      0 |          0 |
|         gen_pe[12].u_pe                                                   |                                                      mac_pe_160 |         61 |         53 |       8 |    0 |    16 |      0 |      0 |          0 |
|         gen_pe[13].u_pe                                                   |                                                      mac_pe_161 |         81 |         77 |       4 |    0 |    16 |      0 |      0 |          0 |
|         gen_pe[14].u_pe                                                   |                                                      mac_pe_162 |         54 |         50 |       4 |    0 |    16 |      0 |      0 |          0 |
|         gen_pe[15].u_pe                                                   |                                                      mac_pe_163 |         61 |         53 |       8 |    0 |    16 |      0 |      0 |          0 |
|         gen_pe[1].u_pe                                                    |                                                      mac_pe_164 |         42 |         38 |       4 |    0 |    16 |      0 |      0 |          0 |
|         gen_pe[2].u_pe                                                    |                                                      mac_pe_165 |         97 |         93 |       4 |    0 |    16 |      0 |      0 |          0 |
|         gen_pe[3].u_pe                                                    |                                                      mac_pe_166 |         61 |         53 |       8 |    0 |    16 |      0 |      0 |          0 |
|         gen_pe[4].u_pe                                                    |                                                      mac_pe_167 |         43 |         39 |       4 |    0 |    16 |      0 |      0 |          0 |
|         gen_pe[5].u_pe                                                    |                                                      mac_pe_168 |         53 |         49 |       4 |    0 |    16 |      0 |      0 |          0 |
|         gen_pe[6].u_pe                                                    |                                                      mac_pe_169 |         61 |         53 |       8 |    0 |    16 |      0 |      0 |          0 |
|         gen_pe[7].u_pe                                                    |                                                      mac_pe_170 |         46 |         42 |       4 |    0 |    16 |      0 |      0 |          0 |
|         gen_pe[8].u_pe                                                    |                                                      mac_pe_171 |         56 |         52 |       4 |    0 |    16 |      0 |      0 |          0 |
|         gen_pe[9].u_pe                                                    |                                                      mac_pe_172 |         63 |         55 |       8 |    0 |    16 |      0 |      0 |          0 |
|       gen_col[6].u_col                                                    |                                                      mac_col_27 |        908 |        824 |      84 |    0 |   288 |      0 |      0 |          0 |
|         (gen_col[6].u_col)                                                |                                                      mac_col_27 |          0 |          0 |       0 |    0 |    32 |      0 |      0 |          0 |
|         gen_pe[0].u_pe                                                    |                                                      mac_pe_125 |         43 |         39 |       4 |    0 |    16 |      0 |      0 |          0 |
|         gen_pe[10].u_pe                                                   |                                                      mac_pe_126 |         42 |         38 |       4 |    0 |    16 |      0 |      0 |          0 |
|         gen_pe[11].u_pe                                                   |                                                      mac_pe_127 |         94 |         86 |       8 |    0 |    16 |      0 |      0 |          0 |
|         gen_pe[12].u_pe                                                   |                                                      mac_pe_128 |         38 |         34 |       4 |    0 |    16 |      0 |      0 |          0 |
|         gen_pe[13].u_pe                                                   |                                                      mac_pe_129 |         81 |         77 |       4 |    0 |    16 |      0 |      0 |          0 |
|         gen_pe[14].u_pe                                                   |                                                      mac_pe_130 |         77 |         69 |       8 |    0 |    16 |      0 |      0 |          0 |
|         gen_pe[15].u_pe                                                   |                                                      mac_pe_131 |         38 |         34 |       4 |    0 |    16 |      0 |      0 |          0 |
|         gen_pe[1].u_pe                                                    |                                                      mac_pe_132 |         42 |         38 |       4 |    0 |    16 |      0 |      0 |          0 |
|         gen_pe[2].u_pe                                                    |                                                      mac_pe_133 |        120 |        112 |       8 |    0 |    16 |      0 |      0 |          0 |
|         gen_pe[3].u_pe                                                    |                                                      mac_pe_134 |         38 |         34 |       4 |    0 |    16 |      0 |      0 |          0 |
|         gen_pe[4].u_pe                                                    |                                                      mac_pe_135 |         43 |         39 |       4 |    0 |    16 |      0 |      0 |          0 |
|         gen_pe[5].u_pe                                                    |                                                      mac_pe_136 |         76 |         68 |       8 |    0 |    16 |      0 |      0 |          0 |
|         gen_pe[6].u_pe                                                    |                                                      mac_pe_137 |         38 |         34 |       4 |    0 |    16 |      0 |      0 |          0 |
|         gen_pe[7].u_pe                                                    |                                                      mac_pe_138 |         46 |         42 |       4 |    0 |    16 |      0 |      0 |          0 |
|         gen_pe[8].u_pe                                                    |                                                      mac_pe_139 |         77 |         69 |       8 |    0 |    16 |      0 |      0 |          0 |
|         gen_pe[9].u_pe                                                    |                                                      mac_pe_140 |         36 |         32 |       4 |    0 |    16 |      0 |      0 |          0 |
|       gen_col[7].u_col                                                    |                                                      mac_col_28 |        908 |        824 |      84 |    0 |   288 |      0 |      0 |          0 |
|         (gen_col[7].u_col)                                                |                                                      mac_col_28 |          0 |          0 |       0 |    0 |    32 |      0 |      0 |          0 |
|         gen_pe[0].u_pe                                                    |                                                       mac_pe_93 |         43 |         39 |       4 |    0 |    16 |      0 |      0 |          0 |
|         gen_pe[10].u_pe                                                   |                                                       mac_pe_94 |         65 |         57 |       8 |    0 |    16 |      0 |      0 |          0 |
|         gen_pe[11].u_pe                                                   |                                                       mac_pe_95 |         71 |         67 |       4 |    0 |    16 |      0 |      0 |          0 |
|         gen_pe[12].u_pe                                                   |                                                       mac_pe_96 |         38 |         34 |       4 |    0 |    16 |      0 |      0 |          0 |
|         gen_pe[13].u_pe                                                   |                                                       mac_pe_97 |        104 |         96 |       8 |    0 |    16 |      0 |      0 |          0 |
|         gen_pe[14].u_pe                                                   |                                                       mac_pe_98 |         54 |         50 |       4 |    0 |    16 |      0 |      0 |          0 |
|         gen_pe[15].u_pe                                                   |                                                       mac_pe_99 |         38 |         34 |       4 |    0 |    16 |      0 |      0 |          0 |
|         gen_pe[1].u_pe                                                    |                                                      mac_pe_100 |         65 |         57 |       8 |    0 |    16 |      0 |      0 |          0 |
|         gen_pe[2].u_pe                                                    |                                                      mac_pe_101 |         97 |         93 |       4 |    0 |    16 |      0 |      0 |          0 |
|         gen_pe[3].u_pe                                                    |                                                      mac_pe_102 |         38 |         34 |       4 |    0 |    16 |      0 |      0 |          0 |
|         gen_pe[4].u_pe                                                    |                                                      mac_pe_103 |         66 |         58 |       8 |    0 |    16 |      0 |      0 |          0 |
|         gen_pe[5].u_pe                                                    |                                                      mac_pe_104 |         53 |         49 |       4 |    0 |    16 |      0 |      0 |          0 |
|         gen_pe[6].u_pe                                                    |                                                      mac_pe_105 |         38 |         34 |       4 |    0 |    16 |      0 |      0 |          0 |
|         gen_pe[7].u_pe                                                    |                                                      mac_pe_106 |         69 |         61 |       8 |    0 |    16 |      0 |      0 |          0 |
|         gen_pe[8].u_pe                                                    |                                                      mac_pe_107 |         52 |         48 |       4 |    0 |    16 |      0 |      0 |          0 |
|         gen_pe[9].u_pe                                                    |                                                      mac_pe_108 |         38 |         34 |       4 |    0 |    16 |      0 |      0 |          0 |
|       gen_col[8].u_col                                                    |                                                      mac_col_29 |        933 |        845 |      88 |    0 |   288 |      0 |      0 |          0 |
|         (gen_col[8].u_col)                                                |                                                      mac_col_29 |          0 |          0 |       0 |    0 |    32 |      0 |      0 |          0 |
|         gen_pe[0].u_pe                                                    |                                                       mac_pe_61 |         66 |         58 |       8 |    0 |    16 |      0 |      0 |          0 |
|         gen_pe[10].u_pe                                                   |                                                       mac_pe_62 |         42 |         38 |       4 |    0 |    16 |      0 |      0 |          0 |
|         gen_pe[11].u_pe                                                   |                                                       mac_pe_63 |         71 |         67 |       4 |    0 |    16 |      0 |      0 |          0 |
|         gen_pe[12].u_pe                                                   |                                                       mac_pe_64 |         61 |         53 |       8 |    0 |    16 |      0 |      0 |          0 |
|         gen_pe[13].u_pe                                                   |                                                       mac_pe_65 |         81 |         77 |       4 |    0 |    16 |      0 |      0 |          0 |
|         gen_pe[14].u_pe                                                   |                                                       mac_pe_66 |         54 |         50 |       4 |    0 |    16 |      0 |      0 |          0 |
|         gen_pe[15].u_pe                                                   |                                                       mac_pe_67 |         61 |         53 |       8 |    0 |    16 |      0 |      0 |          0 |
|         gen_pe[1].u_pe                                                    |                                                       mac_pe_68 |         42 |         38 |       4 |    0 |    16 |      0 |      0 |          0 |
|         gen_pe[2].u_pe                                                    |                                                       mac_pe_69 |         97 |         93 |       4 |    0 |    16 |      0 |      0 |          0 |
|         gen_pe[3].u_pe                                                    |                                                       mac_pe_70 |         61 |         53 |       8 |    0 |    16 |      0 |      0 |          0 |
|         gen_pe[4].u_pe                                                    |                                                       mac_pe_71 |         43 |         39 |       4 |    0 |    16 |      0 |      0 |          0 |
|         gen_pe[5].u_pe                                                    |                                                       mac_pe_72 |         53 |         49 |       4 |    0 |    16 |      0 |      0 |          0 |
|         gen_pe[6].u_pe                                                    |                                                       mac_pe_73 |         61 |         53 |       8 |    0 |    16 |      0 |      0 |          0 |
|         gen_pe[7].u_pe                                                    |                                                       mac_pe_74 |         46 |         42 |       4 |    0 |    16 |      0 |      0 |          0 |
|         gen_pe[8].u_pe                                                    |                                                       mac_pe_75 |         56 |         52 |       4 |    0 |    16 |      0 |      0 |          0 |
|         gen_pe[9].u_pe                                                    |                                                       mac_pe_76 |         63 |         55 |       8 |    0 |    16 |      0 |      0 |          0 |
|       gen_col[9].u_col                                                    |                                                      mac_col_30 |        919 |        831 |      88 |    0 |   288 |      0 |      0 |          0 |
|         (gen_col[9].u_col)                                                |                                                      mac_col_30 |          0 |          0 |       0 |    0 |    32 |      0 |      0 |          0 |
|         gen_pe[0].u_pe                                                    |                                                          mac_pe |         43 |         39 |       4 |    0 |    16 |      0 |      0 |          0 |
|         gen_pe[10].u_pe                                                   |                                                       mac_pe_31 |         42 |         38 |       4 |    0 |    16 |      0 |      0 |          0 |
|         gen_pe[11].u_pe                                                   |                                                       mac_pe_32 |         94 |         86 |       8 |    0 |    16 |      0 |      0 |          0 |
|         gen_pe[12].u_pe                                                   |                                                       mac_pe_33 |         38 |         34 |       4 |    0 |    16 |      0 |      0 |          0 |
|         gen_pe[13].u_pe                                                   |                                                       mac_pe_34 |         81 |         77 |       4 |    0 |    16 |      0 |      0 |          0 |
|         gen_pe[14].u_pe                                                   |                                                       mac_pe_35 |         77 |         69 |       8 |    0 |    16 |      0 |      0 |          0 |
|         gen_pe[15].u_pe                                                   |                                                       mac_pe_36 |         38 |         34 |       4 |    0 |    16 |      0 |      0 |          0 |
|         gen_pe[1].u_pe                                                    |                                                       mac_pe_37 |         42 |         38 |       4 |    0 |    16 |      0 |      0 |          0 |
|         gen_pe[2].u_pe                                                    |                                                       mac_pe_38 |        120 |        112 |       8 |    0 |    16 |      0 |      0 |          0 |
|         gen_pe[3].u_pe                                                    |                                                       mac_pe_39 |         38 |         34 |       4 |    0 |    16 |      0 |      0 |          0 |
|         gen_pe[4].u_pe                                                    |                                                       mac_pe_40 |         43 |         39 |       4 |    0 |    16 |      0 |      0 |          0 |
|         gen_pe[5].u_pe                                                    |                                                       mac_pe_41 |         76 |         68 |       8 |    0 |    16 |      0 |      0 |          0 |
|         gen_pe[6].u_pe                                                    |                                                       mac_pe_42 |         38 |         34 |       4 |    0 |    16 |      0 |      0 |          0 |
|         gen_pe[7].u_pe                                                    |                                                       mac_pe_43 |         46 |         42 |       4 |    0 |    16 |      0 |      0 |          0 |
|         gen_pe[8].u_pe                                                    |                                                       mac_pe_44 |         77 |         69 |       8 |    0 |    16 |      0 |      0 |          0 |
|         gen_pe[9].u_pe                                                    |                                                       mac_pe_45 |         47 |         39 |       8 |    0 |    16 |      0 |      0 |          0 |
|     u_mm2s_arb                                                            |                                                        mm2s_arb |         39 |         31 |       8 |    0 |    20 |      0 |      0 |          0 |
|     u_ofb                                                                 |                                                    sram_model_0 |          0 |          0 |       0 |    0 |     0 |      4 |      0 |          0 |
|     u_ofb_writer                                                          |                                                      ofb_writer |       5686 |       5686 |       0 |    0 |  2782 |      0 |      0 |         80 |
|       (u_ofb_writer)                                                      |                                                      ofb_writer |        148 |        148 |       0 |    0 |  1180 |      0 |      0 |          0 |
|       u_sdp                                                               |                                                             sdp |       5538 |       5538 |       0 |    0 |  1602 |      0 |      0 |         80 |
|     u_parf_accum                                                          |                                                      parf_accum |       1608 |        584 |    1024 |    0 |    62 |      0 |      0 |          0 |
|       (u_parf_accum)                                                      |                                                      parf_accum |         60 |         60 |       0 |    0 |    62 |      0 |      0 |          0 |
|       g_col[0].u_col                                                      |                                                        parf_col |         96 |         32 |      64 |    0 |     0 |      0 |      0 |          0 |
|       g_col[10].u_col                                                     |                                                      parf_col_1 |         96 |         32 |      64 |    0 |     0 |      0 |      0 |          0 |
|       g_col[11].u_col                                                     |                                                      parf_col_2 |         96 |         32 |      64 |    0 |     0 |      0 |      0 |          0 |
|       g_col[12].u_col                                                     |                                                      parf_col_3 |         96 |         32 |      64 |    0 |     0 |      0 |      0 |          0 |
|       g_col[13].u_col                                                     |                                                      parf_col_4 |         96 |         32 |      64 |    0 |     0 |      0 |      0 |          0 |
|       g_col[14].u_col                                                     |                                                      parf_col_5 |         96 |         32 |      64 |    0 |     0 |      0 |      0 |          0 |
|       g_col[15].u_col                                                     |                                                      parf_col_6 |        108 |         44 |      64 |    0 |     0 |      0 |      0 |          0 |
|       g_col[1].u_col                                                      |                                                      parf_col_7 |         96 |         32 |      64 |    0 |     0 |      0 |      0 |          0 |
|       g_col[2].u_col                                                      |                                                      parf_col_8 |         96 |         32 |      64 |    0 |     0 |      0 |      0 |          0 |
|       g_col[3].u_col                                                      |                                                      parf_col_9 |         96 |         32 |      64 |    0 |     0 |      0 |      0 |          0 |
|       g_col[4].u_col                                                      |                                                     parf_col_10 |         96 |         32 |      64 |    0 |     0 |      0 |      0 |          0 |
|       g_col[5].u_col                                                      |                                                     parf_col_11 |         96 |         32 |      64 |    0 |     0 |      0 |      0 |          0 |
|       g_col[6].u_col                                                      |                                                     parf_col_12 |         96 |         32 |      64 |    0 |     0 |      0 |      0 |          0 |
|       g_col[7].u_col                                                      |                                                     parf_col_13 |         96 |         32 |      64 |    0 |     0 |      0 |      0 |          0 |
|       g_col[8].u_col                                                      |                                                     parf_col_14 |         96 |         32 |      64 |    0 |     0 |      0 |      0 |          0 |
|       g_col[9].u_col                                                      |                                                     parf_col_15 |         96 |         32 |      64 |    0 |     0 |      0 |      0 |          0 |
|     u_rdma                                                                |                                                       rdma_ctrl |         11 |         11 |       0 |    0 |    14 |      0 |      0 |          0 |
|     u_sequencer                                                           |                                                       sequencer |        192 |        192 |       0 |    0 |    30 |      0 |      0 |          0 |
|     u_shortcut_bank                                                       |                                      sram_model__parameterized1 |          0 |          0 |       0 |    0 |     0 |      7 |      1 |          0 |
|     u_wb                                                                  |                                      sram_model__parameterized0 |          0 |          0 |       0 |    0 |     0 |     57 |      0 |          0 |
|     u_wdma                                                                |                                                       wdma_ctrl |       2095 |       2095 |       0 |    0 |  1937 |      0 |      0 |          0 |
|     u_wgt_buffer                                                          |                                                      wgt_buffer |        225 |        225 |       0 |    0 |   209 |      0 |      0 |          0 |
|   u_csr_xbar                                                              |                                                   axi_lite_1to4 |        132 |        132 |       0 |    0 |   109 |      0 |      0 |          0 |
|     (u_csr_xbar)                                                          |                                                   axi_lite_1to4 |          0 |          0 |       0 |    0 |     0 |      0 |      0 |          0 |
|     inst                                                                  |                  axi_lite_1to4axi_crossbar_v2_1_29_axi_crossbar |        132 |        132 |       0 |    0 |   109 |      0 |      0 |          0 |
|       (inst)                                                              |                  axi_lite_1to4axi_crossbar_v2_1_29_axi_crossbar |          0 |          0 |       0 |    0 |     0 |      0 |      0 |          0 |
|       gen_sasd.crossbar_sasd_0                                            |                 axi_lite_1to4axi_crossbar_v2_1_29_crossbar_sasd |        132 |        132 |       0 |    0 |   109 |      0 |      0 |          0 |
|         (gen_sasd.crossbar_sasd_0)                                        |                 axi_lite_1to4axi_crossbar_v2_1_29_crossbar_sasd |          2 |          2 |       0 |    0 |     7 |      0 |      0 |          0 |
|         addr_arbiter_inst                                                 |             axi_lite_1to4axi_crossbar_v2_1_29_addr_arbiter_sasd |         52 |         52 |       0 |    0 |    23 |      0 |      0 |          0 |
|         reg_slice_r                                                       |     axi_lite_1to4axi_register_slice_v2_1_28_axic_register_slice |         72 |         72 |       0 |    0 |    74 |      0 |      0 |          0 |
|         splitter_ar                                                       |      axi_lite_1to4axi_crossbar_v2_1_29_splitter__parameterized0 |          1 |          1 |       0 |    0 |     2 |      0 |      0 |          0 |
|         splitter_aw                                                       |                      axi_lite_1to4axi_crossbar_v2_1_29_splitter |          5 |          5 |       0 |    0 |     3 |      0 |      0 |          0 |
|   u_smc                                                                   |                                                    axi_smc_4to4 |       4386 |       4364 |       0 |   22 |  3190 |      0 |      0 |          0 |
|     (u_smc)                                                               |                                                    axi_smc_4to4 |          0 |          0 |       0 |    0 |     0 |      0 |      0 |          0 |
|     inst                                                                  |                   axi_smc_4to4axi_crossbar_v2_1_29_axi_crossbar |       4386 |       4364 |       0 |   22 |  3190 |      0 |      0 |          0 |
|       (inst)                                                              |                   axi_smc_4to4axi_crossbar_v2_1_29_axi_crossbar |          0 |          0 |       0 |    0 |     0 |      0 |      0 |          0 |
|       gen_samd.crossbar_samd                                              |                       axi_smc_4to4axi_crossbar_v2_1_29_crossbar |       4386 |       4364 |       0 |   22 |  3190 |      0 |      0 |          0 |
|         (gen_samd.crossbar_samd)                                          |                       axi_smc_4to4axi_crossbar_v2_1_29_crossbar |          8 |          8 |       0 |    0 |    43 |      0 |      0 |          0 |
|         addr_arbiter_ar                                                   |                   axi_smc_4to4axi_crossbar_v2_1_29_addr_arbiter |        128 |        128 |       0 |    0 |    88 |      0 |      0 |          0 |
|         addr_arbiter_aw                                                   |                 axi_smc_4to4axi_crossbar_v2_1_29_addr_arbiter_0 |        134 |        134 |       0 |    0 |    88 |      0 |      0 |          0 |
|         gen_decerr_slave.decerr_slave_inst                                |                   axi_smc_4to4axi_crossbar_v2_1_29_decerr_slave |         24 |         24 |       0 |    0 |    29 |      0 |      0 |          0 |
|         gen_master_slots[0].gen_mi_write.wdata_mux_w                      |                      axi_smc_4to4axi_crossbar_v2_1_29_wdata_mux |        166 |        164 |       0 |    2 |    11 |      0 |      0 |          0 |
|         gen_master_slots[0].reg_slice_mi                                  |       axi_smc_4to4axi_register_slice_v2_1_28_axi_register_slice |        126 |        126 |       0 |    0 |   286 |      0 |      0 |          0 |
|         gen_master_slots[1].gen_mi_read.gen_rid_decoder.rid_decoder_inst  |   axi_smc_4to4axi_crossbar_v2_1_29_addr_decoder__parameterized0 |          1 |          1 |       0 |    0 |     0 |      0 |      0 |          0 |
|         gen_master_slots[1].gen_mi_write.wdata_mux_w                      |                    axi_smc_4to4axi_crossbar_v2_1_29_wdata_mux_1 |        166 |        164 |       0 |    2 |    11 |      0 |      0 |          0 |
|         gen_master_slots[1].reg_slice_mi                                  |     axi_smc_4to4axi_register_slice_v2_1_28_axi_register_slice_2 |        155 |        155 |       0 |    0 |   286 |      0 |      0 |          0 |
|         gen_master_slots[2].gen_mi_read.gen_rid_decoder.rid_decoder_inst  | axi_smc_4to4axi_crossbar_v2_1_29_addr_decoder__parameterized0_3 |          1 |          1 |       0 |    0 |     0 |      0 |      0 |          0 |
|         gen_master_slots[2].gen_mi_write.gen_bid_decoder.bid_decoder_inst | axi_smc_4to4axi_crossbar_v2_1_29_addr_decoder__parameterized0_4 |          1 |          1 |       0 |    0 |     0 |      0 |      0 |          0 |
|         gen_master_slots[2].gen_mi_write.wdata_mux_w                      |                    axi_smc_4to4axi_crossbar_v2_1_29_wdata_mux_5 |        159 |        157 |       0 |    2 |    11 |      0 |      0 |          0 |
|         gen_master_slots[2].reg_slice_mi                                  |     axi_smc_4to4axi_register_slice_v2_1_28_axi_register_slice_6 |        133 |        133 |       0 |    0 |   286 |      0 |      0 |          0 |
|         gen_master_slots[3].gen_mi_read.gen_rid_decoder.rid_decoder_inst  | axi_smc_4to4axi_crossbar_v2_1_29_addr_decoder__parameterized0_7 |          1 |          1 |       0 |    0 |     0 |      0 |      0 |          0 |
|         gen_master_slots[3].gen_mi_write.gen_bid_decoder.bid_decoder_inst | axi_smc_4to4axi_crossbar_v2_1_29_addr_decoder__parameterized0_8 |          1 |          1 |       0 |    0 |     0 |      0 |      0 |          0 |
|         gen_master_slots[3].gen_mi_write.wdata_mux_w                      |                    axi_smc_4to4axi_crossbar_v2_1_29_wdata_mux_9 |        166 |        164 |       0 |    2 |    11 |      0 |      0 |          0 |
|         gen_master_slots[3].reg_slice_mi                                  |    axi_smc_4to4axi_register_slice_v2_1_28_axi_register_slice_10 |        138 |        138 |       0 |    0 |   287 |      0 |      0 |          0 |
|         gen_master_slots[4].gen_mi_write.wdata_mux_w                      |      axi_smc_4to4axi_crossbar_v2_1_29_wdata_mux__parameterized0 |         21 |         19 |       0 |    2 |     9 |      0 |      0 |          0 |
|         gen_master_slots[4].reg_slice_mi                                  |    axi_smc_4to4axi_register_slice_v2_1_28_axi_register_slice_11 |         59 |         59 |       0 |    0 |    26 |      0 |      0 |          0 |
|         gen_slave_slots[0].gen_si_read.si_transactor_ar                   |                  axi_smc_4to4axi_crossbar_v2_1_29_si_transactor |        471 |        471 |       0 |    0 |   207 |      0 |      0 |          0 |
|         gen_slave_slots[0].gen_si_write.si_transactor_aw                  |  axi_smc_4to4axi_crossbar_v2_1_29_si_transactor__parameterized0 |        196 |        196 |       0 |    0 |   207 |      0 |      0 |          0 |
|         gen_slave_slots[0].gen_si_write.splitter_aw_si                    |                       axi_smc_4to4axi_crossbar_v2_1_29_splitter |          5 |          5 |       0 |    0 |     2 |      0 |      0 |          0 |
|         gen_slave_slots[0].gen_si_write.wdata_router_w                    |                   axi_smc_4to4axi_crossbar_v2_1_29_wdata_router |         28 |         25 |       0 |    3 |    13 |      0 |      0 |          0 |
|         gen_slave_slots[1].gen_si_read.si_transactor_ar                   |  axi_smc_4to4axi_crossbar_v2_1_29_si_transactor__parameterized1 |        469 |        469 |       0 |    0 |   207 |      0 |      0 |          0 |
|         gen_slave_slots[1].gen_si_write.si_transactor_aw                  |  axi_smc_4to4axi_crossbar_v2_1_29_si_transactor__parameterized2 |        193 |        193 |       0 |    0 |   207 |      0 |      0 |          0 |
|         gen_slave_slots[1].gen_si_write.splitter_aw_si                    |                    axi_smc_4to4axi_crossbar_v2_1_29_splitter_12 |          5 |          5 |       0 |    0 |     2 |      0 |      0 |          0 |
|         gen_slave_slots[1].gen_si_write.wdata_router_w                    |                axi_smc_4to4axi_crossbar_v2_1_29_wdata_router_13 |         28 |         25 |       0 |    3 |    13 |      0 |      0 |          0 |
|         gen_slave_slots[2].gen_si_read.si_transactor_ar                   |  axi_smc_4to4axi_crossbar_v2_1_29_si_transactor__parameterized3 |        471 |        471 |       0 |    0 |   207 |      0 |      0 |          0 |
|         gen_slave_slots[2].gen_si_write.si_transactor_aw                  |  axi_smc_4to4axi_crossbar_v2_1_29_si_transactor__parameterized4 |        196 |        196 |       0 |    0 |   207 |      0 |      0 |          0 |
|         gen_slave_slots[2].gen_si_write.splitter_aw_si                    |                    axi_smc_4to4axi_crossbar_v2_1_29_splitter_14 |          5 |          5 |       0 |    0 |     2 |      0 |      0 |          0 |
|         gen_slave_slots[2].gen_si_write.wdata_router_w                    |                axi_smc_4to4axi_crossbar_v2_1_29_wdata_router_15 |         34 |         31 |       0 |    3 |    13 |      0 |      0 |          0 |
|         gen_slave_slots[3].gen_si_read.si_transactor_ar                   |  axi_smc_4to4axi_crossbar_v2_1_29_si_transactor__parameterized5 |        469 |        469 |       0 |    0 |   207 |      0 |      0 |          0 |
|         gen_slave_slots[3].gen_si_write.si_transactor_aw                  |  axi_smc_4to4axi_crossbar_v2_1_29_si_transactor__parameterized6 |        194 |        194 |       0 |    0 |   207 |      0 |      0 |          0 |
|         gen_slave_slots[3].gen_si_write.splitter_aw_si                    |                    axi_smc_4to4axi_crossbar_v2_1_29_splitter_16 |          5 |          5 |       0 |    0 |     2 |      0 |      0 |          0 |
|         gen_slave_slots[3].gen_si_write.wdata_router_w                    |                axi_smc_4to4axi_crossbar_v2_1_29_wdata_router_17 |         28 |         25 |       0 |    3 |    13 |      0 |      0 |          0 |
|         splitter_aw_mi                                                    |                    axi_smc_4to4axi_crossbar_v2_1_29_splitter_18 |          1 |          1 |       0 |    0 |     2 |      0 |      0 |          0 |
+---------------------------------------------------------------------------+-----------------------------------------------------------------+------------+------------+---------+------+-------+--------+--------+------------+


